run_id,station_mm,s_from_lesion_mm,kind,node,ffr,Q_mls,r_mm,r_ref_mm,r_fit_mm,q_norm,n_children,orphan_frac,resolved
102_left_LAD_mid_20mm_80ds_leaky_clean_none,0.0,-45.10708780773706,grid,133,0.9979123573194004,2.051670475461051,2.063555642098582,1.9788913723984103,1.9788913723984103,0.47109167332015056,1,0.04072813356377711,1
102_left_LAD_mid_20mm_80ds_leaky_clean_none,5.0,-40.10708780773707,grid,140,0.9973449985718307,1.6532378666421983,1.688700858282976,1.7992594327137332,1.7992594327137332,0.5050305662154697,1,0.04137744095808671,1
102_left_LAD_mid_20mm_80ds_leaky_clean_none,10.0,-35.10708780773706,grid,148,0.9964195521196298,1.3285724167148507,1.655510957650119,1.620478529363344,1.620478529363344,0.5555447814896275,1,0.037391080024098425,1
102_left_LAD_mid_20mm_80ds_leaky_clean_none,15.0,-30.107087807737063,grid,389,0.9958782371764464,0.8338163417751663,1.6792826125693294,1.6459222523583688,1.6459222523583688,0.3327408613714008,1,0.012332205000922714,1
102_left_LAD_mid_20mm_80ds_leaky_clean_none,20.0,-25.107087807737063,grid,398,0.9953258589191606,0.7309919231840075,1.4393705194808097,1.582244495277828,1.582244495277828,0.32836395854835676,1,0.012544426633335682,1
102_left_LAD_mid_20mm_80ds_leaky_clean_none,25.0,-20.10708780773706,grid,407,0.9948095055356657,0.6379268811940012,1.6205049058469,1.5197890033041244,1.5197890033041244,0.3233588071627948,2,-0.044766409282566956,1
102_left_LAD_mid_20mm_80ds_leaky_clean_none,30.0,-15.107087807737063,grid,415,0.9944662917355692,0.28082362822751433,1.2616639878766875,1.2388157520572685,1.2388157520572685,0.2628313547929619,1,0.005648950413425449,1
102_left_LAD_mid_20mm_80ds_leaky_clean_none,35.10708780773706,-10.000000000000002,lesion_prox,424,0.994024860334758,0.26071820900746173,1.2713646334518576,1.217272113365612,1.217272113365612,0.25720063119451975,1,0.006711019239400694,1
102_left_LAD_mid_20mm_80ds_leaky_clean_none,40.0,-5.107087807737061,grid,432,0.9928288969022996,0.24072148731740875,1.1684917762802793,1.1950478542306382,1.1950478542306382,0.2509704868938518,1,0.007484682601073928,1
102_left_LAD_mid_20mm_80ds_leaky_clean_none,45.10708780773706,0.0,throat,440,0.7871816658698478,0.2223367794284118,1.0897435497045183,1.1734260389842086,1.1734260389842086,0.24485435415475298,1,0.006863446183445296,1
102_left_LAD_mid_20mm_80ds_leaky_clean_none,50.0,4.892912192262941,grid,447,0.6921013208062902,0.2104605864041842,1.0586890772294826,1.1534647204693063,1.1534647204693063,0.24401780318612798,1,0.006571661986427811,1
102_left_LAD_mid_20mm_80ds_leaky_clean_none,55.10708780773707,10.000000000000002,lesion_dist,456,0.6899133852252409,0.19800545892938573,0.8856064778866759,1.1306607846859997,1.1306607846859997,0.2437495707083066,1,0.0067101519262014655,1
102_left_LAD_mid_20mm_80ds_leaky_clean_none,60.0,14.892912192262935,grid,465,0.6879776060100478,0.1868428657116479,0.9933302756119631,1.1093485255040776,1.1093485255040776,0.24352086219096983,1,0.006728197460336308,1
102_left_LAD_mid_20mm_80ds_leaky_clean_none,65.0,19.89291219226294,grid,473,0.6873780632455726,0.17659104737866924,1.0056104414741374,1.0889870807757984,1.0889870807757984,0.2433123673376827,1,0.006373103695089537,1
102_left_LAD_mid_20mm_80ds_leaky_clean_none,70.0,24.892912192262944,grid,483,0.6867432561032601,0.16513595394562655,1.1336331832424902,1.0652712044111223,1.0652712044111223,0.24306630609483607,1,0.008773222484909398,1
102_left_LAD_mid_20mm_80ds_leaky_clean_none,75.15857149286241,30.051483685125348,measurement,490,0.6863863434213395,0.1554990930536273,1.139583885216608,1.0444525248219476,1.0444525248219476,0.24284291231296387,1,0.007444243482959171,1
102_left_LAD_mid_20mm_80ds_leaky_clean_none,80.0,34.89291219226294,grid,498,0.6859399980067885,0.145870738521588,1.0709190104098754,1.0227749746701797,1.0227749746701797,0.2426004414224094,1,0.007499074243952396,1
102_left_LAD_mid_20mm_80ds_leaky_clean_none,85.0,39.89291219226295,grid,506,0.6854018962458518,0.13726319861875233,0.8808794311853675,1.0025713206790405,1.0025713206790405,0.2423661521703252,1,0.007705262622390257,1
102_left_LAD_mid_20mm_80ds_leaky_clean_none,90.0,44.89291219226293,grid,515,0.6841451022273513,0.12799951266935453,0.8341449467814817,0.9798447648970726,0.9798447648970726,0.24210299985033562,1,0.008865731231813766,1
102_left_LAD_mid_20mm_80ds_leaky_clean_none,95.0,49.89291219226294,grid,523,0.6833201502603061,0.12031508904311343,0.8886548380602014,0.9601237322864773,0.9601237322864773,0.24188122931828082,1,0.007593355935523391,1
102_left_LAD_mid_20mm_80ds_leaky_clean_none,100.0,54.89291219226294,grid,532,0.6826105179533235,0.11175420034329522,0.9084642479319147,0.9371246817376684,0.9371246817376684,0.24162140794144418,1,0.0075614138964476135,1
102_left_LAD_mid_20mm_80ds_leaky_clean_none,105.0,59.89291219226293,grid,541,0.6818668224233806,0.10425836157686705,0.8854343517663047,0.9159921203316638,0.9159921203316638,0.24137893506820743,1,0.007255326395124227,1
102_left_LAD_mid_20mm_80ds_leaky_clean_none,110.0,64.89291219226294,grid,551,0.6811468826604219,0.09682458725186784,0.8629322622204071,0.8939980910315718,0.8939980910315718,0.24112351414296132,1,0.007564479185186445,1
102_left_LAD_mid_20mm_80ds_leaky_clean_none,115.0,69.89291219226294,grid,560,0.6801421255542499,0.09013177309071968,0.7507130482971387,0.8731990895601683,0.8731990895601683,0.24088057347456418,1,0.008719186446224483,1
102_left_LAD_mid_20mm_80ds_leaky_clean_none,120.0,74.89291219226294,grid,568,0.6790441434945172,0.0837740744711164,0.7566026122911647,0.852442418025418,0.852442418025418,0.24064573329893252,1,0.009416765220116436,1
102_left_LAD_mid_20mm_80ds_leaky_clean_none,125.0,79.89291219226294,grid,576,0.6782741595894956,0.07722012671621037,0.9452493122743029,0.8298929825316167,0.8298929825316167,0.24039637668942335,1,0.008852272015543932,1
102_left_LAD_mid_20mm_80ds_leaky_clean_none,130.0,84.89291219226294,grid,584,0.6779147299389814,0.07171494346974722,0.9701579346415694,0.809940178618792,0.809940178618792,0.24016765317735567,1,0.008848322733049616,1
102_left_LAD_mid_20mm_80ds_leaky_clean_none,135.0,89.89291219226294,grid,593,0.6774486984896675,0.0659158903234219,0.7233230509094735,0.7877875100603102,0.7877875100603102,0.23989794834138214,1,0.009710630655148303,1
102_left_LAD_mid_20mm_80ds_leaky_clean_none,140.0,94.89291219226295,grid,602,0.6755071244715152,0.06080604685034404,0.5619198976373382,0.7671443891984984,0.7671443891984984,0.23965092807412142,1,0.007611778103736553,1
102_left_LAD_mid_20mm_80ds_leaky_T2_truncation_A_fixed,0.0,-45.10708780773706,grid,133,0.997980663610745,1.9312219384427836,2.063555642098582,1.9788913723984103,1.9788913723984103,0.44343503765103875,1,0.04072813356377711,1
102_left_LAD_mid_20mm_80ds_leaky_T2_truncation_A_fixed,5.0,-40.10708780773707,grid,140,0.9974514941475981,1.5327549089656343,1.688700858282976,1.7992594327137332,1.7992594327137332,0.4682254714602341,1,0.04137744095808671,1
102_left_LAD_mid_20mm_80ds_leaky_T2_truncation_A_fixed,10.0,-35.10708780773706,grid,148,0.9966022497696269,1.2080418049711243,1.655510957650119,1.620478529363344,1.620478529363344,0.5051447042928184,1,0.037391080024098425,1
102_left_LAD_mid_20mm_80ds_leaky_T2_truncation_A_fixed,15.0,-30.107087807737063,grid,389,0.9961226046177982,0.7131749528155538,1.6792826125693294,1.6459222523583688,1.6459222523583688,0.2845979818567081,1,0.012332205000922714,1
102_left_LAD_mid_20mm_80ds_leaky_T2_truncation_A_fixed,20.0,-25.107087807737063,grid,398,0.9956567165564786,0.6103201619283143,1.4393705194808097,1.582244495277828,1.582244495277828,0.2741578094046988,1,0.012544426633335682,1
102_left_LAD_mid_20mm_80ds_leaky_T2_truncation_A_fixed,25.0,-20.10708780773706,grid,407,0.9952314252691195,0.5172178461046995,1.6205049058469,1.5197890033041244,1.5197890033041244,0.2621725948382849,2,-0.06321612654105818,1
102_left_LAD_mid_20mm_80ds_leaky_T2_truncation_A_fixed,30.0,-15.107087807737063,grid,415,0.9950322052192196,0.15995349188199523,1.2616639878766875,1.251736205028618,1.251736205028618,0.14511722607323646,1,0.00580193959656922,1
102_left_LAD_mid_20mm_80ds_leaky_T2_truncation_A_fixed,35.10708780773706,-10.000000000000002,lesion_prox,424,0.994788541435656,0.13983403684785908,1.2713646334518576,1.2293771811898684,1.2293771811898684,0.13391250571279795,1,0.006896009773129902,1
102_left_LAD_mid_20mm_80ds_leaky_T2_truncation_A_fixed,40.0,-5.107087807737061,grid,432,0.9941833860460375,0.11981804132010591,1.1684917762802793,1.2063117767375615,1.2063117767375615,0.12145270649526219,1,0.007694887731762424,1
102_left_LAD_mid_20mm_80ds_leaky_T2_truncation_A_fixed,45.10708780773706,0.0,throat,440,0.9272553016848784,0.10121701045165366,1.0897435497045183,1.1838716175123147,1.1838716175123147,0.10854338567216501,1,0.00705989972728758,1
102_left_LAD_mid_20mm_80ds_leaky_T2_truncation_A_fixed,50.0,4.892912192262941,grid,447,0.886516820233823,0.08618733179636405,1.0586890772294826,1.1631548016152666,1.1631548016152666,0.09745285501092643,1,0.006763133101787317,1
102_left_LAD_mid_20mm_80ds_leaky_T2_truncation_A_fixed,55.10708780773707,10.000000000000002,lesion_dist,456,0.8856709673027714,0.06990430750497509,0.8856064778866759,1.139487780872214,1.139487780872214,0.08406952718091869,1,0.006909708874299921,1
102_left_LAD_mid_20mm_80ds_leaky_T2_truncation_A_fixed,60.0,14.892912192262935,grid,465,0.8850880032741121,0.055279511141994,0.9933302756119631,1.1173688938110995,1.1173688938110995,0.07050795964817985,1,0.006932250484009339,1
102_left_LAD_mid_20mm_80ds_leaky_T2_truncation_A_fixed,65.0,19.89291219226294,grid,473,0.8849302557408482,0.04182805883770508,1.0056104414741374,1.0962368076957074,1.0962368076957074,0.056496072116488015,1,0.00657013731699281,1
102_left_LAD_mid_20mm_80ds_leaky_T2_truncation_A_fixed,70.0,24.892912192262944,grid,483,0.8848036110422117,0.02678510803859258,1.1336331832424902,1.071623331180248,1.071623331180248,0.03872849367346587,1,0.009050457599925598,1
102_left_LAD_mid_20mm_80ds_leaky_T2_truncation_A_fixed,75.15857149286241,30.051483685125348,measurement,490,0.884759971759703,0.014121531317558337,1.139583885216608,1.0500167047469,1.0500167047469,0.021704853205170096,1,0.007684433740489907,1
102_left_LAD_mid_20mm_80ds_leaky_T2_truncation_A_fixed,80.0,34.89291219226294,grid,498,0.8847401173923318,0.0014618483499423535,1.0709190104098754,1.0275187011577116,1.0275187011577116,0.0023977108115235146,0,,1
102_left_LAD_mid_20mm_80ds_leaky_T2_truncation_B_rederived,0.0,-45.10708780773706,grid,133,0.997913608390392,2.0556020748507353,2.063555642098582,1.9788913723984103,1.9788913723984103,0.4719944224494398,1,0.04072813356377711,1
102_left_LAD_mid_20mm_80ds_leaky_T2_truncation_B_rederived,5.0,-40.10708780773707,grid,140,0.9973446846413166,1.658698832564248,1.688700858282976,1.7992594327137332,1.7992594327137332,0.506698780310576,1,0.04137744095808671,1
102_left_LAD_mid_20mm_80ds_leaky_T2_truncation_B_rederived,10.0,-35.10708780773706,grid,148,0.9964153242984374,1.3352805024917247,1.655510957650119,1.620478529363344,1.620478529363344,0.5583497787936826,1,0.037391080024098425,1
102_left_LAD_mid_20mm_80ds_leaky_T2_truncation_B_rederived,15.0,-30.107087807737063,grid,389,0.9958700497034656,0.8424187283157235,1.6792826125693294,1.6459222523583688,1.6459222523583688,0.3361737102662316,1,0.012332205000922714,1
102_left_LAD_mid_20mm_80ds_leaky_T2_truncation_B_rederived,20.0,-25.107087807737063,grid,398,0.9953113307064566,0.739990234409048,1.4393705194808097,1.582244495277828,1.582244495277828,0.33240602932970603,1,0.012544426633335682,1
102_left_LAD_mid_20mm_80ds_leaky_T2_truncation_B_rederived,25.0,-20.10708780773706,grid,407,0.994788052236108,0.6472842649112541,1.6205049058469,1.5197890033041244,1.5197890033041244,0.3281019721338525,2,-0.06321612654105818,1
102_left_LAD_mid_20mm_80ds_leaky_T2_truncation_B_rederived,30.0,-15.107087807737063,grid,415,0.9944327421485256,0.2905718806567831,1.2616639878766875,1.251736205028618,1.251736205028618,0.2636202861198199,1,0.00580193959656922,1
102_left_LAD_mid_20mm_80ds_leaky_T2_truncation_B_rederived,35.10708780773706,-10.000000000000002,lesion_prox,424,0.9939763556356027,0.26936075687507777,1.2713646334518576,1.2293771811898684,1.2293771811898684,0.25795417701544876,1,0.006896009773129902,1
102_left_LAD_mid_20mm_80ds_leaky_T2_truncation_B_rederived,40.0,-5.107087807737061,grid,432,0.9927460367881495,0.24828564493035798,1.1684917762802793,1.2063117767375615,1.2063117767375615,0.25167298036655134,1,0.007694887731762424,1
102_left_LAD_mid_20mm_80ds_leaky_T2_truncation_B_rederived,45.10708780773706,0.0,throat,440,0.7847506873901544,0.2289323982772551,1.0897435497045183,1.1838716175123147,1.1838716175123147,0.24550317667138533,1,0.00705989972728758,1
102_left_LAD_mid_20mm_80ds_leaky_T2_truncation_B_rederived,50.0,4.892912192262941,grid,447,0.68968946706161,0.21648353935831596,1.0586890772294826,1.1631548016152666,1.1631548016152666,0.24478004520645993,1,0.006763133101787317,1
102_left_LAD_mid_20mm_80ds_leaky_T2_truncation_B_rederived,55.10708780773707,10.000000000000002,lesion_dist,456,0.6874476389624506,0.2034473189767703,0.8856064778866759,1.139487780872214,1.139487780872214,0.24467333306156208,1,0.006909708874299921,1
102_left_LAD_mid_20mm_80ds_leaky_T2_truncation_B_rederived,60.0,14.892912192262935,grid,465,0.6854476915030298,0.19177869243182138,0.9933302756119631,1.1173688938110995,1.1173688938110995,0.24461005584203513,1,0.006932250484009339,1
102_left_LAD_mid_20mm_80ds_leaky_T2_truncation_B_rederived,65.0,19.89291219226294,grid,473,0.6848326550063484,0.1810750590398817,1.0056104414741374,1.0962368076957074,1.0962368076957074,0.24457337677819327,1,0.00657013731699281,1
102_left_LAD_mid_20mm_80ds_leaky_T2_truncation_B_rederived,70.0,24.892912192262944,grid,483,0.6841821161347745,0.16913048657445687,1.1336331832424902,1.071623331180248,1.071623331180248,0.24454517673968038,1,0.009050457599925598,1
102_left_LAD_mid_20mm_80ds_leaky_T2_truncation_B_rederived,75.15857149286241,30.051483685125348,measurement,490,0.6838167843472794,0.15909535184921697,1.139583885216608,1.0500167047469,1.0500167047469,0.24453022691799703,1,0.007684433740489907,1
102_left_LAD_mid_20mm_80ds_leaky_T2_truncation_B_rederived,80.0,34.89291219226294,grid,498,0.6833604036359865,0.14908243448008446,1.0709190104098754,1.0275187011577116,1.0275187011577116,0.24452369835437474,0,,1
102_left_LAD_mid_20mm_80ds_leaky_T2_truncation_C_flowmatched,0.0,-45.10708780773706,grid,133,0.9979096380044565,2.0594524562991947,2.063555642098582,1.9788913723984103,1.9788913723984103,0.4728785228257773,1,0.04072813356377711,1
102_left_LAD_mid_20mm_80ds_leaky_T2_truncation_C_flowmatched,5.0,-40.10708780773707,grid,140,0.9973396569323084,1.6617658050681354,1.688700858282976,1.7992594327137332,1.7992594327137332,0.5076356780743271,1,0.04137744095808671,1
102_left_LAD_mid_20mm_80ds_leaky_T2_truncation_C_flowmatched,10.0,-35.10708780773706,grid,148,0.9964085929443777,1.3377095986229164,1.655510957650119,1.620478529363344,1.620478529363344,0.5593655094098254,1,0.037391080024098425,1
102_left_LAD_mid_20mm_80ds_leaky_T2_truncation_C_flowmatched,15.0,-30.107087807737063,grid,389,0.9958623462569021,0.8438807887657069,1.6792826125693294,1.6459222523583688,1.6459222523583688,0.33675715679891627,1,0.012332205000922714,1
102_left_LAD_mid_20mm_80ds_leaky_T2_truncation_C_flowmatched,20.0,-25.107087807737063,grid,398,0.9953026681544398,0.7412505296982242,1.4393705194808097,1.582244495277828,1.582244495277828,0.3329721580884086,1,0.012544426633335682,1
102_left_LAD_mid_20mm_80ds_leaky_T2_truncation_C_flowmatched,25.0,-20.10708780773706,grid,407,0.994778507791468,0.6483620489163315,1.6205049058469,1.5197890033041244,1.5197890033041244,0.3286482901532604,2,-0.06321612654105818,1
102_left_LAD_mid_20mm_80ds_leaky_T2_truncation_C_flowmatched,30.0,-15.107087807737063,grid,415,0.9944227130770059,0.2909635749280081,1.2616639878766875,1.251736205028618,1.251736205028618,0.2639756493284637,1,0.00580193959656922,1
102_left_LAD_mid_20mm_80ds_leaky_T2_truncation_C_flowmatched,35.10708780773706,-10.000000000000002,lesion_prox,424,0.9939657231317119,0.2697107197653811,1.2713646334518576,1.2293771811898684,1.2293771811898684,0.258289320079351,1,0.006896009773129902,1
102_left_LAD_mid_20mm_80ds_leaky_T2_truncation_C_flowmatched,40.0,-5.107087807737061,grid,432,0.9927338578222646,0.24859416010902546,1.1684917762802793,1.2063117767375615,1.2063117767375615,0.2519857045859694,1,0.007694887731762424,1
102_left_LAD_mid_20mm_80ds_leaky_T2_truncation_C_flowmatched,45.10708780773706,0.0,throat,440,0.7843674730788114,0.2292033304519258,1.0897435497045183,1.1838716175123147,1.1838716175123147,0.2457937196877722,1,0.00705989972728758,1
102_left_LAD_mid_20mm_80ds_leaky_T2_truncation_C_flowmatched,50.0,4.892912192262941,grid,447,0.6891940937868428,0.21673847054140863,1.0586890772294826,1.1631548016152666,1.1631548016152666,0.24506829837668678,1,0.006763133101787317,1
102_left_LAD_mid_20mm_80ds_leaky_T2_truncation_C_flowmatched,55.10708780773707,10.000000000000002,lesion_dist,456,0.6869496265505917,0.20368671782112743,0.8856064778866759,1.139487780872214,1.139487780872214,0.24496124303980388,1,0.006909708874299921,1
102_left_LAD_mid_20mm_80ds_leaky_T2_truncation_C_flowmatched,60.0,14.892912192262935,grid,465,0.6849470511159496,0.19200426077839094,0.9933302756119631,1.1173688938110995,1.1173688938110995,0.24489776395575164,1,0.006932250484009339,1
102_left_LAD_mid_20mm_80ds_leaky_T2_truncation_C_flowmatched,65.0,19.89291219226294,grid,473,0.6843312913255335,0.18128798409432198,1.0056104414741374,1.0962368076957074,1.0962368076957074,0.24486096911609595,1,0.00657013731699281,1
102_left_LAD_mid_20mm_80ds_leaky_T2_truncation_C_flowmatched,70.0,24.892912192262944,grid,483,0.6836799875712919,0.16932932745284304,1.1336331832424902,1.071623331180248,1.071623331180248,0.24483268006763076,1,0.009050457599925598,1
102_left_LAD_mid_20mm_80ds_leaky_T2_truncation_C_flowmatched,75.15857149286241,30.051483685125348,measurement,490,0.6833142263026131,0.15928237550229551,1.139583885216608,1.0500167047469,1.0500167047469,0.24481768306171686,1,0.007684433740489907,1
102_left_LAD_mid_20mm_80ds_leaky_T2_truncation_C_flowmatched,80.0,34.89291219226294,grid,498,0.6828573091127484,0.14925767962082204,1.0709190104098754,1.0275187011577116,1.0275187011577116,0.2448111338935194,0,,1
102_left_LAD_mid_20mm_80ds_leaky_T3_stenosis_length_A_fixed,0.0,-45.10708780773706,grid,133,0.9979154247424954,2.0462615062941114,2.063555642098582,1.9788913723984103,1.9788913723984103,0.46984969983256214,1,0.04072813356377711,1
102_left_LAD_mid_20mm_80ds_leaky_T3_stenosis_length_A_fixed,5.0,-40.10708780773707,grid,140,0.9973497809569088,1.6478273517514557,1.688700858282976,1.7992594327137332,1.7992594327137332,0.5033777638850109,1,0.04137744095808671,1
102_left_LAD_mid_20mm_80ds_leaky_T3_stenosis_length_A_fixed,10.0,-35.10708780773706,grid,148,0.996427756502854,1.3231597618169006,1.655510957650119,1.620478529363344,1.620478529363344,0.5532814707775207,1,0.037391080024098425,1
102_left_LAD_mid_20mm_80ds_leaky_T3_stenosis_length_A_fixed,15.0,-30.107087807737063,grid,389,0.9958892109581924,0.8283987122213198,1.6792826125693294,1.6459222523583688,1.6459222523583688,0.33057891438856735,1,0.012332205000922714,1
102_left_LAD_mid_20mm_80ds_leaky_T3_stenosis_length_A_fixed,20.0,-25.107087807737063,grid,398,0.9953407167066027,0.7255729297029148,1.4393705194808097,1.582244495277828,1.582244495277828,0.3259297289838921,1,0.012544426633335682,1
102_left_LAD_mid_20mm_80ds_leaky_T3_stenosis_length_A_fixed,25.0,-20.10708780773706,grid,407,0.9948284526386211,0.6325062138582119,1.6205049058469,1.5197890033041244,1.5197890033041244,0.32061112466907954,2,-0.044766409282566956,1
102_left_LAD_mid_20mm_80ds_leaky_T3_stenosis_length_A_fixed,30.0,-15.107087807737063,grid,415,0.9944917051500075,0.27539572632536385,1.2616639878766875,1.2388157520572685,1.2388157520572685,0.25775121670191165,1,0.005648950413425449,1
102_left_LAD_mid_20mm_80ds_leaky_T3_stenosis_length_A_fixed,33.877087807737055,-11.230000000000004,lesion_prox,422,0.9941622988242322,0.2603085481559618,1.2879598903630796,1.2227220500466913,1.2227220500466913,0.25337798723269733,1,0.006559660891576198,1
102_left_LAD_mid_20mm_80ds_leaky_T3_stenosis_length_A_fixed,35.0,-10.10708780773706,grid,424,0.9940569665097181,0.2552896773845156,1.2713646334518576,1.217272113365612,1.217272113365612,0.2518453406484682,1,0.006711019239400694,1
102_left_LAD_mid_20mm_80ds_leaky_T3_stenosis_length_A_fixed,40.0,-5.107087807737061,grid,432,0.9922859704019281,0.23529437044672608,1.1684917762802793,1.1950478542306382,1.1950478542306382,0.2453123041589258,1,0.007484682601073928,1
102_left_LAD_mid_20mm_80ds_leaky_T3_stenosis_length_A_fixed,45.10708780773706,0.0,throat,440,0.781910484689622,0.21700217864207805,1.0897435497045183,1.1734260389842086,1.1734260389842086,0.23897948165921176,1,0.006863446183445296,1
102_left_LAD_mid_20mm_80ds_leaky_T3_stenosis_length_A_fixed,50.0,4.892912192262941,grid,447,0.6775147091906494,0.2052883476829044,1.0586890772294826,1.1534647204693063,1.1534647204693063,0.23802086878674805,1,0.006571661986427811,1
102_left_LAD_mid_20mm_80ds_leaky_T3_stenosis_length_A_fixed,55.0,9.892912192262939,grid,456,0.6743119693703714,0.19313290473526393,0.8856064778866759,1.1306607846859997,1.1306607846859997,0.2377513371268087,1,0.0067101519262014655,1
102_left_LAD_mid_20mm_80ds_leaky_T3_stenosis_length_A_fixed,56.33708780773706,11.230000000000004,lesion_dist,458,0.673907945829634,0.19058415469035558,0.7852495473551236,1.1257509151170044,1.1257509151170044,0.2376969168998393,1,0.00623120339240961,1
102_left_LAD_mid_20mm_80ds_leaky_T3_stenosis_length_A_fixed,60.0,14.892912192262935,grid,465,0.6724148338643279,0.18224499796808724,0.9933302756119631,1.1093485255040776,1.1093485255040776,0.2375282506299808,1,0.006728197460336308,1
102_left_LAD_mid_20mm_80ds_leaky_T3_stenosis_length_A_fixed,65.0,19.89291219226294,grid,473,0.6718300447717533,0.17224545849317957,1.0056104414741374,1.0889870807757984,1.0889870807757984,0.23732488646082067,1,0.006373103695089537,1
102_left_LAD_mid_20mm_80ds_leaky_T3_stenosis_length_A_fixed,70.0,24.892912192262944,grid,483,0.6712108590944187,0.1610722543600512,1.1336331832424902,1.0652712044111223,1.0652712044111223,0.2370848803438446,1,0.008773222484909398,1
102_left_LAD_mid_20mm_80ds_leaky_T3_stenosis_length_A_fixed,75.15857149286241,30.051483685125348,measurement,490,0.6708627293933267,0.15167253932683195,1.139583885216608,1.0444525248219476,1.0444525248219476,0.23686698388220104,1,0.007444243482959171,1
102_left_LAD_mid_20mm_80ds_leaky_T3_stenosis_length_A_fixed,80.0,34.89291219226294,grid,498,0.6704273677387188,0.1422811213273606,1.0709190104098754,1.0227749746701797,1.0227749746701797,0.23663047976537593,1,0.007499074243952396,1
102_left_LAD_mid_20mm_80ds_leaky_T3_stenosis_length_A_fixed,85.0,39.89291219226295,grid,506,0.6699025076968058,0.13388539754028053,0.8808794311853675,1.0025713206790405,1.0025713206790405,0.23640195595149877,1,0.007705262622390257,1
102_left_LAD_mid_20mm_80ds_leaky_T3_stenosis_length_A_fixed,90.0,44.89291219226293,grid,515,0.6686766411245099,0.12484967428372365,0.8341449467814817,0.9798447648970726,0.9798447648970726,0.2361452793379547,1,0.008865731231813766,1
102_left_LAD_mid_20mm_80ds_leaky_T3_stenosis_length_A_fixed,95.0,49.89291219226294,grid,523,0.6678719897454741,0.11735435053762516,0.8886548380602014,0.9601237322864773,0.9601237322864773,0.23592896618077153,1,0.007593355935523391,1
102_left_LAD_mid_20mm_80ds_leaky_T3_stenosis_length_A_fixed,100.0,54.89291219226294,grid,532,0.6671798202165412,0.1090041299512145,0.9084642479319147,0.9371246817376684,0.9371246817376684,0.23567553854207096,1,0.0075614138964476135,1
102_left_LAD_mid_20mm_80ds_leaky_T3_stenosis_length_A_fixed,105.0,59.89291219226293,grid,541,0.6664544256994581,0.10169275032989893,0.8854343517663047,0.9159921203316638,0.9159921203316638,0.235439032491323,1,0.007255326395124227,1
102_left_LAD_mid_20mm_80ds_leaky_T3_stenosis_length_A_fixed,110.0,64.89291219226294,grid,551,0.66575220236255,0.09444190785535801,0.8629322622204071,0.8939980910315718,0.8939980910315718,0.23518989701668336,1,0.007564479185186445,1
102_left_LAD_mid_20mm_80ds_leaky_T3_stenosis_length_A_fixed,115.0,69.89291219226294,grid,560,0.6647721705263048,0.08791379184434286,0.7507130482971387,0.8731990895601683,0.8731990895601683,0.23495293468235576,1,0.008719186446224483,1
102_left_LAD_mid_20mm_80ds_leaky_T3_stenosis_length_A_fixed,120.0,74.89291219226294,grid,568,0.6637012078353678,0.08171254478252049,0.7566026122911647,0.852442418025418,0.852442418025418,0.23472387350207224,1,0.009416765220116436,1
102_left_LAD_mid_20mm_80ds_leaky_T3_stenosis_length_A_fixed,125.0,79.89291219226294,grid,576,0.6629501718529575,0.0753198779246333,0.9452493122743029,0.8298929825316167,0.8298929825316167,0.2344806531115224,1,0.008852272015543932,1
102_left_LAD_mid_20mm_80ds_leaky_T3_stenosis_length_A_fixed,130.0,84.89291219226294,grid,584,0.6625995871213537,0.06995016736203206,0.9701579346415694,0.809940178618792,0.809940178618792,0.23425755807490037,1,0.008848322733049616,1
102_left_LAD_mid_20mm_80ds_leaky_T3_stenosis_length_A_fixed,135.0,89.89291219226294,grid,593,0.6621450238699832,0.06429381851054368,0.7233230509094735,0.7877875100603102,0.7877875100603102,0.23399449019096402,1,0.009710630655148303,1
102_left_LAD_mid_20mm_80ds_leaky_T3_stenosis_length_A_fixed,140.0,94.89291219226295,grid,602,0.6602512285053848,0.05930971911867196,0.5619198976373382,0.7671443891984984,0.7671443891984984,0.23375354864932774,1,0.007611778103736553,1
102_left_LAD_mid_20mm_80ds_leaky_T3_stenosis_length_B_rederived,0.0,-45.10708780773706,grid,133,0.9979154247424954,2.0462615062941114,2.063555642098582,1.9788913723984103,1.9788913723984103,0.46984969983256214,1,0.04072813356377711,1
102_left_LAD_mid_20mm_80ds_leaky_T3_stenosis_length_B_rederived,5.0,-40.10708780773707,grid,140,0.9973497809569088,1.6478273517514557,1.688700858282976,1.7992594327137332,1.7992594327137332,0.5033777638850109,1,0.04137744095808671,1
102_left_LAD_mid_20mm_80ds_leaky_T3_stenosis_length_B_rederived,10.0,-35.10708780773706,grid,148,0.996427756502854,1.3231597618169006,1.655510957650119,1.620478529363344,1.620478529363344,0.5532814707775207,1,0.037391080024098425,1
102_left_LAD_mid_20mm_80ds_leaky_T3_stenosis_length_B_rederived,15.0,-30.107087807737063,grid,389,0.9958892109581924,0.8283987122213198,1.6792826125693294,1.6459222523583688,1.6459222523583688,0.33057891438856735,1,0.012332205000922714,1
102_left_LAD_mid_20mm_80ds_leaky_T3_stenosis_length_B_rederived,20.0,-25.107087807737063,grid,398,0.9953407167066027,0.7255729297029148,1.4393705194808097,1.582244495277828,1.582244495277828,0.3259297289838921,1,0.012544426633335682,1
102_left_LAD_mid_20mm_80ds_leaky_T3_stenosis_length_B_rederived,25.0,-20.10708780773706,grid,407,0.9948284526386211,0.6325062138582119,1.6205049058469,1.5197890033041244,1.5197890033041244,0.32061112466907954,2,-0.044766409282566956,1
102_left_LAD_mid_20mm_80ds_leaky_T3_stenosis_length_B_rederived,30.0,-15.107087807737063,grid,415,0.9944917051500075,0.27539572632536385,1.2616639878766875,1.2388157520572685,1.2388157520572685,0.25775121670191165,1,0.005648950413425449,1
102_left_LAD_mid_20mm_80ds_leaky_T3_stenosis_length_B_rederived,33.877087807737055,-11.230000000000004,lesion_prox,422,0.9941622988242322,0.2603085481559618,1.2879598903630796,1.2227220500466913,1.2227220500466913,0.25337798723269733,1,0.006559660891576198,1
102_left_LAD_mid_20mm_80ds_leaky_T3_stenosis_length_B_rederived,35.0,-10.10708780773706,grid,424,0.9940569665097181,0.2552896773845156,1.2713646334518576,1.217272113365612,1.217272113365612,0.2518453406484682,1,0.006711019239400694,1
102_left_LAD_mid_20mm_80ds_leaky_T3_stenosis_length_B_rederived,40.0,-5.107087807737061,grid,432,0.9922859704019281,0.23529437044672608,1.1684917762802793,1.1950478542306382,1.1950478542306382,0.2453123041589258,1,0.007484682601073928,1
102_left_LAD_mid_20mm_80ds_leaky_T3_stenosis_length_B_rederived,45.10708780773706,0.0,throat,440,0.781910484689622,0.21700217864207805,1.0897435497045183,1.1734260389842086,1.1734260389842086,0.23897948165921176,1,0.006863446183445296,1
102_left_LAD_mid_20mm_80ds_leaky_T3_stenosis_length_B_rederived,50.0,4.892912192262941,grid,447,0.6775147091906494,0.2052883476829044,1.0586890772294826,1.1534647204693063,1.1534647204693063,0.23802086878674805,1,0.006571661986427811,1
102_left_LAD_mid_20mm_80ds_leaky_T3_stenosis_length_B_rederived,55.0,9.892912192262939,grid,456,0.6743119693703714,0.19313290473526393,0.8856064778866759,1.1306607846859997,1.1306607846859997,0.2377513371268087,1,0.0067101519262014655,1
102_left_LAD_mid_20mm_80ds_leaky_T3_stenosis_length_B_rederived,56.33708780773706,11.230000000000004,lesion_dist,458,0.673907945829634,0.19058415469035558,0.7852495473551236,1.1257509151170044,1.1257509151170044,0.2376969168998393,1,0.00623120339240961,1
102_left_LAD_mid_20mm_80ds_leaky_T3_stenosis_length_B_rederived,60.0,14.892912192262935,grid,465,0.6724148338643279,0.18224499796808724,0.9933302756119631,1.1093485255040776,1.1093485255040776,0.2375282506299808,1,0.006728197460336308,1
102_left_LAD_mid_20mm_80ds_leaky_T3_stenosis_length_B_rederived,65.0,19.89291219226294,grid,473,0.6718300447717533,0.17224545849317957,1.0056104414741374,1.0889870807757984,1.0889870807757984,0.23732488646082067,1,0.006373103695089537,1
102_left_LAD_mid_20mm_80ds_leaky_T3_stenosis_length_B_rederived,70.0,24.892912192262944,grid,483,0.6712108590944187,0.1610722543600512,1.1336331832424902,1.0652712044111223,1.0652712044111223,0.2370848803438446,1,0.008773222484909398,1
102_left_LAD_mid_20mm_80ds_leaky_T3_stenosis_length_B_rederived,75.15857149286241,30.051483685125348,measurement,490,0.6708627293933267,0.15167253932683195,1.139583885216608,1.0444525248219476,1.0444525248219476,0.23686698388220104,1,0.007444243482959171,1
102_left_LAD_mid_20mm_80ds_leaky_T3_stenosis_length_B_rederived,80.0,34.89291219226294,grid,498,0.6704273677387188,0.1422811213273606,1.0709190104098754,1.0227749746701797,1.0227749746701797,0.23663047976537593,1,0.007499074243952396,1
102_left_LAD_mid_20mm_80ds_leaky_T3_stenosis_length_B_rederived,85.0,39.89291219226295,grid,506,0.6699025076968058,0.13388539754028053,0.8808794311853675,1.0025713206790405,1.0025713206790405,0.23640195595149877,1,0.007705262622390257,1
102_left_LAD_mid_20mm_80ds_leaky_T3_stenosis_length_B_rederived,90.0,44.89291219226293,grid,515,0.6686766411245099,0.12484967428372365,0.8341449467814817,0.9798447648970726,0.9798447648970726,0.2361452793379547,1,0.008865731231813766,1
102_left_LAD_mid_20mm_80ds_leaky_T3_stenosis_length_B_rederived,95.0,49.89291219226294,grid,523,0.6678719897454741,0.11735435053762516,0.8886548380602014,0.9601237322864773,0.9601237322864773,0.23592896618077153,1,0.007593355935523391,1
102_left_LAD_mid_20mm_80ds_leaky_T3_stenosis_length_B_rederived,100.0,54.89291219226294,grid,532,0.6671798202165412,0.1090041299512145,0.9084642479319147,0.9371246817376684,0.9371246817376684,0.23567553854207096,1,0.0075614138964476135,1
102_left_LAD_mid_20mm_80ds_leaky_T3_stenosis_length_B_rederived,105.0,59.89291219226293,grid,541,0.6664544256994581,0.10169275032989893,0.8854343517663047,0.9159921203316638,0.9159921203316638,0.235439032491323,1,0.007255326395124227,1
102_left_LAD_mid_20mm_80ds_leaky_T3_stenosis_length_B_rederived,110.0,64.89291219226294,grid,551,0.66575220236255,0.09444190785535801,0.8629322622204071,0.8939980910315718,0.8939980910315718,0.23518989701668336,1,0.007564479185186445,1
102_left_LAD_mid_20mm_80ds_leaky_T3_stenosis_length_B_rederived,115.0,69.89291219226294,grid,560,0.6647721705263048,0.08791379184434286,0.7507130482971387,0.8731990895601683,0.8731990895601683,0.23495293468235576,1,0.008719186446224483,1
102_left_LAD_mid_20mm_80ds_leaky_T3_stenosis_length_B_rederived,120.0,74.89291219226294,grid,568,0.6637012078353678,0.08171254478252049,0.7566026122911647,0.852442418025418,0.852442418025418,0.23472387350207224,1,0.009416765220116436,1
102_left_LAD_mid_20mm_80ds_leaky_T3_stenosis_length_B_rederived,125.0,79.89291219226294,grid,576,0.6629501718529575,0.0753198779246333,0.9452493122743029,0.8298929825316167,0.8298929825316167,0.2344806531115224,1,0.008852272015543932,1
102_left_LAD_mid_20mm_80ds_leaky_T3_stenosis_length_B_rederived,130.0,84.89291219226294,grid,584,0.6625995871213537,0.06995016736203206,0.9701579346415694,0.809940178618792,0.809940178618792,0.23425755807490037,1,0.008848322733049616,1
102_left_LAD_mid_20mm_80ds_leaky_T3_stenosis_length_B_rederived,135.0,89.89291219226294,grid,593,0.6621450238699832,0.06429381851054368,0.7233230509094735,0.7877875100603102,0.7877875100603102,0.23399449019096402,1,0.009710630655148303,1
102_left_LAD_mid_20mm_80ds_leaky_T3_stenosis_length_B_rederived,140.0,94.89291219226295,grid,602,0.6602512285053848,0.05930971911867196,0.5619198976373382,0.7671443891984984,0.7671443891984984,0.23375354864932774,1,0.007611778103736553,1
102_left_LAD_mid_20mm_80ds_leaky_T3_stenosis_length_C_flowmatched,0.0,-45.10708780773706,grid,133,0.9979136563477514,2.0479705488087085,2.063555642098582,1.9788913723984103,1.9788913723984103,0.470242119428012,1,0.04072813356377711,1
102_left_LAD_mid_20mm_80ds_leaky_T3_stenosis_length_C_flowmatched,5.0,-40.10708780773707,grid,140,0.9973475438215781,1.6491859507360722,1.688700858282976,1.7992594327137332,1.7992594327137332,0.5037927882612999,1,0.04137744095808671,1
102_left_LAD_mid_20mm_80ds_leaky_T3_stenosis_length_C_flowmatched,10.0,-35.10708780773706,grid,148,0.996424765718861,1.3242330154392188,1.655510957650119,1.620478529363344,1.620478529363344,0.5537302535774585,1,0.037391080024098425,1
102_left_LAD_mid_20mm_80ds_leaky_T3_stenosis_length_C_flowmatched,15.0,-30.107087807737063,grid,389,0.9958857921575363,0.8290393825183431,1.6792826125693294,1.6459222523583688,1.6459222523583688,0.33083457882665307,1,0.012332205000922714,1
102_left_LAD_mid_20mm_80ds_leaky_T3_stenosis_length_C_flowmatched,20.0,-25.107087807737063,grid,398,0.9953368784427746,0.726123340254701,1.4393705194808097,1.582244495277828,1.582244495277828,0.32617697520081895,1,0.012544426633335682,1
102_left_LAD_mid_20mm_80ds_leaky_T3_stenosis_length_C_flowmatched,25.0,-20.10708780773706,grid,407,0.9948242299581239,0.6329749759077651,1.6205049058469,1.5197890033041244,1.5197890033041244,0.320848735501379,2,-0.044766409282566956,1
102_left_LAD_mid_20mm_80ds_leaky_T3_stenosis_length_C_flowmatched,30.0,-15.107087807737063,grid,415,0.9944872810209245,0.275558447904709,1.2616639878766875,1.2388157520572685,1.2388157520572685,0.25790351276554163,1,0.005648950413425449,1
102_left_LAD_mid_20mm_80ds_leaky_T3_stenosis_length_C_flowmatched,33.877087807737055,-11.230000000000004,lesion_prox,422,0.9941576830452591,0.26045804125616917,1.2879598903630796,1.2227220500466913,1.2227220500466913,0.253523500167651,1,0.006559660891576198,1
102_left_LAD_mid_20mm_80ds_leaky_T3_stenosis_length_C_flowmatched,35.0,-10.10708780773706,grid,424,0.9940522907116458,0.25543477058073594,1.2713646334518576,1.217272113365612,1.217272113365612,0.25198847626523996,1,0.006711019239400694,1
102_left_LAD_mid_20mm_80ds_leaky_T3_stenosis_length_C_flowmatched,40.0,-5.107087807737061,grid,432,0.9922803237987554,0.23542193994899738,1.1684917762802793,1.1950478542306382,1.1950478542306382,0.24544530508233578,1,0.007484682601073928,1
102_left_LAD_mid_20mm_80ds_leaky_T3_stenosis_length_C_flowmatched,45.10708780773706,0.0,throat,440,0.7817457465046987,0.2171139622027891,1.0897435497045183,1.1734260389842086,1.1734260389842086,0.2391025863098836,1,0.006863446183445296,1
102_left_LAD_mid_20mm_80ds_leaky_T3_stenosis_length_C_flowmatched,50.0,4.892912192262941,grid,447,0.6772964075752763,0.2053933700410438,1.0586890772294826,1.1534647204693063,1.1534647204693063,0.23814263659874774,1,0.006571661986427811,1
102_left_LAD_mid_20mm_80ds_leaky_T3_stenosis_length_C_flowmatched,55.0,9.892912192262939,grid,456,0.6740920305023514,0.19323151528158086,0.8856064778866759,1.1306607846859997,1.1306607846859997,0.2378727291251002,1,0.0067101519262014655,1
102_left_LAD_mid_20mm_80ds_leaky_T3_stenosis_length_C_flowmatched,56.33708780773706,11.230000000000004,lesion_dist,458,0.6736878007369939,0.1906814253182295,0.7852495473551236,1.1257509151170044,1.1257509151170044,0.23781823301023738,1,0.00623120339240961,1
102_left_LAD_mid_20mm_80ds_leaky_T3_stenosis_length_C_flowmatched,60.0,14.892912192262935,grid,465,0.6721938223006592,0.18233789921183768,0.9933302756119631,1.1093485255040776,1.1093485255040776,0.2376493330747964,1,0.006728197460336308,1
102_left_LAD_mid_20mm_80ds_leaky_T3_stenosis_length_C_flowmatched,65.0,19.89291219226294,grid,473,0.6716087353509006,0.1723331334762381,1.0056104414741374,1.0889870807757984,1.0889870807757984,0.2374456876452574,1,0.006373103695089537,1
102_left_LAD_mid_20mm_80ds_leaky_T3_stenosis_length_C_flowmatched,70.0,24.892912192262944,grid,483,0.6709892347777965,0.16115409962527438,1.1336331832424902,1.0652712044111223,1.0652712044111223,0.23720534972567103,1,0.008773222484909398,1
102_left_LAD_mid_20mm_80ds_leaky_T3_stenosis_length_C_flowmatched,75.15857149286241,30.051483685125348,measurement,490,0.6706409283397783,0.1517494863948593,1.139583885216608,1.0444525248219476,1.0444525248219476,0.23698715210779486,1,0.007444243482959171,1
102_left_LAD_mid_20mm_80ds_leaky_T3_stenosis_length_C_flowmatched,80.0,34.89291219226294,grid,498,0.6702053460354896,0.14235317955338334,1.0709190104098754,1.0227749746701797,1.0227749746701797,0.2367503211922338,1,0.007499074243952396,1
102_left_LAD_mid_20mm_80ds_leaky_T3_stenosis_length_C_flowmatched,85.0,39.89291219226295,grid,506,0.6696802204597792,0.1339530905057768,0.8808794311853675,1.0025713206790405,1.0025713206790405,0.23652148167828807,1,0.007705262622390257,1
102_left_LAD_mid_20mm_80ds_leaky_T3_stenosis_length_C_flowmatched,90.0,44.89291219226293,grid,515,0.6684537347689098,0.12491267996813121,0.8341449467814817,0.9798447648970726,0.9798447648970726,0.23626445061356804,1,0.008865731231813766,1
102_left_LAD_mid_20mm_80ds_leaky_T3_stenosis_length_C_flowmatched,95.0,49.89291219226294,grid,523,0.6676486776767152,0.11741347948210598,0.8886548380602014,0.9601237322864773,0.9601237322864773,0.23604783889983827,1,0.007593355935523391,1
102_left_LAD_mid_20mm_80ds_leaky_T3_stenosis_length_C_flowmatched,100.0,54.89291219226294,grid,532,0.6669561597519019,0.1090589489774376,0.9084642479319147,0.9371246817376684,0.9371246817376684,0.23579406160659397,1,0.0075614138964476135,1
102_left_LAD_mid_20mm_80ds_leaky_T3_stenosis_length_C_flowmatched,105.0,59.89291219226293,grid,541,0.6662304007833407,0.10174380288246916,0.8854343517663047,0.9159921203316638,0.9159921203316638,0.23555722934945061,1,0.007255326395124227,1
102_left_LAD_mid_20mm_80ds_leaky_T3_stenosis_length_C_flowmatched,110.0,64.89291219226294,grid,551,0.6655278252671777,0.09448923256653725,0.8629322622204071,0.8939980910315718,0.8939980910315718,0.2353077503532089,1,0.007564479185186445,1
102_left_LAD_mid_20mm_80ds_leaky_T3_stenosis_length_C_flowmatched,115.0,69.89291219226294,grid,560,0.6645473028567134,0.08795776753314564,0.7507130482971387,0.8731990895601683,0.8731990895601683,0.23507046137438137,1,0.008719186446224483,1
102_left_LAD_mid_20mm_80ds_leaky_T3_stenosis_length_C_flowmatched,120.0,74.89291219226294,grid,568,0.6634758049670901,0.08175334853084124,0.7566026122911647,0.852442418025418,0.852442418025418,0.2348410845604812,1,0.009416765220116436,1
102_left_LAD_mid_20mm_80ds_leaky_T3_stenosis_length_C_flowmatched,125.0,79.89291219226294,grid,576,0.662724394277094,0.07535742084337131,0.9452493122743029,0.8298929825316167,0.8298929825316167,0.2345975291387806,1,0.008852272015543932,1
102_left_LAD_mid_20mm_80ds_leaky_T3_stenosis_length_C_flowmatched,130.0,84.89291219226294,grid,584,0.6623736349609304,0.06998497522352673,0.9701579346415694,0.809940178618792,0.809940178618792,0.23437412684010928,1,0.008848322733049616,1
102_left_LAD_mid_20mm_80ds_leaky_T3_stenosis_length_C_flowmatched,135.0,89.89291219226294,grid,593,0.6619188458113433,0.06432574814414957,0.7233230509094735,0.7877875100603102,0.7877875100603102,0.2341106966710064,1,0.009710630655148303,1
102_left_LAD_mid_20mm_80ds_leaky_T3_stenosis_length_C_flowmatched,140.0,94.89291219226295,grid,602,0.6600241110505057,0.05933911972604926,0.5619198976373382,0.7671443891984984,0.7671443891984984,0.23386942335602023,1,0.007611778103736553,1
102_left_LAD_mid_20mm_80ds_leaky_T4_taper_A_fixed,0.0,-45.10708780773706,grid,133,0.9979195078193286,2.039061574610978,2.063555642098582,1.9788913723984103,1.9788913723984103,0.4681964967938842,1,0.04072813356377711,1
102_left_LAD_mid_20mm_80ds_leaky_T4_taper_A_fixed,5.0,-40.10708780773707,grid,140,0.9973561468363882,1.6406253625315141,1.688700858282976,1.7992594327137332,1.7992594327137332,0.5011777025586803,1,0.04137744095808671,1
102_left_LAD_mid_20mm_80ds_leaky_T4_taper_A_fixed,10.0,-35.10708780773706,grid,148,0.9964386774374843,1.3159549240336668,1.655510957650119,1.620478529363344,1.620478529363344,0.550268755789916,1,0.037391080024098425,1
102_left_LAD_mid_20mm_80ds_leaky_T4_taper_A_fixed,15.0,-30.107087807737063,grid,389,0.9959038182662393,0.8211872526173774,1.6792826125693294,1.6459222523583688,1.6459222523583688,0.3277011256476411,1,0.012332205000922714,1
102_left_LAD_mid_20mm_80ds_leaky_T4_taper_A_fixed,20.0,-25.107087807737063,grid,398,0.9953604940525604,0.7183596545629795,1.4393705194808097,1.582244495277828,1.582244495277828,0.32268950224003057,1,0.012544426633335682,1
102_left_LAD_mid_20mm_80ds_leaky_T4_taper_A_fixed,25.0,-20.10708780773706,grid,407,0.9948536733123926,0.6252907106363127,1.6205049058469,1.5197890033041244,1.5197890033041244,0.3169536576713797,2,0.009981061334109649,1
102_left_LAD_mid_20mm_80ds_leaky_T4_taper_A_fixed,30.0,-15.107087807737063,grid,415,0.9945255331941304,0.26817059310378377,1.2616639878766875,1.195628568454116,1.195628568454116,0.2791810821141341,1,0.006256957858796625,1
102_left_LAD_mid_20mm_80ds_leaky_T4_taper_A_fixed,35.10708780773706,-10.000000000000002,lesion_prox,424,0.9941048046789351,0.24806370457666047,1.2713646334518576,1.1725933403749602,1.1725933403749602,0.2737692332372906,1,0.007447234422492663,1
102_left_LAD_mid_20mm_80ds_leaky_T4_taper_A_fixed,40.0,-5.107087807737061,grid,432,0.9926143749292976,0.22806674660710166,1.08669735194066,1.1488303686044277,1.1488303686044277,0.26764425751067666,1,0.00832250756844286,1
102_left_LAD_mid_20mm_80ds_leaky_T4_taper_A_fixed,45.10708780773706,0.0,throat,440,0.7676583567902997,0.20974395175619218,1.013461501225202,1.125711551360256,1.125711551360256,0.2616204949385456,1,0.0076476871912014065,1
102_left_LAD_mid_20mm_80ds_leaky_T4_taper_A_fixed,50.0,4.892912192262941,grid,447,0.6594046922695271,0.19836698285717405,0.9845808418234188,1.1043681965383276,1.1043681965383276,0.26205436499352175,1,0.007337154804239478,1
102_left_LAD_mid_20mm_80ds_leaky_T4_taper_A_fixed,55.10708780773707,10.000000000000002,lesion_dist,456,0.656681389908073,0.18655924262755505,0.8236140244346086,1.0799854137879688,1.0799854137879688,0.263528011198727,1,0.007509377018385662,1
102_left_LAD_mid_20mm_80ds_leaky_T4_taper_A_fixed,60.0,14.892912192262935,grid,465,0.6542364897318351,0.17598692471766395,0.9237971563191257,1.0571975849460475,1.0571975849460475,0.2650181387918371,1,0.007546835170411702,1
102_left_LAD_mid_20mm_80ds_leaky_T4_taper_A_fixed,65.0,19.89291219226294,grid,473,0.6534817051891096,0.1662833877176499,0.9352177105709477,1.0354264008833163,1.0354264008833163,0.2665353676998742,1,0.007164942351749599,1
102_left_LAD_mid_20mm_80ds_leaky_T4_taper_A_fixed,70.0,24.892912192262944,grid,483,0.6526827614237888,0.1554445996406278,1.054278860415516,1.0100685386866697,1.0100685386866697,0.2684026447763896,1,0.009889609658524872,1
102_left_LAD_mid_20mm_80ds_leaky_T4_taper_A_fixed,75.15857149286241,30.051483685125348,measurement,490,0.6522337168718001,0.14632850150330268,1.0598130132514456,0.9878084627771514,0.9878084627771514,0.2701309724287625,1,0.008413347506360429,1
102_left_LAD_mid_20mm_80ds_leaky_T4_taper_A_fixed,80.0,34.89291219226294,grid,498,0.651672336871452,0.13722230245366307,0.995954679681184,0.9646300517812089,0.9646300517812089,0.27202324903218034,1,0.008498744925123806,1
102_left_LAD_mid_20mm_80ds_leaky_T4_taper_A_fixed,85.0,39.89291219226295,grid,506,0.65099578599918,0.12908349471584496,0.8192178710023917,0.943027583211288,0.943027583211288,0.2738805626994025,1,0.00875585814353388,1
102_left_LAD_mid_20mm_80ds_leaky_T4_taper_A_fixed,90.0,44.89291219226293,grid,515,0.6494161516337295,0.12032822580081609,0.7757548005067779,0.9187275379225583,0.9187275379225583,0.27610291725173486,1,0.010105962590357776,1
102_left_LAD_mid_20mm_80ds_leaky_T4_taper_A_fixed,95.0,49.89291219226294,grid,523,0.6483796192984106,0.1130697621593088,0.8264489993959874,0.8976411053730993,0.8976411053730993,0.27816466905779536,1,0.008681069319260748,1
102_left_LAD_mid_20mm_80ds_leaky_T4_taper_A_fixed,100.0,54.89291219226294,grid,532,0.6474882791476444,0.10498672575992188,0.8448717505766807,0.8730496989455016,0.8730496989455016,0.28072505474023246,1,0.008675063012224536,1
102_left_LAD_mid_20mm_80ds_leaky_T4_taper_A_fixed,105.0,59.89291219226293,grid,541,0.646554481221869,0.09791195775512902,0.8234539471426634,0.8504540093848235,0.8504540093848235,0.283235000615775,1,0.008352404728452103,1
102_left_LAD_mid_20mm_80ds_leaky_T4_taper_A_fixed,110.0,64.89291219226294,grid,551,0.6456508208078324,0.09089850528526588,0.8025270038649787,0.8269372075781045,0.8269372075781045,0.2860242310064866,1,0.008740679389669145,1
102_left_LAD_mid_20mm_80ds_leaky_T4_taper_A_fixed,115.0,69.89291219226294,grid,560,0.6443901177480531,0.08458678130056804,0.6981631349163391,0.8046981722150566,0.8046981722150566,0.2888465198178367,1,0.01011175643557238,1
102_left_LAD_mid_20mm_80ds_leaky_T4_taper_A_fixed,120.0,74.89291219226294,grid,568,0.6430128799365652,0.07859454213461194,0.7036404294307832,0.7825043975324043,0.7825043975324043,0.2918742030072848,1,0.010962960354666191,1
102_left_LAD_mid_20mm_80ds_leaky_T4_taper_A_fixed,125.0,79.89291219226294,grid,576,0.6420473619763248,0.07242064852153407,0.8790818604151017,0.7583937355829402,0.7583937355829402,0.29542135306701683,1,0.010352298339791786,1
102_left_LAD_mid_20mm_80ds_leaky_T4_taper_B_rederived,0.0,-45.10708780773706,grid,133,0.997907617489716,2.0471100590690443,2.063555642098582,1.9788913723984103,1.9788913723984103,0.4700445391848971,1,0.04072813356377711,1
102_left_LAD_mid_20mm_80ds_leaky_T4_taper_B_rederived,5.0,-40.10708780773707,grid,140,0.9973423750887529,1.6454587973893795,1.688700858282976,1.7992594327137332,1.7992594327137332,0.5026542186682412,1,0.04137744095808671,1
102_left_LAD_mid_20mm_80ds_leaky_T4_taper_B_rederived,10.0,-35.10708780773706,grid,148,0.9964228170691601,1.3181692878151792,1.655510957650119,1.620478529363344,1.620478529363344,0.5511946957143506,1,0.037391080024098425,1
102_left_LAD_mid_20mm_80ds_leaky_T4_taper_B_rederived,15.0,-30.107087807737063,grid,389,0.995887935282395,0.8194287917443176,1.6792826125693294,1.6459222523583688,1.6459222523583688,0.32699939823325136,1,0.012332205000922714,1
102_left_LAD_mid_20mm_80ds_leaky_T4_taper_B_rederived,20.0,-25.107087807737063,grid,398,0.9953462370569705,0.715771759889739,1.4393705194808097,1.582244495277828,1.582244495277828,0.3215270115034571,1,0.012544426633335682,1
102_left_LAD_mid_20mm_80ds_leaky_T4_taper_B_rederived,25.0,-20.10708780773706,grid,407,0.9948416528528028,0.6219518877266541,1.6205049058469,1.5197890033041244,1.5197890033041244,0.31526124146315493,2,0.009981061334109649,1
102_left_LAD_mid_20mm_80ds_leaky_T4_taper_B_rederived,30.0,-15.107087807737063,grid,415,0.9945294365022548,0.25476786756875575,1.2616639878766875,1.195628568454116,1.195628568454116,0.26522807043287283,1,0.006256957858796625,1
102_left_LAD_mid_20mm_80ds_leaky_T4_taper_B_rederived,35.10708780773706,-10.000000000000002,lesion_prox,424,0.9941306852591142,0.23461761547568397,1.2713646334518576,1.1725933403749602,1.1725933403749602,0.25892979709528524,1,0.007447234422492663,1
102_left_LAD_mid_20mm_80ds_leaky_T4_taper_B_rederived,40.0,-5.107087807737061,grid,432,0.9927262002909348,0.21465594089446227,1.08669735194066,1.1488303686044277,1.1488303686044277,0.2519062106845747,1,0.00832250756844286,1
102_left_LAD_mid_20mm_80ds_leaky_T4_taper_B_rederived,45.10708780773706,0.0,throat,440,0.7883552107914982,0.19641375050674853,1.013461501225202,1.125711551360256,1.125711551360256,0.244993298686595,1,0.0076476871912014065,1
102_left_LAD_mid_20mm_80ds_leaky_T4_taper_B_rederived,50.0,4.892912192262941,grid,447,0.6871633111805044,0.18470025078912006,0.9845808418234188,1.1043681965383276,1.1043681965383276,0.24399981406954488,1,0.007337154804239478,1
102_left_LAD_mid_20mm_80ds_leaky_T4_taper_B_rederived,55.10708780773707,10.000000000000002,lesion_dist,456,0.6846343282093653,0.1725216243982232,0.8236140244346086,1.0799854137879688,1.0799854137879688,0.24369889117314847,1,0.007509377018385662,1
102_left_LAD_mid_20mm_80ds_leaky_T4_taper_B_rederived,60.0,14.892912192262935,grid,465,0.682400551519332,0.16166278948915197,0.9237971563191257,1.0571975849460475,1.0571975849460475,0.2434474700381612,1,0.007546835170411702,1
102_left_LAD_mid_20mm_80ds_leaky_T4_taper_B_rederived,65.0,19.89291219226294,grid,473,0.681709762431748,0.15173866882381348,0.9352177105709477,1.0354264008833163,1.0354264008833163,0.24322166179292803,1,0.007164942351749599,1
102_left_LAD_mid_20mm_80ds_leaky_T4_taper_B_rederived,70.0,24.892912192262944,grid,483,0.6809836601506223,0.14070734993963147,1.054278860415516,1.0100685386866697,1.0100685386866697,0.2429561718489143,1,0.009889609658524872,1
102_left_LAD_mid_20mm_80ds_leaky_T4_taper_B_rederived,75.15857149286241,30.051483685125348,measurement,490,0.680578878238685,0.13147740971215666,1.0598130132514456,0.9878084627771514,0.9878084627771514,0.2427149883521365,1,0.008413347506360429,1
102_left_LAD_mid_20mm_80ds_leaky_T4_taper_B_rederived,80.0,34.89291219226294,grid,498,0.6800768122596514,0.12230527768187559,0.995954679681184,0.9646300517812089,0.9646300517812089,0.24245241782064772,1,0.008498744925123806,1
102_left_LAD_mid_20mm_80ds_leaky_T4_taper_B_rederived,85.0,39.89291219226295,grid,506,0.6794767965318622,0.11415110485273482,0.8192178710023917,0.943027583211288,0.943027583211288,0.24219803545486038,1,0.00875585814353388,1
102_left_LAD_mid_20mm_80ds_leaky_T4_taper_B_rederived,90.0,44.89291219226293,grid,515,0.6780873678478156,0.1054280629589455,0.7757548005067779,0.9187275379225583,0.9187275379225583,0.24191327969340837,1,0.010105962590357776,1
102_left_LAD_mid_20mm_80ds_leaky_T4_taper_B_rederived,95.0,49.89291219226294,grid,523,0.67718336078962,0.09823736161318551,0.8264489993959874,0.8976411053730993,0.8976411053730993,0.24167525128196274,1,0.008681069319260748,1
102_left_LAD_mid_20mm_80ds_leaky_T4_taper_B_rederived,100.0,54.89291219226294,grid,532,0.6764132418905715,0.09027862220232713,0.8448717505766807,0.8730496989455016,0.8730496989455016,0.2413969097157594,1,0.008675063012224536,1
102_left_LAD_mid_20mm_80ds_leaky_T4_taper_B_rederived,105.0,59.89291219226293,grid,541,0.6756146767463177,0.08335900711551074,0.8234539471426634,0.8504540093848235,0.8504540093848235,0.24113692518271884,1,0.008352404728452103,1
102_left_LAD_mid_20mm_80ds_leaky_T4_taper_B_rederived,110.0,64.89291219226294,grid,551,0.6748498830852708,0.07654615933872995,0.8025270038649787,0.8269372075781045,0.8269372075781045,0.24086266647235094,1,0.008740679389669145,1
102_left_LAD_mid_20mm_80ds_leaky_T4_taper_B_rederived,115.0,69.89291219226294,grid,560,0.6737950656526682,0.0704584948235925,0.6981631349163391,0.8046981722150566,0.8046981722150566,0.24060131746922359,1,0.01011175643557238,1
102_left_LAD_mid_20mm_80ds_leaky_T4_taper_B_rederived,120.0,74.89291219226294,grid,568,0.6726550809930231,0.06472013441188894,0.7036404294307832,0.7825043975324043,0.7825043975324043,0.2403492295640651,1,0.010962960354666191,1
102_left_LAD_mid_20mm_80ds_leaky_T4_taper_B_rederived,125.0,79.89291219226294,grid,576,0.6718649611131221,0.05885441767964818,0.8790818604151017,0.7583937355829402,0.7583937355829402,0.2400814140696778,1,0.010352298339791786,1
102_left_LAD_mid_20mm_80ds_leaky_T4_taper_C_flowmatched,0.0,-45.10708780773706,grid,133,0.9979172186422933,2.037838431956228,2.063555642098582,1.9788913723984103,1.9788913723984103,0.4679156464688308,1,0.04072813356377711,1
102_left_LAD_mid_20mm_80ds_leaky_T4_taper_C_flowmatched,5.0,-40.10708780773707,grid,140,0.9973545184088383,1.6380920350382966,1.688700858282976,1.7992594327137332,1.7992594327137332,0.5004038224993592,1,0.04137744095808671,1
102_left_LAD_mid_20mm_80ds_leaky_T4_taper_C_flowmatched,10.0,-35.10708780773706,grid,148,0.9964390455168681,1.3123535459933524,1.655510957650119,1.620478529363344,1.620478529363344,0.5487628335298294,1,0.037391080024098425,1
102_left_LAD_mid_20mm_80ds_leaky_T4_taper_C_flowmatched,15.0,-30.107087807737063,grid,389,0.9959064810612488,0.8159642854257624,1.6792826125693294,1.6459222523583688,1.6459222523583688,0.32561686018631353,1,0.012332205000922714,1
102_left_LAD_mid_20mm_80ds_leaky_T4_taper_C_flowmatched,20.0,-25.107087807737063,grid,398,0.9953670500221548,0.7127978735098189,1.4393705194808097,1.582244495277828,1.582244495277828,0.32019113203199845,1,0.012544426633335682,1
102_left_LAD_mid_20mm_80ds_leaky_T4_taper_C_flowmatched,25.0,-20.10708780773706,grid,407,0.9948645418255415,0.6194218182854944,1.6205049058469,1.5197890033041244,1.5197890033041244,0.31397877436441596,2,0.009981061334109649,1
102_left_LAD_mid_20mm_80ds_leaky_T4_taper_C_flowmatched,30.0,-15.107087807737063,grid,415,0.9945533586170456,0.25393519256858704,1.2616639878766875,1.195628568454116,1.195628568454116,0.26436120764636845,1,0.006256957858796625,1
102_left_LAD_mid_20mm_80ds_leaky_T4_taper_C_flowmatched,35.10708780773706,-10.000000000000002,lesion_prox,424,0.9941558842590769,0.23388020502864124,1.2713646334518576,1.1725933403749602,1.1725933403749602,0.25811597270685815,1,0.007447234422492663,1
102_left_LAD_mid_20mm_80ds_leaky_T4_taper_C_flowmatched,40.0,-5.107087807737061,grid,432,0.9927556590435261,0.2140128664568518,1.08669735194066,1.1488303686044277,1.1488303686044277,0.25115154047096894,1,0.00832250756844286,1
102_left_LAD_mid_20mm_80ds_leaky_T4_taper_C_flowmatched,45.10708780773706,0.0,throat,440,0.7892348635477565,0.1958557130032574,1.013461501225202,1.125711551360256,1.125711551360256,0.2442972402466009,1,0.0076476871912014065,1
102_left_LAD_mid_20mm_80ds_leaky_T4_taper_C_flowmatched,50.0,4.892912192262941,grid,447,0.6883293505981536,0.18417904865864185,0.9845808418234188,1.1043681965383276,1.1043681965383276,0.24331127562746918,1,0.007337154804239478,1
102_left_LAD_mid_20mm_80ds_leaky_T4_taper_C_flowmatched,55.10708780773707,10.000000000000002,lesion_dist,456,0.6858074981728135,0.17203580131384455,0.8236140244346086,1.0799854137879688,1.0799854137879688,0.24301263200197282,1,0.007509377018385662,1
102_left_LAD_mid_20mm_80ds_leaky_T4_taper_C_flowmatched,60.0,14.892912192262935,grid,465,0.6835806726937158,0.16120833259773473,0.9237971563191257,1.0571975849460475,1.0571975849460475,0.24276310488025105,1,0.007546835170411702,1
102_left_LAD_mid_20mm_80ds_leaky_T4_taper_C_flowmatched,65.0,19.89291219226294,grid,473,0.6828918238274565,0.15131277120453665,0.9352177105709477,1.0354264008833163,1.0354264008833163,0.2425389912019896,1,0.007164942351749599,1
102_left_LAD_mid_20mm_80ds_leaky_T4_taper_C_flowmatched,70.0,24.892912192262944,grid,483,0.6821677576751898,0.140313136589695,1.054278860415516,1.0100685386866697,1.0100685386866697,0.24227549264890524,1,0.009889609658524872,1
102_left_LAD_mid_20mm_80ds_leaky_T4_taper_C_flowmatched,75.15857149286241,30.051483685125348,measurement,490,0.681764108761583,0.13110966906307964,1.0598130132514456,0.9878084627771514,0.9878084627771514,0.24203611760504207,1,0.008413347506360429,1
102_left_LAD_mid_20mm_80ds_leaky_T4_taper_C_flowmatched,80.0,34.89291219226294,grid,498,0.6812634455825269,0.12196381381762882,0.995954679681184,0.9646300517812089,0.9646300517812089,0.2417755153921168,1,0.008498744925123806,1
102_left_LAD_mid_20mm_80ds_leaky_T4_taper_C_flowmatched,85.0,39.89291219226295,grid,506,0.6806651031617581,0.11383297040243902,0.8192178710023917,0.943027583211288,0.943027583211288,0.2415230394574799,1,0.00875585814353388,1
102_left_LAD_mid_20mm_80ds_leaky_T4_taper_C_flowmatched,90.0,44.89291219226293,grid,515,0.6792795422455132,0.10513482302125852,0.7757548005067779,0.9187275379225583,0.9187275379225583,0.24124041676610058,1,0.010105962590357776,1
102_left_LAD_mid_20mm_80ds_leaky_T4_taper_C_flowmatched,95.0,49.89291219226294,grid,523,0.6783780473048292,0.09796457727089666,0.8264489993959874,0.8976411053730993,0.8976411053730993,0.24100417030639637,1,0.008681069319260748,1
102_left_LAD_mid_20mm_80ds_leaky_T4_taper_C_flowmatched,100.0,54.89291219226294,grid,532,0.6776100646011851,0.09002842749409362,0.8448717505766807,0.8730496989455016,0.8730496989455016,0.24072791158617507,1,0.008675063012224536,1
102_left_LAD_mid_20mm_80ds_leaky_T4_taper_C_flowmatched,105.0,59.89291219226293,grid,541,0.6768137103188389,0.08312841237380138,0.8234539471426634,0.8504540093848235,0.8504540093848235,0.24046987180836604,1,0.008352404728452103,1
102_left_LAD_mid_20mm_80ds_leaky_T4_taper_C_flowmatched,110.0,64.89291219226294,grid,551,0.6760510300593502,0.07633482151125878,0.8025270038649787,0.8269372075781045,0.8269372075781045,0.24019766390277816,1,0.008740679389669145,1
102_left_LAD_mid_20mm_80ds_leaky_T4_taper_C_flowmatched,115.0,69.89291219226294,grid,560,0.6749991216689666,0.07026432534532864,0.6981631349163391,0.8046981722150566,0.8046981722150566,0.2399382685011813,1,0.01011175643557238,1
102_left_LAD_mid_20mm_80ds_leaky_T4_taper_C_flowmatched,120.0,74.89291219226294,grid,568,0.6738622754382487,0.06454209882792769,0.7036404294307832,0.7825043975324043,0.7825043975324043,0.23968806413496155,1,0.010962960354666191,1
102_left_LAD_mid_20mm_80ds_leaky_T4_taper_C_flowmatched,125.0,79.89291219226294,grid,576,0.6730743270765263,0.05869282756567979,0.8790818604151017,0.7583937355829402,0.7583937355829402,0.23942224888564057,1,0.010352298339791786,1
102_left_LAD_mid_20mm_80ds_discrete_clean_none,0.0,-45.10708780773706,grid,133,0.9982206022701923,1.3828219927215792,2.063555642098582,1.9788913723984103,1.9788913723984103,0.317514890547286,1,0.04072813356377711,1
102_left_LAD_mid_20mm_80ds_discrete_clean_none,5.0,-40.10708780773707,grid,140,0.9977822446194633,1.3828219927107737,1.688700858282976,1.7992594327137332,1.7992594327137332,0.4224240129294535,1,0.04137744095808671,1
102_left_LAD_mid_20mm_80ds_discrete_clean_none,10.0,-35.10708780773706,grid,148,0.9969078340687179,1.3828219927019632,1.655510957650119,1.620478529363344,1.620478529363344,0.5782293325600069,1,0.037391080024098425,1
102_left_LAD_mid_20mm_80ds_discrete_clean_none,15.0,-30.107087807737063,grid,389,0.9963318375628791,0.830298025332181,1.6792826125693294,1.6459222523583688,1.6459222523583688,0.33133684997804796,1,0.012332205000922714,1
102_left_LAD_mid_20mm_80ds_discrete_clean_none,20.0,-25.107087807737063,grid,398,0.9957366691871472,0.8302980253263792,1.4393705194808097,1.582244495277828,1.582244495277828,0.37297258386044285,1,0.012544426633335682,1
102_left_LAD_mid_20mm_80ds_discrete_clean_none,25.0,-20.10708780773706,grid,407,0.9951101974733442,0.8302980253344467,1.6205049058469,1.5197890033041244,1.5197890033041244,0.4208698316008437,2,-0.044766409282566956,1
102_left_LAD_mid_20mm_80ds_discrete_clean_none,30.0,-15.107087807737063,grid,415,0.9947200845401232,0.3274550005331765,1.2616639878766875,1.2388157520572685,1.2388157520572685,0.306475071086744,1,0.005648950413425449,1
102_left_LAD_mid_20mm_80ds_discrete_clean_none,35.10708780773706,-10.000000000000002,lesion_prox,424,0.9941843355074274,0.32745500053386234,1.2713646334518576,1.217272113365612,1.217272113365612,0.32303701818809594,1,0.006711019239400694,1
102_left_LAD_mid_20mm_80ds_discrete_clean_none,40.0,-5.107087807737061,grid,432,0.9925890474709248,0.32745500053325083,1.1684917762802793,1.1950478542306382,1.1950478542306382,0.34139678113277083,1,0.007484682601073928,1
102_left_LAD_mid_20mm_80ds_discrete_clean_none,45.10708780773706,0.0,throat,440,0.6205902973658755,0.32745500053325105,1.0897435497045183,1.1734260389842086,1.1734260389842086,0.36061862043895226,1,0.006863446183445296,1
102_left_LAD_mid_20mm_80ds_discrete_clean_none,50.0,4.892912192262941,grid,447,0.4779975120656416,0.32745500053324655,1.0586890772294826,1.1534647204693063,1.1534647204693063,0.3796665743341604,1,0.006571661986427811,1
102_left_LAD_mid_20mm_80ds_discrete_clean_none,55.10708780773707,10.000000000000002,lesion_dist,456,0.47451155401572054,0.32745500053335114,0.8856064778866759,1.1306607846859997,1.1306607846859997,0.4031051276962906,1,0.0067101519262014655,1
102_left_LAD_mid_20mm_80ds_discrete_clean_none,60.0,14.892912192262935,grid,465,0.47096855917503344,0.32745500053339976,0.9933302756119631,1.1093485255040776,1.1093485255040776,0.426787095963851,1,0.006728197460336308,1
102_left_LAD_mid_20mm_80ds_discrete_clean_none,65.0,19.89291219226294,grid,473,0.46988395519193615,0.3274550005330775,1.0056104414741374,1.0889870807757984,1.0889870807757984,0.45117718343568297,1,0.006373103695089537,1
102_left_LAD_mid_20mm_80ds_discrete_clean_none,70.0,24.892912192262944,grid,483,0.46866595598564875,0.32745500053291254,1.1336331832424902,1.0652712044111223,1.0652712044111223,0.4819863602690962,1,0.008773222484909398,1
102_left_LAD_mid_20mm_80ds_discrete_clean_none,75.15857149286241,30.051483685125348,measurement,490,0.46793368211558145,0.3274550005325078,1.139583885216608,1.0444525248219476,1.0444525248219476,0.511386429458679,1,0.007444243482959171,1
102_left_LAD_mid_20mm_80ds_discrete_clean_none,80.0,34.89291219226294,grid,498,0.4669581714388342,0.3274550005316468,1.0709190104098754,1.0227749746701797,1.0227749746701797,0.5445967332454141,1,0.007499074243952396,1
102_left_LAD_mid_20mm_80ds_discrete_clean_none,85.0,39.89291219226295,grid,506,0.46570247648233415,0.3274550005318551,0.8808794311853675,1.0025713206790405,1.0025713206790405,0.5781885406027186,1,0.007705262622390257,1
102_left_LAD_mid_20mm_80ds_discrete_clean_none,90.0,44.89291219226293,grid,515,0.4625791826396578,0.3274550005319416,0.8341449467814817,0.9798447648970726,0.9798447648970726,0.6193604670165036,1,0.008865731231813766,1
102_left_LAD_mid_20mm_80ds_discrete_clean_none,95.0,49.89291219226294,grid,523,0.460395436127136,0.3274550005320259,0.8886548380602014,0.9601237322864773,0.9601237322864773,0.6583149188105784,1,0.007593355935523391,1
102_left_LAD_mid_20mm_80ds_discrete_clean_none,100.0,54.89291219226294,grid,532,0.4583847417870693,0.3274550005318,0.9084642479319147,0.9371246817376684,0.9371246817376684,0.7079835748715707,1,0.0075614138964476135,1
102_left_LAD_mid_20mm_80ds_discrete_clean_none,105.0,59.89291219226293,grid,541,0.45611958105284495,0.3274550005319295,0.8854343517663047,0.9159921203316638,0.9159921203316638,0.7581237429372196,1,0.007255326395124227,1
102_left_LAD_mid_20mm_80ds_discrete_clean_none,110.0,64.89291219226294,grid,551,0.45376473577202425,0.32745500053211773,0.8629322622204071,0.8939980910315718,0.8939980910315718,0.8154653966827662,1,0.007564479185186445,1
102_left_LAD_mid_20mm_80ds_discrete_clean_none,115.0,69.89291219226294,grid,560,0.450218154398218,0.3274550005323238,0.7507130482971387,0.8731990895601683,0.8731990895601683,0.8751358772887762,1,0.008719186446224483,1
102_left_LAD_mid_20mm_80ds_discrete_clean_none,120.0,74.89291219226294,grid,568,0.4460635336207389,0.3274550005323776,0.7566026122911647,0.852442418025418,0.852442418025418,0.9406328774504719,1,0.009416765220116436,1
102_left_LAD_mid_20mm_80ds_discrete_clean_none,125.0,79.89291219226294,grid,576,0.44293376185068506,0.3274550005325162,0.9452493122743029,0.8298929825316167,0.8298929825316167,1.019410340339743,1,0.008852272015543932,1
102_left_LAD_mid_20mm_80ds_discrete_clean_none,130.0,84.89291219226294,grid,584,0.4413449749064105,0.3274550005326083,0.9701579346415694,0.809940178618792,0.809940178618792,1.096620804453149,1,0.008848322733049616,1
102_left_LAD_mid_20mm_80ds_discrete_clean_none,135.0,89.89291219226294,grid,593,0.43909405856074,0.32745500053246474,0.7233230509094735,0.7877875100603102,0.7877875100603102,1.1917578965621776,1,0.009710630655148303,1
102_left_LAD_mid_20mm_80ds_discrete_clean_none,140.0,94.89291219226295,grid,602,0.42894506630546353,0.3274550005325881,0.5619198976373382,0.7671443891984984,0.7671443891984984,1.2905771521916105,1,0.007611778103736553,1
102_left_LAD_mid_20mm_80ds_discrete_T2_truncation_A_fixed,0.0,-45.10708780773706,grid,133,0.9984057569533303,1.056306191980646,2.063555642098582,1.9788913723984103,1.9788913723984103,0.24254238556841073,1,0.04072813356377711,1
102_left_LAD_mid_20mm_80ds_discrete_T2_truncation_A_fixed,5.0,-40.10708780773707,grid,140,0.9980709055384657,1.0563061919766126,1.688700858282976,1.7992594327137332,1.7992594327137332,0.32268007223567347,1,0.04137744095808671,1
102_left_LAD_mid_20mm_80ds_discrete_T2_truncation_A_fixed,10.0,-35.10708780773706,grid,148,0.9974029632552571,1.0563061919685195,1.655510957650119,1.620478529363344,1.620478529363344,0.4416962035493177,1,0.037391080024098425,1
102_left_LAD_mid_20mm_80ds_discrete_T2_truncation_A_fixed,15.0,-30.107087807737063,grid,389,0.9969940277885389,0.5034431042138068,1.6792826125693294,1.6459222523583688,1.6459222523583688,0.20090286524123283,1,0.012332205000922714,1
102_left_LAD_mid_20mm_80ds_discrete_T2_truncation_A_fixed,20.0,-25.107087807737063,grid,398,0.9966331532525665,0.5034431042154457,1.4393705194808097,1.582244495277828,1.582244495277828,0.22614828613153318,1,0.012544426633335682,1
102_left_LAD_mid_20mm_80ds_discrete_T2_truncation_A_fixed,25.0,-20.10708780773706,grid,407,0.9962532982430645,0.5034431042189046,1.6205049058469,1.5197890033041244,1.5197890033041244,0.2551903148364935,2,-0.06321612654105818,1
102_left_LAD_mid_20mm_80ds_discrete_T2_truncation_A_fixed,30.0,-15.107087807737063,grid,415,0.9962532982430635,8.583115065857152e-13,1.2616639878766875,1.251736205028618,1.251736205028618,7.787000050886651e-13,1,0.00580193959656922,1
102_left_LAD_mid_20mm_80ds_discrete_T2_truncation_A_fixed,35.10708780773706,-10.000000000000002,lesion_prox,424,0.9962532982430619,7.323183293924703e-13,1.2713646334518576,1.2293771811898684,1.2293771811898684,7.013069541506072e-13,1,0.006896009773129902,1
102_left_LAD_mid_20mm_80ds_discrete_T2_truncation_A_fixed,40.0,-5.107087807737061,grid,432,0.9962532982430546,1.7402495788295505e-12,1.1684917762802793,1.2063117767375615,1.2063117767375615,1.7639916242782245e-12,1,0.007694887731762424,1
102_left_LAD_mid_20mm_80ds_discrete_T2_truncation_A_fixed,45.10708780773706,0.0,throat,440,0.9962532982422653,1.7709707757294565e-12,1.0897435497045183,1.1838716175123147,1.1838716175123147,1.8991586796169306e-12,1,0.00705989972728758,1
102_left_LAD_mid_20mm_80ds_discrete_T2_truncation_A_fixed,50.0,4.892912192262941,grid,447,0.996253298241515,1.829938242018113e-12,1.0586890772294826,1.1631548016152666,1.1631548016152666,2.0691289828961158e-12,1,0.006763133101787317,1
102_left_LAD_mid_20mm_80ds_discrete_T2_truncation_A_fixed,55.10708780773707,10.000000000000002,lesion_dist,456,0.9962532982414957,1.7807521303972276e-12,0.8856064778866759,1.139487780872214,1.139487780872214,2.1415989224734676e-12,1,0.006909708874299921,1
102_left_LAD_mid_20mm_80ds_discrete_T2_truncation_A_fixed,60.0,14.892912192262935,grid,465,0.996253298241481,1.5169020268196383e-12,0.9933302756119631,1.1173688938110995,1.1173688938110995,1.93477953563146e-12,1,0.006932250484009339,1
102_left_LAD_mid_20mm_80ds_discrete_T2_truncation_A_fixed,65.0,19.89291219226294,grid,473,0.9962532982414772,1.0357387699376848e-12,1.0056104414741374,1.0962368076957074,1.0962368076957074,1.3989454415583515e-12,1,0.00657013731699281,1
102_left_LAD_mid_20mm_80ds_discrete_T2_truncation_A_fixed,70.0,24.892912192262944,grid,483,0.9962532982414712,1.7584336948062797e-12,1.1336331832424902,1.071623331180248,1.071623331180248,2.5425131056552796e-12,1,0.009050457599925598,1
102_left_LAD_mid_20mm_80ds_discrete_T2_truncation_A_fixed,75.15857149286241,30.051483685125348,measurement,490,0.9962532982414677,1.380777541374519e-12,1.139583885216608,1.0500167047469,1.0500167047469,2.1222609057465493e-12,1,0.007684433740489907,1
102_left_LAD_mid_20mm_80ds_discrete_T2_truncation_A_fixed,80.0,34.89291219226294,grid,498,0.9962532982414676,0.0,1.0709190104098754,1.0275187011577116,1.0275187011577116,0.0,0,,1
102_left_LAD_mid_20mm_80ds_discrete_T2_truncation_B_rederived,0.0,-45.10708780773706,grid,133,0.9985813616556021,1.201282697787859,2.063555642098582,1.9788913723984103,1.9788913723984103,0.27583097919477306,1,0.04072813356377711,1
102_left_LAD_mid_20mm_80ds_discrete_T2_truncation_B_rederived,5.0,-40.10708780773707,grid,140,0.9982005523655876,1.2012826977799747,1.688700858282976,1.7992594327137332,1.7992594327137332,0.366967448112516,1,0.04137744095808671,1
102_left_LAD_mid_20mm_80ds_discrete_T2_truncation_B_rederived,10.0,-35.10708780773706,grid,148,0.9974409359645576,1.2012826977746025,1.655510957650119,1.620478529363344,1.620478529363344,0.5023183722966736,1,0.037391080024098425,1
102_left_LAD_mid_20mm_80ds_discrete_T2_truncation_B_rederived,15.0,-30.107087807737063,grid,389,0.9969233566133958,0.7937434144002556,1.6792826125693294,1.6459222523583688,1.6459222523583688,0.31674944970871505,1,0.012332205000922714,1
102_left_LAD_mid_20mm_80ds_discrete_T2_truncation_B_rederived,20.0,-25.107087807737063,grid,398,0.9963543910561075,0.7937434143961067,1.4393705194808097,1.582244495277828,1.582244495277828,0.35655213328148644,1,0.012544426633335682,1
102_left_LAD_mid_20mm_80ds_discrete_T2_truncation_B_rederived,25.0,-20.10708780773706,grid,407,0.9957555003181192,0.7937434144074412,1.6205049058469,1.5197890033041244,1.5197890033041244,0.402340661982638,2,-0.06321612654105818,1
102_left_LAD_mid_20mm_80ds_discrete_T2_truncation_B_rederived,30.0,-15.107087807737063,grid,415,0.9952616553236784,0.4145261516520677,1.2616639878766875,1.251736205028618,1.251736205028618,0.3760773494519315,1,0.00580193959656922,1
102_left_LAD_mid_20mm_80ds_discrete_T2_truncation_B_rederived,35.10708780773706,-10.000000000000002,lesion_prox,424,0.9945834492055464,0.41452615165295087,1.2713646334518576,1.2293771811898684,1.2293771811898684,0.39697227443791566,1,0.006896009773129902,1
102_left_LAD_mid_20mm_80ds_discrete_T2_truncation_B_rederived,40.0,-5.107087807737061,grid,432,0.9925701721437359,0.41452615165288204,1.1684917762802793,1.2063117767375615,1.2063117767375615,0.42018148916994436,1,0.007694887731762424,1
102_left_LAD_mid_20mm_80ds_discrete_T2_truncation_B_rederived,45.10708780773706,0.0,throat,440,0.46504115058828366,0.41452615165289425,1.0897435497045183,1.1838716175123147,1.1838716175123147,0.44453073400690785,1,0.00705989972728758,1
102_left_LAD_mid_20mm_80ds_discrete_T2_truncation_B_rederived,50.0,4.892912192262941,grid,447,0.2896967016086496,0.41452615165290163,1.0586890772294826,1.1631548016152666,1.1631548016152666,0.4687087546777,1,0.006763133101787317,1
102_left_LAD_mid_20mm_80ds_discrete_T2_truncation_B_rederived,55.10708780773707,10.000000000000002,lesion_dist,456,0.28529887092770045,0.414526151652869,0.8856064778866759,1.139487780872214,1.139487780872214,0.49852460910369917,1,0.006909708874299921,1
102_left_LAD_mid_20mm_80ds_discrete_T2_truncation_B_rederived,60.0,14.892912192262935,grid,465,0.2805813898560095,0.41452615165297485,0.9933302756119631,1.1173688938110995,1.1173688938110995,0.5287201816743302,1,0.006932250484009339,1
102_left_LAD_mid_20mm_80ds_discrete_T2_truncation_B_rederived,65.0,19.89291219226294,grid,473,0.27920838680383914,0.4145261516525114,1.0056104414741374,1.0962368076957074,1.0962368076957074,0.5598897010448844,1,0.00657013731699281,1
102_left_LAD_mid_20mm_80ds_discrete_T2_truncation_B_rederived,70.0,24.892912192262944,grid,483,0.2776665183856556,0.41452615165258916,1.1336331832424902,1.071623331180248,1.071623331180248,0.599361907319266,1,0.009050457599925598,1
102_left_LAD_mid_20mm_80ds_discrete_T2_truncation_B_rederived,75.15857149286241,30.051483685125348,measurement,490,0.2767395309558687,0.4145261516523695,1.139583885216608,1.0500167047469,1.0500167047469,0.6371284437213861,1,0.007684433740489907,1
102_left_LAD_mid_20mm_80ds_discrete_T2_truncation_B_rederived,80.0,34.89291219226294,grid,498,0.27550462940887477,0.41452615165197565,1.0709190104098754,1.0275187011577116,1.0275187011577116,0.6799021495727461,0,,1
102_left_LAD_mid_20mm_80ds_discrete_T2_truncation_C_flowmatched,0.0,-45.10708780773706,grid,133,0.9981974918039,1.464539892249741,2.063555642098582,1.9788913723984103,1.9788913723984103,0.3362784407807994,1,0.04072813356377711,1
102_left_LAD_mid_20mm_80ds_discrete_T2_truncation_C_flowmatched,5.0,-40.10708780773707,grid,140,0.9977332293970644,1.4645398922387407,1.688700858282976,1.7992594327137332,1.7992594327137332,0.44738717031972636,1,0.04137744095808671,1
102_left_LAD_mid_20mm_80ds_discrete_T2_truncation_C_flowmatched,10.0,-35.10708780773706,grid,148,0.9968071455334081,1.4645398922266142,1.655510957650119,1.620478529363344,1.620478529363344,0.6123998091287352,1,0.037391080024098425,1
102_left_LAD_mid_20mm_80ds_discrete_T2_truncation_C_flowmatched,15.0,-30.107087807737063,grid,389,0.9961862287773849,0.9251977668691479,1.6792826125693294,1.6459222523583688,1.6459222523583688,0.3692073259580549,1,0.012332205000922714,1
102_left_LAD_mid_20mm_80ds_discrete_T2_truncation_C_flowmatched,20.0,-25.107087807737063,grid,398,0.9955230350381001,0.9251977668671951,1.4393705194808097,1.582244495277828,1.582244495277828,0.41560185760375085,1,0.012544426633335682,1
102_left_LAD_mid_20mm_80ds_discrete_T2_truncation_C_flowmatched,25.0,-20.10708780773706,grid,407,0.994824960114475,0.9251977668741919,1.6205049058469,1.5197890033041244,1.5197890033041244,0.46897356908077803,2,-0.06321612654105818,1
102_left_LAD_mid_20mm_80ds_discrete_T2_truncation_C_flowmatched,30.0,-15.107087807737063,grid,415,0.9943085732205843,0.4334474871633103,1.2616639878766875,1.251736205028618,1.251736205028618,0.3932436625513558,1,0.00580193959656922,1
102_left_LAD_mid_20mm_80ds_discrete_T2_truncation_C_flowmatched,35.10708780773706,-10.000000000000002,lesion_prox,424,0.9935994099108366,0.43344748716266707,1.2713646334518576,1.2293771811898684,1.2293771811898684,0.41509235097046576,1,0.006896009773129902,1
102_left_LAD_mid_20mm_80ds_discrete_T2_truncation_C_flowmatched,40.0,-5.107087807737061,grid,432,0.9914942354123748,0.43344748716325915,1.1684917762802793,1.2063117767375615,1.2063117767375615,0.4393609665084259,1,0.007694887731762424,1
102_left_LAD_mid_20mm_80ds_discrete_T2_truncation_C_flowmatched,45.10708780773706,0.0,throat,440,0.4235263708301165,0.4334474871632406,1.0897435497045183,1.1838716175123147,1.1838716175123147,0.46482164962047406,1,0.00705989972728758,1
102_left_LAD_mid_20mm_80ds_discrete_T2_truncation_C_flowmatched,50.0,4.892912192262941,grid,447,0.24017820209530835,0.4334474871632487,1.0586890772294826,1.1631548016152666,1.1631548016152666,0.49010329291981247,1,0.006763133101787317,1
102_left_LAD_mid_20mm_80ds_discrete_T2_truncation_C_flowmatched,55.10708780773707,10.000000000000002,lesion_dist,456,0.2355796293634653,0.4334474871632264,0.8856064778866759,1.139487780872214,1.139487780872214,0.5212801128310491,1,0.006909708874299921,1
102_left_LAD_mid_20mm_80ds_discrete_T2_truncation_C_flowmatched,60.0,14.892912192262935,grid,465,0.23059863089010732,0.43344748716331855,0.9933302756119631,1.1173688938110995,1.1173688938110995,0.5528539833866162,1,0.006932250484009339,1
102_left_LAD_mid_20mm_80ds_discrete_T2_truncation_C_flowmatched,65.0,19.89291219226294,grid,473,0.2291629561553341,0.433447487163117,1.0056104414741374,1.0962368076957074,1.0962368076957074,0.5854462572239588,1,0.00657013731699281,1
102_left_LAD_mid_20mm_80ds_discrete_T2_truncation_C_flowmatched,70.0,24.892912192262944,grid,483,0.22755070807705657,0.4334474871628804,1.1336331832424902,1.071623331180248,1.071623331180248,0.6267201999028916,1,0.009050457599925598,1
102_left_LAD_mid_20mm_80ds_discrete_T2_truncation_C_flowmatched,75.15857149286241,30.051483685125348,measurement,490,0.22658140765904689,0.4334474871627433,1.139583885216608,1.0500167047469,1.0500167047469,0.6662106162183448,1,0.007684433740489907,1
102_left_LAD_mid_20mm_80ds_discrete_T2_truncation_C_flowmatched,80.0,34.89291219226294,grid,498,0.22529013816904173,0.4334474871624669,1.0709190104098754,1.0275187011577116,1.0275187011577116,0.7109367577273865,0,,1
102_left_LAD_mid_20mm_80ds_discrete_T3_stenosis_length_A_fixed,0.0,-45.10708780773706,grid,133,0.99822654036173,1.3723503120702403,2.063555642098582,1.9788913723984103,1.9788913723984103,0.3151104490838464,1,0.04072813356377711,1
102_left_LAD_mid_20mm_80ds_discrete_T3_stenosis_length_A_fixed,5.0,-40.10708780773707,grid,140,0.9977915022570834,1.3723503120610636,1.688700858282976,1.7992594327137332,1.7992594327137332,0.4192251273277755,1,0.04137744095808671,1
102_left_LAD_mid_20mm_80ds_discrete_T3_stenosis_length_A_fixed,10.0,-35.10708780773706,grid,148,0.996923713345343,1.372350312052668,1.655510957650119,1.620478529363344,1.620478529363344,0.5738505817557965,1,0.037391080024098425,1
102_left_LAD_mid_20mm_80ds_discrete_T3_stenosis_length_A_fixed,15.0,-30.107087807737063,grid,389,0.9963530746502209,0.8198154686806626,1.6792826125693294,1.6459222523583688,1.6459222523583688,0.3271537046559319,1,0.012332205000922714,1
102_left_LAD_mid_20mm_80ds_discrete_T3_stenosis_length_A_fixed,20.0,-25.107087807737063,grid,398,0.9957654203068337,0.8198154686706344,1.4393705194808097,1.582244495277828,1.582244495277828,0.3682637851856299,1,0.012544426633335682,1
102_left_LAD_mid_20mm_80ds_discrete_T3_stenosis_length_A_fixed,25.0,-20.10708780773706,grid,407,0.9951468578316823,0.8198154686754762,1.6205049058469,1.5197890033041244,1.5197890033041244,0.41555632762854383,2,-0.044766409282566956,1
102_left_LAD_mid_20mm_80ds_discrete_T3_stenosis_length_A_fixed,30.0,-15.107087807737063,grid,415,0.9947692562018798,0.31695319831380386,1.2616639878766875,1.2388157520572685,1.2388157520572685,0.2966461157295786,1,0.005648950413425449,1
102_left_LAD_mid_20mm_80ds_discrete_T3_stenosis_length_A_fixed,33.877087807737055,-11.230000000000004,lesion_prox,422,0.9943781302893293,0.31695319831293706,1.2879598903630796,1.2227220500466913,1.2227220500466913,0.3085145071278315,1,0.006559660891576198,1
102_left_LAD_mid_20mm_80ds_discrete_T3_stenosis_length_A_fixed,35.0,-10.10708780773706,grid,424,0.994247974853022,0.31695319831238783,1.2713646334518576,1.217272113365612,1.217272113365612,0.3126769049826314,1,0.006711019239400694,1
102_left_LAD_mid_20mm_80ds_discrete_T3_stenosis_length_A_fixed,40.0,-5.107087807737061,grid,432,0.9919052008159047,0.3169531983123764,1.1684917762802793,1.1950478542306382,1.1950478542306382,0.3304478523686322,1,0.007484682601073928,1
102_left_LAD_mid_20mm_80ds_discrete_T3_stenosis_length_A_fixed,45.10708780773706,0.0,throat,440,0.6216561036037522,0.3169531983123017,1.0897435497045183,1.1734260389842086,1.1734260389842086,0.3490532284831897,1,0.006863446183445296,1
102_left_LAD_mid_20mm_80ds_discrete_T3_stenosis_length_A_fixed,50.0,4.892912192262941,grid,447,0.4661355832927826,0.31695319831230834,1.0586890772294826,1.1534647204693063,1.1534647204693063,0.36749029586210924,1,0.006571661986427811,1
102_left_LAD_mid_20mm_80ds_discrete_T3_stenosis_length_A_fixed,55.0,9.892912192262939,grid,456,0.4610796201527726,0.3169531983121123,0.8856064778866759,1.1306607846859997,1.1306607846859997,0.3901771518872832,1,0.0067101519262014655,1
102_left_LAD_mid_20mm_80ds_discrete_T3_stenosis_length_A_fixed,56.33708780773706,11.230000000000004,lesion_dist,458,0.4604097261247181,0.3169531983121059,0.7852495473551236,1.1257509151170044,1.1257509151170044,0.3953046262567567,1,0.00623120339240961,1
102_left_LAD_mid_20mm_80ds_discrete_T3_stenosis_length_A_fixed,60.0,14.892912192262935,grid,465,0.45764585774409605,0.31695319831204893,0.9933302756119631,1.1093485255040776,1.1093485255040776,0.41309961626393454,1,0.006728197460336308,1
102_left_LAD_mid_20mm_80ds_discrete_T3_stenosis_length_A_fixed,65.0,19.89291219226294,grid,473,0.45659603807182125,0.31695319831178315,1.0056104414741374,1.0889870807757984,1.0889870807757984,0.4367074897694121,1,0.006373103695089537,1
102_left_LAD_mid_20mm_80ds_discrete_T3_stenosis_length_A_fixed,70.0,24.892912192262944,grid,483,0.4554171012916667,0.31695319831156615,1.1336331832424902,1.0652712044111223,1.0652712044111223,0.46652858616060794,1,0.008773222484909398,1
102_left_LAD_mid_20mm_80ds_discrete_T3_stenosis_length_A_fixed,75.15857149286241,30.051483685125348,measurement,490,0.45470831216100704,0.3169531983111596,1.139583885216608,1.0444525248219476,1.0444525248219476,0.4949857663687185,1,0.007444243482959171,1
102_left_LAD_mid_20mm_80ds_discrete_T3_stenosis_length_A_fixed,80.0,34.89291219226294,grid,498,0.45376408706601995,0.3169531983104624,1.0709190104098754,1.0227749746701797,1.0227749746701797,0.5271309832230879,1,0.007499074243952396,1
102_left_LAD_mid_20mm_80ds_discrete_T3_stenosis_length_A_fixed,85.0,39.89291219226295,grid,506,0.45254866347524053,0.31695319831058877,0.8808794311853675,1.0025713206790405,1.0025713206790405,0.5596454684549421,1,0.007705262622390257,1
102_left_LAD_mid_20mm_80ds_discrete_T3_stenosis_length_A_fixed,90.0,44.89291219226293,grid,515,0.4495255367216646,0.3169531983106938,0.8341449467814817,0.9798447648970726,0.9798447648970726,0.5994969709095553,1,0.008865731231813766,1
102_left_LAD_mid_20mm_80ds_discrete_T3_stenosis_length_A_fixed,95.0,49.89291219226294,grid,523,0.4474118250961919,0.3169531983107141,0.8886548380602014,0.9601237322864773,0.9601237322864773,0.6372021153247405,1,0.007593355935523391,1
102_left_LAD_mid_20mm_80ds_discrete_T3_stenosis_length_A_fixed,100.0,54.89291219226294,grid,532,0.44546561569070403,0.3169531983105112,0.9084642479319147,0.9371246817376684,0.9371246817376684,0.6852778489942828,1,0.0075614138964476135,1
102_left_LAD_mid_20mm_80ds_discrete_T3_stenosis_length_A_fixed,105.0,59.89291219226293,grid,541,0.44327310087726735,0.31695319831072416,0.8854343517663047,0.9159921203316638,0.9159921203316638,0.7338099728173759,1,0.007255326395124227,1
102_left_LAD_mid_20mm_80ds_discrete_T3_stenosis_length_A_fixed,110.0,64.89291219226294,grid,551,0.4409937777883836,0.3169531983108943,0.8629322622204071,0.8939980910315718,0.8939980910315718,0.7893126236290714,1,0.007564479185186445,1
102_left_LAD_mid_20mm_80ds_discrete_T3_stenosis_length_A_fixed,115.0,69.89291219226294,grid,560,0.4375609387489099,0.3169531983110667,0.7507130482971387,0.8731990895601683,0.8731990895601683,0.8470694135454447,1,0.008719186446224483,1
102_left_LAD_mid_20mm_80ds_discrete_T3_stenosis_length_A_fixed,120.0,74.89291219226294,grid,568,0.43353956072429345,0.31695319831109325,0.7566026122911647,0.852442418025418,0.852442418025418,0.9104658608351746,1,0.009416765220116436,1
102_left_LAD_mid_20mm_80ds_discrete_T3_stenosis_length_A_fixed,125.0,79.89291219226294,grid,576,0.4305101637968084,0.316953198311242,0.9452493122743029,0.8298929825316167,0.8298929825316167,0.9867168534204412,1,0.008852272015543932,1
102_left_LAD_mid_20mm_80ds_discrete_T3_stenosis_length_A_fixed,130.0,84.89291219226294,grid,584,0.4289723308041711,0.3169531983113378,0.9701579346415694,0.809940178618792,0.809940178618792,1.0614511024135835,1,0.008848322733049616,1
102_left_LAD_mid_20mm_80ds_discrete_T3_stenosis_length_A_fixed,135.0,89.89291219226294,grid,593,0.4267936035478118,0.3169531983111676,0.7233230509094735,0.7877875100603102,0.7877875100603102,1.1535370549045032,1,0.009710630655148303,1
102_left_LAD_mid_20mm_80ds_discrete_T3_stenosis_length_A_fixed,140.0,94.89291219226295,grid,602,0.4169700994030756,0.31695319831130975,0.5619198976373382,0.7671443891984984,0.7671443891984984,1.2491870803296048,1,0.007611778103736553,1
102_left_LAD_mid_20mm_80ds_discrete_T3_stenosis_length_B_rederived,0.0,-45.10708780773706,grid,133,0.99822654036173,1.3723503120702403,2.063555642098582,1.9788913723984103,1.9788913723984103,0.3151104490838464,1,0.04072813356377711,1
102_left_LAD_mid_20mm_80ds_discrete_T3_stenosis_length_B_rederived,5.0,-40.10708780773707,grid,140,0.9977915022570834,1.3723503120610636,1.688700858282976,1.7992594327137332,1.7992594327137332,0.4192251273277755,1,0.04137744095808671,1
102_left_LAD_mid_20mm_80ds_discrete_T3_stenosis_length_B_rederived,10.0,-35.10708780773706,grid,148,0.996923713345343,1.372350312052668,1.655510957650119,1.620478529363344,1.620478529363344,0.5738505817557965,1,0.037391080024098425,1
102_left_LAD_mid_20mm_80ds_discrete_T3_stenosis_length_B_rederived,15.0,-30.107087807737063,grid,389,0.9963530746502209,0.8198154686806626,1.6792826125693294,1.6459222523583688,1.6459222523583688,0.3271537046559319,1,0.012332205000922714,1
102_left_LAD_mid_20mm_80ds_discrete_T3_stenosis_length_B_rederived,20.0,-25.107087807737063,grid,398,0.9957654203068337,0.8198154686706344,1.4393705194808097,1.582244495277828,1.582244495277828,0.3682637851856299,1,0.012544426633335682,1
102_left_LAD_mid_20mm_80ds_discrete_T3_stenosis_length_B_rederived,25.0,-20.10708780773706,grid,407,0.9951468578316823,0.8198154686754762,1.6205049058469,1.5197890033041244,1.5197890033041244,0.41555632762854383,2,-0.044766409282566956,1
102_left_LAD_mid_20mm_80ds_discrete_T3_stenosis_length_B_rederived,30.0,-15.107087807737063,grid,415,0.9947692562018798,0.31695319831380386,1.2616639878766875,1.2388157520572685,1.2388157520572685,0.2966461157295786,1,0.005648950413425449,1
102_left_LAD_mid_20mm_80ds_discrete_T3_stenosis_length_B_rederived,33.877087807737055,-11.230000000000004,lesion_prox,422,0.9943781302893293,0.31695319831293706,1.2879598903630796,1.2227220500466913,1.2227220500466913,0.3085145071278315,1,0.006559660891576198,1
102_left_LAD_mid_20mm_80ds_discrete_T3_stenosis_length_B_rederived,35.0,-10.10708780773706,grid,424,0.994247974853022,0.31695319831238783,1.2713646334518576,1.217272113365612,1.217272113365612,0.3126769049826314,1,0.006711019239400694,1
102_left_LAD_mid_20mm_80ds_discrete_T3_stenosis_length_B_rederived,40.0,-5.107087807737061,grid,432,0.9919052008159047,0.3169531983123764,1.1684917762802793,1.1950478542306382,1.1950478542306382,0.3304478523686322,1,0.007484682601073928,1
102_left_LAD_mid_20mm_80ds_discrete_T3_stenosis_length_B_rederived,45.10708780773706,0.0,throat,440,0.6216561036037522,0.3169531983123017,1.0897435497045183,1.1734260389842086,1.1734260389842086,0.3490532284831897,1,0.006863446183445296,1
102_left_LAD_mid_20mm_80ds_discrete_T3_stenosis_length_B_rederived,50.0,4.892912192262941,grid,447,0.4661355832927826,0.31695319831230834,1.0586890772294826,1.1534647204693063,1.1534647204693063,0.36749029586210924,1,0.006571661986427811,1
102_left_LAD_mid_20mm_80ds_discrete_T3_stenosis_length_B_rederived,55.0,9.892912192262939,grid,456,0.4610796201527726,0.3169531983121123,0.8856064778866759,1.1306607846859997,1.1306607846859997,0.3901771518872832,1,0.0067101519262014655,1
102_left_LAD_mid_20mm_80ds_discrete_T3_stenosis_length_B_rederived,56.33708780773706,11.230000000000004,lesion_dist,458,0.4604097261247181,0.3169531983121059,0.7852495473551236,1.1257509151170044,1.1257509151170044,0.3953046262567567,1,0.00623120339240961,1
102_left_LAD_mid_20mm_80ds_discrete_T3_stenosis_length_B_rederived,60.0,14.892912192262935,grid,465,0.45764585774409605,0.31695319831204893,0.9933302756119631,1.1093485255040776,1.1093485255040776,0.41309961626393454,1,0.006728197460336308,1
102_left_LAD_mid_20mm_80ds_discrete_T3_stenosis_length_B_rederived,65.0,19.89291219226294,grid,473,0.45659603807182125,0.31695319831178315,1.0056104414741374,1.0889870807757984,1.0889870807757984,0.4367074897694121,1,0.006373103695089537,1
102_left_LAD_mid_20mm_80ds_discrete_T3_stenosis_length_B_rederived,70.0,24.892912192262944,grid,483,0.4554171012916667,0.31695319831156615,1.1336331832424902,1.0652712044111223,1.0652712044111223,0.46652858616060794,1,0.008773222484909398,1
102_left_LAD_mid_20mm_80ds_discrete_T3_stenosis_length_B_rederived,75.15857149286241,30.051483685125348,measurement,490,0.45470831216100704,0.3169531983111596,1.139583885216608,1.0444525248219476,1.0444525248219476,0.4949857663687185,1,0.007444243482959171,1
102_left_LAD_mid_20mm_80ds_discrete_T3_stenosis_length_B_rederived,80.0,34.89291219226294,grid,498,0.45376408706601995,0.3169531983104624,1.0709190104098754,1.0227749746701797,1.0227749746701797,0.5271309832230879,1,0.007499074243952396,1
102_left_LAD_mid_20mm_80ds_discrete_T3_stenosis_length_B_rederived,85.0,39.89291219226295,grid,506,0.45254866347524053,0.31695319831058877,0.8808794311853675,1.0025713206790405,1.0025713206790405,0.5596454684549421,1,0.007705262622390257,1
102_left_LAD_mid_20mm_80ds_discrete_T3_stenosis_length_B_rederived,90.0,44.89291219226293,grid,515,0.4495255367216646,0.3169531983106938,0.8341449467814817,0.9798447648970726,0.9798447648970726,0.5994969709095553,1,0.008865731231813766,1
102_left_LAD_mid_20mm_80ds_discrete_T3_stenosis_length_B_rederived,95.0,49.89291219226294,grid,523,0.4474118250961919,0.3169531983107141,0.8886548380602014,0.9601237322864773,0.9601237322864773,0.6372021153247405,1,0.007593355935523391,1
102_left_LAD_mid_20mm_80ds_discrete_T3_stenosis_length_B_rederived,100.0,54.89291219226294,grid,532,0.44546561569070403,0.3169531983105112,0.9084642479319147,0.9371246817376684,0.9371246817376684,0.6852778489942828,1,0.0075614138964476135,1
102_left_LAD_mid_20mm_80ds_discrete_T3_stenosis_length_B_rederived,105.0,59.89291219226293,grid,541,0.44327310087726735,0.31695319831072416,0.8854343517663047,0.9159921203316638,0.9159921203316638,0.7338099728173759,1,0.007255326395124227,1
102_left_LAD_mid_20mm_80ds_discrete_T3_stenosis_length_B_rederived,110.0,64.89291219226294,grid,551,0.4409937777883836,0.3169531983108943,0.8629322622204071,0.8939980910315718,0.8939980910315718,0.7893126236290714,1,0.007564479185186445,1
102_left_LAD_mid_20mm_80ds_discrete_T3_stenosis_length_B_rederived,115.0,69.89291219226294,grid,560,0.4375609387489099,0.3169531983110667,0.7507130482971387,0.8731990895601683,0.8731990895601683,0.8470694135454447,1,0.008719186446224483,1
102_left_LAD_mid_20mm_80ds_discrete_T3_stenosis_length_B_rederived,120.0,74.89291219226294,grid,568,0.43353956072429345,0.31695319831109325,0.7566026122911647,0.852442418025418,0.852442418025418,0.9104658608351746,1,0.009416765220116436,1
102_left_LAD_mid_20mm_80ds_discrete_T3_stenosis_length_B_rederived,125.0,79.89291219226294,grid,576,0.4305101637968084,0.316953198311242,0.9452493122743029,0.8298929825316167,0.8298929825316167,0.9867168534204412,1,0.008852272015543932,1
102_left_LAD_mid_20mm_80ds_discrete_T3_stenosis_length_B_rederived,130.0,84.89291219226294,grid,584,0.4289723308041711,0.3169531983113378,0.9701579346415694,0.809940178618792,0.809940178618792,1.0614511024135835,1,0.008848322733049616,1
102_left_LAD_mid_20mm_80ds_discrete_T3_stenosis_length_B_rederived,135.0,89.89291219226294,grid,593,0.4267936035478118,0.3169531983111676,0.7233230509094735,0.7877875100603102,0.7877875100603102,1.1535370549045032,1,0.009710630655148303,1
102_left_LAD_mid_20mm_80ds_discrete_T3_stenosis_length_B_rederived,140.0,94.89291219226295,grid,602,0.4169700994030756,0.31695319831130975,0.5619198976373382,0.7671443891984984,0.7671443891984984,1.2491870803296048,1,0.007611778103736553,1
102_left_LAD_mid_20mm_80ds_discrete_T3_stenosis_length_C_flowmatched,0.0,-45.10708780773706,grid,133,0.998222763936631,1.374947257968354,2.063555642098582,1.9788913723984103,1.9788913723984103,0.31570674347093075,1,0.04072813356377711,1
102_left_LAD_mid_20mm_80ds_discrete_T3_stenosis_length_C_flowmatched,5.0,-40.10708780773707,grid,140,0.9977869025943512,1.374947257966799,1.688700858282976,1.7992594327137332,1.7992594327137332,0.4200184415190771,1,0.04137744095808671,1
102_left_LAD_mid_20mm_80ds_discrete_T3_stenosis_length_C_flowmatched,10.0,-35.10708780773706,grid,148,0.9969174715356729,1.3749472579591175,1.655510957650119,1.620478529363344,1.620478529363344,0.5749364990366221,1,0.037391080024098425,1
102_left_LAD_mid_20mm_80ds_discrete_T3_stenosis_length_C_flowmatched,15.0,-30.107087807737063,grid,389,0.9963458125823652,0.8211158811342655,1.6792826125693294,1.6459222523583688,1.6459222523583688,0.32767264430519416,1,0.012332205000922714,1
102_left_LAD_mid_20mm_80ds_discrete_T3_stenosis_length_C_flowmatched,20.0,-25.107087807737063,grid,398,0.9957572260864878,0.8211158811324505,1.4393705194808097,1.582244495277828,1.582244495277828,0.368847934709263,1,0.012544426633335682,1
102_left_LAD_mid_20mm_80ds_discrete_T3_stenosis_length_C_flowmatched,25.0,-20.10708780773706,grid,407,0.9951376824315664,0.8211158811407477,1.6205049058469,1.5197890033041244,1.5197890033041244,0.41621549380571266,2,-0.044766409282566956,1
102_left_LAD_mid_20mm_80ds_discrete_T3_stenosis_length_C_flowmatched,30.0,-15.107087807737063,grid,415,0.9947598162845888,0.31717523010145665,1.2616639878766875,1.2388157520572685,1.2388157520572685,0.2968539220168352,1,0.005648950413425449,1
102_left_LAD_mid_20mm_80ds_discrete_T3_stenosis_length_C_flowmatched,33.877087807737055,-11.230000000000004,lesion_prox,422,0.9943684163808418,0.31717523010120774,1.2879598903630796,1.2227220500466913,1.2227220500466913,0.3087306274512409,1,0.006559660891576198,1
102_left_LAD_mid_20mm_80ds_discrete_T3_stenosis_length_C_flowmatched,35.0,-10.10708780773706,grid,424,0.9942381697681575,0.3171752301010703,1.2713646334518576,1.217272113365612,1.217272113365612,0.3128959411458967,1,0.006711019239400694,1
102_left_LAD_mid_20mm_80ds_discrete_T3_stenosis_length_C_flowmatched,40.0,-5.107087807737061,grid,432,0.9918937545729384,0.31717523010071413,1.1684917762802793,1.1950478542306382,1.1950478542306382,0.33067933742069805,1,0.007484682601073928,1
102_left_LAD_mid_20mm_80ds_discrete_T3_stenosis_length_C_flowmatched,45.10708780773706,0.0,throat,440,0.6212397484176374,0.31717523010071996,1.0897435497045183,1.1734260389842086,1.1734260389842086,0.3492977469577972,1,0.006863446183445296,1
102_left_LAD_mid_20mm_80ds_discrete_T3_stenosis_length_C_flowmatched,50.0,4.892912192262941,grid,447,0.4656102830023299,0.31717523010071647,1.0586890772294826,1.1534647204693063,1.1534647204693063,0.3677477298556684,1,0.006571661986427811,1
102_left_LAD_mid_20mm_80ds_discrete_T3_stenosis_length_C_flowmatched,55.0,9.892912192262939,grid,456,0.4605507780632655,0.31717523010055365,0.8856064778866759,1.1306607846859997,1.1306607846859997,0.3904504784582212,1,0.0067101519262014655,1
102_left_LAD_mid_20mm_80ds_discrete_T3_stenosis_length_C_flowmatched,56.33708780773706,11.230000000000004,lesion_dist,458,0.4598804147616087,0.3171752301005729,0.7852495473551236,1.1257509151170044,1.1257509151170044,0.3955815447217682,1,0.00623120339240961,1
102_left_LAD_mid_20mm_80ds_discrete_T3_stenosis_length_C_flowmatched,60.0,14.892912192262935,grid,465,0.4571142070437545,0.3171752301007484,0.9933302756119631,1.1093485255040776,1.1093485255040776,0.41338900046071375,1,0.006728197460336308,1
102_left_LAD_mid_20mm_80ds_discrete_T3_stenosis_length_C_flowmatched,65.0,19.89291219226294,grid,473,0.45606365195268356,0.31717523010022125,1.0056104414741374,1.0889870807757984,1.0889870807757984,0.4370134117335831,1,0.006373103695089537,1
102_left_LAD_mid_20mm_80ds_discrete_T3_stenosis_length_C_flowmatched,70.0,24.892912192262944,grid,483,0.45488388930472573,0.3171752300997482,1.1336331832424902,1.0652712044111223,1.0652712044111223,0.46685539837381507,1,0.008773222484909398,1
102_left_LAD_mid_20mm_80ds_discrete_T3_stenosis_length_C_flowmatched,75.15857149286241,30.051483685125348,measurement,490,0.4541746036536991,0.31717523009998694,1.139583885216608,1.0444525248219476,1.0444525248219476,0.4953325133829039,1,0.007444243482959171,1
102_left_LAD_mid_20mm_80ds_discrete_T3_stenosis_length_C_flowmatched,80.0,34.89291219226294,grid,498,0.4532297171109405,0.31717523009890874,1.0709190104098754,1.0227749746701797,1.0227749746701797,0.5275002485770091,1,0.007499074243952396,1
102_left_LAD_mid_20mm_80ds_discrete_T3_stenosis_length_C_flowmatched,85.0,39.89291219226295,grid,506,0.45201344209264954,0.31717523009818194,0.8808794311853675,1.0025713206790405,1.0025713206790405,0.56003751082726,1,0.007705262622390257,1
102_left_LAD_mid_20mm_80ds_discrete_T3_stenosis_length_C_flowmatched,90.0,44.89291219226293,grid,515,0.4489881975808671,0.3171752300981094,0.8341449467814817,0.9798447648970726,0.9798447648970726,0.5999169300224803,1,0.008865731231813766,1
102_left_LAD_mid_20mm_80ds_discrete_T3_stenosis_length_C_flowmatched,95.0,49.89291219226294,grid,523,0.4468730052599073,0.3171752300981988,0.8886548380602014,0.9601237322864773,0.9601237322864773,0.6376484876137996,1,0.007593355935523391,1
102_left_LAD_mid_20mm_80ds_discrete_T3_stenosis_length_C_flowmatched,100.0,54.89291219226294,grid,532,0.4449254324974466,0.3171752300979868,0.9084642479319147,0.9371246817376684,0.9371246817376684,0.6857578992557747,1,0.0075614138964476135,1
102_left_LAD_mid_20mm_80ds_discrete_T3_stenosis_length_C_flowmatched,105.0,59.89291219226293,grid,541,0.44273138178538046,0.3171752300980272,0.8854343517663047,0.9159921203316638,0.9159921203316638,0.7343240207609646,1,0.007255326395124227,1
102_left_LAD_mid_20mm_80ds_discrete_T3_stenosis_length_C_flowmatched,110.0,64.89291219226294,grid,551,0.44045046198700843,0.3171752300980025,0.8629322622204071,0.8939980910315718,0.8939980910315718,0.7898655522423348,1,0.007564479185186445,1
102_left_LAD_mid_20mm_80ds_discrete_T3_stenosis_length_C_flowmatched,115.0,69.89291219226294,grid,560,0.43701521817802597,0.3171752300982033,0.7507130482971387,0.8731990895601683,0.8731990895601683,0.8476628018965339,1,0.008719186446224483,1
102_left_LAD_mid_20mm_80ds_discrete_T3_stenosis_length_C_flowmatched,120.0,74.89291219226294,grid,568,0.43299102310106635,0.31717523009837506,0.7566026122911647,0.852442418025418,0.852442418025418,0.9111036596124623,1,0.009416765220116436,1
102_left_LAD_mid_20mm_80ds_discrete_T3_stenosis_length_C_flowmatched,125.0,79.89291219226294,grid,576,0.4299595040229996,0.3171752300983957,0.9452493122743029,0.8298929825316167,0.8298929825316167,0.9874080674783744,1,0.008852272015543932,1
102_left_LAD_mid_20mm_80ds_discrete_T3_stenosis_length_C_flowmatched,130.0,84.89291219226294,grid,584,0.42842059374889097,0.31717523009864923,0.9701579346415694,0.809940178618792,0.809940178618792,1.0621946692451165,1,0.008848322733049616,1
102_left_LAD_mid_20mm_80ds_discrete_T3_stenosis_length_C_flowmatched,135.0,89.89291219226294,grid,593,0.42624034025235064,0.31717523009855186,0.7233230509094735,0.7877875100603102,0.7877875100603102,1.1543451297101184,1,0.009710630655148303,1
102_left_LAD_mid_20mm_80ds_discrete_T3_stenosis_length_C_flowmatched,140.0,94.89291219226295,grid,602,0.4164099545547697,0.3171752300986482,0.5619198976373382,0.7671443891984984,0.7671443891984984,1.2500621598102453,1,0.007611778103736553,1
102_left_LAD_mid_20mm_80ds_discrete_T4_taper_A_fixed,0.0,-45.10708780773706,grid,133,0.9982394913513867,1.3495115553614947,2.063555642098582,1.9788913723984103,1.9788913723984103,0.3098663573823966,1,0.04072813356377711,1
102_left_LAD_mid_20mm_80ds_discrete_T4_taper_A_fixed,5.0,-40.10708780773707,grid,140,0.9978116931834704,1.349511555352238,1.688700858282976,1.7992594327137332,1.7992594327137332,0.4122483513507395,1,0.04137744095808671,1
102_left_LAD_mid_20mm_80ds_discrete_T4_taper_A_fixed,10.0,-35.10708780773706,grid,148,0.9969583460798139,1.3495115553419343,1.655510957650119,1.620478529363344,1.620478529363344,0.5643005173808844,1,0.037391080024098425,1
102_left_LAD_mid_20mm_80ds_discrete_T4_taper_A_fixed,15.0,-30.107087807737063,grid,389,0.9963993927807178,0.7969529914063581,1.6792826125693294,1.6459222523583688,1.6459222523583688,0.3180302562414519,1,0.012332205000922714,1
102_left_LAD_mid_20mm_80ds_discrete_T4_taper_A_fixed,20.0,-25.107087807737063,grid,398,0.995828126557072,0.7969529914063181,1.4393705194808097,1.582244495277828,1.582244495277828,0.3579938857535907,1,0.012544426633335682,1
102_left_LAD_mid_20mm_80ds_discrete_T4_taper_A_fixed,25.0,-20.10708780773706,grid,407,0.9952268141474103,0.7969529914122052,1.6205049058469,1.5197890033041244,1.5197890033041244,0.4039675647239288,2,0.009981061334109649,1
102_left_LAD_mid_20mm_80ds_discrete_T4_taper_A_fixed,30.0,-15.107087807737063,grid,415,0.9948764996955325,0.29404874655111185,1.2616639878766875,1.195628568454116,1.195628568454116,0.30612173507284485,1,0.006256957858796625,1
102_left_LAD_mid_20mm_80ds_discrete_T4_taper_A_fixed,35.10708780773706,-10.000000000000002,lesion_prox,424,0.9943954066254235,0.29404874654864616,1.2713646334518576,1.1725933403749602,1.1725933403749602,0.32451946170194934,1,0.007447234422492663,1
102_left_LAD_mid_20mm_80ds_discrete_T4_taper_A_fixed,40.0,-5.107087807737061,grid,432,0.9925127651957713,0.2940487465479089,1.08669735194066,1.1488303686044277,1.1488303686044277,0.3450764287760906,1,0.00832250756844286,1
102_left_LAD_mid_20mm_80ds_discrete_T4_taper_A_fixed,45.10708780773706,0.0,throat,440,0.6189945598100741,0.2940487465479492,1.013461501225202,1.125711551360256,1.125711551360256,0.3667766243736861,1,0.0076476871912014065,1
102_left_LAD_mid_20mm_80ds_discrete_T4_taper_A_fixed,50.0,4.892912192262941,grid,447,0.46434648989928307,0.29404874654795715,0.9845808418234188,1.1043681965383276,1.1043681965383276,0.3884555607182243,1,0.007337154804239478,1
102_left_LAD_mid_20mm_80ds_discrete_T4_taper_A_fixed,55.10708780773707,10.000000000000002,lesion_dist,456,0.46021150709237857,0.2940487465478445,0.8236140244346086,1.0799854137879688,1.0799854137879688,0.41536447233510915,1,0.007509377018385662,1
102_left_LAD_mid_20mm_80ds_discrete_T4_taper_A_fixed,60.0,14.892912192262935,grid,465,0.4559745146568123,0.29404874654792734,0.9237971563191257,1.0571975849460475,1.0571975849460475,0.4428070531332071,1,0.007546835170411702,1
102_left_LAD_mid_20mm_80ds_discrete_T4_taper_A_fixed,65.0,19.89291219226294,grid,473,0.4546725262824755,0.2940487465477856,0.9352177105709477,1.0354264008833163,1.0354264008833163,0.4713302504750582,1,0.007164942351749599,1
102_left_LAD_mid_20mm_80ds_discrete_T4_taper_A_fixed,70.0,24.892912192262944,grid,483,0.4532104066229028,0.2940487465480206,1.054278860415516,1.0100685386866697,1.0100685386866697,0.5077272639199693,1,0.009889609658524872,1
102_left_LAD_mid_20mm_80ds_discrete_T4_taper_A_fixed,75.15857149286241,30.051483685125348,measurement,490,0.452331364981422,0.2940487465475315,1.0598130132514456,0.9878084627771514,0.9878084627771514,0.5428311848361995,1,0.008413347506360429,1
102_left_LAD_mid_20mm_80ds_discrete_T4_taper_A_fixed,80.0,34.89291219226294,grid,498,0.4511603352046884,0.29404874654795954,0.995954679681184,0.9646300517812089,0.9646300517812089,0.5829088565018525,1,0.008498744925123806,1
102_left_LAD_mid_20mm_80ds_discrete_T4_taper_A_fixed,85.0,39.89291219226295,grid,506,0.44965296453247877,0.2940487465477266,0.8192178710023917,0.943027583211288,0.943027583211288,0.6238925924869602,1,0.00875585814353388,1
102_left_LAD_mid_20mm_80ds_discrete_T4_taper_A_fixed,90.0,44.89291219226293,grid,515,0.445903676925033,0.29404874654763274,0.7757548005067779,0.9187275379225583,0.9187275379225583,0.6747188051323098,1,0.010105962590357776,1
102_left_LAD_mid_20mm_80ds_discrete_T4_taper_A_fixed,95.0,49.89291219226294,grid,523,0.4432822477065175,0.29404874654778274,0.8264489993959874,0.8976411053730993,0.8976411053730993,0.7233938650642999,1,0.008681069319260748,1
102_left_LAD_mid_20mm_80ds_discrete_T4_taper_A_fixed,100.0,54.89291219226294,grid,532,0.4408685550630088,0.29404874654799673,0.8448717505766807,0.8730496989455016,0.8730496989455016,0.7862598806990793,1,0.008675063012224536,1
102_left_LAD_mid_20mm_80ds_discrete_T4_taper_A_fixed,105.0,59.89291219226293,grid,541,0.4381493939793903,0.29404874654775337,0.8234539471426634,0.8504540093848235,0.8504540093848235,0.8506100666254729,1,0.008352404728452103,1
102_left_LAD_mid_20mm_80ds_discrete_T4_taper_A_fixed,110.0,64.89291219226294,grid,551,0.43532257310580075,0.29404874654776375,0.8025270038649787,0.8269372075781045,0.8269372075781045,0.9252634721088019,1,0.008740679389669145,1
102_left_LAD_mid_20mm_80ds_discrete_T4_taper_A_fixed,115.0,69.89291219226294,grid,560,0.4310651595342969,0.2940487465478218,0.6981631349163391,0.8046981722150566,0.8046981722150566,1.0041161963041272,1,0.01011175643557238,1
102_left_LAD_mid_20mm_80ds_discrete_T4_taper_A_fixed,120.0,74.89291219226294,grid,568,0.4260778387827904,0.2940487465478873,0.7036404294307832,0.7825043975324043,0.7825043975324043,1.0920000449517149,1,0.010962960354666191,1
102_left_LAD_mid_20mm_80ds_discrete_T4_taper_A_fixed,125.0,79.89291219226294,grid,576,0.42232077489361963,0.29404874654792856,0.8790818604151017,0.7583937355829402,0.7583937355829402,1.1994960048862215,1,0.010352298339791786,1
102_left_LAD_mid_20mm_80ds_discrete_T4_taper_B_rederived,0.0,-45.10708780773706,grid,133,0.9981618842236005,1.3873463260638166,2.063555642098582,1.9788913723984103,1.9788913723984103,0.31855373951954785,1,0.04072813356377711,1
102_left_LAD_mid_20mm_80ds_discrete_T4_taper_B_rederived,5.0,-40.10708780773707,grid,140,0.9977220923491259,1.3873463260643144,1.688700858282976,1.7992594327137332,1.7992594327137332,0.4238061048119283,1,0.04137744095808671,1
102_left_LAD_mid_20mm_80ds_discrete_T4_taper_B_rederived,10.0,-35.10708780773706,grid,148,0.9968448208915944,1.3873463260603334,1.655510957650119,1.620478529363344,1.620478529363344,0.5801211901323452,1,0.037391080024098425,1
102_left_LAD_mid_20mm_80ds_discrete_T4_taper_B_rederived,15.0,-30.107087807737063,grid,389,0.9962740290996625,0.8031549777154734,1.6792826125693294,1.6459222523583688,1.6459222523583688,0.3205052068550549,1,0.012332205000922714,1
102_left_LAD_mid_20mm_80ds_discrete_T4_taper_B_rederived,20.0,-25.107087807737063,grid,398,0.9956983172119258,0.8031549777105337,1.4393705194808097,1.582244495277828,1.582244495277828,0.36077983825063664,1,0.012544426633335682,1
102_left_LAD_mid_20mm_80ds_discrete_T4_taper_B_rederived,25.0,-20.10708780773706,grid,407,0.9950923253150532,0.8031549777200896,1.6205049058469,1.5197890033041244,1.5197890033041244,0.40711129005308233,2,0.009981061334109649,1
102_left_LAD_mid_20mm_80ds_discrete_T4_taper_B_rederived,30.0,-15.107087807737063,grid,415,0.9947658418811074,0.2740453441385368,1.2616639878766875,1.195628568454116,1.195628568454116,0.2852970373799628,1,0.006256957858796625,1
102_left_LAD_mid_20mm_80ds_discrete_T4_taper_B_rederived,35.10708780773706,-10.000000000000002,lesion_prox,424,0.9943174763719632,0.2740453441358548,1.2713646334518576,1.1725933403749602,1.1725933403749602,0.30244321257863405,1,0.007447234422492663,1
102_left_LAD_mid_20mm_80ds_discrete_T4_taper_B_rederived,40.0,-5.107087807737061,grid,432,0.9925629063405288,0.27404534413619736,1.08669735194066,1.1488303686044277,1.1488303686044277,0.3216017404849783,1,0.00832250756844286,1
102_left_LAD_mid_20mm_80ds_discrete_T4_taper_B_rederived,45.10708780773706,0.0,throat,440,0.6578298863449551,0.2740453441361956,1.013461501225202,1.125711551360256,1.125711551360256,0.3418257259301347,1,0.0076476871912014065,1
102_left_LAD_mid_20mm_80ds_discrete_T4_taper_B_rederived,50.0,4.892912192262941,grid,447,0.5137021386968612,0.27404534413619497,0.9845808418234188,1.1043681965383276,1.1043681965383276,0.36202989833620125,1,0.007337154804239478,1
102_left_LAD_mid_20mm_80ds_discrete_T4_taper_B_rederived,55.10708780773707,10.000000000000002,lesion_dist,456,0.5098484484512182,0.27404534413606235,0.8236140244346086,1.0799854137879688,1.0799854137879688,0.3871082638485178,1,0.007509377018385662,1
102_left_LAD_mid_20mm_80ds_discrete_T4_taper_B_rederived,60.0,14.892912192262935,grid,465,0.5059453889064595,0.27404534413610376,0.9237971563191257,1.0571975849460475,1.0571975849460475,0.41268399435943487,1,0.007546835170411702,1
102_left_LAD_mid_20mm_80ds_discrete_T4_taper_B_rederived,65.0,19.89291219226294,grid,473,0.5047319715520406,0.2740453441361877,0.9352177105709477,1.0354264008833163,1.0354264008833163,0.43926682976777204,1,0.007164942351749599,1
102_left_LAD_mid_20mm_80ds_discrete_T4_taper_B_rederived,70.0,24.892912192262944,grid,483,0.5033693162441015,0.2740453441366981,1.054278860415516,1.0100685386866697,1.0100685386866697,0.47318784521942986,1,0.009889609658524872,1
102_left_LAD_mid_20mm_80ds_discrete_T4_taper_B_rederived,75.15857149286241,30.051483685125348,measurement,490,0.5025500736117882,0.2740453441368452,1.0598130132514456,0.9878084627771514,0.9878084627771514,0.5059037340007888,1,0.008413347506360429,1
102_left_LAD_mid_20mm_80ds_discrete_T4_taper_B_rederived,80.0,34.89291219226294,grid,498,0.5014587060683882,0.2740453441370613,0.995954679681184,0.9646300517812089,0.9646300517812089,0.543255021678988,1,0.008498744925123806,1
102_left_LAD_mid_20mm_80ds_discrete_T4_taper_B_rederived,85.0,39.89291219226295,grid,506,0.5000538780612733,0.2740453441368175,0.8192178710023917,0.943027583211288,0.943027583211288,0.5814507363824098,1,0.00875585814353388,1
102_left_LAD_mid_20mm_80ds_discrete_T4_taper_B_rederived,90.0,44.89291219226293,grid,515,0.4965596451331822,0.27404534413694887,0.7757548005067779,0.9187275379225583,0.9187275379225583,0.6288193686219382,1,0.010105962590357776,1
102_left_LAD_mid_20mm_80ds_discrete_T4_taper_B_rederived,95.0,49.89291219226294,grid,523,0.4941165452024625,0.2740453441370723,0.8264489993959874,0.8976411053730993,0.8976411053730993,0.6741831856983571,1,0.008681069319260748,1
102_left_LAD_mid_20mm_80ds_discrete_T4_taper_B_rederived,100.0,54.89291219226294,grid,532,0.49186705004597286,0.2740453441369653,0.8448717505766807,0.8730496989455016,0.8730496989455016,0.7327725831747348,1,0.008675063012224536,1
102_left_LAD_mid_20mm_80ds_discrete_T4_taper_B_rederived,105.0,59.89291219226293,grid,541,0.4893328667050397,0.27404534413682474,0.8234539471426634,0.8504540093848235,0.8504540093848235,0.7927451865426295,1,0.008352404728452103,1
102_left_LAD_mid_20mm_80ds_discrete_T4_taper_B_rederived,110.0,64.89291219226294,grid,551,0.4866983474009744,0.27404534413700465,0.8025270038649787,0.8269372075781045,0.8269372075781045,0.862320107153624,1,0.008740679389669145,1
102_left_LAD_mid_20mm_80ds_discrete_T4_taper_B_rederived,115.0,69.89291219226294,grid,560,0.4827305550501011,0.2740453441370031,0.6981631349163391,0.8046981722150566,0.8046981722150566,0.9358086773036152,1,0.01011175643557238,1
102_left_LAD_mid_20mm_80ds_discrete_T4_taper_B_rederived,120.0,74.89291219226294,grid,568,0.478082509283153,0.2740453441369706,0.7036404294307832,0.7825043975324043,0.7825043975324043,1.0177140070469388,1,0.010962960354666191,1
102_left_LAD_mid_20mm_80ds_discrete_T4_taper_B_rederived,125.0,79.89291219226294,grid,576,0.474581029074378,0.27404534413694814,0.8790818604151017,0.7583937355829402,0.7583937355829402,1.117897285089633,1,0.010352298339791786,1
102_left_LAD_mid_20mm_80ds_discrete_T4_taper_C_flowmatched,0.0,-45.10708780773706,grid,133,0.9982326931041707,1.3388117482279893,2.063555642098582,1.9788913723984103,1.9788913723984103,0.3074095349506203,1,0.04072813356377711,1
102_left_LAD_mid_20mm_80ds_discrete_T4_taper_C_flowmatched,5.0,-40.10708780773707,grid,140,0.9978082867989397,1.3388117482227133,1.688700858282976,1.7992594327137332,1.7992594327137332,0.4089797777461466,1,0.04137744095808671,1
102_left_LAD_mid_20mm_80ds_discrete_T4_taper_C_flowmatched,10.0,-35.10708780773706,grid,148,0.9969617055872759,1.3388117482110653,1.655510957650119,1.620478529363344,1.620478529363344,0.5598263751062781,1,0.037391080024098425,1
102_left_LAD_mid_20mm_80ds_discrete_T4_taper_C_flowmatched,15.0,-30.107087807737063,grid,389,0.9964099495981285,0.7789858148394504,1.6792826125693294,1.6459222523583688,1.6459222523583688,0.3108603154430297,1,0.012332205000922714,1
102_left_LAD_mid_20mm_80ds_discrete_T4_taper_C_flowmatched,20.0,-25.107087807737063,grid,398,0.9958515624792963,0.7789858148347348,1.4393705194808097,1.582244495277828,1.582244495277828,0.3499229713756527,1,0.012544426633335682,1
102_left_LAD_mid_20mm_80ds_discrete_T4_taper_C_flowmatched,25.0,-20.10708780773706,grid,407,0.9952638065608644,0.778985814842128,1.6205049058469,1.5197890033041244,1.5197890033041244,0.3948601811740943,2,0.009981061334109649,1
102_left_LAD_mid_20mm_80ds_discrete_T4_taper_C_flowmatched,30.0,-15.107087807737063,grid,415,0.9949421212179773,0.2700178977826378,1.2616639878766875,1.195628568454116,1.195628568454116,0.28110423302068177,1,0.006256957858796625,1
102_left_LAD_mid_20mm_80ds_discrete_T4_taper_C_flowmatched,35.10708780773706,-10.000000000000002,lesion_prox,424,0.9945003450126616,0.27001789778114776,1.2713646334518576,1.1725933403749602,1.1725933403749602,0.2979984232761679,1,0.007447234422492663,1
102_left_LAD_mid_20mm_80ds_discrete_T4_taper_C_flowmatched,40.0,-5.107087807737061,grid,432,0.9927715606288513,0.27001789778152263,1.08669735194066,1.1488303686044277,1.1488303686044277,0.3168753921448673,1,0.00832250756844286,1
102_left_LAD_mid_20mm_80ds_discrete_T4_taper_C_flowmatched,45.10708780773706,0.0,throat,440,0.6656113246852277,0.2700178977815703,1.013461501225202,1.125711551360256,1.125711551360256,0.33680216029301785,1,0.0076476871912014065,1
102_left_LAD_mid_20mm_80ds_discrete_T4_taper_C_flowmatched,50.0,4.892912192262941,grid,447,0.5236017183750037,0.2700178977815683,0.9845808418234188,1.1043681965383276,1.1043681965383276,0.3567094065799343,1,0.007337154804239478,1
102_left_LAD_mid_20mm_80ds_discrete_T4_taper_C_flowmatched,55.10708780773707,10.000000000000002,lesion_dist,456,0.5198046630296191,0.27001789778176305,0.8236140244346086,1.0799854137879688,1.0799854137879688,0.38141921348033575,1,0.007509377018385662,1
102_left_LAD_mid_20mm_80ds_discrete_T4_taper_C_flowmatched,60.0,14.892912192262935,grid,465,0.5159680300293981,0.2700178977819384,0.9237971563191257,1.0571975849460475,1.0571975849460475,0.4066190759652006,1,0.007546835170411702,1
102_left_LAD_mid_20mm_80ds_discrete_T4_taper_C_flowmatched,65.0,19.89291219226294,grid,473,0.5147724453928294,0.270017897781968,0.9352177105709477,1.0354264008833163,1.0354264008833163,0.43281124265442666,1,0.007164942351749599,1
102_left_LAD_mid_20mm_80ds_discrete_T4_taper_C_flowmatched,70.0,24.892912192262944,grid,483,0.5134298160450815,0.2700178977823302,1.054278860415516,1.0100685386866697,1.0100685386866697,0.4662337454584443,1,0.009889609658524872,1
102_left_LAD_mid_20mm_80ds_discrete_T4_taper_C_flowmatched,75.15857149286241,30.051483685125348,measurement,490,0.5126226132296211,0.2700178977823487,1.0598130132514456,0.9878084627771514,0.9878084627771514,0.49846883246781404,1,0.008413347506360429,1
102_left_LAD_mid_20mm_80ds_discrete_T4_taper_C_flowmatched,80.0,34.89291219226294,grid,498,0.5115472847262125,0.27001789778263946,0.995954679681184,0.9646300517812089,0.9646300517812089,0.5352711952670782,1,0.008498744925123806,1
102_left_LAD_mid_20mm_80ds_discrete_T4_taper_C_flowmatched,85.0,39.89291219226295,grid,506,0.5101631024609681,0.2700178977823108,0.8192178710023917,0.943027583211288,0.943027583211288,0.5729055751575599,1,0.00875585814353388,1
102_left_LAD_mid_20mm_80ds_discrete_T4_taper_C_flowmatched,90.0,44.89291219226293,grid,515,0.5067202217487389,0.2700178977824487,0.7757548005067779,0.9187275379225583,0.9187275379225583,0.6195780648451081,1,0.010105962590357776,1
102_left_LAD_mid_20mm_80ds_discrete_T4_taper_C_flowmatched,95.0,49.89291219226294,grid,523,0.5043130262919334,0.27001789778247565,0.8264489993959874,0.8976411053730993,0.8976411053730993,0.6642752026887531,1,0.008681069319260748,1
102_left_LAD_mid_20mm_80ds_discrete_T4_taper_C_flowmatched,100.0,54.89291219226294,grid,532,0.5020965903399194,0.27001789778260427,0.8448717505766807,0.8730496989455016,0.8730496989455016,0.7220035541369424,1,0.008675063012224536,1
102_left_LAD_mid_20mm_80ds_discrete_T4_taper_C_flowmatched,105.0,59.89291219226293,grid,541,0.49959965005994644,0.2700178977826478,0.8234539471426634,0.8504540093848235,0.8504540093848235,0.7810947834993347,1,0.008352404728452103,1
102_left_LAD_mid_20mm_80ds_discrete_T4_taper_C_flowmatched,110.0,64.89291219226294,grid,551,0.4970038483819718,0.2700178977826431,0.8025270038649787,0.8269372075781045,0.8269372075781045,0.8496472117874021,1,0.008740679389669145,1
102_left_LAD_mid_20mm_80ds_discrete_T4_taper_C_flowmatched,115.0,69.89291219226294,grid,560,0.4930943678075241,0.27001789778280927,0.6981631349163391,0.8046981722150566,0.8046981722150566,0.9220557735369114,1,0.01011175643557238,1
102_left_LAD_mid_20mm_80ds_discrete_T4_taper_C_flowmatched,120.0,74.89291219226294,grid,568,0.4885146310097983,0.27001789778279994,0.7036404294307832,0.7825043975324043,0.7825043975324043,1.0027573998468506,1,0.010962960354666191,1
102_left_LAD_mid_20mm_80ds_discrete_T4_taper_C_flowmatched,125.0,79.89291219226294,grid,576,0.4850646095249274,0.2700178977828579,0.8790818604151017,0.7583937355829402,0.7583937355829402,1.1014683566607972,1,0.010352298339791786,1
280_left_LAD_prox_20mm_80ds_leaky_clean_none,0.0,-20.187353120514338,grid,33,0.9968852899729973,0.9105862383105007,1.5574375297958263,1.551406788648322,1.551406788648322,0.4339180383103691,1,0.0619426907328915,1
280_left_LAD_prox_20mm_80ds_leaky_clean_none,5.0,-15.187353120514334,grid,123,0.9961220521837509,0.5724735980706207,1.2746817274506872,1.2964444640641941,1.2964444640641941,0.46747392750835287,1,0.010145795687685269,1
280_left_LAD_prox_20mm_80ds_leaky_clean_none,10.187353120514336,-10.0,lesion_prox,138,0.9950350888333921,0.5112360253872382,1.245868485998741,1.232429207872082,1.232429207872082,0.4859585049561312,1,0.010562683354223359,1
280_left_LAD_prox_20mm_80ds_leaky_clean_none,15.0,-5.187353120514337,grid,301,0.9937677569538508,0.27104404706571594,1.1733568888207417,1.2206933767866035,1.2206933767866035,0.26514521453369366,1,0.012086599171324404,1
280_left_LAD_prox_20mm_80ds_leaky_clean_none,20.187353120514338,0.0,throat,313,0.7882461317830138,0.21943275235175894,1.2105448227053623,1.1584701752474225,1.1584701752474225,0.2511369195002352,1,0.013143572819158005,1
280_left_LAD_prox_20mm_80ds_leaky_clean_none,25.0,4.812646879485665,grid,441,0.6909561276375332,0.12553276542739555,1.0651709023511193,0.9848859171917349,0.9848859171917349,0.23380995483907893,1,0.00679913061292891,1
280_left_LAD_prox_20mm_80ds_leaky_clean_none,30.187353120514334,9.999999999999998,lesion_dist,450,0.6899463873055889,0.11779671212007009,0.959844622361352,0.9647314332554764,0.9647314332554764,0.23344123165647632,1,0.0071318927153547615,1
280_left_LAD_prox_20mm_80ds_leaky_clean_none,35.0,14.812646879485667,grid,459,0.6887912191023766,0.11039999413483664,0.7775125005772442,0.944613510779705,0.944613510779705,0.23306135967604488,1,0.006587225344413634,1
280_left_LAD_prox_20mm_80ds_leaky_clean_none,40.0,19.812646879485666,grid,469,0.6870783983809695,0.10286954587423294,0.6101328706168563,0.9231657264685023,0.9231657264685023,0.23265451746730015,1,0.0074989285568306295,1
280_left_LAD_prox_20mm_80ds_leaky_clean_none,45.0,24.812646879485662,grid,480,0.6839190192436845,0.09602924826895073,0.6542702927542781,0.9026916563296543,0.9026916563296543,0.23229984971482165,1,0.005236933682840234,1
280_left_LAD_prox_20mm_80ds_leaky_clean_none,50.57164524528136,30.384292124767025,measurement,492,0.6818151296140292,0.08851415151746715,0.7335063361396024,0.8789698092716568,0.8789698092716568,0.2319287142206691,1,0.007746166323861945,1
280_left_LAD_prox_20mm_80ds_leaky_clean_none,55.0,34.81264687948567,grid,499,0.6805857467514522,0.0832104098557471,0.6843269710392289,0.8613801582797448,0.8613801582797448,0.2316630418862205,1,0.008944537046472623,1
280_left_LAD_prox_20mm_80ds_leaky_clean_none,60.0,39.812646879485655,grid,508,0.6797005372761032,0.07709407559547819,0.9050871855438454,0.8401171285012259,0.8401171285012259,0.231347692375607,1,0.008842658662035253,1
280_left_LAD_prox_20mm_80ds_leaky_clean_none,65.0,44.81264687948566,grid,518,0.6789930714897805,0.07105624584812928,0.7442486890607352,0.8179905903220505,0.8179905903220505,0.23100480812773444,1,0.009227147025381497,1
280_left_LAD_prox_20mm_80ds_leaky_clean_none,70.0,49.81264687948567,grid,527,0.6781984190383797,0.06566902911345371,0.764402672189459,0.7971567090042601,0.7971567090042601,0.23067108759408758,1,0.007593797455032359,1
280_left_LAD_prox_20mm_80ds_leaky_clean_none,75.0,54.812646879485655,grid,536,0.6772014548250346,0.060696120781204156,0.7211220414990789,0.7768794486827071,0.7768794486827071,0.23033700787384492,1,0.00885834252311668,1
280_left_LAD_prox_20mm_80ds_leaky_clean_none,80.0,59.81264687948566,grid,546,0.6760854113594766,0.05572194188083755,0.6535313722599999,0.7554433078874645,0.7554433078874645,0.22997694066813423,1,0.008048827933208847,1
280_left_LAD_prox_20mm_80ds_leaky_T2_truncation_A_fixed,0.0,-20.187353120514338,grid,33,0.9970256779967479,0.8511813200423125,1.5574375297958263,1.551406788648322,1.551406788648322,0.405610048889459,1,0.0619426907328915,1
280_left_LAD_prox_20mm_80ds_leaky_T2_truncation_A_fixed,5.0,-15.187353120514334,grid,123,0.9963349869207088,0.513014170263223,1.2746817274506872,1.2964444640641941,1.2964444640641941,0.4189201909898442,1,0.010145795687685269,1
280_left_LAD_prox_20mm_80ds_leaky_T2_truncation_A_fixed,10.187353120514336,-10.0,lesion_prox,138,0.9953683980410244,0.45175942843751943,1.245868485998741,1.232429207872082,1.232429207872082,0.4294226649560629,1,0.010562683354223359,1
280_left_LAD_prox_20mm_80ds_leaky_T2_truncation_A_fixed,15.0,-5.187353120514337,grid,301,0.9943349517065617,0.2114694217235505,1.1733568888207417,1.2206933767866035,1.2206933767866035,0.20686713394820463,1,0.012086599171324404,1
280_left_LAD_prox_20mm_80ds_leaky_T2_truncation_A_fixed,20.187353120514338,0.0,throat,313,0.8646036412941647,0.15958285477970444,1.2105448227053623,1.1584701752474225,1.1584701752474225,0.1826397660554482,1,0.013143572819158005,1
280_left_LAD_prox_20mm_80ds_leaky_T2_truncation_A_fixed,25.0,4.812646879485665,grid,441,0.8008490966865933,0.05168652190428289,1.0651709023511193,1.0481866780889917,1.0481866780889917,0.07985922399243833,1,0.021853269383006267,1
280_left_LAD_prox_20mm_80ds_leaky_T2_truncation_A_fixed,30.187353120514334,9.999999999999998,lesion_dist,450,0.8004593058179158,0.04260654674410374,0.959844622361352,0.9788933613817303,0.9788933613817303,0.0808227960724738,1,0.02402810138892433,1
280_left_LAD_prox_20mm_80ds_leaky_T2_truncation_A_fixed,35.0,14.812646879485667,grid,459,0.8000799146668326,0.03391703294555298,0.7775125005772442,0.9097257469682535,0.9097257469682535,0.08015859178415534,1,0.02338329058715756,1
280_left_LAD_prox_20mm_80ds_leaky_T2_truncation_A_fixed,40.0,19.812646879485666,grid,469,0.7996235004245695,0.025056768336612693,0.6101328706168563,0.8359859223393774,0.8359859223393774,0.07631182672599679,1,0.02827156726230658,1
280_left_LAD_prox_20mm_80ds_leaky_T2_truncation_A_fixed,45.0,24.812646879485662,grid,480,0.7990006819762739,0.016980684208124718,0.6542702927542781,0.7655938333677742,0.7655938333677742,0.06733232171928807,1,0.021116168884982432,1
280_left_LAD_prox_20mm_80ds_leaky_T2_truncation_B_rederived,0.0,-20.187353120514338,grid,33,0.9969459709885004,0.9011883026478444,1.5574375297958263,1.551406788648322,1.551406788648322,0.42943967740907435,1,0.0619426907328915,1
280_left_LAD_prox_20mm_80ds_leaky_T2_truncation_B_rederived,5.0,-15.187353120514334,grid,123,0.9961801939460735,0.5766870872603528,1.2746817274506872,1.2964444640641941,1.2964444640641941,0.4709146038062231,1,0.010145795687685269,1
280_left_LAD_prox_20mm_80ds_leaky_T2_truncation_B_rederived,10.187353120514336,-10.0,lesion_prox,138,0.9950818049319505,0.5179197289584249,1.245868485998741,1.232429207872082,1.232429207872082,0.4923117399273239,1,0.010562683354223359,1
280_left_LAD_prox_20mm_80ds_leaky_T2_truncation_B_rederived,15.0,-5.187353120514337,grid,301,0.993758606509507,0.28733629611490125,1.1733568888207417,1.2206933767866035,1.2206933767866035,0.2810828892996524,1,0.012086599171324404,1
280_left_LAD_prox_20mm_80ds_leaky_T2_truncation_B_rederived,20.187353120514338,0.0,throat,313,0.7618803502375477,0.23787947354789846,1.2105448227053623,1.1584701752474225,1.1584701752474225,0.27224886694849876,1,0.013143572819158005,1
280_left_LAD_prox_20mm_80ds_leaky_T2_truncation_B_rederived,25.0,4.812646879485665,grid,441,0.6566326694237288,0.14002408442863307,1.0651709023511193,1.0481866780889917,1.0481866780889917,0.21634682139050476,1,0.021853269383006267,1
280_left_LAD_prox_20mm_80ds_leaky_T2_truncation_B_rederived,30.187353120514334,9.999999999999998,lesion_dist,450,0.6555830474536805,0.11391634149010532,0.959844622361352,0.9788933613817303,0.9788933613817303,0.21609442541482704,1,0.02402810138892433,1
280_left_LAD_prox_20mm_80ds_leaky_T2_truncation_B_rederived,35.0,14.812646879485667,grid,459,0.6545666037480822,0.09132283473235205,0.7775125005772442,0.9097257469682535,0.9097257469682535,0.21582990002792357,1,0.02338329058715756,1
280_left_LAD_prox_20mm_80ds_leaky_T2_truncation_B_rederived,40.0,19.812646879485666,grid,469,0.6533053490342562,0.07077712044056403,0.6101328706168563,0.8359859223393774,0.8359859223393774,0.21555578431609834,1,0.02827156726230658,1
280_left_LAD_prox_20mm_80ds_leaky_T2_truncation_B_rederived,45.0,24.812646879485662,grid,480,0.6514506107824524,0.054315137275061494,0.6542702927542781,0.7655938333677742,0.7655938333677742,0.21537202225820207,1,0.021116168884982432,1
280_left_LAD_prox_20mm_80ds_leaky_T2_truncation_C_flowmatched,0.0,-20.187353120514338,grid,33,0.9968669801847692,0.9236234469040564,1.5574375297958263,1.551406788648322,1.551406788648322,0.44013060746631744,1,0.0619426907328915,1
280_left_LAD_prox_20mm_80ds_leaky_T2_truncation_C_flowmatched,5.0,-15.187353120514334,grid,123,0.9960832661343242,0.5899489220493077,1.2746817274506872,1.2964444640641941,1.2964444640641941,0.48174403247446856,1,0.010145795687685269,1
280_left_LAD_prox_20mm_80ds_leaky_T2_truncation_C_flowmatched,10.187353120514336,-10.0,lesion_prox,138,0.9949599833242365,0.529518776116675,1.245868485998741,1.232429207872082,1.232429207872082,0.5033372845603912,1,0.010562683354223359,1
280_left_LAD_prox_20mm_80ds_leaky_T2_truncation_C_flowmatched,15.0,-5.187353120514337,grid,301,0.9936111450934613,0.29247505915073896,1.1733568888207417,1.2206933767866035,1.2206933767866035,0.2861098155218862,1,0.012086599171324404,1
280_left_LAD_prox_20mm_80ds_leaky_T2_truncation_C_flowmatched,20.187353120514338,0.0,throat,313,0.7560530781625929,0.24163823244528848,1.2105448227053623,1.1584701752474225,1.1584701752474225,0.2765507002915971,1,0.013143572819158005,1
280_left_LAD_prox_20mm_80ds_leaky_T2_truncation_C_flowmatched,25.0,4.812646879485665,grid,441,0.6491561692026381,0.1421864287613056,1.0651709023511193,1.0481866780889917,1.0481866780889917,0.21968779180309056,1,0.021853269383006267,1
280_left_LAD_prox_20mm_80ds_leaky_T2_truncation_C_flowmatched,30.187353120514334,9.999999999999998,lesion_dist,450,0.6480903514741685,0.11567168641376038,0.959844622361352,0.9788933613817303,0.9788933613817303,0.21942423962515278,1,0.02402810138892433,1
280_left_LAD_prox_20mm_80ds_leaky_T2_truncation_C_flowmatched,35.0,14.812646879485667,grid,459,0.6470582671411933,0.09272681381530344,0.7775125005772442,0.9097257469682535,0.9097257469682535,0.21914802594903396,1,0.02338329058715756,1
280_left_LAD_prox_20mm_80ds_leaky_T2_truncation_C_flowmatched,40.0,19.812646879485666,grid,469,0.6457776514430946,0.07186264192160562,0.6101328706168563,0.8359859223393774,0.8359859223393774,0.21886180231713287,1,0.02827156726230658,1
280_left_LAD_prox_20mm_80ds_leaky_T2_truncation_C_flowmatched,45.0,24.812646879485662,grid,480,0.6438944924453909,0.05514684271261756,0.6542702927542781,0.7655938333677742,0.7655938333677742,0.2186699257708539,1,0.021116168884982432,1
280_left_LAD_prox_20mm_80ds_leaky_T3_stenosis_length_A_fixed,0.0,-20.187353120514338,grid,33,0.9968965905179161,0.9058044347830326,1.5574375297958263,1.551406788648322,1.551406788648322,0.43163938449491684,1,0.0619426907328915,1
280_left_LAD_prox_20mm_80ds_leaky_T3_stenosis_length_A_fixed,5.0,-15.187353120514334,grid,123,0.9961391923820028,0.5676874067972566,1.2746817274506872,1.2964444640641941,1.2964444640641941,0.46356559070486286,1,0.010145795687685269,1
280_left_LAD_prox_20mm_80ds_leaky_T3_stenosis_length_A_fixed,8.957353120514336,-11.23,lesion_prox,134,0.9953730992576875,0.5222783948125449,1.1439428806304102,1.249618308915313,1.249618308915313,0.476248483769639,1,0.010309420195211132,1
280_left_LAD_prox_20mm_80ds_leaky_T3_stenosis_length_A_fixed,10.0,-10.187353120514336,grid,137,0.9951262212764749,0.5104842243077496,1.2251780927373563,1.236857509804415,1.236857509804415,0.4800505802434348,1,0.010702444470718088,1
280_left_LAD_prox_20mm_80ds_leaky_T3_stenosis_length_A_fixed,15.0,-5.187353120514337,grid,301,0.9931843952542271,0.26628530936844125,1.1733568888207417,1.2206933767866035,1.2206933767866035,0.26049004301705986,1,0.012086599171324404,1
280_left_LAD_prox_20mm_80ds_leaky_T3_stenosis_length_A_fixed,20.187353120514338,0.0,throat,313,0.7816983556910495,0.21494418714236044,1.2105448227053623,1.1584701752474225,1.1584701752474225,0.24599983568944087,1,0.013143572819158005,1
280_left_LAD_prox_20mm_80ds_leaky_T3_stenosis_length_A_fixed,25.0,4.812646879485665,grid,441,0.6754927307189906,0.12237240944329833,1.0651709023511193,0.9848859171917349,0.9848859171917349,0.22792366142873774,1,0.00679913061292891,1
280_left_LAD_prox_20mm_80ds_leaky_T3_stenosis_length_A_fixed,30.0,9.812646879485662,grid,450,0.6739697156732772,0.11482913832845346,0.959844622361352,0.9647314332554764,0.9647314332554764,0.2275603028217195,1,0.0071318927153547615,1
280_left_LAD_prox_20mm_80ds_leaky_T3_stenosis_length_A_fixed,31.41735312051434,11.23,lesion_dist,453,0.6736946836124643,0.11232633461575851,0.8145457344479954,0.9578477600593779,0.9578477600593779,0.22743421907469372,1,0.0074746521203215835,1
280_left_LAD_prox_20mm_80ds_leaky_T3_stenosis_length_A_fixed,35.0,14.812646879485667,grid,459,0.6728345442204885,0.10761879096932303,0.7775125005772442,0.944613510779705,0.944613510779705,0.2271900641531642,1,0.006587225344413634,1
280_left_LAD_prox_20mm_80ds_leaky_T3_stenosis_length_A_fixed,40.0,19.812646879485666,grid,469,0.6711648724512073,0.10027809978040599,0.6101328706168563,0.9231657264685023,0.9231657264685023,0.22679358325807417,1,0.0074989285568306295,1
280_left_LAD_prox_20mm_80ds_leaky_T3_stenosis_length_A_fixed,45.0,24.812646879485662,grid,480,0.6680895870419127,0.09361012532110187,0.6542702927542781,0.9026916563296543,0.9026916563296543,0.22644786287375973,1,0.005236933682840234,1
280_left_LAD_prox_20mm_80ds_leaky_T3_stenosis_length_A_fixed,50.57164524528136,30.384292124767025,measurement,492,0.6660386975947484,0.08628434529699812,0.7335063361396024,0.8789698092716568,0.8789698092716568,0.22608607684790302,1,0.007746166323861945,1
280_left_LAD_prox_20mm_80ds_leaky_T3_stenosis_length_A_fixed,55.0,34.81264687948567,grid,499,0.664840284757951,0.08111421296154425,0.6843269710392289,0.8613801582797448,0.8613801582797448,0.2258270972039947,1,0.008944537046472623,1
280_left_LAD_prox_20mm_80ds_leaky_T3_stenosis_length_A_fixed,60.0,39.812646879485655,grid,508,0.6639773750568263,0.07515195847222525,0.9050871855438454,0.8401171285012259,0.8401171285012259,0.22551969182799977,1,0.008842658662035253,1
280_left_LAD_prox_20mm_80ds_leaky_T3_stenosis_length_A_fixed,65.0,44.81264687948566,grid,518,0.6632877314106241,0.06926623084756676,0.7442486890607352,0.8179905903220505,0.8179905903220505,0.2251854453565222,1,0.009227147025381497,1
280_left_LAD_prox_20mm_80ds_leaky_T3_stenosis_length_A_fixed,70.0,49.81264687948567,grid,527,0.6625130974641603,0.06401472630307431,0.764402672189459,0.7971567090042601,0.7971567090042601,0.2248601317503382,1,0.007593797455032359,1
280_left_LAD_prox_20mm_80ds_leaky_T3_stenosis_length_A_fixed,75.0,54.812646879485655,grid,536,0.6615412482970138,0.05916709310177007,0.7211220414990789,0.7768794486827071,0.7768794486827071,0.22453446800631852,1,0.00885834252311668,1
280_left_LAD_prox_20mm_80ds_leaky_T3_stenosis_length_A_fixed,80.0,59.81264687948566,grid,546,0.6604533196652936,0.054318221339948874,0.6535313722599999,0.7554433078874645,0.7554433078874645,0.2241834714412907,1,0.008048827933208847,1
280_left_LAD_prox_20mm_80ds_leaky_T3_stenosis_length_B_rederived,0.0,-20.187353120514338,grid,33,0.9968965905179161,0.9058044347830326,1.5574375297958263,1.551406788648322,1.551406788648322,0.43163938449491684,1,0.0619426907328915,1
280_left_LAD_prox_20mm_80ds_leaky_T3_stenosis_length_B_rederived,5.0,-15.187353120514334,grid,123,0.9961391923820028,0.5676874067972566,1.2746817274506872,1.2964444640641941,1.2964444640641941,0.46356559070486286,1,0.010145795687685269,1
280_left_LAD_prox_20mm_80ds_leaky_T3_stenosis_length_B_rederived,8.957353120514336,-11.23,lesion_prox,134,0.9953730992576875,0.5222783948125449,1.1439428806304102,1.249618308915313,1.249618308915313,0.476248483769639,1,0.010309420195211132,1
280_left_LAD_prox_20mm_80ds_leaky_T3_stenosis_length_B_rederived,10.0,-10.187353120514336,grid,137,0.9951262212764749,0.5104842243077496,1.2251780927373563,1.236857509804415,1.236857509804415,0.4800505802434348,1,0.010702444470718088,1
280_left_LAD_prox_20mm_80ds_leaky_T3_stenosis_length_B_rederived,15.0,-5.187353120514337,grid,301,0.9931843952542271,0.26628530936844125,1.1733568888207417,1.2206933767866035,1.2206933767866035,0.26049004301705986,1,0.012086599171324404,1
280_left_LAD_prox_20mm_80ds_leaky_T3_stenosis_length_B_rederived,20.187353120514338,0.0,throat,313,0.7816983556910495,0.21494418714236044,1.2105448227053623,1.1584701752474225,1.1584701752474225,0.24599983568944087,1,0.013143572819158005,1
280_left_LAD_prox_20mm_80ds_leaky_T3_stenosis_length_B_rederived,25.0,4.812646879485665,grid,441,0.6754927307189906,0.12237240944329833,1.0651709023511193,0.9848859171917349,0.9848859171917349,0.22792366142873774,1,0.00679913061292891,1
280_left_LAD_prox_20mm_80ds_leaky_T3_stenosis_length_B_rederived,30.0,9.812646879485662,grid,450,0.6739697156732772,0.11482913832845346,0.959844622361352,0.9647314332554764,0.9647314332554764,0.2275603028217195,1,0.0071318927153547615,1
280_left_LAD_prox_20mm_80ds_leaky_T3_stenosis_length_B_rederived,31.41735312051434,11.23,lesion_dist,453,0.6736946836124643,0.11232633461575851,0.8145457344479954,0.9578477600593779,0.9578477600593779,0.22743421907469372,1,0.0074746521203215835,1
280_left_LAD_prox_20mm_80ds_leaky_T3_stenosis_length_B_rederived,35.0,14.812646879485667,grid,459,0.6728345442204885,0.10761879096932303,0.7775125005772442,0.944613510779705,0.944613510779705,0.2271900641531642,1,0.006587225344413634,1
280_left_LAD_prox_20mm_80ds_leaky_T3_stenosis_length_B_rederived,40.0,19.812646879485666,grid,469,0.6711648724512073,0.10027809978040599,0.6101328706168563,0.9231657264685023,0.9231657264685023,0.22679358325807417,1,0.0074989285568306295,1
280_left_LAD_prox_20mm_80ds_leaky_T3_stenosis_length_B_rederived,45.0,24.812646879485662,grid,480,0.6680895870419127,0.09361012532110187,0.6542702927542781,0.9026916563296543,0.9026916563296543,0.22644786287375973,1,0.005236933682840234,1
280_left_LAD_prox_20mm_80ds_leaky_T3_stenosis_length_B_rederived,50.57164524528136,30.384292124767025,measurement,492,0.6660386975947484,0.08628434529699812,0.7335063361396024,0.8789698092716568,0.8789698092716568,0.22608607684790302,1,0.007746166323861945,1
280_left_LAD_prox_20mm_80ds_leaky_T3_stenosis_length_B_rederived,55.0,34.81264687948567,grid,499,0.664840284757951,0.08111421296154425,0.6843269710392289,0.8613801582797448,0.8613801582797448,0.2258270972039947,1,0.008944537046472623,1
280_left_LAD_prox_20mm_80ds_leaky_T3_stenosis_length_B_rederived,60.0,39.812646879485655,grid,508,0.6639773750568263,0.07515195847222525,0.9050871855438454,0.8401171285012259,0.8401171285012259,0.22551969182799977,1,0.008842658662035253,1
280_left_LAD_prox_20mm_80ds_leaky_T3_stenosis_length_B_rederived,65.0,44.81264687948566,grid,518,0.6632877314106241,0.06926623084756676,0.7442486890607352,0.8179905903220505,0.8179905903220505,0.2251854453565222,1,0.009227147025381497,1
280_left_LAD_prox_20mm_80ds_leaky_T3_stenosis_length_B_rederived,70.0,49.81264687948567,grid,527,0.6625130974641603,0.06401472630307431,0.764402672189459,0.7971567090042601,0.7971567090042601,0.2248601317503382,1,0.007593797455032359,1
280_left_LAD_prox_20mm_80ds_leaky_T3_stenosis_length_B_rederived,75.0,54.812646879485655,grid,536,0.6615412482970138,0.05916709310177007,0.7211220414990789,0.7768794486827071,0.7768794486827071,0.22453446800631852,1,0.00885834252311668,1
280_left_LAD_prox_20mm_80ds_leaky_T3_stenosis_length_B_rederived,80.0,59.81264687948566,grid,546,0.6604533196652936,0.054318221339948874,0.6535313722599999,0.7554433078874645,0.7554433078874645,0.2241834714412907,1,0.008048827933208847,1
280_left_LAD_prox_20mm_80ds_leaky_T3_stenosis_length_C_flowmatched,0.0,-20.187353120514338,grid,33,0.9968890355746979,0.9079404129537997,1.5574375297958263,1.551406788648322,1.551406788648322,0.432657233676838,1,0.0619426907328915,1
280_left_LAD_prox_20mm_80ds_leaky_T3_stenosis_length_C_flowmatched,5.0,-15.187353120514334,grid,123,0.996129942575612,0.5689375261731706,1.2746817274506872,1.2964444640641941,1.2964444640641941,0.4645864206898306,1,0.010145795687685269,1
280_left_LAD_prox_20mm_80ds_leaky_T3_stenosis_length_C_flowmatched,8.957353120514336,-11.23,lesion_prox,134,0.9953621786287127,0.5234094154132883,1.1439428806304102,1.249618308915313,1.249618308915313,0.4772798242416293,1,0.010309420195211132,1
280_left_LAD_prox_20mm_80ds_leaky_T3_stenosis_length_C_flowmatched,10.0,-10.187353120514336,grid,137,0.9951147677023133,0.5115843259675904,1.2251780927373563,1.236857509804415,1.236857509804415,0.48108509691405166,1,0.010702444470718088,1
280_left_LAD_prox_20mm_80ds_leaky_T3_stenosis_length_C_flowmatched,15.0,-5.187353120514337,grid,301,0.9931692847523729,0.26675137337216726,1.1733568888207417,1.2206933767866035,1.2206933767866035,0.2609459638963124,1,0.012086599171324404,1
280_left_LAD_prox_20mm_80ds_leaky_T3_stenosis_length_C_flowmatched,20.187353120514338,0.0,throat,313,0.781194246973494,0.21527787146913127,1.2105448227053623,1.1584701752474225,1.1584701752474225,0.24638173152318768,1,0.013143572819158005,1
280_left_LAD_prox_20mm_80ds_leaky_T3_stenosis_length_C_flowmatched,25.0,4.812646879485665,grid,441,0.6748260821305141,0.12255443711458407,1.0651709023511193,0.9848859171917349,0.9848859171917349,0.22826269547660472,1,0.00679913061292891,1
280_left_LAD_prox_20mm_80ds_leaky_T3_stenosis_length_C_flowmatched,30.0,9.812646879485662,grid,450,0.6733008038750637,0.11499946529136125,0.959844622361352,0.9647314332554764,0.9647314332554764,0.227897844806465,1,0.0071318927153547615,1
280_left_LAD_prox_20mm_80ds_leaky_T3_stenosis_length_C_flowmatched,31.41735312051434,11.23,lesion_dist,453,0.6730253641384782,0.11249278585387812,0.8145457344479954,0.9578477600593779,0.9578477600593779,0.22777124340193847,1,0.0074746521203215835,1
280_left_LAD_prox_20mm_80ds_leaky_T3_stenosis_length_C_flowmatched,35.0,14.812646879485667,grid,459,0.6721639515880338,0.10777796291027525,0.7775125005772442,0.944613510779705,0.944613510779705,0.22752608617265171,1,0.006587225344413634,1
280_left_LAD_prox_20mm_80ds_leaky_T3_stenosis_length_C_flowmatched,40.0,19.812646879485666,grid,469,0.6704918152769502,0.10042595433528716,0.6101328706168563,0.9231657264685023,0.9231657264685023,0.227127977950195,1,0.0074989285568306295,1
280_left_LAD_prox_20mm_80ds_leaky_T3_stenosis_length_C_flowmatched,45.0,24.812646879485662,grid,480,0.6674117445119618,0.09374777512223917,0.6542702927542781,0.9026916563296543,0.9026916563296543,0.22678084505048066,1,0.005236933682840234,1
280_left_LAD_prox_20mm_80ds_leaky_T3_stenosis_length_C_flowmatched,50.57164524528136,30.384292124767025,measurement,492,0.6653578436837562,0.08641086278158519,0.7335063361396024,0.8789698092716568,0.8789698092716568,0.2264175835846639,1,0.007746166323861945,1
280_left_LAD_prox_20mm_80ds_leaky_T3_stenosis_length_C_flowmatched,55.0,34.81264687948567,grid,499,0.6641576758200426,0.08123290692011469,0.6843269710392289,0.8613801582797448,0.8613801582797448,0.22615754868889437,1,0.008944537046472623,1
280_left_LAD_prox_20mm_80ds_leaky_T3_stenosis_length_C_flowmatched,60.0,39.812646879485655,grid,508,0.6632935048149662,0.07526166069675841,0.9050871855438454,0.8401171285012259,0.8401171285012259,0.22584889165688657,1,0.008842658662035253,1
280_left_LAD_prox_20mm_80ds_leaky_T3_stenosis_length_C_flowmatched,65.0,44.81264687948566,grid,518,0.6626028561270264,0.06936707306798608,0.7442486890607352,0.8179905903220505,0.8179905903220505,0.22551328476741547,1,0.009227147025381497,1
280_left_LAD_prox_20mm_80ds_leaky_T3_stenosis_length_C_flowmatched,70.0,49.81264687948567,grid,527,0.6618270959474779,0.06410768109300624,0.764402672189459,0.7971567090042601,0.7971567090042601,0.225186647655631,1,0.007593797455032359,1
280_left_LAD_prox_20mm_80ds_leaky_T3_stenosis_length_C_flowmatched,75.0,54.812646879485655,grid,536,0.6608538376224158,0.05925278433616051,0.7211220414990789,0.7768794486827071,0.7768794486827071,0.22485965950581582,1,0.00885834252311668,1
280_left_LAD_prox_20mm_80ds_leaky_T3_stenosis_length_C_flowmatched,80.0,59.81264687948566,grid,546,0.6597643360071874,0.05439666745010575,0.6535313722599999,0.7554433078874645,0.7554433078874645,0.22450723611660967,1,0.008048827933208847,1
280_left_LAD_prox_20mm_80ds_leaky_T4_taper_A_fixed,0.0,-20.187353120514338,grid,33,0.9969331697417776,0.890326007594962,1.5574375297958263,1.551406788648322,1.551406788648322,0.42426351115200434,1,0.0619426907328915,1
280_left_LAD_prox_20mm_80ds_leaky_T4_taper_A_fixed,5.0,-15.187353120514334,grid,123,0.9961946742329683,0.5521947767110218,1.2746817274506872,1.2926407379258669,1.2926407379258669,0.4549068354068952,1,0.01657995458786358,1
280_left_LAD_prox_20mm_80ds_leaky_T4_taper_A_fixed,10.187353120514336,-10.0,lesion_prox,138,0.9951384440077127,0.4909513484411038,1.1586576919788292,1.1881095541991296,1.1881095541991296,0.5208739965190551,1,0.01784743305275915,1
280_left_LAD_prox_20mm_80ds_leaky_T4_taper_A_fixed,15.0,-5.187353120514337,grid,301,0.9935485609776705,0.2514255020451129,1.09122190660329,1.135244840411542,1.135244840411542,0.30577670762390585,1,0.012086599171324907,1
280_left_LAD_prox_20mm_80ds_leaky_T4_taper_A_fixed,20.187353120514338,0.0,throat,313,0.7539870723061006,0.20004578974788143,1.1258066851159871,1.0773772629801035,1.0773772629801035,0.2846359046098621,1,0.01314357281915838,1
280_left_LAD_prox_20mm_80ds_leaky_T4_taper_A_fixed,25.0,4.812646879485665,grid,441,0.6356723494361219,0.1136716174678343,0.990608939186541,0.9159439029883144,0.9159439029883144,0.2632140671333493,1,0.006799130612929163,1
280_left_LAD_prox_20mm_80ds_leaky_T4_taper_A_fixed,30.187353120514334,9.999999999999998,lesion_dist,450,0.6344503030447858,0.10661091499634033,0.8926554987960575,0.8972002329275938,0.8972002329275938,0.26266198510435884,1,0.0071318927153544275,1
280_left_LAD_prox_20mm_80ds_leaky_T4_taper_A_fixed,35.0,14.812646879485667,grid,459,0.6330531704923015,0.0998627725068971,0.7230866255368371,0.8784905650251265,0.8784905650251265,0.2620933483086449,1,0.0065872253444139136,1
280_left_LAD_prox_20mm_80ds_leaky_T4_taper_A_fixed,40.0,19.812646879485666,grid,469,0.6309827808373213,0.09299727800028679,0.5674235696736764,0.8585441256157078,0.8585441256157078,0.26148456512478213,1,0.007498928556830658,1
280_left_LAD_prox_20mm_80ds_leaky_T4_taper_A_fixed,45.0,24.812646879485662,grid,480,0.6271868970204669,0.0867694501574691,0.6084713722614786,0.8395032403865792,0.8395032403865792,0.26095366421175736,1,0.00523693368283986,1
280_left_LAD_prox_20mm_80ds_leaky_T4_taper_A_fixed,50.57164524528136,30.384292124767025,measurement,492,0.6246462941098049,0.07993654487756566,0.6821608926098303,0.8174419226226415,0.8174419226226415,0.26039841517137896,1,0.007746166323862227,1
280_left_LAD_prox_20mm_80ds_leaky_T4_taper_A_fixed,55.0,34.81264687948567,grid,499,0.6231624540592191,0.07511816734869037,0.636424083066483,0.8010835472001633,0.8010835472001633,0.2600011277669212,1,0.008944537046472755,1
280_left_LAD_prox_20mm_80ds_leaky_T4_taper_A_fixed,60.0,39.812646879485655,grid,508,0.6220944011858028,0.06956516134668099,0.8417310825557763,0.7813089295061406,0.7813089295061406,0.2595297316227698,1,0.008842658662035548,1
280_left_LAD_prox_20mm_80ds_leaky_T4_taper_A_fixed,65.0,44.81264687948566,grid,518,0.6212412784092423,0.06408535863143418,0.6921512808264838,0.7607312489995074,0.7607312489995074,0.25901727753418086,1,0.009227147025380949,1
280_left_LAD_prox_20mm_80ds_leaky_T4_taper_B_rederived,0.0,-20.187353120514338,grid,33,0.9968492136325785,0.9131288513261469,1.5574375297958263,1.551406788648322,1.551406788648322,0.4351296595775417,1,0.0619426907328915,1
280_left_LAD_prox_20mm_80ds_leaky_T4_taper_B_rederived,5.0,-15.187353120514334,grid,123,0.9961084887588084,0.5372910243685476,1.2746817274506872,1.2926407379258669,1.2926407379258669,0.44262888729919136,1,0.01657995458786358,1
280_left_LAD_prox_20mm_80ds_leaky_T4_taper_B_rederived,10.187353120514336,-10.0,lesion_prox,138,0.9951293001073365,0.4379840029181092,1.1586576919788292,1.1881095541991296,1.1881095541991296,0.4646783815458586,1,0.01784743305275915,1
280_left_LAD_prox_20mm_80ds_leaky_T4_taper_B_rederived,15.0,-5.187353120514337,grid,301,0.9937304800801828,0.22246795043983664,1.09122190660329,1.135244840411542,1.135244840411542,0.270559338189671,1,0.012086599171324907,1
280_left_LAD_prox_20mm_80ds_leaky_T4_taper_B_rederived,20.187353120514338,0.0,throat,313,0.7894332972104919,0.17972113110433502,1.1258066851159871,1.0773772629801035,1.0773772629801035,0.25571688758789174,1,0.01314357281915838,1
280_left_LAD_prox_20mm_80ds_leaky_T4_taper_B_rederived,25.0,4.812646879485665,grid,441,0.6829869903040606,0.10258484907167405,0.990608939186541,0.9159439029883144,0.9159439029883144,0.23754192956792247,1,0.006799130612929163,1
280_left_LAD_prox_20mm_80ds_leaky_T4_taper_B_rederived,30.187353120514334,9.999999999999998,lesion_dist,450,0.6818839871770576,0.09624689861180152,0.8926554987960575,0.8972002329275938,0.8972002329275938,0.23712770357877105,1,0.0071318927153544275,1
280_left_LAD_prox_20mm_80ds_leaky_T4_taper_B_rederived,35.0,14.812646879485667,grid,459,0.6806223897217707,0.09018779117768824,0.7230866255368371,0.8784905650251265,0.8784905650251265,0.2367010205398476,1,0.0065872253444139136,1
280_left_LAD_prox_20mm_80ds_leaky_T4_taper_B_rederived,40.0,19.812646879485666,grid,469,0.6787521088036682,0.0840205002237823,0.5674235696736764,0.8585441256157078,0.8585441256157078,0.23624416149593783,1,0.007498928556830658,1
280_left_LAD_prox_20mm_80ds_leaky_T4_taper_B_rederived,45.0,24.812646879485662,grid,480,0.6753394975489689,0.07842067602123966,0.6084713722614786,0.8395032403865792,0.8395032403865792,0.23584525107128426,1,0.00523693368283986,1
280_left_LAD_prox_20mm_80ds_leaky_T4_taper_B_rederived,50.57164524528136,30.384292124767025,measurement,492,0.6730429261467076,0.07227111902548691,0.6821608926098303,0.8174419226226415,0.8174419226226415,0.23542779945922523,1,0.007746166323862227,1
280_left_LAD_prox_20mm_80ds_leaky_T4_taper_B_rederived,55.0,34.81264687948567,grid,499,0.6717011668416338,0.06793224686548585,0.636424083066483,0.8010835472001633,0.8010835472001633,0.23512901632410696,1,0.008944537046472755,1
280_left_LAD_prox_20mm_80ds_leaky_T4_taper_B_rederived,60.0,39.812646879485655,grid,508,0.6707351522216913,0.06292966703848242,0.8417310825557763,0.7813089295061406,0.7813089295061406,0.23477440835960664,1,0.008842658662035548,1
280_left_LAD_prox_20mm_80ds_leaky_T4_taper_B_rederived,65.0,44.81264687948566,grid,518,0.6699632454026655,0.057991862430672746,0.6921512808264838,0.7607312489995074,0.7607312489995074,0.2343888627091458,1,0.009227147025380949,1
280_left_LAD_prox_20mm_80ds_leaky_T4_taper_C_flowmatched,0.0,-20.187353120514338,grid,33,0.996903344439441,0.8978278545335202,1.5574375297958263,1.551406788648322,1.551406788648322,0.42783833643524544,1,0.0619426907328915,1
280_left_LAD_prox_20mm_80ds_leaky_T4_taper_C_flowmatched,5.0,-15.187353120514334,grid,123,0.9961744875382237,0.5288353230961542,1.2746817274506872,1.2926407379258669,1.2926407379258669,0.43566294616899565,1,0.01657995458786358,1
280_left_LAD_prox_20mm_80ds_leaky_T4_taper_C_flowmatched,10.187353120514336,-10.0,lesion_prox,138,0.9952104105186438,0.4313386465617917,1.1586576919788292,1.1881095541991296,1.1881095541991296,0.4576280020436957,1,0.01784743305275915,1
280_left_LAD_prox_20mm_80ds_leaky_T4_taper_C_flowmatched,15.0,-5.187353120514337,grid,301,0.9938302214622928,0.21971335783047719,1.09122190660329,1.135244840411542,1.135244840411542,0.2672092792175944,1,0.012086599171324907,1
280_left_LAD_prox_20mm_80ds_leaky_T4_taper_C_flowmatched,20.187353120514338,0.0,throat,313,0.7928442824578609,0.1777345060868413,1.1258066851159871,1.0773772629801035,1.0773772629801035,0.25289021070712575,1,0.01314357281915838,1
280_left_LAD_prox_20mm_80ds_leaky_T4_taper_C_flowmatched,25.0,4.812646879485665,grid,441,0.6875611149808523,0.10149197498673868,0.990608939186541,0.9159439029883144,0.9159439029883144,0.2350113081237271,1,0.006799130612929163,1
280_left_LAD_prox_20mm_80ds_leaky_T4_taper_C_flowmatched,30.187353120514334,9.999999999999998,lesion_dist,450,0.6864698495460817,0.095224562749796,0.8926554987960575,0.8972002329275938,0.8972002329275938,0.23460892989629245,1,0.0071318927153544275,1
280_left_LAD_prox_20mm_80ds_leaky_T4_taper_C_flowmatched,35.0,14.812646879485667,grid,459,0.6852216275802564,0.08923273722986225,0.7230866255368371,0.8784905650251265,0.8784905650251265,0.23419444796312672,1,0.0065872253444139136,1
280_left_LAD_prox_20mm_80ds_leaky_T4_taper_C_flowmatched,40.0,19.812646879485666,grid,469,0.6833711100801539,0.0831336796268877,0.5674235696736764,0.8585441256157078,0.8585441256157078,0.23375064874901666,1,0.007498928556830658,1
280_left_LAD_prox_20mm_80ds_leaky_T4_taper_C_flowmatched,45.0,24.812646879485662,grid,480,0.6799961726975114,0.07759533680816107,0.6084713722614786,0.8395032403865792,0.8395032403865792,0.233363095295494,1,0.00523693368283986,1
280_left_LAD_prox_20mm_80ds_leaky_T4_taper_C_flowmatched,50.57164524528136,30.384292124767025,measurement,492,0.6777237344080441,0.07151279385770565,0.6821608926098303,0.8174419226226415,0.8174419226226415,0.23295750665163314,1,0.007746166323862227,1
280_left_LAD_prox_20mm_80ds_leaky_T4_taper_C_flowmatched,55.0,34.81264687948567,grid,499,0.6763960352628152,0.06722099356888923,0.636424083066483,0.8010835472001633,0.8010835472001633,0.2326672062750858,1,0.008944537046472755,1
280_left_LAD_prox_20mm_80ds_leaky_T4_taper_C_flowmatched,60.0,39.812646879485655,grid,508,0.6754401230496374,0.06227249223135293,0.8417310825557763,0.7813089295061406,0.7813089295061406,0.2323226581153488,1,0.008842658662035548,1
280_left_LAD_prox_20mm_80ds_leaky_T4_taper_C_flowmatched,65.0,44.81264687948566,grid,518,0.6746762631460629,0.05738796198198402,0.6921512808264838,0.7607312489995074,0.7607312489995074,0.23194804543884504,1,0.009227147025380949,1
280_left_LAD_prox_20mm_80ds_discrete_clean_none,0.0,-20.187353120514338,grid,33,0.9970971146210544,0.7031303980694125,1.5574375297958263,1.551406788648322,1.551406788648322,0.3350599319101856,1,0.0619426907328915,1
280_left_LAD_prox_20mm_80ds_discrete_clean_none,5.0,-15.187353120514334,grid,123,0.9964744808019996,0.4725293971164037,1.2746817274506872,1.2964444640641941,1.2964444640641941,0.38586089188677236,1,0.010145795687685269,1
280_left_LAD_prox_20mm_80ds_discrete_clean_none,10.187353120514336,-10.0,lesion_prox,138,0.9955180035257682,0.47252939711457465,1.245868485998741,1.232429207872082,1.232429207872082,0.44916568466724655,1,0.010562683354223359,1
280_left_LAD_prox_20mm_80ds_discrete_clean_none,15.0,-5.187353120514337,grid,301,0.9943385712716185,0.2563321469394512,1.1733568888207417,1.2206933767866035,1.2206933767866035,0.2507534949685303,1,0.012086599171324404,1
280_left_LAD_prox_20mm_80ds_discrete_clean_none,20.187353120514338,0.0,throat,313,0.7379315994006804,0.25633214693940787,1.2105448227053623,1.1584701752474225,1.1584701752474225,0.29336762657950827,1,0.013143572819158005,1
280_left_LAD_prox_20mm_80ds_discrete_clean_none,25.0,4.812646879485665,grid,441,0.6251548331574952,0.12198709188993932,1.0651709023511193,0.9848859171917349,0.9848859171917349,0.22720599158817587,1,0.00679913061292891,1
280_left_LAD_prox_20mm_80ds_discrete_clean_none,30.187353120514334,9.999999999999998,lesion_dist,450,0.6241497184543756,0.12198709188977355,0.959844622361352,0.9647314332554764,0.9647314332554764,0.24174543129789644,1,0.0071318927153547615,1
280_left_LAD_prox_20mm_80ds_discrete_clean_none,35.0,14.812646879485667,grid,459,0.6229045017287642,0.1219870918896924,0.7775125005772442,0.944613510779705,0.944613510779705,0.25752245479302177,1,0.006587225344413634,1
280_left_LAD_prox_20mm_80ds_discrete_clean_none,40.0,19.812646879485666,grid,469,0.6209231751600822,0.12198709188951415,0.6101328706168563,0.9231657264685023,0.9231657264685023,0.2758916427558861,1,0.0074989285568306295,1
280_left_LAD_prox_20mm_80ds_discrete_clean_none,45.0,24.812646879485662,grid,480,0.6170029532601711,0.12198709188960771,0.6542702927542781,0.9026916563296543,0.9026916563296543,0.2950932515241447,1,0.005236933682840234,1
280_left_LAD_prox_20mm_80ds_discrete_clean_none,50.57164524528136,30.384292124767025,measurement,492,0.6142179175355617,0.1219870918895856,0.7335063361396024,0.8789698092716568,0.8789698092716568,0.31963600044098117,1,0.007746166323861945,1
280_left_LAD_prox_20mm_80ds_discrete_clean_none,55.0,34.81264687948567,grid,499,0.612458548403335,0.12198709188955491,0.6843269710392289,0.8613801582797448,0.8613801582797448,0.3396197762633224,1,0.008944537046472623,1
280_left_LAD_prox_20mm_80ds_discrete_clean_none,60.0,39.812646879485655,grid,508,0.6111150228810482,0.12198709188940887,0.9050871855438454,0.8401171285012259,0.8401171285012259,0.366064862834689,1,0.008842658662035253,1
280_left_LAD_prox_20mm_80ds_discrete_clean_none,65.0,44.81264687948566,grid,518,0.6099370007834597,0.12198709188947214,0.7442486890607352,0.8179905903220505,0.8179905903220505,0.39658167159882,1,0.009227147025381497,1
280_left_LAD_prox_20mm_80ds_discrete_clean_none,70.0,49.81264687948567,grid,527,0.6085149753082432,0.12198709188940784,0.764402672189459,0.7971567090042601,0.7971567090042601,0.4284956780761168,1,0.007593797455032359,1
280_left_LAD_prox_20mm_80ds_discrete_clean_none,75.0,54.812646879485655,grid,536,0.6065797545512916,0.1219870918892179,0.7211220414990789,0.7768794486827071,0.7768794486827071,0.4629314259848945,1,0.00885834252311668,1
280_left_LAD_prox_20mm_80ds_discrete_clean_none,80.0,59.81264687948566,grid,546,0.6042189535009692,0.12198709188905597,0.6535313722599999,0.7554433078874645,0.7554433078874645,0.5034680638668723,1,0.008048827933208847,1
280_left_LAD_prox_20mm_80ds_discrete_T2_truncation_A_fixed,0.0,-20.187353120514338,grid,33,0.997302317402749,0.6162742160335374,1.5574375297958263,1.551406788648322,1.551406788648322,0.29367070095270675,1,0.0619426907328915,1
280_left_LAD_prox_20mm_80ds_discrete_T2_truncation_A_fixed,5.0,-15.187353120514334,grid,123,0.9967857294101068,0.3856187994389675,1.2746817274506872,1.2964444640641941,1.2964444640641941,0.3148909142750582,1,0.010145795687685269,1
280_left_LAD_prox_20mm_80ds_discrete_T2_truncation_A_fixed,10.187353120514336,-10.0,lesion_prox,138,0.9960051734887132,0.3856187994415087,1.245868485998741,1.232429207872082,1.232429207872082,0.36655228887211283,1,0.010562683354223359,1
280_left_LAD_prox_20mm_80ds_discrete_T2_truncation_A_fixed,15.0,-5.187353120514337,grid,301,0.9951674689607269,0.1692940578134494,1.1733568888207417,1.2206933767866035,1.2206933767866035,0.16560964818881777,1,0.012086599171324404,1
280_left_LAD_prox_20mm_80ds_discrete_T2_truncation_A_fixed,20.187353120514338,0.0,throat,313,0.857880005759258,0.16929405781365311,1.2105448227053623,1.1584701752474225,1.1584701752474225,0.1937540668535244,1,0.013143572819158005,1
280_left_LAD_prox_20mm_80ds_discrete_T2_truncation_A_fixed,25.0,4.812646879485665,grid,441,0.7942602840939813,-1.509695840605663e-13,1.0651709023511193,1.0481866780889917,1.0481866780889917,-2.3325836959710365e-13,1,0.021853269383006267,1
280_left_LAD_prox_20mm_80ds_discrete_T2_truncation_A_fixed,30.187353120514334,9.999999999999998,lesion_dist,450,0.7942602840939826,0.0,0.959844622361352,0.9788933613817303,0.9788933613817303,0.0,1,0.02402810138892433,1
280_left_LAD_prox_20mm_80ds_discrete_T2_truncation_A_fixed,35.0,14.812646879485667,grid,459,0.7942602840939804,1.285577137177057e-13,0.7775125005772442,0.9097257469682535,0.9097257469682535,3.038297987664341e-13,1,0.02338329058715756,1
280_left_LAD_prox_20mm_80ds_discrete_T2_truncation_A_fixed,40.0,19.812646879485666,grid,469,0.794260284093982,-9.570313878395831e-14,0.6101328706168563,0.8359859223393774,0.8359859223393774,-2.9146940443009843e-13,1,0.02827156726230658,1
280_left_LAD_prox_20mm_80ds_discrete_T2_truncation_A_fixed,45.0,24.812646879485662,grid,480,0.7942602840939859,-8.193439458743459e-14,0.6542702927542781,0.7655938333677742,0.7655938333677742,-3.248887352605387e-13,1,0.021116168884982432,1
280_left_LAD_prox_20mm_80ds_discrete_T2_truncation_B_rederived,0.0,-20.187353120514338,grid,33,0.9971132218313993,0.7042138858127456,1.5574375297958263,1.551406788648322,1.551406788648322,0.3355762420149735,1,0.0619426907328915,1
280_left_LAD_prox_20mm_80ds_discrete_T2_truncation_B_rederived,5.0,-15.187353120514334,grid,123,0.9964856496993625,0.4771553970737184,1.2746817274506872,1.2964444640641941,1.2964444640641941,0.389638418703708,1,0.010145795687685269,1
280_left_LAD_prox_20mm_80ds_discrete_T2_truncation_B_rederived,10.187353120514336,-10.0,lesion_prox,138,0.995519808637794,0.47715539707321303,1.245868485998741,1.232429207872082,1.232429207872082,0.45356295698803856,1,0.010562683354223359,1
280_left_LAD_prox_20mm_80ds_discrete_T2_truncation_B_rederived,15.0,-5.187353120514337,grid,301,0.9943120799437005,0.26419570515236107,1.1733568888207417,1.2206933767866035,1.2206933767866035,0.25844591563569463,1,0.012086599171324404,1
280_left_LAD_prox_20mm_80ds_discrete_T2_truncation_B_rederived,20.187353120514338,0.0,throat,313,0.7255196201331441,0.26419570515250107,1.2105448227053623,1.1584701752474225,1.1584701752474225,0.3023673304285548,1,0.013143572819158005,1
280_left_LAD_prox_20mm_80ds_discrete_T2_truncation_B_rederived,25.0,4.812646879485665,grid,441,0.61009089482075,0.1353297149895294,1.0651709023511193,1.0481866780889917,1.0481866780889917,0.2090936983957928,1,0.021853269383006267,1
280_left_LAD_prox_20mm_80ds_discrete_T2_truncation_B_rederived,30.187353120514334,9.999999999999998,lesion_dist,450,0.6089954494615208,0.1353297149899455,0.959844622361352,0.9788933613817303,0.9788933613817303,0.2567146786823793,1,0.02402810138892433,1
280_left_LAD_prox_20mm_80ds_discrete_T2_truncation_B_rederived,35.0,14.812646879485667,grid,459,0.6076140347133934,0.13532971499016358,0.7775125005772442,0.9097257469682535,0.9097257469682535,0.31983456210856204,1,0.02338329058715756,1
280_left_LAD_prox_20mm_80ds_discrete_T2_truncation_B_rederived,40.0,19.812646879485666,grid,469,0.6054159959234778,0.13532971499015936,0.6101328706168563,0.8359859223393774,0.8359859223393774,0.4121544176196692,1,0.02827156726230658,1
280_left_LAD_prox_20mm_80ds_discrete_T2_truncation_B_rederived,45.0,24.812646879485662,grid,480,0.601357574704758,0.1353297149900357,0.6542702927542781,0.7655938333677742,0.7655938333677742,0.5366134718840607,1,0.021116168884982432,1
280_left_LAD_prox_20mm_80ds_discrete_T2_truncation_C_flowmatched,0.0,-20.187353120514338,grid,33,0.9970918800650194,0.7089817746086169,1.5574375297958263,1.551406788648322,1.551406788648322,0.33784826509872334,1,0.0619426907328915,1
280_left_LAD_prox_20mm_80ds_discrete_T2_truncation_C_flowmatched,5.0,-15.187353120514334,grid,123,0.9964604381892532,0.48001446380535767,1.2746817274506872,1.2964444640641941,1.2964444640641941,0.3919730925795904,1,0.010145795687685269,1
280_left_LAD_prox_20mm_80ds_discrete_T2_truncation_C_flowmatched,10.187353120514336,-10.0,lesion_prox,138,0.9954888099060297,0.4800144638045951,1.245868485998741,1.232429207872082,1.232429207872082,0.4562806602119064,1,0.010562683354223359,1
280_left_LAD_prox_20mm_80ds_discrete_T2_truncation_C_flowmatched,15.0,-5.187353120514337,grid,301,0.9942752964024745,0.26531468001947084,1.1733568888207417,1.2206933767866035,1.2206933767866035,0.2595405378360696,1,0.012086599171324404,1
280_left_LAD_prox_20mm_80ds_discrete_T2_truncation_C_flowmatched,20.187353120514338,0.0,throat,313,0.7236985301529737,0.2653146800198012,1.2105448227053623,1.1584701752474225,1.1584701752474225,0.3036479774521197,1,0.013143572819158005,1
280_left_LAD_prox_20mm_80ds_discrete_T2_truncation_C_flowmatched,25.0,4.812646879485665,grid,441,0.6077812118113706,0.13590042673006056,1.0651709023511193,1.0481866780889917,1.0481866780889917,0.20997548720732467,1,0.021853269383006267,1
280_left_LAD_prox_20mm_80ds_discrete_T2_truncation_C_flowmatched,30.187353120514334,9.999999999999998,lesion_dist,450,0.6066811467459102,0.13590042673031005,0.959844622361352,0.9788933613817303,0.9788933613817303,0.2577972944335381,1,0.02402810138892433,1
280_left_LAD_prox_20mm_80ds_discrete_T2_truncation_C_flowmatched,35.0,14.812646879485667,grid,459,0.6052939063029974,0.13590042673024294,0.7775125005772442,0.9097257469682535,0.9097257469682535,0.32118336668922465,1,0.02338329058715756,1
280_left_LAD_prox_20mm_80ds_discrete_T2_truncation_C_flowmatched,40.0,19.812646879485666,grid,469,0.6030865979558185,0.13590042673026084,0.6101328706168563,0.8359859223393774,0.8359859223393774,0.4138925529943527,1,0.02827156726230658,1
280_left_LAD_prox_20mm_80ds_discrete_T2_truncation_C_flowmatched,45.0,24.812646879485662,grid,480,0.5990110615851442,0.13590042673026131,0.6542702927542781,0.7655938333677742,0.7655938333677742,0.5388764753078839,1,0.021116168884982432,1
280_left_LAD_prox_20mm_80ds_discrete_T3_stenosis_length_A_fixed,0.0,-20.187353120514338,grid,33,0.9971097406878311,0.6977861627460465,1.5574375297958263,1.551406788648322,1.551406788648322,0.33251326470809117,1,0.0619426907328915,1
280_left_LAD_prox_20mm_80ds_discrete_T3_stenosis_length_A_fixed,5.0,-15.187353120514334,grid,123,0.9964936318372675,0.4671818136214175,1.2746817274506872,1.2964444640641941,1.2964444640641941,0.3814941300526805,1,0.010145795687685269,1
280_left_LAD_prox_20mm_80ds_discrete_T3_stenosis_length_A_fixed,8.957353120514336,-11.23,lesion_prox,134,0.9958314733538493,0.46718181361868966,1.1439428806304102,1.249618308915313,1.249618308915313,0.4260077242148,1,0.010309420195211132,1
280_left_LAD_prox_20mm_80ds_discrete_T3_stenosis_length_A_fixed,10.0,-10.187353120514336,grid,137,0.995607340742546,0.4671818136186862,1.2251780927373563,1.236857509804415,1.236857509804415,0.4393297383694014,1,0.010702444470718088,1
280_left_LAD_prox_20mm_80ds_discrete_T3_stenosis_length_A_fixed,15.0,-5.187353120514337,grid,301,0.9938072721607647,0.25100736259468337,1.1733568888207417,1.2206933767866035,1.2206933767866035,0.24554459588838626,1,0.012086599171324404,1
280_left_LAD_prox_20mm_80ds_discrete_T3_stenosis_length_A_fixed,20.187353120514338,0.0,throat,313,0.7324690464628352,0.25100736259471235,1.2105448227053623,1.1584701752474225,1.1584701752474225,0.28727350469935137,1,0.013143572819158005,1
280_left_LAD_prox_20mm_80ds_discrete_T3_stenosis_length_A_fixed,25.0,4.812646879485665,grid,441,0.6104612390849503,0.11872554212229063,1.0651709023511193,0.9848859171917349,0.9848859171917349,0.22113122058091714,1,0.00679913061292891,1
280_left_LAD_prox_20mm_80ds_discrete_T3_stenosis_length_A_fixed,30.0,9.812646879485662,grid,450,0.6089499958241327,0.11872554212211502,0.959844622361352,0.9647314332554764,0.9647314332554764,0.23528192156856692,1,0.0071318927153547615,1
280_left_LAD_prox_20mm_80ds_discrete_T3_stenosis_length_A_fixed,31.41735312051434,11.23,lesion_dist,453,0.6086611780566199,0.11872554212238479,0.8145457344479954,0.9578477600593779,0.9578477600593779,0.24039109839373352,1,0.0074746521203215835,1
280_left_LAD_prox_20mm_80ds_discrete_T3_stenosis_length_A_fixed,35.0,14.812646879485667,grid,459,0.6077285657700918,0.11872554212223807,0.7775125005772442,0.944613510779705,0.944613510779705,0.2506371172582607,1,0.006587225344413634,1
280_left_LAD_prox_20mm_80ds_discrete_T3_stenosis_length_A_fixed,40.0,19.812646879485666,grid,469,0.605800213619517,0.11872554212202878,0.6101328706168563,0.9231657264685023,0.9231657264685023,0.2685151711198821,1,0.0074989285568306295,1
280_left_LAD_prox_20mm_80ds_discrete_T3_stenosis_length_A_fixed,45.0,24.812646879485662,grid,480,0.6019916221318888,0.11872554212201555,0.6542702927542781,0.9026916563296543,0.9026916563296543,0.28720338948203966,1,0.005236933682840234,1
280_left_LAD_prox_20mm_80ds_discrete_T3_stenosis_length_A_fixed,50.57164524528136,30.384292124767025,measurement,492,0.5992810494711931,0.11872554212206632,0.7335063361396024,0.8789698092716568,0.8789698092716568,0.31108994276569296,1,0.007746166323861945,1
280_left_LAD_prox_20mm_80ds_discrete_T3_stenosis_length_A_fixed,55.0,34.81264687948567,grid,499,0.5975687203158632,0.11872554212199653,0.6843269710392289,0.8613801582797448,0.8613801582797448,0.3305394155040648,1,0.008944537046472623,1
280_left_LAD_prox_20mm_80ds_discrete_T3_stenosis_length_A_fixed,60.0,39.812646879485655,grid,508,0.5962611164250133,0.11872554212179275,0.9050871855438454,0.8401171285012259,0.8401171285012259,0.35627744393799693,1,0.008842658662035253,1
280_left_LAD_prox_20mm_80ds_discrete_T3_stenosis_length_A_fixed,65.0,44.81264687948566,grid,518,0.5951145909197217,0.11872554212164717,0.7442486890607352,0.8179905903220505,0.8179905903220505,0.38597832956572414,1,0.009227147025381497,1
280_left_LAD_prox_20mm_80ds_discrete_T3_stenosis_length_A_fixed,70.0,49.81264687948567,grid,527,0.59373058591689,0.11872554212172809,0.764402672189459,0.7971567090042601,0.7971567090042601,0.4170390562513426,1,0.007593797455032359,1
280_left_LAD_prox_20mm_80ds_discrete_T3_stenosis_length_A_fixed,75.0,54.812646879485655,grid,536,0.591847106854184,0.11872554212146827,0.7211220414990789,0.7768794486827071,0.7768794486827071,0.4505541009620451,1,0.00885834252311668,1
280_left_LAD_prox_20mm_80ds_discrete_T3_stenosis_length_A_fixed,80.0,59.81264687948566,grid,546,0.5895494261717469,0.11872554212130111,0.6535313722599999,0.7554433078874645,0.7554433078874645,0.4900069171066033,1,0.008048827933208847,1
280_left_LAD_prox_20mm_80ds_discrete_T3_stenosis_length_B_rederived,0.0,-20.187353120514338,grid,33,0.9971097406878311,0.6977861627460465,1.5574375297958263,1.551406788648322,1.551406788648322,0.33251326470809117,1,0.0619426907328915,1
280_left_LAD_prox_20mm_80ds_discrete_T3_stenosis_length_B_rederived,5.0,-15.187353120514334,grid,123,0.9964936318372675,0.4671818136214175,1.2746817274506872,1.2964444640641941,1.2964444640641941,0.3814941300526805,1,0.010145795687685269,1
280_left_LAD_prox_20mm_80ds_discrete_T3_stenosis_length_B_rederived,8.957353120514336,-11.23,lesion_prox,134,0.9958314733538493,0.46718181361868966,1.1439428806304102,1.249618308915313,1.249618308915313,0.4260077242148,1,0.010309420195211132,1
280_left_LAD_prox_20mm_80ds_discrete_T3_stenosis_length_B_rederived,10.0,-10.187353120514336,grid,137,0.995607340742546,0.4671818136186862,1.2251780927373563,1.236857509804415,1.236857509804415,0.4393297383694014,1,0.010702444470718088,1
280_left_LAD_prox_20mm_80ds_discrete_T3_stenosis_length_B_rederived,15.0,-5.187353120514337,grid,301,0.9938072721607647,0.25100736259468337,1.1733568888207417,1.2206933767866035,1.2206933767866035,0.24554459588838626,1,0.012086599171324404,1
280_left_LAD_prox_20mm_80ds_discrete_T3_stenosis_length_B_rederived,20.187353120514338,0.0,throat,313,0.7324690464628352,0.25100736259471235,1.2105448227053623,1.1584701752474225,1.1584701752474225,0.28727350469935137,1,0.013143572819158005,1
280_left_LAD_prox_20mm_80ds_discrete_T3_stenosis_length_B_rederived,25.0,4.812646879485665,grid,441,0.6104612390849503,0.11872554212229063,1.0651709023511193,0.9848859171917349,0.9848859171917349,0.22113122058091714,1,0.00679913061292891,1
280_left_LAD_prox_20mm_80ds_discrete_T3_stenosis_length_B_rederived,30.0,9.812646879485662,grid,450,0.6089499958241327,0.11872554212211502,0.959844622361352,0.9647314332554764,0.9647314332554764,0.23528192156856692,1,0.0071318927153547615,1
280_left_LAD_prox_20mm_80ds_discrete_T3_stenosis_length_B_rederived,31.41735312051434,11.23,lesion_dist,453,0.6086611780566199,0.11872554212238479,0.8145457344479954,0.9578477600593779,0.9578477600593779,0.24039109839373352,1,0.0074746521203215835,1
280_left_LAD_prox_20mm_80ds_discrete_T3_stenosis_length_B_rederived,35.0,14.812646879485667,grid,459,0.6077285657700918,0.11872554212223807,0.7775125005772442,0.944613510779705,0.944613510779705,0.2506371172582607,1,0.006587225344413634,1
280_left_LAD_prox_20mm_80ds_discrete_T3_stenosis_length_B_rederived,40.0,19.812646879485666,grid,469,0.605800213619517,0.11872554212202878,0.6101328706168563,0.9231657264685023,0.9231657264685023,0.2685151711198821,1,0.0074989285568306295,1
280_left_LAD_prox_20mm_80ds_discrete_T3_stenosis_length_B_rederived,45.0,24.812646879485662,grid,480,0.6019916221318888,0.11872554212201555,0.6542702927542781,0.9026916563296543,0.9026916563296543,0.28720338948203966,1,0.005236933682840234,1
280_left_LAD_prox_20mm_80ds_discrete_T3_stenosis_length_B_rederived,50.57164524528136,30.384292124767025,measurement,492,0.5992810494711931,0.11872554212206632,0.7335063361396024,0.8789698092716568,0.8789698092716568,0.31108994276569296,1,0.007746166323861945,1
280_left_LAD_prox_20mm_80ds_discrete_T3_stenosis_length_B_rederived,55.0,34.81264687948567,grid,499,0.5975687203158632,0.11872554212199653,0.6843269710392289,0.8613801582797448,0.8613801582797448,0.3305394155040648,1,0.008944537046472623,1
280_left_LAD_prox_20mm_80ds_discrete_T3_stenosis_length_B_rederived,60.0,39.812646879485655,grid,508,0.5962611164250133,0.11872554212179275,0.9050871855438454,0.8401171285012259,0.8401171285012259,0.35627744393799693,1,0.008842658662035253,1
280_left_LAD_prox_20mm_80ds_discrete_T3_stenosis_length_B_rederived,65.0,44.81264687948566,grid,518,0.5951145909197217,0.11872554212164717,0.7442486890607352,0.8179905903220505,0.8179905903220505,0.38597832956572414,1,0.009227147025381497,1
280_left_LAD_prox_20mm_80ds_discrete_T3_stenosis_length_B_rederived,70.0,49.81264687948567,grid,527,0.59373058591689,0.11872554212172809,0.764402672189459,0.7971567090042601,0.7971567090042601,0.4170390562513426,1,0.007593797455032359,1
280_left_LAD_prox_20mm_80ds_discrete_T3_stenosis_length_B_rederived,75.0,54.812646879485655,grid,536,0.591847106854184,0.11872554212146827,0.7211220414990789,0.7768794486827071,0.7768794486827071,0.4505541009620451,1,0.00885834252311668,1
280_left_LAD_prox_20mm_80ds_discrete_T3_stenosis_length_B_rederived,80.0,59.81264687948566,grid,546,0.5895494261717469,0.11872554212130111,0.6535313722599999,0.7554433078874645,0.7554433078874645,0.4900069171066033,1,0.008048827933208847,1
280_left_LAD_prox_20mm_80ds_discrete_T3_stenosis_length_C_flowmatched,0.0,-20.187353120514338,grid,33,0.9971000644404853,0.6999285963200629,1.5574375297958263,1.551406788648322,1.551406788648322,0.3335341900576465,1,0.0619426907328915,1
280_left_LAD_prox_20mm_80ds_discrete_T3_stenosis_length_C_flowmatched,5.0,-15.187353120514334,grid,123,0.9964822338914822,0.4684497173242307,1.2746817274506872,1.2964444640641941,1.2964444640641941,0.3825294824700742,1,0.010145795687685269,1
280_left_LAD_prox_20mm_80ds_discrete_T3_stenosis_length_C_flowmatched,8.957353120514336,-11.23,lesion_prox,134,0.9958182783492522,0.4684497173264308,1.1439428806304102,1.249618308915313,1.249618308915313,0.4271638838882139,1,0.010309420195211132,1
280_left_LAD_prox_20mm_80ds_discrete_T3_stenosis_length_C_flowmatched,10.0,-10.187353120514336,grid,137,0.9955935374553474,0.4684497173264524,1.2251780927373563,1.236857509804415,1.236857509804415,0.4405220531983882,1,0.010702444470718088,1
280_left_LAD_prox_20mm_80ds_discrete_T3_stenosis_length_C_flowmatched,15.0,-5.187353120514337,grid,301,0.9937896237397791,0.25147880014708135,1.1733568888207417,1.2206933767866035,1.2206933767866035,0.24600577336976992,1,0.012086599171324404,1
280_left_LAD_prox_20mm_80ds_discrete_T3_stenosis_length_C_flowmatched,20.187353120514338,0.0,throat,313,0.7317026378581823,0.25147880014723206,1.2105448227053623,1.1584701752474225,1.1584701752474225,0.2878130566732825,1,0.013143572819158005,1
280_left_LAD_prox_20mm_80ds_discrete_T3_stenosis_length_C_flowmatched,25.0,4.812646879485665,grid,441,0.6094698000382052,0.11892643864309198,1.0651709023511193,0.9848859171917349,0.9848859171917349,0.22150539863949786,1,0.00679913061292891,1
280_left_LAD_prox_20mm_80ds_discrete_T3_stenosis_length_C_flowmatched,30.0,9.812646879485662,grid,450,0.6079559995895428,0.11892643864268394,0.959844622361352,0.9647314332554764,0.9647314332554764,0.2356800441507092,1,0.0071318927153547615,1
280_left_LAD_prox_20mm_80ds_discrete_T3_stenosis_length_C_flowmatched,31.41735312051434,11.23,lesion_dist,453,0.6076666931109789,0.11892643864266178,0.8145457344479954,0.9578477600593779,0.9578477600593779,0.24079786625774613,1,0.0074746521203215835,1
280_left_LAD_prox_20mm_80ds_discrete_T3_stenosis_length_C_flowmatched,35.0,14.812646879485667,grid,459,0.6067325027431058,0.11892643864265218,0.7775125005772442,0.944613510779705,0.944613510779705,0.251061222500012,1,0.006587225344413634,1
280_left_LAD_prox_20mm_80ds_discrete_T3_stenosis_length_C_flowmatched,40.0,19.812646879485666,grid,469,0.6048008876111138,0.11892643864270232,0.6101328706168563,0.9231657264685023,0.9231657264685023,0.26896952797234946,1,0.0074989285568306295,1
280_left_LAD_prox_20mm_80ds_discrete_T3_stenosis_length_C_flowmatched,45.0,24.812646879485662,grid,480,0.6009854310246906,0.1189264386426935,0.6542702927542781,0.9026916563296543,0.9026916563296543,0.28768936883107105,1,0.005236933682840234,1
280_left_LAD_prox_20mm_80ds_discrete_T3_stenosis_length_C_flowmatched,50.57164524528136,30.384292124767025,measurement,492,0.5982702717804609,0.11892643864280744,0.7335063361396024,0.8789698092716568,0.8789698092716568,0.3116163407590997,1,0.007746166323861945,1
280_left_LAD_prox_20mm_80ds_discrete_T3_stenosis_length_C_flowmatched,55.0,34.81264687948567,grid,499,0.5965550451780981,0.11892643864284136,0.6843269710392289,0.8613801582797448,0.8613801582797448,0.33109872411946467,1,0.008944537046472623,1
280_left_LAD_prox_20mm_80ds_discrete_T3_stenosis_length_C_flowmatched,60.0,39.812646879485655,grid,508,0.5952452286793486,0.11892643864280641,0.9050871855438454,0.8401171285012259,0.8401171285012259,0.3568803040953282,1,0.008842658662035253,1
280_left_LAD_prox_20mm_80ds_discrete_T3_stenosis_length_C_flowmatched,65.0,44.81264687948566,grid,518,0.5940967631282906,0.11892643864276728,0.7442486890607352,0.8179905903220505,0.8179905903220505,0.38663144684993966,1,0.009227147025381497,1
280_left_LAD_prox_20mm_80ds_discrete_T3_stenosis_length_C_flowmatched,70.0,49.81264687948567,grid,527,0.5927104162385721,0.1189264386426224,0.764402672189459,0.7971567090042601,0.7971567090042601,0.41774473166019466,1,0.007593797455032359,1
280_left_LAD_prox_20mm_80ds_discrete_T3_stenosis_length_C_flowmatched,75.0,54.812646879485655,grid,536,0.5908237501245857,0.1189264386424653,0.7211220414990789,0.7768794486827071,0.7768794486827071,0.45131648746950465,1,0.00885834252311668,1
280_left_LAD_prox_20mm_80ds_discrete_T3_stenosis_length_C_flowmatched,80.0,59.81264687948566,grid,546,0.5885221815167111,0.1189264386422095,0.6535313722599999,0.7554433078874645,0.7554433078874645,0.49083606206655805,1,0.008048827933208847,1
280_left_LAD_prox_20mm_80ds_discrete_T4_taper_A_fixed,0.0,-20.187353120514338,grid,33,0.9971707593759219,0.6719587824520149,1.5574375297958263,1.551406788648322,1.551406788648322,0.3202058459042715,1,0.0619426907328915,1
280_left_LAD_prox_20mm_80ds_discrete_T4_taper_A_fixed,5.0,-15.187353120514334,grid,123,0.9965861840998724,0.44133825239047575,1.2746817274506872,1.2926407379258669,1.2926407379258669,0.36358146836297955,1,0.01657995458786358,1
280_left_LAD_prox_20mm_80ds_discrete_T4_taper_A_fixed,10.187353120514336,-10.0,lesion_prox,138,0.9956835648596145,0.4413382523890454,1.1586576919788292,1.1881095541991296,1.1881095541991296,0.46823706680621296,1,0.01784743305275915,1
280_left_LAD_prox_20mm_80ds_discrete_T4_taper_A_fixed,15.0,-5.187353120514337,grid,301,0.9942575057704427,0.22841075216588405,1.09122190660329,1.135244840411542,1.135244840411542,0.2777868084783706,1,0.012086599171324907,1
280_left_LAD_prox_20mm_80ds_discrete_T4_taper_A_fixed,20.187353120514338,0.0,throat,313,0.7073749206294463,0.22841075216587217,1.1258066851159871,1.0773772629801035,1.0773772629801035,0.3249950981087347,1,0.01314357281915838,1
280_left_LAD_prox_20mm_80ds_discrete_T4_taper_A_fixed,25.0,4.812646879485665,grid,441,0.5733204387013364,0.10712239011457929,0.990608939186541,0.9159439029883144,0.9159439029883144,0.248048902718239,1,0.006799130612929163,1
280_left_LAD_prox_20mm_80ds_discrete_T4_taper_A_fixed,30.187353120514334,9.999999999999998,lesion_dist,450,0.5721405250989614,0.10712239011488292,0.8926554987960575,0.8972002329275938,0.8972002329275938,0.26392212877700716,1,0.0071318927153544275,1
280_left_LAD_prox_20mm_80ds_discrete_T4_taper_A_fixed,35.0,14.812646879485667,grid,459,0.5706787534743895,0.10712239011490754,0.7230866255368371,0.8784905650251265,0.8784905650251265,0.281146469292167,1,0.0065872253444139136,1
280_left_LAD_prox_20mm_80ds_discrete_T4_taper_A_fixed,40.0,19.812646879485666,grid,469,0.5683528555824466,0.10712239011480469,0.5674235696736764,0.8585441256157078,0.8585441256157078,0.3012007684161529,1,0.007498928556830658,1
280_left_LAD_prox_20mm_80ds_discrete_T4_taper_A_fixed,45.0,24.812646879485662,grid,480,0.5637883390004746,0.10712239011485306,0.6084713722614786,0.8395032403865792,0.8395032403865792,0.3221638510888497,1,0.00523693368283986,1
280_left_LAD_prox_20mm_80ds_discrete_T4_taper_A_fixed,50.57164524528136,30.384292124767025,measurement,492,0.560518959372077,0.10712239011469146,0.6821608926098303,0.8174419226226415,0.8174419226226415,0.34895804738571445,1,0.007746166323862227,1
280_left_LAD_prox_20mm_80ds_discrete_T4_taper_A_fixed,55.0,34.81264687948567,grid,499,0.5584536194021444,0.10712239011463982,0.636424083066483,0.8010835472001633,0.8010835472001633,0.3707750497906685,1,0.008944537046472755,1
280_left_LAD_prox_20mm_80ds_discrete_T4_taper_A_fixed,60.0,39.812646879485655,grid,508,0.5568764421566321,0.1071223901146146,0.8417310825557763,0.7813089295061406,0.7813089295061406,0.3996460961067261,1,0.008842658662035548,1
280_left_LAD_prox_20mm_80ds_discrete_T4_taper_A_fixed,65.0,44.81264687948566,grid,518,0.5554935509378115,0.10712239011491102,0.6921512808264838,0.7607312489995074,0.7607312489995074,0.4329623870889736,1,0.009227147025380949,1
280_left_LAD_prox_20mm_80ds_discrete_T4_taper_B_rederived,0.0,-20.187353120514338,grid,33,0.9970863966391276,0.6618889907861114,1.5574375297958263,1.551406788648322,1.551406788648322,0.31540732813403805,1,0.0619426907328915,1
280_left_LAD_prox_20mm_80ds_discrete_T4_taper_B_rederived,5.0,-15.187353120514334,grid,123,0.9965351027000436,0.4107026758889681,1.2746817274506872,1.2926407379258669,1.2926407379258669,0.33834339342106473,1,0.01657995458786358,1
280_left_LAD_prox_20mm_80ds_discrete_T4_taper_B_rederived,10.187353120514336,-10.0,lesion_prox,138,0.9956951389414579,0.41070267589114184,1.1586576919788292,1.1881095541991296,1.1881095541991296,0.43573430412555897,1,0.01784743305275915,1
280_left_LAD_prox_20mm_80ds_discrete_T4_taper_B_rederived,15.0,-5.187353120514337,grid,301,0.9943462192482878,0.21778086826168092,1.09122190660329,1.135244840411542,1.135244840411542,0.2648590391144324,1,0.012086599171324907,1
280_left_LAD_prox_20mm_80ds_discrete_T4_taper_B_rederived,20.187353120514338,0.0,throat,313,0.7275471840438512,0.217780868261731,1.1258066851159871,1.0773772629801035,1.0773772629801035,0.30987032780106527,1,0.01314357281915838,1
280_left_LAD_prox_20mm_80ds_discrete_T4_taper_B_rederived,25.0,4.812646879485665,grid,441,0.5996294085187908,0.10270285024114983,0.990608939186541,0.9159439029883144,0.9159439029883144,0.23781516899598817,1,0.006799130612929163,1
280_left_LAD_prox_20mm_80ds_discrete_T4_taper_B_rederived,30.187353120514334,9.999999999999998,lesion_dist,450,0.5984981745174532,0.1027028502414111,0.8926554987960575,0.8972002329275938,0.8972002329275938,0.2530335146378843,1,0.0071318927153544275,1
280_left_LAD_prox_20mm_80ds_discrete_T4_taper_B_rederived,35.0,14.812646879485667,grid,459,0.5970967110877765,0.10270285024143878,0.7230866255368371,0.8784905650251265,0.8784905650251265,0.26954723191528573,1,0.0065872253444139136,1
280_left_LAD_prox_20mm_80ds_discrete_T4_taper_B_rederived,40.0,19.812646879485666,grid,469,0.5948667725789621,0.10270285024153769,0.5674235696736764,0.8585441256157078,0.8585441256157078,0.28877415242628174,1,0.007498928556830658,1
280_left_LAD_prox_20mm_80ds_discrete_T4_taper_B_rederived,45.0,24.812646879485662,grid,480,0.5905012544165121,0.10270285024154026,0.6084713722614786,0.8395032403865792,0.8395032403865792,0.3088723628752222,1,0.00523693368283986,1
280_left_LAD_prox_20mm_80ds_discrete_T4_taper_B_rederived,50.57164524528136,30.384292124767025,measurement,492,0.5873667593217123,0.10270285024151167,0.6821608926098303,0.8174419226226415,0.8174419226226415,0.3345611131608814,1,0.007746166323862227,1
280_left_LAD_prox_20mm_80ds_discrete_T4_taper_B_rederived,55.0,34.81264687948567,grid,499,0.5853866289175768,0.10270285024143486,0.636424083066483,0.8010835472001633,0.8010835472001633,0.3554780132441,1,0.008944537046472755,1
280_left_LAD_prox_20mm_80ds_discrete_T4_taper_B_rederived,60.0,39.812646879485655,grid,508,0.5838745211474213,0.10270285024137733,0.8417310825557763,0.7813089295061406,0.7813089295061406,0.3831579291134626,1,0.008842658662035548,1
280_left_LAD_prox_20mm_80ds_discrete_T4_taper_B_rederived,65.0,44.81264687948566,grid,518,0.5825486837609061,0.10270285024177632,0.6921512808264838,0.7607312489995074,0.7607312489995074,0.41509969254626705,1,0.009227147025380949,1
280_left_LAD_prox_20mm_80ds_discrete_T4_taper_C_flowmatched,0.0,-20.187353120514338,grid,33,0.9971578459789616,0.6469830960288164,1.5574375297958263,1.551406788648322,1.551406788648322,0.308304281393131,1,0.0619426907328915,1
280_left_LAD_prox_20mm_80ds_discrete_T4_taper_C_flowmatched,5.0,-15.187353120514334,grid,123,0.9966177128572391,0.40268246596965696,1.2746817274506872,1.2926407379258669,1.2926407379258669,0.33173621699063255,1,0.01657995458786358,1
280_left_LAD_prox_20mm_80ds_discrete_T4_taper_C_flowmatched,10.187353120514336,-10.0,lesion_prox,138,0.9957941519274284,0.40268246596901847,1.1586576919788292,1.1881095541991296,1.1881095541991296,0.4272252760755844,1,0.01784743305275915,1
280_left_LAD_prox_20mm_80ds_discrete_T4_taper_C_flowmatched,15.0,-5.187353120514337,grid,301,0.9944659535050783,0.21487209015713146,1.09122190660329,1.135244840411542,1.135244840411542,0.26132146402844114,1,0.012086599171324907,1
280_left_LAD_prox_20mm_80ds_discrete_T4_taper_C_flowmatched,20.187353120514338,0.0,throat,313,0.733048084062669,0.21487209015720832,1.1258066851159871,1.0773772629801035,1.0773772629801035,0.3057315619308431,1,0.01314357281915838,1
280_left_LAD_prox_20mm_80ds_discrete_T4_taper_C_flowmatched,25.0,4.812646879485665,grid,441,0.6068128788757542,0.10147510425106797,0.990608939186541,0.9159439029883144,0.9159439029883144,0.23497224283152543,1,0.006799130612929163,1
280_left_LAD_prox_20mm_80ds_discrete_T4_taper_C_flowmatched,30.187353120514334,9.999999999999998,lesion_dist,450,0.605695168043498,0.10147510425149796,0.8926554987960575,0.8972002329275938,0.8972002329275938,0.2500086630180893,1,0.0071318927153544275,1
280_left_LAD_prox_20mm_80ds_discrete_T4_taper_C_flowmatched,35.0,14.812646879485667,grid,459,0.6043104582005195,0.10147510425161695,0.7230866255368371,0.8784905650251265,0.8784905650251265,0.2663249695119192,1,0.0065872253444139136,1
280_left_LAD_prox_20mm_80ds_discrete_T4_taper_C_flowmatched,40.0,19.812646879485666,grid,469,0.6021071771608564,0.1014751042515468,0.5674235696736764,0.8585441256157078,0.8585441256157078,0.28532204465302546,1,0.007498928556830658,1
280_left_LAD_prox_20mm_80ds_discrete_T4_taper_C_flowmatched,45.0,24.812646879485662,grid,480,0.5977967775130479,0.10147510425153321,0.6084713722614786,0.8395032403865792,0.8395032403865792,0.3051799940261376,1,0.00523693368283986,1
280_left_LAD_prox_20mm_80ds_discrete_T4_taper_C_flowmatched,50.57164524528136,30.384292124767025,measurement,492,0.5946997532749402,0.10147510425149465,0.6821608926098303,0.8174419226226415,0.8174419226226415,0.3305616519567085,1,0.007746166323862227,1
280_left_LAD_prox_20mm_80ds_discrete_T4_taper_C_flowmatched,55.0,34.81264687948567,grid,499,0.59274329404602,0.10147510425154772,0.636424083066483,0.8010835472001633,0.8010835472001633,0.3512285040607861,1,0.008944537046472755,1
280_left_LAD_prox_20mm_80ds_discrete_T4_taper_C_flowmatched,60.0,39.812646879485655,grid,508,0.5912492625439211,0.10147510425135328,0.8417310825557763,0.7813089295061406,0.7813089295061406,0.378577524480978,1,0.008842658662035548,1
280_left_LAD_prox_20mm_80ds_discrete_T4_taper_C_flowmatched,65.0,44.81264687948566,grid,518,0.589939274683791,0.10147510425177679,0.6921512808264838,0.7607312489995074,0.7607312489995074,0.410137444840639,1,0.009227147025380949,1
306_left_LAD_prox_20mm_80ds_leaky_clean_none,0.0,-19.925891063238467,grid,9,0.9992039269627122,0.45936942590983454,1.5606885645481725,1.367733396761126,1.5606899275795372,0.31946362593908106,1,0.0,1
306_left_LAD_prox_20mm_80ds_leaky_clean_none,5.0,-14.925891063238467,grid,20,0.998842820582455,0.4593694259223966,1.4838843566150703,1.367733396761126,1.4927617452389985,0.3194636259478172,1,0.0,1
306_left_LAD_prox_20mm_80ds_leaky_clean_none,9.925891063238467,-10.0,lesion_prox,233,0.9982230287318776,0.34070406278196397,1.0258225201996631,1.3584786891011946,1.3584786891011946,0.24181459361900257,1,0.0011032599685118015,1
306_left_LAD_prox_20mm_80ds_leaky_clean_none,15.0,-4.925891063238468,grid,244,0.9968751066485501,0.3369076565237966,1.347557882583223,1.3533014208723788,1.3533014208723788,0.24187498301157032,1,0.001023902265532458,1
306_left_LAD_prox_20mm_80ds_leaky_clean_none,19.925891063238467,0.0,throat,255,0.7848635926635918,0.33306637149734847,1.3909396355987205,1.3479429058421797,1.3479429058421797,0.24198028173048883,1,0.001078902527902605,1
306_left_LAD_prox_20mm_80ds_leaky_clean_none,25.0,5.074108936761534,grid,543,0.6973367887291272,0.20799050873532954,1.075493010458073,1.02433316977431,1.1373425172371077,0.3443368427267118,1,0.0,1
306_left_LAD_prox_20mm_80ds_leaky_clean_none,29.925891063238467,9.999999999999998,lesion_dist,555,0.6961597180401629,0.20799050873676503,1.437300992127929,1.02433316977431,1.3872115301552423,0.3443368427290883,1,0.0,1
306_left_LAD_prox_20mm_80ds_leaky_clean_none,35.0,15.074108936761535,grid,651,0.6959521885480572,0.09698970692496652,0.9889260744549251,1.0308959182516584,1.0308959182516584,0.15752332533367347,1,0.003128226592783336,1
306_left_LAD_prox_20mm_80ds_leaky_clean_none,40.0,20.074108936761533,grid,663,0.6956167474923329,0.0930315161247122,0.8981301134214855,1.0169676878181373,1.0169676878181373,0.15738825499799852,1,0.0033771909284660835,1
306_left_LAD_prox_20mm_80ds_leaky_clean_none,45.0,25.07410893676153,grid,674,0.6935882152961075,0.0893014271965778,0.6631505011551372,1.0034635929564004,1.0034635929564004,0.15725962048901077,1,0.003662108000193065,1
306_left_LAD_prox_20mm_80ds_leaky_clean_none,50.05603912628967,30.1301480630512,measurement,686,0.6923660688675906,0.08537961730593811,0.7703270540394656,0.9888179010943148,0.9888179010943148,0.15713355207639154,1,0.0035481715951733456,1
306_left_LAD_prox_20mm_80ds_leaky_clean_none,55.0,35.07410893676153,grid,698,0.6908889765321999,0.08176453485447695,0.7099700557808706,0.97489429808323,0.97489429808323,0.15702039442339505,1,0.0037272382831657486,1
306_left_LAD_prox_20mm_80ds_leaky_clean_none,60.0,40.074108936761526,grid,710,0.6887674100218335,0.07816065698475845,0.7878781588081163,0.9605645451949085,0.9605645451949085,0.15691780618659404,1,0.003788086666448031,1
306_left_LAD_prox_20mm_80ds_leaky_clean_none,65.0,45.07410893676153,grid,721,0.6879702390710783,0.07487467801608923,0.7975717615828224,0.9470846897096364,0.9470846897096364,0.15683110566347958,1,0.003933047042147429,1
306_left_LAD_prox_20mm_80ds_leaky_clean_none,70.0,50.07410893676153,grid,732,0.6872498491925212,0.07149591295913313,0.7834673958213709,0.9327938336962717,0.9327938336962717,0.15674290848451694,1,0.004088067485303091,1
306_left_LAD_prox_20mm_80ds_leaky_clean_none,75.0,55.074108936761526,grid,742,0.6858256476488775,0.06830117995391624,0.657107870694973,0.9188453282104712,0.9188453282104712,0.15666235702165507,1,0.004464287775603766,1
306_left_LAD_prox_20mm_80ds_leaky_clean_none,80.0,60.07410893676153,grid,750,0.6850928576210191,0.06547403175540426,0.823417417897293,0.9061123768738156,0.9061123768738156,0.1565981334723949,1,0.004336742061313788,1
306_left_LAD_prox_20mm_80ds_leaky_clean_none,85.0,65.07410893676153,grid,761,0.6844244097527022,0.06229223918596138,0.8438839055525427,0.8913245809272132,0.8913245809272132,0.15652725746784282,1,0.005012671187613376,1
306_left_LAD_prox_20mm_80ds_leaky_clean_none,90.0,70.07410893676152,grid,769,0.6839975555561989,0.05961171610588585,0.8526985189678633,0.8784631905577897,0.8784631905577897,0.15646766582624763,1,0.005750638956279833,1
306_left_LAD_prox_20mm_80ds_leaky_clean_none,95.0,75.07410893676153,grid,780,0.6833341439228419,0.05663634570922211,0.7935557027325351,0.863719167090633,0.863719167090633,0.15640161620646703,1,0.0035525395863905134,1
306_left_LAD_prox_20mm_80ds_leaky_clean_none,100.0,80.07410893676153,grid,793,0.6827108096133792,0.053831178777295645,0.7128379904857343,0.8493267580286048,0.8493267580286048,0.15634109671570887,1,0.0043621332300983065,1
306_left_LAD_prox_20mm_80ds_leaky_clean_none,105.0,85.07410893676152,grid,802,0.6821582424737038,0.05134499491879307,0.8968552501387879,0.8361362380044528,0.8361362380044528,0.1562898093397568,1,0.006191931216577329,1
306_left_LAD_prox_20mm_80ds_leaky_clean_none,110.0,90.07410893676153,grid,811,0.6817203690875312,0.04878496714557608,0.831931172194015,0.8220943321010393,0.8220943321010393,0.15623730510450573,1,0.005199837802976389,1
306_left_LAD_prox_20mm_80ds_leaky_clean_none,115.0,95.07410893676153,grid,820,0.6813096685226073,0.04640893837172727,0.8541837566828197,0.8086083988861489,0.8086083988861489,0.15618904675422085,1,0.005976666507889475,1
306_left_LAD_prox_20mm_80ds_leaky_clean_none,120.0,100.07410893676152,grid,829,0.6808347823005022,0.04390024189176206,0.8417830235040911,0.7938530763793261,0.7938530763793261,0.1561385713454847,1,0.005941712402934437,1
306_left_LAD_prox_20mm_80ds_leaky_clean_none,125.0,105.07410893676153,grid,838,0.6802447526198477,0.04171497763460603,0.6971024731367939,0.7805269121331135,0.7805269121331135,0.15609610047423012,1,0.005820371192341837,1
306_left_LAD_prox_20mm_80ds_leaky_clean_none,130.0,110.07410893676153,grid,848,0.6796720740395267,0.0394524026025919,0.7399702260369557,0.7662171063199374,0.7662171063199374,0.15605640920406513,1,0.005904893578705413,1
306_left_LAD_prox_20mm_80ds_leaky_clean_none,135.0,115.07410893676153,grid,857,0.6792103702124955,0.037273637811056824,0.794905774178195,0.7519009567282283,0.7519009567282283,0.15602117813664068,1,0.005732885337890974,1
306_left_LAD_prox_20mm_80ds_leaky_T1_missed_branch_A_fixed,0.0,-19.925891063238467,grid,9,0.9992835364838563,0.38325442281111416,1.5606885645481725,1.367733396761126,1.5606899275795372,0.26653024921266744,1,0.0,1
306_left_LAD_prox_20mm_80ds_leaky_T1_missed_branch_A_fixed,5.0,-14.925891063238467,grid,20,0.9989822634571066,0.3832544228241037,1.4838843566150703,1.367733396761126,1.4927617452389985,0.26653024922170093,1,0.0,1
306_left_LAD_prox_20mm_80ds_leaky_T1_missed_branch_A_fixed,9.925891063238467,-10.0,lesion_prox,233,0.9984971845499638,0.2645701544547495,1.0258225201996631,1.3584786891011946,1.3584786891011946,0.1877785778684256,1,0.0011032599685118015,1
306_left_LAD_prox_20mm_80ds_leaky_T1_missed_branch_A_fixed,15.0,-4.925891063238468,grid,244,0.9974525107284266,0.26077215817019533,1.347557882583223,1.3533014208723788,1.3533014208723788,0.1872152802287277,1,0.001023902265532458,1
306_left_LAD_prox_20mm_80ds_leaky_T1_missed_branch_A_fixed,19.925891063238467,0.0,throat,255,0.8570996807222444,0.25691614428498494,1.3909396355987205,1.3479429058421797,1.3479429058421797,0.18665541254045961,1,0.001078902527902605,1
306_left_LAD_prox_20mm_80ds_leaky_T1_missed_branch_A_fixed,25.0,5.074108936761534,grid,543,0.7909382650651564,0.11430326568733491,1.075493010458073,1.02433316977431,1.1373425172371077,0.18923375811448195,1,0.0,1
306_left_LAD_prox_20mm_80ds_leaky_T1_missed_branch_A_fixed,29.925891063238467,9.999999999999998,lesion_dist,555,0.7902913940876709,0.11430326568706113,1.437300992127929,1.02433316977431,1.3872115301552423,0.1892337581140287,1,0.0,1
306_left_LAD_prox_20mm_80ds_leaky_T1_missed_branch_A_fixed,35.0,15.074108936761535,grid,568,0.790080922221897,0.11123703968477536,0.9889260744549251,1.0308959182516584,1.0308959182516584,0.18066276254422928,1,0.003128226592783336,1
306_left_LAD_prox_20mm_80ds_leaky_T1_missed_branch_A_fixed,40.0,20.074108936761533,grid,580,0.7896962071122144,0.10669705390707444,0.8981301134214855,1.0169676878181373,1.0169676878181373,0.18050724988024888,1,0.0033771909284660835,1
306_left_LAD_prox_20mm_80ds_leaky_T1_missed_branch_A_fixed,45.0,25.07410893676153,grid,591,0.7873446124361017,0.10241875015249254,0.6631505011551372,1.0034635929564004,1.0034635929564004,0.18035919789372656,1,0.003662108000193065,1
306_left_LAD_prox_20mm_80ds_leaky_T1_missed_branch_A_fixed,50.05603912628967,30.1301480630512,measurement,603,0.785942948720227,0.09792064545212917,0.7703270540394656,0.9888179010943148,0.9888179010943148,0.18021419311791506,1,0.0035481715951733456,1
306_left_LAD_prox_20mm_80ds_leaky_T1_missed_branch_A_fixed,55.0,35.07410893676153,grid,615,0.7842375299532295,0.09377437350899684,0.7099700557808706,0.97489429808323,0.97489429808323,0.18008405650929016,1,0.0037272382831657486,1
306_left_LAD_prox_20mm_80ds_leaky_T1_missed_branch_A_fixed,60.0,40.074108936761526,grid,627,0.7817822259029817,0.0896410476050232,0.7878781588081163,0.9605645451949085,0.9605645451949085,0.17996620137406527,1,0.003788086666448031,1
306_left_LAD_prox_20mm_80ds_leaky_T1_missed_branch_A_fixed,65.0,45.07410893676153,grid,638,0.7808679651575412,0.08587237909215092,0.7975717615828224,0.9470846897096364,0.9470846897096364,0.1798666854511425,1,0.003933047042147429,1
306_left_LAD_prox_20mm_80ds_leaky_T1_missed_branch_A_fixed,70.0,50.07410893676153,grid,649,0.7800417635981443,0.08199729474878466,0.7834673958213709,0.9327938336962717,0.9327938336962717,0.1797654430139687,1,0.004088067485303091,1
306_left_LAD_prox_20mm_80ds_leaky_T1_missed_branch_A_fixed,75.0,55.074108936761526,grid,659,0.778399972342178,0.07833328474608292,0.657107870694973,0.9188453282104712,0.9188453282104712,0.17967298705307605,1,0.004464287775603766,1
306_left_LAD_prox_20mm_80ds_leaky_T1_missed_branch_A_fixed,80.0,60.07410893676153,grid,667,0.7775595498201948,0.07509088388241182,0.823417417897293,0.9061123768738156,0.9061123768738156,0.17959933032239814,1,0.004336742061313788,1
306_left_LAD_prox_20mm_80ds_leaky_T1_missed_branch_A_fixed,85.0,65.07410893676153,grid,678,0.7767929200600361,0.07144174834054444,0.8438839055525427,0.8913245809272132,0.8913245809272132,0.17951804402262392,1,0.005012671187613376,1
306_left_LAD_prox_20mm_80ds_leaky_T1_missed_branch_A_fixed,90.0,70.07410893676152,grid,686,0.7763033693474091,0.06836750895172923,0.8526985189678633,0.8784631905577897,0.8784631905577897,0.17944969953609421,1,0.005750638956279833,1
306_left_LAD_prox_20mm_80ds_leaky_T1_missed_branch_A_fixed,95.0,75.07410893676153,grid,697,0.7755425155464278,0.06495511495394915,0.7935557027325351,0.863719167090633,0.863719167090633,0.1793739485211931,1,0.0035525395863905134,1
306_left_LAD_prox_20mm_80ds_leaky_T1_missed_branch_A_fixed,100.0,80.07410893676153,grid,710,0.7748276256428017,0.06173792397439613,0.7128379904857343,0.8493267580286048,0.8493267580286048,0.17930453990316744,1,0.0043621332300983065,1
306_left_LAD_prox_20mm_80ds_leaky_T1_missed_branch_A_fixed,105.0,85.07410893676152,grid,719,0.7741938972193344,0.05888656843037943,0.8968552501387879,0.8361362380044528,0.8361362380044528,0.17924571941651835,1,0.006191931216577329,1
306_left_LAD_prox_20mm_80ds_leaky_T1_missed_branch_A_fixed,110.0,90.07410893676153,grid,728,0.7736917088140312,0.05595052274737055,0.831931172194015,0.8220943321010393,0.8220943321010393,0.17918550333655853,1,0.005199837802976389,1
306_left_LAD_prox_20mm_80ds_leaky_T1_missed_branch_A_fixed,115.0,95.07410893676153,grid,737,0.7732206843848981,0.053225501910916996,0.8541837566828197,0.8086083988861489,0.8086083988861489,0.1791301567791429,1,0.005976666507889475,1
306_left_LAD_prox_20mm_80ds_leaky_T1_missed_branch_A_fixed,120.0,100.07410893676152,grid,746,0.7726760466834346,0.050348327082611194,0.8417830235040911,0.7938530763793261,0.7938530763793261,0.17907226752181687,1,0.005941712402934437,1
306_left_LAD_prox_20mm_80ds_leaky_T1_missed_branch_A_fixed,125.0,105.07410893676153,grid,755,0.7719993532059068,0.047842090332242855,0.6971024731367939,0.7805269121331135,0.7805269121331135,0.17902355851207935,1,0.005820371192341837,1
306_left_LAD_prox_20mm_80ds_leaky_T1_missed_branch_A_fixed,130.0,110.07410893676153,grid,765,0.7713425593653102,0.045247187369134516,0.7399702260369557,0.7662171063199374,0.7662171063199374,0.17897803737171564,1,0.005904893578705413,1
306_left_LAD_prox_20mm_80ds_leaky_T1_missed_branch_A_fixed,135.0,115.07410893676153,grid,774,0.7708130402944151,0.042748404728536735,0.794905774178195,0.7519009567282283,0.7519009567282283,0.17893763155121287,1,0.005732885337890974,1
306_left_LAD_prox_20mm_80ds_leaky_T1_missed_branch_B_rederived,0.0,-19.925891063238467,grid,9,0.9991572236819003,0.4435744828360246,1.5606885645481725,1.367733396761126,1.5606899275795372,0.3084791992418391,1,0.0,1
306_left_LAD_prox_20mm_80ds_leaky_T1_missed_branch_B_rederived,5.0,-14.925891063238467,grid,20,0.9988085335714234,0.4435744828432778,1.4838843566150703,1.367733396761126,1.4927617452389985,0.3084791992468833,1,0.0,1
306_left_LAD_prox_20mm_80ds_leaky_T1_missed_branch_B_rederived,9.925891063238467,-10.0,lesion_prox,233,0.9982556962665364,0.3009299832860315,1.0258225201996631,1.3584786891011946,1.3584786891011946,0.21358495411501494,1,0.0011032599685118015,1
306_left_LAD_prox_20mm_80ds_leaky_T1_missed_branch_B_rederived,15.0,-4.925891063238468,grid,244,0.9970680560079862,0.29635905096489806,1.347557882583223,1.3533014208723788,1.3533014208723788,0.21276405872478812,1,0.001023902265532458,1
306_left_LAD_prox_20mm_80ds_leaky_T1_missed_branch_B_rederived,19.925891063238467,0.0,throat,255,0.8256368717541168,0.29172558336133525,1.3909396355987205,1.3479429058421797,1.3479429058421797,0.21194526043686485,1,0.001078902527902605,1
306_left_LAD_prox_20mm_80ds_leaky_T1_missed_branch_B_rederived,25.0,5.074108936761534,grid,543,0.7505229564234248,0.12948043458183645,1.075493010458073,1.02433316977431,1.1373425172371077,0.21436018551946,1,0.0,1
306_left_LAD_prox_20mm_80ds_leaky_T1_missed_branch_B_rederived,29.925891063238467,9.999999999999998,lesion_dist,555,0.7497901940235087,0.12948043458406888,1.437300992127929,1.02433316977431,1.3872115301552423,0.21436018552315592,1,0.0,1
306_left_LAD_prox_20mm_80ds_leaky_T1_missed_branch_B_rederived,35.0,15.074108936761535,grid,568,0.7495517914631098,0.12599259430670912,0.9889260744549251,1.0308959182516584,1.0308959182516584,0.20462761515470088,1,0.003128226592783336,1
306_left_LAD_prox_20mm_80ds_leaky_T1_missed_branch_B_rederived,40.0,20.074108936761533,grid,580,0.7491160844674333,0.12082877409506375,0.8981301134214855,1.0169676878181373,1.0169676878181373,0.2044149198092872,1,0.0033771909284660835,1
306_left_LAD_prox_20mm_80ds_leaky_T1_missed_branch_B_rederived,45.0,25.07410893676153,grid,591,0.7464239610768237,0.11596408935060132,0.6631505011551372,1.0034635929564004,1.0034635929564004,0.2042125109768476,1,0.003662108000193065,1
306_left_LAD_prox_20mm_80ds_leaky_T1_missed_branch_B_rederived,50.05603912628967,30.1301480630512,measurement,603,0.7448370498290671,0.11085266748539577,0.7703270540394656,0.9888179010943148,0.9888179010943148,0.2040144234508286,1,0.0035481715951733456,1
306_left_LAD_prox_20mm_80ds_leaky_T1_missed_branch_B_rederived,55.0,35.07410893676153,grid,615,0.7428933037418995,0.10614297511659605,0.7099700557808706,0.97489429808323,0.97489429808323,0.20383668601238247,1,0.0037272382831657486,1
306_left_LAD_prox_20mm_80ds_leaky_T1_missed_branch_B_rederived,60.0,40.074108936761526,grid,627,0.7400885871994679,0.10145084148977652,0.7878781588081163,0.9605645451949085,0.9605645451949085,0.20367591697014475,1,0.003788086666448031,1
306_left_LAD_prox_20mm_80ds_leaky_T1_missed_branch_B_rederived,65.0,45.07410893676153,grid,638,0.7390539456835684,0.09717469260460854,0.7975717615828224,0.9470846897096364,0.9470846897096364,0.20354030077317598,1,0.003933047042147429,1
306_left_LAD_prox_20mm_80ds_leaky_T1_missed_branch_B_rederived,70.0,50.07410893676153,grid,649,0.7381190609031866,0.09277890295155414,0.7834673958213709,0.9327938336962717,0.9327938336962717,0.20340232738816477,1,0.004088067485303091,1
306_left_LAD_prox_20mm_80ds_leaky_T1_missed_branch_B_rederived,75.0,55.074108936761526,grid,659,0.7362517649689617,0.08862380737272842,0.657107870694973,0.9188453282104712,0.9188453282104712,0.20327634984655468,1,0.004464287775603766,1
306_left_LAD_prox_20mm_80ds_leaky_T1_missed_branch_B_rederived,80.0,60.07410893676153,grid,667,0.735300974382869,0.08494837523081875,0.823417417897293,0.9061123768738156,0.9061123768738156,0.20317607830162104,1,0.004336742061313788,1
306_left_LAD_prox_20mm_80ds_leaky_T1_missed_branch_B_rederived,85.0,65.07410893676153,grid,678,0.7344337475945949,0.08081276255975045,0.8438839055525427,0.8913245809272132,0.8913245809272132,0.2030654260816565,1,0.005012671187613376,1
306_left_LAD_prox_20mm_80ds_leaky_T1_missed_branch_B_rederived,90.0,70.07410893676152,grid,686,0.7338800064757043,0.07732928537951014,0.8526985189678633,0.8784631905577897,0.8784631905577897,0.20297239492068683,1,0.005750638956279833,1
306_left_LAD_prox_20mm_80ds_leaky_T1_missed_branch_B_rederived,95.0,75.07410893676153,grid,697,0.7330194617693554,0.0734632753359872,0.7935557027325351,0.863719167090633,0.863719167090633,0.20286928562374046,1,0.0035525395863905134,1
306_left_LAD_prox_20mm_80ds_leaky_T1_missed_branch_B_rederived,100.0,80.07410893676153,grid,710,0.7322109689082893,0.06981918041164434,0.7128379904857343,0.8493267580286048,0.8493267580286048,0.20277481350551968,1,0.0043621332300983065,1
306_left_LAD_prox_20mm_80ds_leaky_T1_missed_branch_B_rederived,105.0,85.07410893676152,grid,719,0.7314943105799795,0.0665901460753621,0.8968552501387879,0.8361362380044528,0.8361362380044528,0.20269475633379877,1,0.006191931216577329,1
306_left_LAD_prox_20mm_80ds_leaky_T1_missed_branch_B_rederived,110.0,90.07410893676153,grid,728,0.7309264484194495,0.06326567705741194,0.831931172194015,0.8220943321010393,0.8220943321010393,0.20261280200448678,1,0.005199837802976389,1
306_left_LAD_prox_20mm_80ds_leaky_T1_missed_branch_B_rederived,115.0,95.07410893676153,grid,737,0.730393859093051,0.060180591941844136,0.8541837566828197,0.8086083988861489,0.8086083988861489,0.202537477009551,1,0.005976666507889475,1
306_left_LAD_prox_20mm_80ds_leaky_T1_missed_branch_B_rederived,120.0,100.07410893676152,grid,746,0.7297780754484785,0.05692370261214903,0.8417830235040911,0.7938530763793261,0.7938530763793261,0.20245869313134762,1,0.005941712402934437,1
306_left_LAD_prox_20mm_80ds_leaky_T1_missed_branch_B_rederived,125.0,105.07410893676153,grid,755,0.7290130338731275,0.054087159095960784,0.6971024731367939,0.7805269121331135,0.7805269121331135,0.2023924043436324,1,0.005820371192341837,1
306_left_LAD_prox_20mm_80ds_leaky_T1_missed_branch_B_rederived,130.0,110.07410893676153,grid,765,0.7282705253063576,0.051150879504324225,0.7399702260369557,0.7662171063199374,0.7662171063199374,0.20233045534596236,1,0.005904893578705413,1
306_left_LAD_prox_20mm_80ds_leaky_T1_missed_branch_B_rederived,135.0,115.07410893676153,grid,774,0.7276719307341228,0.04832384065457832,0.794905774178195,0.7519009567282283,0.7519009567282283,0.20227546850224745,1,0.005732885337890974,1
306_left_LAD_prox_20mm_80ds_leaky_T1_missed_branch_C_flowmatched,0.0,-19.925891063238467,grid,9,0.9992351593958366,0.40662710007740355,1.5606885645481725,1.367733396761126,1.5606899275795372,0.28278453129207237,1,0.0,1
306_left_LAD_prox_20mm_80ds_leaky_T1_missed_branch_C_flowmatched,5.0,-14.925891063238467,grid,20,0.9989155133072206,0.4066271000822981,1.4838843566150703,1.367733396761126,1.4927617452389985,0.2827845312954762,1,0.0,1
306_left_LAD_prox_20mm_80ds_leaky_T1_missed_branch_C_flowmatched,9.925891063238467,-10.0,lesion_prox,233,0.9984038189400165,0.2788805209987556,1.0258225201996631,1.3584786891011946,1.3584786891011946,0.1979353556952646,1,0.0011032599685118015,1
306_left_LAD_prox_20mm_80ds_leaky_T1_missed_branch_C_flowmatched,15.0,-4.925891063238468,grid,244,0.9973028477832983,0.27479044452239754,1.347557882583223,1.3533014208723788,1.3533014208723788,0.197279381496936,1,0.001023902265532458,1
306_left_LAD_prox_20mm_80ds_leaky_T1_missed_branch_C_flowmatched,19.925891063238467,0.0,throat,255,0.8450406832905968,0.27064045887055826,1.3909396355987205,1.3479429058421797,1.3479429058421797,0.19662643872075153,1,0.001078902527902605,1
306_left_LAD_prox_20mm_80ds_leaky_T1_missed_branch_C_flowmatched,25.0,5.074108936761534,grid,543,0.7753490601806715,0.12030055237850343,1.075493010458073,1.02433316977431,1.1373425172371077,0.19916251292507642,1,0.0,1
306_left_LAD_prox_20mm_80ds_leaky_T1_missed_branch_C_flowmatched,29.925891063238467,9.999999999999998,lesion_dist,555,0.7746682490468764,0.12030055237845265,1.437300992127929,1.02433316977431,1.3872115301552423,0.19916251292499237,1,0.0,1
306_left_LAD_prox_20mm_80ds_leaky_T1_missed_branch_C_flowmatched,35.0,15.074108936761535,grid,568,0.7744467396168463,0.11706836750058475,0.9889260744549251,1.0308959182516584,1.0308959182516584,0.19013356287737876,1,0.003128226592783336,1
306_left_LAD_prox_20mm_80ds_leaky_T1_missed_branch_C_flowmatched,40.0,20.074108936761533,grid,580,0.7740418709496538,0.11228280535763314,0.8981301134214855,1.0169676878181373,1.0169676878181373,0.18995707624315009,1,0.0033771909284660835,1
306_left_LAD_prox_20mm_80ds_leaky_T1_missed_branch_C_flowmatched,45.0,25.07410893676153,grid,591,0.7715564836704467,0.10777360371128936,0.6631505011551372,1.0034635929564004,1.0034635929564004,0.18978908344949613,1,0.003662108000193065,1
306_left_LAD_prox_20mm_80ds_leaky_T1_missed_branch_C_flowmatched,50.05603912628967,30.1301480630512,measurement,603,0.7700815806774817,0.1030338554582041,0.7703270540394656,0.9888179010943148,0.9888179010943148,0.18962459897494882,1,0.0035481715951733456,1
306_left_LAD_prox_20mm_80ds_leaky_T1_missed_branch_C_flowmatched,55.0,35.07410893676153,grid,615,0.7682822914475174,0.0986655155709093,0.7099700557808706,0.97489429808323,0.97489429808323,0.18947699266564746,1,0.0037272382831657486,1
306_left_LAD_prox_20mm_80ds_leaky_T1_missed_branch_C_flowmatched,60.0,40.074108936761526,grid,627,0.765689520643211,0.09431181429475738,0.7878781588081163,0.9605645451949085,0.9605645451949085,0.18934338025711164,1,0.003788086666448031,1
306_left_LAD_prox_20mm_80ds_leaky_T1_missed_branch_C_flowmatched,65.0,45.07410893676153,grid,638,0.7647276463266884,0.09034292303389269,0.7975717615828224,0.9470846897096364,0.9470846897096364,0.18923060350565316,1,0.003933047042147429,1
306_left_LAD_prox_20mm_80ds_leaky_T1_missed_branch_C_flowmatched,70.0,50.07410893676153,grid,649,0.7638584533173429,0.08626235032399865,0.7834673958213709,0.9327938336962717,0.9327938336962717,0.18911586862625887,1,0.004088067485303091,1
306_left_LAD_prox_20mm_80ds_leaky_T1_missed_branch_C_flowmatched,75.0,55.074108936761526,grid,659,0.7621277205758877,0.08240448615588758,0.657107870694973,0.9188453282104712,0.9188453282104712,0.18901109818380932,1,0.004464287775603766,1
306_left_LAD_prox_20mm_80ds_leaky_T1_missed_branch_C_flowmatched,80.0,60.07410893676153,grid,667,0.7612436319118208,0.07899107976083249,0.823417417897293,0.9061123768738156,0.9061123768738156,0.18892766062927574,1,0.004336742061313788,1
306_left_LAD_prox_20mm_80ds_leaky_T1_missed_branch_C_flowmatched,85.0,65.07410893676153,grid,678,0.7604371982856782,0.07514979462562314,0.8438839055525427,0.8913245809272132,0.8913245809272132,0.1888355821806999,1,0.005012671187613376,1
306_left_LAD_prox_20mm_80ds_leaky_T1_missed_branch_C_flowmatched,90.0,70.07410893676152,grid,686,0.7599222468077305,0.07191388766997661,0.8526985189678633,0.8784631905577897,0.8784631905577897,0.1887581649926902,1,0.005750638956279833,1
306_left_LAD_prox_20mm_80ds_leaky_T1_missed_branch_C_flowmatched,95.0,75.07410893676153,grid,697,0.7591219411171227,0.06832226688093085,0.7935557027325351,0.863719167090633,0.863719167090633,0.1886723592289819,1,0.0035525395863905134,1
306_left_LAD_prox_20mm_80ds_leaky_T1_missed_branch_C_flowmatched,100.0,80.07410893676153,grid,710,0.7583700056796017,0.06493636986532705,0.7128379904857343,0.8493267580286048,0.8493267580286048,0.1885937390203322,1,0.0043621332300983065,1
306_left_LAD_prox_20mm_80ds_leaky_T1_missed_branch_C_flowmatched,105.0,85.07410893676152,grid,719,0.7577034537779633,0.061935731521879166,0.8968552501387879,0.8361362380044528,0.8361362380044528,0.18852711323046323,1,0.006191931216577329,1
306_left_LAD_prox_20mm_80ds_leaky_T1_missed_branch_C_flowmatched,110.0,90.07410893676153,grid,728,0.7571752699453378,0.058846135363311874,0.831931172194015,0.8220943321010393,0.8220943321010393,0.1884589073831636,1,0.005199837802976389,1
306_left_LAD_prox_20mm_80ds_leaky_T1_missed_branch_C_flowmatched,115.0,95.07410893676153,grid,737,0.7566798750042313,0.05597875549861012,0.8541837566828197,0.8086083988861489,0.8086083988861489,0.18839621776700646,1,0.005976666507889475,1
306_left_LAD_prox_20mm_80ds_leaky_T1_missed_branch_C_flowmatched,120.0,100.07410893676152,grid,746,0.7561070723287205,0.05295143255571513,0.8417830235040911,0.7938530763793261,0.7938530763793261,0.18833064861762425,1,0.005941712402934437,1
306_left_LAD_prox_20mm_80ds_leaky_T1_missed_branch_C_flowmatched,125.0,105.07410893676153,grid,755,0.7553954018137877,0.05031456475379653,0.6971024731367939,0.7805269121331135,0.7805269121331135,0.18827547802903088,1,0.005820371192341837,1
306_left_LAD_prox_20mm_80ds_leaky_T1_missed_branch_C_flowmatched,130.0,110.07410893676153,grid,765,0.7547046719207238,0.04758462568296713,0.7399702260369557,0.7662171063199374,0.7662171063199374,0.188223918634439,1,0.005904893578705413,1
306_left_LAD_prox_20mm_80ds_leaky_T1_missed_branch_C_flowmatched,135.0,115.07410893676153,grid,774,0.754147803275871,0.04495597594711371,0.794905774178195,0.7519009567282283,0.7519009567282283,0.1881781533400668,1,0.005732885337890974,1
306_left_LAD_prox_20mm_80ds_leaky_T2_truncation_A_fixed,0.0,-19.925891063238467,grid,9,0.9992639038343832,0.402025282804521,1.5606885645481725,1.367733396761126,1.5606899275795372,0.2795842459683541,1,0.0,1
306_left_LAD_prox_20mm_80ds_leaky_T2_truncation_A_fixed,5.0,-14.925891063238467,grid,20,0.9989478751949964,0.40202528281784417,1.4838843566150703,1.367733396761126,1.4927617452389985,0.2795842459776195,1,0.0,1
306_left_LAD_prox_20mm_80ds_leaky_T2_truncation_A_fixed,9.925891063238467,-10.0,lesion_prox,233,0.9984295744827211,0.2833456767014521,1.0258225201996631,1.3584786891011946,1.3584786891011946,0.20110449844888098,1,0.0011032599685118015,1
306_left_LAD_prox_20mm_80ds_leaky_T2_truncation_A_fixed,15.0,-4.925891063238468,grid,244,0.9973101160532425,0.27954807253542274,1.347557882583223,1.3533014208723788,1.3533014208723788,0.2006950094072639,1,0.001023902265532458,1
306_left_LAD_prox_20mm_80ds_leaky_T2_truncation_A_fixed,19.925891063238467,0.0,throat,255,0.8405641610386474,0.2756956909613156,1.3909396355987205,1.3479429058421797,1.3479429058421797,0.20029917962231747,1,0.001078902527902605,1
306_left_LAD_prox_20mm_80ds_leaky_T2_truncation_A_fixed,25.0,5.074108936761534,grid,543,0.7691410328001264,0.13716076332007973,1.075493010458073,1.02433316977431,1.1373425172371077,0.22707528566951174,1,0.0,1
306_left_LAD_prox_20mm_80ds_leaky_T2_truncation_A_fixed,29.925891063238467,9.999999999999998,lesion_dist,555,0.7683648054849391,0.13716076331994465,1.437300992127929,1.02433316977431,1.3872115301552423,0.2270752856692881,1,0.0,1
306_left_LAD_prox_20mm_80ds_leaky_T2_truncation_A_fixed,35.0,15.074108936761535,grid,651,0.7683069914091909,0.016622749723757185,0.9889260744549251,1.1779831452404568,1.2085819920319036,0.01809461391012902,1,0.0,1
306_left_LAD_prox_20mm_80ds_leaky_T2_truncation_A_fixed,40.0,20.074108936761533,grid,663,0.7682540408722114,0.012936685200271303,0.8981301134214855,1.060331548158609,1.060331548158609,0.019309082806470867,1,0.034119645860486804,1
306_left_LAD_prox_20mm_80ds_leaky_T2_truncation_A_fixed,45.0,25.07410893676153,grid,674,0.7680382163318938,0.00877887095595352,0.6631505011551372,0.9165955533446968,0.9165955533446968,0.02028472440169726,1,0.042119787236554095,1
306_left_LAD_prox_20mm_80ds_leaky_T2_truncation_A_fixed,50.05603912628967,30.1301480630512,measurement,686,0.7679455294010799,0.004395453916680845,0.7703270540394656,0.7607085345486704,0.7607085345486704,0.0177669364689291,1,0.048348449757356,1
306_left_LAD_prox_20mm_80ds_leaky_T2_truncation_B_rederived,0.0,-19.925891063238467,grid,9,0.9992206756966197,0.4635010152596934,1.5606885645481725,1.367733396761126,1.5606899275795372,0.32233689620948053,1,0.0,1
306_left_LAD_prox_20mm_80ds_leaky_T2_truncation_B_rederived,5.0,-14.925891063238467,grid,20,0.998856321509281,0.4635010152667566,1.4838843566150703,1.367733396761126,1.4927617452389985,0.32233689621439254,1,0.0,1
306_left_LAD_prox_20mm_80ds_leaky_T2_truncation_B_rederived,9.925891063238467,-10.0,lesion_prox,233,0.9982162429127814,0.35281261170065104,1.0258225201996631,1.3584786891011946,1.3584786891011946,0.25040863212908027,1,0.0011032599685118015,1
306_left_LAD_prox_20mm_80ds_leaky_T2_truncation_B_rederived,15.0,-4.925891063238468,grid,244,0.9968194745948729,0.34927328199306146,1.347557882583223,1.3533014208723788,1.3533014208723788,0.25075259499927716,1,0.001023902265532458,1
306_left_LAD_prox_20mm_80ds_leaky_T2_truncation_B_rederived,19.925891063238467,0.0,throat,255,0.7716043595253309,0.34569412185088805,1.3909396355987205,1.3479429058421797,1.3479429058421797,0.2511546290968548,1,0.001078902527902605,1
306_left_LAD_prox_20mm_80ds_leaky_T2_truncation_B_rederived,25.0,5.074108936761534,grid,543,0.680285235911652,0.2319903969245377,1.075493010458073,1.02433316977431,1.1373425172371077,0.38406964483924544,1,0.0,1
306_left_LAD_prox_20mm_80ds_leaky_T2_truncation_B_rederived,29.925891063238467,9.999999999999998,lesion_dist,555,0.6789723438090193,0.23199039692536655,1.437300992127929,1.02433316977431,1.3872115301552423,0.38406964484061756,1,0.0,1
306_left_LAD_prox_20mm_80ds_leaky_T2_truncation_B_rederived,35.0,15.074108936761535,grid,651,0.6787005417309635,0.13365977871594922,0.9889260744549251,1.1779831452404568,1.2085819920319036,0.14549470643366766,1,0.0,1
306_left_LAD_prox_20mm_80ds_leaky_T2_truncation_B_rederived,40.0,20.074108936761533,grid,663,0.6782839514546706,0.09739672451707103,0.8981301134214855,1.060331548158609,1.060331548158609,0.1453727434551562,1,0.034119645860486804,1
306_left_LAD_prox_20mm_80ds_leaky_T2_truncation_B_rederived,45.0,25.07410893676153,grid,674,0.6766328291879334,0.06285184361248142,0.6631505011551372,0.9165955533446968,0.9165955533446968,0.14522736832726169,1,0.042119787236554095,1
306_left_LAD_prox_20mm_80ds_leaky_T2_truncation_B_rederived,50.05603912628967,30.1301480630512,measurement,686,0.6759492452761143,0.035912504274034834,0.7703270540394656,0.7607085345486704,0.7607085345486704,0.14516252336430788,1,0.048348449757356,1
306_left_LAD_prox_20mm_80ds_leaky_T2_truncation_C_flowmatched,0.0,-19.925891063238467,grid,9,0.9991944005628964,0.4767746347170117,1.5606885645481725,1.367733396761126,1.5606899275795372,0.33156789496994826,1,0.0,1
306_left_LAD_prox_20mm_80ds_leaky_T2_truncation_C_flowmatched,5.0,-14.925891063238467,grid,20,0.9988196120967305,0.4767746347269708,1.4838843566150703,1.367733396761126,1.4927617452389985,0.33156789497687417,1,0.0,1
306_left_LAD_prox_20mm_80ds_leaky_T2_truncation_C_flowmatched,9.925891063238467,-10.0,lesion_prox,233,0.9981636705160385,0.36139936764707203,1.0258225201996631,1.3584786891011946,1.3584786891011946,0.2565030792652101,1,0.0011032599685118015,1
306_left_LAD_prox_20mm_80ds_leaky_T2_truncation_C_flowmatched,15.0,-4.925891063238468,grid,244,0.9967330629963818,0.3577092229787023,1.347557882583223,1.3533014208723788,1.3533014208723788,0.2568089817957119,1,0.001023902265532458,1
306_left_LAD_prox_20mm_80ds_leaky_T2_truncation_C_flowmatched,19.925891063238467,0.0,throat,255,0.7626373356744395,0.35397895007490243,1.3909396355987205,1.3479429058421797,1.3479429058421797,0.25717374492269757,1,0.001078902527902605,1
306_left_LAD_prox_20mm_80ds_leaky_T2_truncation_C_flowmatched,25.0,5.074108936761534,grid,543,0.6691315430854179,0.23750690598499885,1.075493010458073,1.02433316977431,1.1373425172371077,0.39320245250581864,1,0.0,1
306_left_LAD_prox_20mm_80ds_leaky_T2_truncation_C_flowmatched,29.925891063238467,9.999999999999998,lesion_dist,555,0.6677874316682132,0.23750690598408308,1.437300992127929,1.02433316977431,1.3872115301552423,0.3932024525043025,1,0.0,1
306_left_LAD_prox_20mm_80ds_leaky_T2_truncation_C_flowmatched,35.0,15.074108936761535,grid,651,0.6675091530067851,0.13684620175000883,0.9889260744549251,1.1779831452404568,1.2085819920319036,0.1489632718343274,1,0.0,1
306_left_LAD_prox_20mm_80ds_leaky_T2_truncation_C_flowmatched,40.0,20.074108936761533,grid,663,0.6670826370492471,0.09971499299045979,0.8981301134214855,1.060331548158609,1.060331548158609,0.1488329527148942,1,0.034119645860486804,1
306_left_LAD_prox_20mm_80ds_leaky_T2_truncation_C_flowmatched,45.0,25.07410893676153,grid,674,0.6653898575227808,0.064345066601092,0.6631505011551372,0.9165955533446968,0.9165955533446968,0.1486776544684087,1,0.042119787236554095,1
306_left_LAD_prox_20mm_80ds_leaky_T2_truncation_C_flowmatched,50.05603912628967,30.1301480630512,measurement,686,0.6646900397415413,0.036765006490307714,0.7703270540394656,0.7607085345486704,0.7607085345486704,0.14860843657446823,1,0.048348449757356,1
306_left_LAD_prox_20mm_80ds_leaky_T3_stenosis_length_A_fixed,0.0,-19.925891063238467,grid,9,0.9992105650963192,0.4530226780223528,1.5606885645481725,1.367733396761126,1.5606899275795372,0.3150498470093225,1,0.0,1
306_left_LAD_prox_20mm_80ds_leaky_T3_stenosis_length_A_fixed,5.0,-14.925891063238467,grid,20,0.9988544478403407,0.45302267803584945,1.4838843566150703,1.367733396761126,1.4927617452389985,0.3150498470187086,1,0.0,1
306_left_LAD_prox_20mm_80ds_leaky_T3_stenosis_length_A_fixed,8.695891063238467,-11.23,lesion_prox,231,0.9984662291716626,0.3350663776860811,1.0770935917525886,1.3594426898647858,1.3594426898647858,0.2373076965934023,1,0.0010037640777279299,1
306_left_LAD_prox_20mm_80ds_leaky_T3_stenosis_length_A_fixed,10.0,-9.925891063238467,grid,233,0.9982386428488977,0.33435573906966376,1.0258225201996631,1.3584786891011946,1.3584786891011946,0.23730887300587866,1,0.0011032599685118015,1
306_left_LAD_prox_20mm_80ds_leaky_T3_stenosis_length_A_fixed,15.0,-4.925891063238468,grid,244,0.9963396721928937,0.33055986466405335,1.347557882583223,1.3533014208723788,1.3533014208723788,0.2373177341081814,1,0.001023902265532458,1
306_left_LAD_prox_20mm_80ds_leaky_T3_stenosis_length_A_fixed,19.925891063238467,0.0,throat,255,0.7809404226778135,0.32673474997714663,1.3909396355987205,1.3479429058421797,1.3479429058421797,0.23738021492584152,1,0.001078902527902605,1
306_left_LAD_prox_20mm_80ds_leaky_T3_stenosis_length_A_fixed,25.0,5.074108936761534,grid,543,0.6843714544948553,0.20359086440136645,1.075493010458073,1.02433316977431,1.1373425172371077,0.33705305055615115,1,0.0,1
306_left_LAD_prox_20mm_80ds_leaky_T3_stenosis_length_A_fixed,30.0,10.074108936761531,grid,555,0.6826053952143486,0.20359086440246726,1.437300992127929,1.02433316977431,1.3872115301552423,0.33705305055797363,1,0.0,1
306_left_LAD_prox_20mm_80ds_leaky_T3_stenosis_length_A_fixed,31.155891063238467,11.23,lesion_dist,558,0.6825589682502445,0.2035908644039456,1.4697377480243814,1.02433316977431,1.4463867030570356,0.33705305056042106,2,-1.1693825379235898,1
306_left_LAD_prox_20mm_80ds_leaky_T3_stenosis_length_A_fixed,35.0,15.074108936761535,grid,651,0.6824009623132931,0.09493840872867147,0.9889260744549251,1.0308959182516584,1.0308959182516584,0.15419176239389326,1,0.003128226592783336,1
306_left_LAD_prox_20mm_80ds_leaky_T3_stenosis_length_A_fixed,40.0,20.074108936761533,grid,663,0.6820726156364905,0.09106397593608799,0.8981301134214855,1.0169676878181373,1.0169676878181373,0.15405962261807607,1,0.0033771909284660835,1
306_left_LAD_prox_20mm_80ds_leaky_T3_stenosis_length_A_fixed,45.0,25.07410893676153,grid,674,0.6800900681746614,0.087412811763437,0.6631505011551372,1.0034635929564004,1.0034635929564004,0.15393377278882092,1,0.003662108000193065,1
306_left_LAD_prox_20mm_80ds_leaky_T3_stenosis_length_A_fixed,50.05603912628967,30.1301480630512,measurement,686,0.6788937684492079,0.08357397126934586,0.7703270540394656,0.9888179010943148,0.9888179010943148,0.15381042198427922,1,0.0035481715951733456,1
306_left_LAD_prox_20mm_80ds_leaky_T3_stenosis_length_A_fixed,55.0,35.07410893676153,grid,698,0.6774493106528107,0.08003536507722679,0.7099700557808706,0.97489429808323,0.97489429808323,0.15369970140004366,1,0.0037272382831657486,1
306_left_LAD_prox_20mm_80ds_leaky_T3_stenosis_length_A_fixed,60.0,40.074108936761526,grid,710,0.6753753289824637,0.07650771475147088,0.7878781588081163,0.9605645451949085,0.9605645451949085,0.15359930709758007,1,0.003788086666448031,1
306_left_LAD_prox_20mm_80ds_leaky_T3_stenosis_length_A_fixed,65.0,45.07410893676153,grid,721,0.6745950165804113,0.0732912324263481,0.7975717615828224,0.9470846897096364,0.9470846897096364,0.15351445003066735,1,0.003933047042147429,1
306_left_LAD_prox_20mm_80ds_leaky_T3_stenosis_length_A_fixed,70.0,50.07410893676153,grid,732,0.6738898614396345,0.06998392639325479,0.7834673958213709,0.9327938336962717,0.9327938336962717,0.15342812918991933,1,0.004088067485303091,1
306_left_LAD_prox_20mm_80ds_leaky_T3_stenosis_length_A_fixed,75.0,55.074108936761526,grid,742,0.672496811184581,0.06685675911192727,0.657107870694973,0.9188453282104712,0.9188453282104712,0.1533492901933825,1,0.004464287775603766,1
306_left_LAD_prox_20mm_80ds_leaky_T3_stenosis_length_A_fixed,80.0,60.07410893676153,grid,750,0.6717795180659963,0.06408939892549574,0.823417417897293,0.9061123768738156,0.9061123768738156,0.15328642483165772,1,0.004336742061313788,1
306_left_LAD_prox_20mm_80ds_leaky_T3_stenosis_length_A_fixed,85.0,65.07410893676153,grid,761,0.6711252064107501,0.06097489432261987,0.8438839055525427,0.8913245809272132,0.8913245809272132,0.15321704770025643,1,0.005012671187613376,1
306_left_LAD_prox_20mm_80ds_leaky_T3_stenosis_length_A_fixed,90.0,70.07410893676152,grid,769,0.6707073792486012,0.058351058453585285,0.8526985189678633,0.8784631905577897,0.8784631905577897,0.15315871629171157,1,0.005750638956279833,1
306_left_LAD_prox_20mm_80ds_leaky_T3_stenosis_length_A_fixed,95.0,75.07410893676153,grid,780,0.6700579973229392,0.05543861064514508,0.7935557027325351,0.863719167090633,0.863719167090633,0.15309406347750804,1,0.0035525395863905134,1
306_left_LAD_prox_20mm_80ds_leaky_T3_stenosis_length_A_fixed,100.0,80.07410893676153,grid,793,0.6694478451732673,0.05269276686978953,0.7128379904857343,0.8493267580286048,0.8493267580286048,0.15303482384232353,1,0.0043621332300983065,1
306_left_LAD_prox_20mm_80ds_leaky_T3_stenosis_length_A_fixed,105.0,85.07410893676152,grid,802,0.6689069636222384,0.05025916037187439,0.8968552501387879,0.8361362380044528,0.8361362380044528,0.15298462108176114,1,0.006191931216577329,1
306_left_LAD_prox_20mm_80ds_leaky_T3_stenosis_length_A_fixed,110.0,90.07410893676153,grid,811,0.6684783503022254,0.04775327159695236,0.831931172194015,0.8220943321010393,0.8220943321010393,0.1529332271961556,1,0.005199837802976389,1
306_left_LAD_prox_20mm_80ds_leaky_T3_stenosis_length_A_fixed,115.0,95.07410893676153,grid,820,0.6680763351576169,0.04542749064422859,0.8541837566828197,0.8086083988861489,0.8086083988861489,0.152885989404163,1,0.005976666507889475,1
306_left_LAD_prox_20mm_80ds_leaky_T3_stenosis_length_A_fixed,120.0,100.07410893676152,grid,829,0.6676114917423472,0.04297184761770341,0.8417830235040911,0.7938530763793261,0.7938530763793261,0.1528365814395009,1,0.005941712402934437,1
306_left_LAD_prox_20mm_80ds_leaky_T3_stenosis_length_A_fixed,125.0,105.07410893676153,grid,838,0.6670339399013019,0.0408327969286019,0.6971024731367939,0.7805269121331135,0.7805269121331135,0.15279500873382346,1,0.005820371192341837,1
306_left_LAD_prox_20mm_80ds_leaky_T3_stenosis_length_A_fixed,130.0,110.07410893676153,grid,848,0.6664733722226993,0.03861807041874259,0.7399702260369557,0.7662171063199374,0.7662171063199374,0.15275615684664964,1,0.005904893578705413,1
306_left_LAD_prox_20mm_80ds_leaky_T3_stenosis_length_A_fixed,135.0,115.07410893676153,grid,857,0.6660214324236339,0.03648538174582147,0.794905774178195,0.7519009567282283,0.7519009567282283,0.15272167083888802,1,0.005732885337890974,1
306_left_LAD_prox_20mm_80ds_leaky_T3_stenosis_length_B_rederived,0.0,-19.925891063238467,grid,9,0.9992105650963192,0.4530226780223528,1.5606885645481725,1.367733396761126,1.5606899275795372,0.3150498470093225,1,0.0,1
306_left_LAD_prox_20mm_80ds_leaky_T3_stenosis_length_B_rederived,5.0,-14.925891063238467,grid,20,0.9988544478403407,0.45302267803584945,1.4838843566150703,1.367733396761126,1.4927617452389985,0.3150498470187086,1,0.0,1
306_left_LAD_prox_20mm_80ds_leaky_T3_stenosis_length_B_rederived,8.695891063238467,-11.23,lesion_prox,231,0.9984662291716626,0.3350663776860811,1.0770935917525886,1.3594426898647858,1.3594426898647858,0.2373076965934023,1,0.0010037640777279299,1
306_left_LAD_prox_20mm_80ds_leaky_T3_stenosis_length_B_rederived,10.0,-9.925891063238467,grid,233,0.9982386428488977,0.33435573906966376,1.0258225201996631,1.3584786891011946,1.3584786891011946,0.23730887300587866,1,0.0011032599685118015,1
306_left_LAD_prox_20mm_80ds_leaky_T3_stenosis_length_B_rederived,15.0,-4.925891063238468,grid,244,0.9963396721928937,0.33055986466405335,1.347557882583223,1.3533014208723788,1.3533014208723788,0.2373177341081814,1,0.001023902265532458,1
306_left_LAD_prox_20mm_80ds_leaky_T3_stenosis_length_B_rederived,19.925891063238467,0.0,throat,255,0.7809404226778135,0.32673474997714663,1.3909396355987205,1.3479429058421797,1.3479429058421797,0.23738021492584152,1,0.001078902527902605,1
306_left_LAD_prox_20mm_80ds_leaky_T3_stenosis_length_B_rederived,25.0,5.074108936761534,grid,543,0.6843714544948553,0.20359086440136645,1.075493010458073,1.02433316977431,1.1373425172371077,0.33705305055615115,1,0.0,1
306_left_LAD_prox_20mm_80ds_leaky_T3_stenosis_length_B_rederived,30.0,10.074108936761531,grid,555,0.6826053952143486,0.20359086440246726,1.437300992127929,1.02433316977431,1.3872115301552423,0.33705305055797363,1,0.0,1
306_left_LAD_prox_20mm_80ds_leaky_T3_stenosis_length_B_rederived,31.155891063238467,11.23,lesion_dist,558,0.6825589682502445,0.2035908644039456,1.4697377480243814,1.02433316977431,1.4463867030570356,0.33705305056042106,2,-1.1693825379235898,1
306_left_LAD_prox_20mm_80ds_leaky_T3_stenosis_length_B_rederived,35.0,15.074108936761535,grid,651,0.6824009623132931,0.09493840872867147,0.9889260744549251,1.0308959182516584,1.0308959182516584,0.15419176239389326,1,0.003128226592783336,1
306_left_LAD_prox_20mm_80ds_leaky_T3_stenosis_length_B_rederived,40.0,20.074108936761533,grid,663,0.6820726156364905,0.09106397593608799,0.8981301134214855,1.0169676878181373,1.0169676878181373,0.15405962261807607,1,0.0033771909284660835,1
306_left_LAD_prox_20mm_80ds_leaky_T3_stenosis_length_B_rederived,45.0,25.07410893676153,grid,674,0.6800900681746614,0.087412811763437,0.6631505011551372,1.0034635929564004,1.0034635929564004,0.15393377278882092,1,0.003662108000193065,1
306_left_LAD_prox_20mm_80ds_leaky_T3_stenosis_length_B_rederived,50.05603912628967,30.1301480630512,measurement,686,0.6788937684492079,0.08357397126934586,0.7703270540394656,0.9888179010943148,0.9888179010943148,0.15381042198427922,1,0.0035481715951733456,1
306_left_LAD_prox_20mm_80ds_leaky_T3_stenosis_length_B_rederived,55.0,35.07410893676153,grid,698,0.6774493106528107,0.08003536507722679,0.7099700557808706,0.97489429808323,0.97489429808323,0.15369970140004366,1,0.0037272382831657486,1
306_left_LAD_prox_20mm_80ds_leaky_T3_stenosis_length_B_rederived,60.0,40.074108936761526,grid,710,0.6753753289824637,0.07650771475147088,0.7878781588081163,0.9605645451949085,0.9605645451949085,0.15359930709758007,1,0.003788086666448031,1
306_left_LAD_prox_20mm_80ds_leaky_T3_stenosis_length_B_rederived,65.0,45.07410893676153,grid,721,0.6745950165804113,0.0732912324263481,0.7975717615828224,0.9470846897096364,0.9470846897096364,0.15351445003066735,1,0.003933047042147429,1
306_left_LAD_prox_20mm_80ds_leaky_T3_stenosis_length_B_rederived,70.0,50.07410893676153,grid,732,0.6738898614396345,0.06998392639325479,0.7834673958213709,0.9327938336962717,0.9327938336962717,0.15342812918991933,1,0.004088067485303091,1
306_left_LAD_prox_20mm_80ds_leaky_T3_stenosis_length_B_rederived,75.0,55.074108936761526,grid,742,0.672496811184581,0.06685675911192727,0.657107870694973,0.9188453282104712,0.9188453282104712,0.1533492901933825,1,0.004464287775603766,1
306_left_LAD_prox_20mm_80ds_leaky_T3_stenosis_length_B_rederived,80.0,60.07410893676153,grid,750,0.6717795180659963,0.06408939892549574,0.823417417897293,0.9061123768738156,0.9061123768738156,0.15328642483165772,1,0.004336742061313788,1
306_left_LAD_prox_20mm_80ds_leaky_T3_stenosis_length_B_rederived,85.0,65.07410893676153,grid,761,0.6711252064107501,0.06097489432261987,0.8438839055525427,0.8913245809272132,0.8913245809272132,0.15321704770025643,1,0.005012671187613376,1
306_left_LAD_prox_20mm_80ds_leaky_T3_stenosis_length_B_rederived,90.0,70.07410893676152,grid,769,0.6707073792486012,0.058351058453585285,0.8526985189678633,0.8784631905577897,0.8784631905577897,0.15315871629171157,1,0.005750638956279833,1
306_left_LAD_prox_20mm_80ds_leaky_T3_stenosis_length_B_rederived,95.0,75.07410893676153,grid,780,0.6700579973229392,0.05543861064514508,0.7935557027325351,0.863719167090633,0.863719167090633,0.15309406347750804,1,0.0035525395863905134,1
306_left_LAD_prox_20mm_80ds_leaky_T3_stenosis_length_B_rederived,100.0,80.07410893676153,grid,793,0.6694478451732673,0.05269276686978953,0.7128379904857343,0.8493267580286048,0.8493267580286048,0.15303482384232353,1,0.0043621332300983065,1
306_left_LAD_prox_20mm_80ds_leaky_T3_stenosis_length_B_rederived,105.0,85.07410893676152,grid,802,0.6689069636222384,0.05025916037187439,0.8968552501387879,0.8361362380044528,0.8361362380044528,0.15298462108176114,1,0.006191931216577329,1
306_left_LAD_prox_20mm_80ds_leaky_T3_stenosis_length_B_rederived,110.0,90.07410893676153,grid,811,0.6684783503022254,0.04775327159695236,0.831931172194015,0.8220943321010393,0.8220943321010393,0.1529332271961556,1,0.005199837802976389,1
306_left_LAD_prox_20mm_80ds_leaky_T3_stenosis_length_B_rederived,115.0,95.07410893676153,grid,820,0.6680763351576169,0.04542749064422859,0.8541837566828197,0.8086083988861489,0.8086083988861489,0.152885989404163,1,0.005976666507889475,1
306_left_LAD_prox_20mm_80ds_leaky_T3_stenosis_length_B_rederived,120.0,100.07410893676152,grid,829,0.6676114917423472,0.04297184761770341,0.8417830235040911,0.7938530763793261,0.7938530763793261,0.1528365814395009,1,0.005941712402934437,1
306_left_LAD_prox_20mm_80ds_leaky_T3_stenosis_length_B_rederived,125.0,105.07410893676153,grid,838,0.6670339399013019,0.0408327969286019,0.6971024731367939,0.7805269121331135,0.7805269121331135,0.15279500873382346,1,0.005820371192341837,1
306_left_LAD_prox_20mm_80ds_leaky_T3_stenosis_length_B_rederived,130.0,110.07410893676153,grid,848,0.6664733722226993,0.03861807041874259,0.7399702260369557,0.7662171063199374,0.7662171063199374,0.15275615684664964,1,0.005904893578705413,1
306_left_LAD_prox_20mm_80ds_leaky_T3_stenosis_length_B_rederived,135.0,115.07410893676153,grid,857,0.6660214324236339,0.03648538174582147,0.794905774178195,0.7519009567282283,0.7519009567282283,0.15272167083888802,1,0.005732885337890974,1
306_left_LAD_prox_20mm_80ds_leaky_T3_stenosis_length_C_flowmatched,0.0,-19.925891063238467,grid,9,0.9992063615060318,0.4550907393935531,1.5606885645481725,1.367733396761126,1.5606899275795372,0.316488058494555,1,0.0,1
306_left_LAD_prox_20mm_80ds_leaky_T3_stenosis_length_C_flowmatched,5.0,-14.925891063238467,grid,20,0.9988486185646872,0.45509073939347927,1.4838843566150703,1.367733396761126,1.4927617452389985,0.3164880584945037,1,0.0,1
306_left_LAD_prox_20mm_80ds_leaky_T3_stenosis_length_C_flowmatched,8.695891063238467,-11.23,lesion_prox,231,0.9984588510600199,0.33636678039104,1.0770935917525886,1.3594426898647858,1.3594426898647858,0.238228694912269,1,0.0010037640777279299,1
306_left_LAD_prox_20mm_80ds_leaky_T3_stenosis_length_C_flowmatched,10.0,-9.925891063238467,grid,233,0.9982303824609151,0.3356514839736882,1.0258225201996631,1.3584786891011946,1.3584786891011946,0.23822852751437532,1,0.0011032599685118015,1
306_left_LAD_prox_20mm_80ds_leaky_T3_stenosis_length_C_flowmatched,15.0,-4.925891063238468,grid,244,0.9963240898729185,0.331830743431676,1.347557882583223,1.3533014208723788,1.3533014208723788,0.2382301318360935,1,0.001023902265532458,1
306_left_LAD_prox_20mm_80ds_leaky_T3_stenosis_length_C_flowmatched,19.925891063238467,0.0,throat,255,0.7796177890612221,0.3279808538103441,1.3909396355987205,1.3479429058421797,1.3479429058421797,0.2382855376555635,1,0.001078902527902605,1
306_left_LAD_prox_20mm_80ds_leaky_T3_stenosis_length_C_flowmatched,25.0,5.074108936761534,grid,543,0.6826812113644648,0.20435446717022743,1.075493010458073,1.02433316977431,1.1373425172371077,0.3383172263501608,1,0.0,1
306_left_LAD_prox_20mm_80ds_leaky_T3_stenosis_length_C_flowmatched,30.0,10.074108936761531,grid,555,0.6809085281730045,0.20435446717203218,1.437300992127929,1.02433316977431,1.3872115301552423,0.3383172263531487,1,0.0,1
306_left_LAD_prox_20mm_80ds_leaky_T3_stenosis_length_C_flowmatched,31.155891063238467,11.23,lesion_dist,558,0.6808619270765374,0.20435446717279313,1.4697377480243814,1.02433316977431,1.4463867030570356,0.3383172263544084,2,-1.1693825379235898,1
306_left_LAD_prox_20mm_80ds_leaky_T3_stenosis_length_C_flowmatched,35.0,15.074108936761535,grid,651,0.6807033361899177,0.09528975670010406,0.9889260744549251,1.0308959182516584,1.0308959182516584,0.1547623951194063,1,0.003128226592783336,1
306_left_LAD_prox_20mm_80ds_leaky_T3_stenosis_length_C_flowmatched,40.0,20.074108936761533,grid,663,0.6803737753404754,0.09140046586376774,0.8981301134214855,1.0169676878181373,1.0169676878181373,0.1546288873656367,1,0.0033771909284660835,1
306_left_LAD_prox_20mm_80ds_leaky_T3_stenosis_length_C_flowmatched,45.0,25.07410893676153,grid,674,0.6783833802393366,0.08773533526246023,0.6631505011551372,1.0034635929564004,1.0034635929564004,0.154501735974264,1,0.003662108000193065,1
306_left_LAD_prox_20mm_80ds_leaky_T3_stenosis_length_C_flowmatched,50.05603912628967,30.1301480630512,measurement,686,0.6771826696834232,0.08388188621875331,0.7703270540394656,0.9888179010943148,0.9888179010943148,0.1543771119187684,1,0.0035481715951733456,1
306_left_LAD_prox_20mm_80ds_leaky_T3_stenosis_length_C_flowmatched,55.0,35.07410893676153,grid,698,0.675732654937106,0.0803298602353737,0.7099700557808706,0.97489429808323,0.97489429808323,0.1542652491154475,1,0.0037272382831657486,1
306_left_LAD_prox_20mm_80ds_leaky_T3_stenosis_length_C_flowmatched,60.0,40.074108936761526,grid,710,0.6736505824309873,0.07678889933441066,0.7878781588081163,0.9605645451949085,0.9605645451949085,0.15416382215656949,1,0.003788086666448031,1
306_left_LAD_prox_20mm_80ds_leaky_T3_stenosis_length_C_flowmatched,65.0,45.07410893676153,grid,721,0.6728674038637491,0.0735603288419843,0.7975717615828224,0.9470846897096364,0.9470846897096364,0.15407809436961512,1,0.003933047042147429,1
306_left_LAD_prox_20mm_80ds_leaky_T3_stenosis_length_C_flowmatched,70.0,50.07410893676153,grid,732,0.6721596611162797,0.07024062022713096,0.7834673958213709,0.9327938336962717,0.9327938336962717,0.15399088776515132,1,0.004088067485303091,1
306_left_LAD_prox_20mm_80ds_leaky_T3_stenosis_length_C_flowmatched,75.0,55.074108936761526,grid,742,0.6707613284580067,0.06710175635075438,0.657107870694973,0.9188453282104712,0.9188453282104712,0.15391124014687305,1,0.004464287775603766,1
306_left_LAD_prox_20mm_80ds_leaky_T3_stenosis_length_C_flowmatched,80.0,60.07410893676153,grid,750,0.6700414077126389,0.06432408247107878,0.823417417897293,0.9061123768738156,0.9061123768738156,0.15384773141702704,1,0.004336742061313788,1
306_left_LAD_prox_20mm_80ds_leaky_T3_stenosis_length_C_flowmatched,85.0,65.07410893676153,grid,761,0.6693847011041262,0.0611979917167561,0.8438839055525427,0.8913245809272132,0.8913245809272132,0.153777644392697,1,0.005012671187613376,1
306_left_LAD_prox_20mm_80ds_leaky_T3_stenosis_length_C_flowmatched,90.0,70.07410893676152,grid,769,0.6689653457634385,0.05856440959482279,0.8526985189678633,0.8784631905577897,0.8784631905577897,0.1537187161919242,1,0.005750638956279833,1
306_left_LAD_prox_20mm_80ds_leaky_T3_stenosis_length_C_flowmatched,95.0,75.07410893676153,grid,780,0.6683135905424118,0.055641158995027966,0.7935557027325351,0.863719167090633,0.863719167090633,0.15365340198858146,1,0.0035525395863905134,1
306_left_LAD_prox_20mm_80ds_leaky_T3_stenosis_length_C_flowmatched,100.0,80.07410893676153,grid,793,0.6677012100682892,0.05288514900133537,0.7128379904857343,0.8493267580286048,0.8493267580286048,0.15359355642291248,1,0.0043621332300983065,1
306_left_LAD_prox_20mm_80ds_leaky_T3_stenosis_length_C_flowmatched,105.0,85.07410893676152,grid,802,0.6671583543037934,0.050442548910583376,0.8968552501387879,0.8361362380044528,0.8361362380044528,0.1535428402381805,1,0.006191931216577329,1
306_left_LAD_prox_20mm_80ds_leaky_T3_stenosis_length_C_flowmatched,110.0,90.07410893676153,grid,811,0.6667281775917954,0.04792741095270081,0.831931172194015,0.8220943321010393,0.8220943321010393,0.1534909207900364,1,0.005199837802976389,1
306_left_LAD_prox_20mm_80ds_leaky_T3_stenosis_length_C_flowmatched,115.0,95.07410893676153,grid,820,0.6663246968877853,0.04559305635810771,0.8541837566828197,0.8086083988861489,0.8086083988861489,0.15344319997465336,1,0.005976666507889475,1
306_left_LAD_prox_20mm_80ds_leaky_T3_stenosis_length_C_flowmatched,120.0,100.07410893676152,grid,829,0.6658581598588721,0.04312837205101034,0.8417830235040911,0.7938530763793261,0.7938530763793261,0.1533932868320922,1,0.005941712402934437,1
306_left_LAD_prox_20mm_80ds_leaky_T3_stenosis_length_C_flowmatched,125.0,105.07410893676153,grid,838,0.6652785049388469,0.04098145677651422,0.6971024731367939,0.7805269121331135,0.7805269121331135,0.1533512890885552,1,0.005820371192341837,1
306_left_LAD_prox_20mm_80ds_leaky_T3_stenosis_length_C_flowmatched,130.0,110.07410893676153,grid,848,0.6647158968879199,0.03875860246323767,0.7399702260369557,0.7662171063199374,0.7662171063199374,0.15331204000699658,1,0.005904893578705413,1
306_left_LAD_prox_20mm_80ds_leaky_T3_stenosis_length_C_flowmatched,135.0,115.07410893676153,grid,857,0.6642623128174623,0.03661809864529499,0.794905774178195,0.7519009567282283,0.7519009567282283,0.15327720145598162,1,0.005732885337890974,1
306_left_LAD_prox_20mm_80ds_leaky_T4_taper_A_fixed,0.0,-19.925891063238467,grid,9,0.9992394636157543,0.4253926801952945,1.5606885645481725,1.367733396761126,1.5606899275795372,0.2958348562139762,1,0.0,1
306_left_LAD_prox_20mm_80ds_leaky_T4_taper_A_fixed,5.0,-14.925891063238467,grid,20,0.9989050660649609,0.4253926802076051,1.4838843566150703,1.367733396761126,1.4927617452389985,0.2958348562225375,1,0.0,1
306_left_LAD_prox_20mm_80ds_leaky_T4_taper_A_fixed,9.925891063238467,-10.0,lesion_prox,233,0.9983454083172077,0.30671887802550785,1.0258225201996631,1.3299962894624533,1.3299962894624533,0.23198126018682422,1,0.010218830269387233,1
306_left_LAD_prox_20mm_80ds_leaky_T4_taper_A_fixed,15.0,-4.925891063238468,grid,244,0.9967545836646972,0.30292233558882875,1.2532288308023976,1.2829042987501733,1.2829042987501733,0.2552773012861814,1,0.009795575629607084,1
306_left_LAD_prox_20mm_80ds_leaky_T4_taper_A_fixed,19.925891063238467,0.0,throat,255,0.7460771460601832,0.2990930839725577,1.2935738611068102,1.2341637025745236,1.2341637025745236,0.2831077426545062,1,0.010683915740355354,1
306_left_LAD_prox_20mm_80ds_leaky_T4_taper_A_fixed,25.0,5.074108936761534,grid,543,0.6332673593714224,0.18629959590845424,1.0002084997260081,0.9526298478901088,1.0577285410305106,0.3834449682221793,1,0.0,1
306_left_LAD_prox_20mm_80ds_leaky_T4_taper_A_fixed,29.925891063238467,9.999999999999998,lesion_dist,555,0.631857943536042,0.18629959590826511,1.3366899226789741,0.9526298478901088,1.2901067230443757,0.3834449682217901,1,0.0,1
306_left_LAD_prox_20mm_80ds_leaky_T4_taper_A_fixed,35.0,15.074108936761535,grid,651,0.6316099164222945,0.08665935862712991,0.9197012492430804,0.9587332039740423,0.9587332039740423,0.17497896727896195,1,0.0031282265927833667,1
306_left_LAD_prox_20mm_80ds_leaky_T4_taper_A_fixed,40.0,20.074108936761533,grid,663,0.6312093170956508,0.08309914854702012,0.8352610054819817,0.9457799496708676,0.9457799496708676,0.17477928157933292,1,0.00337719092846601,1
306_left_LAD_prox_20mm_80ds_leaky_T4_taper_A_fixed,45.0,25.07410893676153,grid,674,0.6288065107513165,0.07974566764753586,0.6167299660742777,0.9332211414494525,0.9332211414494525,0.174589079916365,1,0.003662108000193203,1
306_left_LAD_prox_20mm_80ds_leaky_T4_taper_A_fixed,50.05603912628967,30.1301480630512,measurement,686,0.6273477516365048,0.07622319139478137,0.716404160256703,0.9196006480177129,0.9196006480177129,0.17440262077627364,1,0.003548171595174063,1
306_left_LAD_prox_20mm_80ds_leaky_T4_taper_A_fixed,55.0,35.07410893676153,grid,698,0.6255938032637249,0.07297831015428259,0.6602721518762097,0.9066516972174039,0.9066516972174039,0.17423526116928673,1,0.0037272382831657746,1
306_left_LAD_prox_20mm_80ds_leaky_T4_taper_A_fixed,60.0,40.074108936761526,grid,710,0.6230795871849084,0.06974647853997559,0.7327266876915481,0.8933250270312649,0.8933250270312649,0.17408344243635154,1,0.003788086666447673,1
306_left_LAD_prox_20mm_80ds_leaky_T4_taper_A_fixed,65.0,45.07410893676153,grid,721,0.6221287494493385,0.06680188416243707,0.7417417382720248,0.880788761429962,0.880788761429962,0.173955074740566,1,0.003933047042147118,1
306_left_LAD_prox_20mm_80ds_leaky_T4_taper_A_fixed,70.0,50.07410893676153,grid,732,0.6212696481492683,0.06377539805218697,0.728624678113875,0.8674982653375328,0.8674982653375328,0.1738245113685457,1,0.004088067485303431,1
306_left_LAD_prox_20mm_80ds_leaky_T4_taper_A_fixed,75.0,55.074108936761526,grid,742,0.6195779719286243,0.06091515989666534,0.6111103197463249,0.8545261552357382,0.8545261552357382,0.17370526923240917,1,0.004464287775603209,1
306_left_LAD_prox_20mm_80ds_leaky_T4_taper_A_fixed,80.0,60.07410893676153,grid,750,0.6187043629836897,0.058385698300277344,0.7657781986444825,0.8426845104926486,0.8426845104926486,0.1736101569614166,1,0.004336742061313439,1
306_left_LAD_prox_20mm_80ds_leaky_T4_taper_A_fixed,85.0,65.07410893676153,grid,761,0.6179075824576753,0.05553992789964893,0.7848120321638647,0.8289318602623085,0.8289318602623085,0.17350520167458297,1,0.005012671187613214,1
306_left_LAD_prox_20mm_80ds_leaky_T4_taper_A_fixed,90.0,70.07410893676152,grid,769,0.6173988515822556,0.05314316816136578,0.7930096226401129,0.8169707672187445,0.8169707672187445,0.17341696258220612,1,0.005750638956279783,1
306_left_LAD_prox_20mm_80ds_leaky_T4_taper_A_fixed,95.0,75.07410893676153,grid,780,0.6166082990323771,0.05048349637846998,0.7380068035412577,0.8032588253942887,0.8032588253942887,0.17331916676878956,1,0.0035525395863900047,1
306_left_LAD_prox_20mm_80ds_leaky_T4_taper_A_fixed,100.0,80.07410893676153,grid,793,0.6158656039223298,0.047976835369567684,0.6629393311517329,0.7898738849666026,0.7898738849666026,0.17322956560789965,1,0.004362133230097948,1
306_left_LAD_prox_20mm_80ds_leaky_T4_taper_A_fixed,105.0,85.07410893676152,grid,802,0.6152072972685511,0.04575598625313522,0.8340753826290728,0.7776067013441413,0.7776067013441413,0.173153638289026,1,0.006191931216577383,1
306_left_LAD_prox_20mm_80ds_leaky_T4_taper_A_fixed,110.0,90.07410893676153,grid,811,0.6146856971216482,0.04346971118308317,0.7736959901404341,0.7645477288539668,0.7645477288539668,0.17307591310213064,1,0.005199837802975785,1
306_left_LAD_prox_20mm_80ds_leaky_T4_taper_A_fixed,115.0,95.07410893676153,grid,820,0.61419651621906,0.041348260655682666,0.7943908937150224,0.7520058109641187,0.7520058109641187,0.1730044763247465,1,0.005976666507889336,1
306_left_LAD_prox_20mm_80ds_leaky_T4_taper_B_rederived,0.0,-19.925891063238467,grid,9,0.9991768727383038,0.47505659625130486,1.5606885645481725,1.367733396761126,1.5606899275795372,0.3303731032254379,1,0.0,1
306_left_LAD_prox_20mm_80ds_leaky_T4_taper_B_rederived,5.0,-14.925891063238467,grid,20,0.9988034348075001,0.47505659625119434,1.4838843566150703,1.367733396761126,1.4927617452389985,0.33037310322536106,1,0.0,1
306_left_LAD_prox_20mm_80ds_leaky_T4_taper_B_rederived,9.925891063238467,-10.0,lesion_prox,233,0.9981864822344754,0.33000165375555696,1.0258225201996631,1.3299962894624533,1.3299962894624533,0.2495907653117576,1,0.010218830269387233,1
306_left_LAD_prox_20mm_80ds_leaky_T4_taper_B_rederived,15.0,-4.925891063238468,grid,244,0.9965681059548738,0.2968455132846416,1.2532288308023976,1.2829042987501733,1.2829042987501733,0.2501562698667149,1,0.009795575629607084,1
306_left_LAD_prox_20mm_80ds_leaky_T4_taper_B_rederived,19.925891063238467,0.0,throat,255,0.7876893526651079,0.2655149952334812,1.2935738611068102,1.2341637025745236,1.2341637025745236,0.25132426983289846,1,0.010683915740355354,1
306_left_LAD_prox_20mm_80ds_leaky_T4_taper_B_rederived,25.0,5.074108936761534,grid,543,0.6890613583390273,0.17052487385589865,1.0002084997260081,0.9526298478901088,1.0577285410305106,0.3509771694239029,1,0.0,1
306_left_LAD_prox_20mm_80ds_leaky_T4_taper_B_rederived,29.925891063238467,9.999999999999998,lesion_dist,555,0.6877712833049583,0.17052487385482856,1.3366899226789741,0.9526298478901088,1.2901067230443757,0.35097716942170043,1,0.0,1
306_left_LAD_prox_20mm_80ds_leaky_T4_taper_B_rederived,35.0,15.074108936761535,grid,651,0.6875439685804388,0.07945490188766784,0.9197012492430804,0.9587332039740423,0.9587332039740423,0.16043202832109185,1,0.0031282265927833667,1
306_left_LAD_prox_20mm_80ds_leaky_T4_taper_B_rederived,40.0,20.074108936761533,grid,663,0.687176636448372,0.076205367970304,0.8352610054819817,0.9457799496708676,0.9457799496708676,0.16027985483872995,1,0.00337719092846601,1
306_left_LAD_prox_20mm_80ds_leaky_T4_taper_B_rederived,45.0,25.07410893676153,grid,674,0.6849849733209928,0.07314353510633574,0.6167299660742777,0.9332211414494525,0.9332211414494525,0.16013487469297139,1,0.003662108000193203,1
306_left_LAD_prox_20mm_80ds_leaky_T4_taper_B_rederived,50.05603912628967,30.1301480630512,measurement,686,0.6836468668874324,0.06992528418070663,0.716404160256703,0.9196006480177129,0.9196006480177129,0.15999268197101346,1,0.003548171595174063,1
306_left_LAD_prox_20mm_80ds_leaky_T4_taper_B_rederived,55.0,35.07410893676153,grid,698,0.68204313662102,0.06695935141736928,0.6602721518762097,0.9066516972174039,0.9066516972174039,0.1598650346557353,1,0.0037272382831657746,1
306_left_LAD_prox_20mm_80ds_leaky_T4_taper_B_rederived,60.0,40.074108936761526,grid,710,0.6797466715342403,0.06400345413206225,0.7327266876915481,0.8933250270312649,0.8933250270312649,0.15974916377664083,1,0.003788086666447673,1
306_left_LAD_prox_20mm_80ds_leaky_T4_taper_B_rederived,65.0,45.07410893676153,grid,721,0.6788740634519196,0.06130891428771883,0.7417417382720248,0.880788761429962,0.880788761429962,0.15965113710340598,1,0.003933047042147118,1
306_left_LAD_prox_20mm_80ds_leaky_T4_taper_B_rederived,70.0,50.07410893676153,grid,732,0.6780855492040737,0.05853867210711826,0.728624678113875,0.8674982653375328,0.8674982653375328,0.15955143183672238,1,0.004088067485303431,1
306_left_LAD_prox_20mm_80ds_leaky_T4_taper_B_rederived,75.0,55.074108936761526,grid,742,0.6765366613575463,0.055919739393314724,0.6111103197463249,0.8545261552357382,0.8545261552357382,0.1594603609873088,1,0.004464287775603209,1
306_left_LAD_prox_20mm_80ds_leaky_T4_taper_B_rederived,80.0,60.07410893676153,grid,750,0.6757346594362132,0.053602630991285004,0.7657781986444825,0.8426845104926486,0.8426845104926486,0.159387683128861,1,0.004336742061313439,1
306_left_LAD_prox_20mm_80ds_leaky_T4_taper_B_rederived,85.0,65.07410893676153,grid,761,0.6750031140010073,0.05099516229590397,0.7848120321638647,0.8289318602623085,0.8289318602623085,0.15930747937889989,1,0.005012671187613214,1
306_left_LAD_prox_20mm_80ds_leaky_T4_taper_B_rederived,90.0,70.07410893676152,grid,769,0.674535989697839,0.04879868986765529,0.7930096226401129,0.8169707672187445,0.8169707672187445,0.1592400466066299,1,0.005750638956279783,1
306_left_LAD_prox_20mm_80ds_leaky_T4_taper_B_rederived,95.0,75.07410893676153,grid,780,0.6738100246378077,0.046360834631512735,0.7380068035412577,0.8032588253942887,0.8032588253942887,0.1591653075848816,1,0.0035525395863900047,1
306_left_LAD_prox_20mm_80ds_leaky_T4_taper_B_rederived,100.0,80.07410893676153,grid,793,0.6731279462108413,0.04406269964651184,0.6629393311517329,0.7898738849666026,0.7898738849666026,0.15909682788536494,1,0.004362133230097948,1
306_left_LAD_prox_20mm_80ds_leaky_T4_taper_B_rederived,105.0,85.07410893676152,grid,802,0.6725233256569813,0.04202612797856829,0.8340753826290728,0.7776067013441413,0.7776067013441413,0.15903879598247558,1,0.006191931216577383,1
306_left_LAD_prox_20mm_80ds_leaky_T4_taper_B_rederived,110.0,90.07410893676153,grid,811,0.6720442231847588,0.03992923082995112,0.7736959901404341,0.7645477288539668,0.7645477288539668,0.15897938811355533,1,0.005199837802975785,1
306_left_LAD_prox_20mm_80ds_leaky_T4_taper_B_rederived,115.0,95.07410893676153,grid,820,0.6715948675480464,0.037983198939928686,0.7943908937150224,0.7520058109641187,0.7520058109641187,0.15892478516718242,1,0.005976666507889336,1
306_left_LAD_prox_20mm_80ds_leaky_T4_taper_C_flowmatched,0.0,-19.925891063238467,grid,9,0.9992028399577686,0.46153224304417156,1.5606885645481725,1.367733396761126,1.5606899275795372,0.32096773432115283,1,0.0,1
306_left_LAD_prox_20mm_80ds_leaky_T4_taper_C_flowmatched,5.0,-14.925891063238467,grid,20,0.9988400334054451,0.46153224305412105,1.4838843566150703,1.367733396761126,1.4927617452389985,0.3209677343280721,1,0.0,1
306_left_LAD_prox_20mm_80ds_leaky_T4_taper_C_flowmatched,9.925891063238467,-10.0,lesion_prox,233,0.9982388497586504,0.32177315380208105,1.0258225201996631,1.3299962894624533,1.3299962894624533,0.24336728861888896,1,0.010218830269387233,1
306_left_LAD_prox_20mm_80ds_leaky_T4_taper_C_flowmatched,15.0,-4.925891063238468,grid,244,0.9966595770707108,0.2898339625522697,1.2532288308023976,1.2829042987501733,1.2829042987501733,0.24424752845511905,1,0.009795575629607084,1
306_left_LAD_prox_20mm_80ds_leaky_T4_taper_C_flowmatched,19.925891063238467,0.0,throat,255,0.7949978344850516,0.25964205264990836,1.2935738611068102,1.2341637025745236,1.2341637025745236,0.24576521278119015,1,0.010683915740355354,1
306_left_LAD_prox_20mm_80ds_leaky_T4_taper_C_flowmatched,25.0,5.074108936761534,grid,543,0.6985418643570563,0.16681469960884066,1.0002084997260081,0.9526298478901088,1.0577285410305106,0.3433408262567338,1,0.0,1
306_left_LAD_prox_20mm_80ds_leaky_T4_taper_C_flowmatched,29.925891063238467,9.999999999999998,lesion_dist,555,0.6972798579739703,0.16681469960617853,1.3366899226789741,0.9526298478901088,1.2901067230443757,0.34334082625125456,1,0.0,1
306_left_LAD_prox_20mm_80ds_leaky_T4_taper_C_flowmatched,35.0,15.074108936761535,grid,651,0.6970574372662633,0.07775004457769855,0.9197012492430804,0.9587332039740423,0.9587332039740423,0.15698965145398425,1,0.0031282265927833667,1
306_left_LAD_prox_20mm_80ds_leaky_T4_taper_C_flowmatched,40.0,20.074108936761533,grid,663,0.69669798038901,0.0745728576495797,0.8352610054819817,0.9457799496708676,0.9457799496708676,0.15684625791245588,1,0.00337719092846601,1
306_left_LAD_prox_20mm_80ds_leaky_T4_taper_C_flowmatched,45.0,25.07410893676153,grid,674,0.6945560202999278,0.07157901580214958,0.6167299660742777,0.9332211414494525,0.9332211414494525,0.15670963550585307,1,0.003662108000193203,1
306_left_LAD_prox_20mm_80ds_leaky_T4_taper_C_flowmatched,50.05603912628967,30.1301480630512,measurement,686,0.6932465145740567,0.06843184965167029,0.716404160256703,0.9196006480177129,0.9196006480177129,0.15657562620287158,1,0.003548171595174063,1
306_left_LAD_prox_20mm_80ds_leaky_T4_taper_C_flowmatched,55.0,35.07410893676153,grid,698,0.6916782739973576,0.06553119551421625,0.6602721518762097,0.9066516972174039,0.9066516972174039,0.15645532132789494,1,0.0037272382831657746,1
306_left_LAD_prox_20mm_80ds_leaky_T4_taper_C_flowmatched,60.0,40.074108936761526,grid,710,0.6894332125565025,0.06264001727697674,0.7327266876915481,0.8933250270312649,0.8933250270312649,0.15634609904496638,1,0.003788086666447673,1
306_left_LAD_prox_20mm_80ds_leaky_T4_taper_C_flowmatched,65.0,45.07410893676153,grid,721,0.6885791818990766,0.06000423165422975,0.7417417382720248,0.880788761429962,0.880788761429962,0.15625368555144917,1,0.003933047042147118,1
306_left_LAD_prox_20mm_80ds_leaky_T4_taper_C_flowmatched,70.0,50.07410893676153,grid,732,0.687807437813552,0.05729425774275658,0.728624678113875,0.8674982653375328,0.8674982653375328,0.15615968948102335,1,0.004088067485303431,1
306_left_LAD_prox_20mm_80ds_leaky_T4_taper_C_flowmatched,75.0,55.074108936761526,grid,742,0.6862923854654698,0.054732147323842045,0.6111103197463249,0.8545261552357382,0.8545261552357382,0.15607383125454652,1,0.004464287775603209,1
306_left_LAD_prox_20mm_80ds_leaky_T4_taper_C_flowmatched,80.0,60.07410893676153,grid,750,0.6855074098932772,0.05246512567456303,0.7657781986444825,0.8426845104926486,0.8426845104926486,0.15600530555473496,1,0.004336742061313439,1
306_left_LAD_prox_20mm_80ds_leaky_T4_taper_C_flowmatched,85.0,65.07410893676153,grid,761,0.6847913817415809,0.049913911948356794,0.7848120321638647,0.8289318602623085,0.8289318602623085,0.15592968313921354,1,0.005012671187613214,1
306_left_LAD_prox_20mm_80ds_leaky_T4_taper_C_flowmatched,90.0,70.07410893676152,grid,769,0.6843341579059062,0.04776475339673961,0.7930096226401129,0.8169707672187445,0.8169707672187445,0.15586610168590703,1,0.005750638956279783,1
306_left_LAD_prox_20mm_80ds_leaky_T4_taper_C_flowmatched,95.0,75.07410893676153,grid,780,0.6836235672162969,0.04537933286823001,0.7380068035412577,0.8032588253942887,0.8032588253942887,0.15579563075982697,1,0.0035525395863900047,1
306_left_LAD_prox_20mm_80ds_leaky_T4_taper_C_flowmatched,100.0,80.07410893676153,grid,793,0.6829559228827278,0.043130532919759344,0.6629393311517329,0.7898738849666026,0.7898738849666026,0.15573106113760857,1,0.004362133230097948,1
306_left_LAD_prox_20mm_80ds_leaky_T4_taper_C_flowmatched,105.0,85.07410893676152,grid,802,0.6823640895946396,0.0411375969229353,0.8340753826290728,0.7776067013441413,0.7776067013441413,0.1556763422881221,1,0.006191931216577383,1
306_left_LAD_prox_20mm_80ds_leaky_T4_taper_C_flowmatched,110.0,90.07410893676153,grid,811,0.6818951126897017,0.03908556939959186,0.7736959901404341,0.7645477288539668,0.7645477288539668,0.1556203257127611,1,0.005199837802975785,1
306_left_LAD_prox_20mm_80ds_leaky_T4_taper_C_flowmatched,115.0,95.07410893676153,grid,820,0.6814552484070404,0.037181124225940755,0.7943908937150224,0.7520058109641187,0.7520058109641187,0.15556883950788825,1,0.005976666507889336,1
306_left_LAD_prox_20mm_80ds_discrete_clean_none,0.0,-19.925891063238467,grid,9,0.9992133142786824,0.47487320647213305,1.5606885645481725,1.367733396761126,1.5606899275795372,0.33024556673626393,1,0.0,1
306_left_LAD_prox_20mm_80ds_discrete_clean_none,5.0,-14.925891063238467,grid,20,0.9988400205090157,0.4748732064752467,1.4838843566150703,1.367733396761126,1.4927617452389985,0.3302455667384293,1,0.0,1
306_left_LAD_prox_20mm_80ds_discrete_clean_none,9.925891063238467,-10.0,lesion_prox,233,0.9982309464682331,0.333893252336308,1.0258225201996631,1.3584786891011946,1.3584786891011946,0.23698062320290472,1,0.0011032599685118015,1
306_left_LAD_prox_20mm_80ds_discrete_clean_none,15.0,-4.925891063238468,grid,244,0.9969010347639189,0.33389325233560546,1.347557882583223,1.3533014208723788,1.3533014208723788,0.23971086193064364,1,0.001023902265532458,1
306_left_LAD_prox_20mm_80ds_discrete_clean_none,19.925891063238467,0.0,throat,255,0.7841826997853532,0.33389325233563344,1.3909396355987205,1.3479429058421797,1.3479429058421797,0.2425810294352367,1,0.001078902527902605,1
306_left_LAD_prox_20mm_80ds_discrete_clean_none,25.0,5.074108936761534,grid,543,0.6954780864044461,0.23662054144758607,1.075493010458073,1.02433316977431,1.1373425172371077,0.3917350395542689,1,0.0,1
306_left_LAD_prox_20mm_80ds_discrete_clean_none,29.925891063238467,9.999999999999998,lesion_dist,555,0.694138991147463,0.23662054144919753,1.437300992127929,1.02433316977431,1.3872115301552423,0.3917350395569367,1,0.0,1
306_left_LAD_prox_20mm_80ds_discrete_clean_none,35.0,15.074108936761535,grid,651,0.6938589227287075,0.1380509037904258,0.9889260744549251,1.0308959182516584,1.0308959182516584,0.22421180679729544,1,0.003128226592783336,1
306_left_LAD_prox_20mm_80ds_discrete_clean_none,40.0,20.074108936761533,grid,663,0.6933709599443381,0.1380509037906079,0.8981301134214855,1.0169676878181373,1.0169676878181373,0.23355086269231295,1,0.0033771909284660835,1
306_left_LAD_prox_20mm_80ds_discrete_clean_none,45.0,25.07410893676153,grid,674,0.690164231091456,0.13805090379035143,0.6631505011551372,1.0034635929564004,1.0034635929564004,0.24310734351922617,1,0.003662108000193065,1
306_left_LAD_prox_20mm_80ds_discrete_clean_none,50.05603912628967,30.1301480630512,measurement,686,0.6882332650555112,0.1380509037905128,0.7703270540394656,0.9888179010943148,0.9888179010943148,0.2540703456450228,1,0.0035481715951733456,1
306_left_LAD_prox_20mm_80ds_discrete_clean_none,55.0,35.07410893676153,grid,698,0.6857156468297442,0.1380509037906119,0.7099700557808706,0.97489429808323,0.97489429808323,0.2651125870438576,1,0.0037272382831657486,1
306_left_LAD_prox_20mm_80ds_discrete_clean_none,60.0,40.074108936761526,grid,710,0.6818848051077162,0.13805090379065532,0.7878781588081163,0.9605645451949085,0.9605645451949085,0.27715535923822227,1,0.003788086666448031,1
306_left_LAD_prox_20mm_80ds_discrete_clean_none,65.0,45.07410893676153,grid,721,0.6804408798870982,0.138050903791176,0.7975717615828224,0.9470846897096364,0.9470846897096364,0.28915885120414714,1,0.003933047042147429,1
306_left_LAD_prox_20mm_80ds_discrete_clean_none,70.0,50.07410893676153,grid,732,0.6790784521606935,0.13805090379183707,0.7834673958213709,0.9327938336962717,0.9327938336962717,0.30265366625386375,1,0.004088067485303091,1
306_left_LAD_prox_20mm_80ds_discrete_clean_none,75.0,55.074108936761526,grid,742,0.676149767200751,0.13805090379170362,0.657107870694973,0.9188453282104712,0.9188453282104712,0.3166472378891598,1,0.004464287775603766,1
306_left_LAD_prox_20mm_80ds_discrete_clean_none,80.0,60.07410893676153,grid,750,0.6746394679615659,0.1380509037916661,0.823417417897293,0.9061123768738156,0.9061123768738156,0.3301845522315444,1,0.004336742061313788,1
306_left_LAD_prox_20mm_80ds_discrete_clean_none,85.0,65.07410893676153,grid,761,0.673193253822234,0.1380509037915473,0.8438839055525427,0.8913245809272132,0.8913245809272132,0.34689280147626833,1,0.005012671187613376,1
306_left_LAD_prox_20mm_80ds_discrete_clean_none,90.0,70.07410893676152,grid,769,0.6722237652862247,0.13805090379167428,0.8526985189678633,0.8784631905577897,0.8784631905577897,0.3623533105995316,1,0.005750638956279833,1
306_left_LAD_prox_20mm_80ds_discrete_clean_none,95.0,75.07410893676153,grid,780,0.6706406909582474,0.13805090379210508,0.7935557027325351,0.863719167090633,0.863719167090633,0.38122841792621154,1,0.0035525395863905134,1
306_left_LAD_prox_20mm_80ds_discrete_clean_none,100.0,80.07410893676153,grid,793,0.6690759484591924,0.13805090379066623,0.7128379904857343,0.8493267580286048,0.8493267580286048,0.4009391990191869,1,0.0043621332300983065,1
306_left_LAD_prox_20mm_80ds_discrete_clean_none,105.0,85.07410893676152,grid,802,0.667627101926318,0.13805090379049412,0.8968552501387879,0.8361362380044528,0.8361362380044528,0.4202152413632882,1,0.006191931216577329,1
306_left_LAD_prox_20mm_80ds_discrete_clean_none,110.0,90.07410893676153,grid,811,0.6664140361803268,0.13805090379009397,0.831931172194015,0.8220943321010393,0.8220943321010393,0.4421177759747978,1,0.005199837802976389,1
306_left_LAD_prox_20mm_80ds_discrete_clean_none,115.0,95.07410893676153,grid,820,0.6652197478927797,0.13805090378993481,0.8541837566828197,0.8086083988861489,0.8086083988861489,0.46460961666049133,1,0.005976666507889475,1
306_left_LAD_prox_20mm_80ds_discrete_clean_none,120.0,100.07410893676152,grid,829,0.6637622213599014,0.13805090379038354,0.8417830235040911,0.7938530763793261,0.7938530763793261,0.49100118728111797,1,0.005941712402934437,1
306_left_LAD_prox_20mm_80ds_discrete_clean_none,125.0,105.07410893676153,grid,838,0.6618473922962822,0.13805090379034668,0.6971024731367939,0.7805269121331135,0.7805269121331135,0.5165820280996478,1,0.005820371192341837,1
306_left_LAD_prox_20mm_80ds_discrete_clean_none,130.0,110.07410893676153,grid,848,0.659897802639401,0.13805090379069965,0.7399702260369557,0.7662171063199374,0.7662171063199374,0.5460688554247162,1,0.005904893578705413,1
306_left_LAD_prox_20mm_80ds_discrete_clean_none,135.0,115.07410893676153,grid,857,0.6582347734268409,0.1380509037908475,0.794905774178195,0.7519009567282283,0.7519009567282283,0.5778578619414172,1,0.005732885337890974,1
306_left_LAD_prox_20mm_80ds_discrete_T1_missed_branch_A_fixed,0.0,-19.925891063238467,grid,9,0.9992843820499122,0.4069266986632028,1.5606885645481725,1.367733396761126,1.5606899275795372,0.28299288397108685,1,0.0,1
306_left_LAD_prox_20mm_80ds_discrete_T1_missed_branch_A_fixed,5.0,-14.925891063238467,grid,20,0.9989645004494087,0.4069266986663602,1.4838843566150703,1.367733396761126,1.4927617452389985,0.28299288397328265,1,0.0,1
306_left_LAD_prox_20mm_80ds_discrete_T1_missed_branch_A_fixed,9.925891063238467,-10.0,lesion_prox,233,0.9984756875294171,0.26592684324585536,1.0258225201996631,1.3584786891011946,1.3584786891011946,0.1887414872802182,1,0.0011032599685118015,1
306_left_LAD_prox_20mm_80ds_discrete_T1_missed_branch_A_fixed,15.0,-4.925891063238468,grid,244,0.997416489061494,0.26592684324587934,1.347557882583223,1.3533014208723788,1.3533014208723788,0.1909159659833211,1,0.001023902265532458,1
306_left_LAD_prox_20mm_80ds_discrete_T1_missed_branch_A_fixed,19.925891063238467,0.0,throat,255,0.8494505534198598,0.2659268432459341,1.3909396355987205,1.3479429058421797,1.3479429058421797,0.19320188993881343,1,0.001078902527902605,1
306_left_LAD_prox_20mm_80ds_discrete_T1_missed_branch_A_fixed,25.0,5.074108936761534,grid,543,0.7797048936618478,0.15632660145981836,1.075493010458073,1.02433316977431,1.1373425172371077,0.2588051190805485,1,0.0,1
306_left_LAD_prox_20mm_80ds_discrete_T1_missed_branch_A_fixed,29.925891063238467,9.999999999999998,lesion_dist,555,0.7788202020400882,0.15632660145876293,1.437300992127929,1.02433316977431,1.3872115301552423,0.2588051190788012,1,0.0,1
306_left_LAD_prox_20mm_80ds_discrete_T1_missed_branch_A_fixed,35.0,15.074108936761535,grid,568,0.7785278019305159,0.15632660146383737,0.9889260744549251,1.0308959182516584,1.0308959182516584,0.25389380874968626,1,0.003128226592783336,1
306_left_LAD_prox_20mm_80ds_discrete_T1_missed_branch_A_fixed,40.0,20.074108936761533,grid,580,0.7779752407981619,0.15632660146378155,0.8981301134214855,1.0169676878181373,1.0169676878181373,0.2644692039756678,1,0.0033771909284660835,1
306_left_LAD_prox_20mm_80ds_discrete_T1_missed_branch_A_fixed,45.0,25.07410893676153,grid,591,0.7742922100070421,0.15632660146379238,0.6631505011551372,1.0034635929564004,1.0034635929564004,0.27529080766443703,1,0.003662108000193065,1
306_left_LAD_prox_20mm_80ds_discrete_T1_missed_branch_A_fixed,50.05603912628967,30.1301480630512,measurement,603,0.7721056154274073,0.15632660146412156,0.7703270540394656,0.9888179010943148,0.9888179010943148,0.2877051332294907,1,0.0035481715951733456,1
306_left_LAD_prox_20mm_80ds_discrete_T1_missed_branch_A_fixed,55.0,35.07410893676153,grid,615,0.769227146764545,0.15632660146409144,0.7099700557808706,0.97489429808323,0.97489429808323,0.3002091880599319,1,0.0037272382831657486,1
306_left_LAD_prox_20mm_80ds_discrete_T1_missed_branch_A_fixed,60.0,40.074108936761526,grid,627,0.7648305641742987,0.15632660146415883,0.7878781588081163,0.9605645451949085,0.9605645451949085,0.31384622771460724,1,0.003788086666448031,1
306_left_LAD_prox_20mm_80ds_discrete_T1_missed_branch_A_fixed,65.0,45.07410893676153,grid,638,0.7631954867042565,0.1563266014642021,0.7975717615828224,0.9470846897096364,0.9470846897096364,0.32743878707534074,1,0.003933047042147429,1
306_left_LAD_prox_20mm_80ds_discrete_T1_missed_branch_A_fixed,70.0,50.07410893676153,grid,649,0.76165269567312,0.15632660146481656,0.7834673958213709,0.9327938336962717,0.9327938336962717,0.3427200964774195,1,0.004088067485303091,1
306_left_LAD_prox_20mm_80ds_discrete_T1_missed_branch_A_fixed,75.0,55.074108936761526,grid,659,0.758306362178414,0.15632660146446195,0.657107870694973,0.9188453282104712,0.9188453282104712,0.35856618973686255,1,0.004464287775603766,1
306_left_LAD_prox_20mm_80ds_discrete_T1_missed_branch_A_fixed,80.0,60.07410893676153,grid,667,0.756596123847687,0.15632660146420593,0.823417417897293,0.9061123768738156,0.9061123768738156,0.3738956246475073,1,0.004336742061313788,1
306_left_LAD_prox_20mm_80ds_discrete_T1_missed_branch_A_fixed,85.0,65.07410893676153,grid,678,0.7549584544432738,0.15632660146383376,0.8438839055525427,0.8913245809272132,0.8913245809272132,0.3928157747444878,1,0.005012671187613376,1
306_left_LAD_prox_20mm_80ds_discrete_T1_missed_branch_A_fixed,90.0,70.07410893676152,grid,686,0.7538606213698932,0.15632660146391247,0.8526985189678633,0.8784631905577897,0.8784631905577897,0.4103230041920124,1,0.005750638956279833,1
306_left_LAD_prox_20mm_80ds_discrete_T1_missed_branch_A_fixed,95.0,75.07410893676153,grid,697,0.7520679737105134,0.15632660146437283,0.7935557027325351,0.863719167090633,0.863719167090633,0.43169686919103273,1,0.0035525395863905134,1
306_left_LAD_prox_20mm_80ds_discrete_T1_missed_branch_A_fixed,100.0,80.07410893676153,grid,710,0.7502960847164865,0.15632660146316782,0.7128379904857343,0.8493267580286048,0.8493267580286048,0.45401703759270745,1,0.0043621332300983065,1
306_left_LAD_prox_20mm_80ds_discrete_T1_missed_branch_A_fixed,105.0,85.07410893676152,grid,719,0.748655434432375,0.15632660146288677,0.8968552501387879,0.8361362380044528,0.8361362380044528,0.4758449148940149,1,0.006191931216577329,1
306_left_LAD_prox_20mm_80ds_discrete_T1_missed_branch_A_fixed,110.0,90.07410893676153,grid,728,0.7472817784821777,0.15632660146258712,0.831931172194015,0.8220943321010393,0.8220943321010393,0.5006469893846288,1,0.005199837802976389,1
306_left_LAD_prox_20mm_80ds_discrete_T1_missed_branch_A_fixed,115.0,95.07410893676153,grid,737,0.7459293858209696,0.15632660146239552,0.8541837566828197,0.8086083988861489,0.8086083988861489,0.5261163845026304,1,0.005976666507889475,1
306_left_LAD_prox_20mm_80ds_discrete_T1_missed_branch_A_fixed,120.0,100.07410893676152,grid,746,0.7442789064458187,0.1563266014630114,0.8417830235040911,0.7938530763793261,0.7938530763793261,0.5560017704665511,1,0.005941712402934437,1
306_left_LAD_prox_20mm_80ds_discrete_T1_missed_branch_A_fixed,125.0,105.07410893676153,grid,755,0.7421105851115907,0.15632660146302696,0.6971024731367939,0.7805269121331135,0.7805269121331135,0.5849690991689309,1,0.005820371192341837,1
306_left_LAD_prox_20mm_80ds_discrete_T1_missed_branch_A_fixed,130.0,110.07410893676153,grid,765,0.7399029014460774,0.15632660146309588,0.7399702260369557,0.7662171063199374,0.7662171063199374,0.6183595035553797,1,0.005904893578705413,1
306_left_LAD_prox_20mm_80ds_discrete_T1_missed_branch_A_fixed,135.0,115.07410893676153,grid,774,0.738019714173884,0.1563266014634419,0.794905774178195,0.7519009567282283,0.7519009567282283,0.6543568582723147,1,0.005732885337890974,1
306_left_LAD_prox_20mm_80ds_discrete_T1_missed_branch_B_rederived,0.0,-19.925891063238467,grid,9,0.9991725562308635,0.4635662816877877,1.5606885645481725,1.367733396761126,1.5606899275795372,0.32238228505905364,1,0.0,1
306_left_LAD_prox_20mm_80ds_discrete_T1_missed_branch_B_rederived,5.0,-14.925891063238467,grid,20,0.9988081507381473,0.46356628168728126,1.4838843566150703,1.367733396761126,1.4927617452389985,0.3223822850587014,1,0.0,1
306_left_LAD_prox_20mm_80ds_discrete_T1_missed_branch_B_rederived,9.925891063238467,-10.0,lesion_prox,233,0.9982609949667496,0.29702931366009344,1.0258225201996631,1.3584786891011946,1.3584786891011946,0.21081645516394187,1,0.0011032599685118015,1
306_left_LAD_prox_20mm_80ds_discrete_T1_missed_branch_B_rederived,15.0,-4.925891063238468,grid,244,0.9970779139730644,0.29702931365779106,1.347557882583223,1.3533014208723788,1.3533014208723788,0.21324525817014814,1,0.001023902265532458,1
306_left_LAD_prox_20mm_80ds_discrete_T1_missed_branch_B_rederived,19.925891063238467,0.0,throat,255,0.8208411325174377,0.29702931365784546,1.3909396355987205,1.3479429058421797,1.3479429058421797,0.21579854092748407,1,0.001078902527902605,1
306_left_LAD_prox_20mm_80ds_discrete_T1_missed_branch_B_rederived,25.0,5.074108936761534,grid,543,0.7429598783509009,0.17383533868396858,1.075493010458073,1.02433316977431,1.1373425172371077,0.2877915537623704,1,0.0,1
306_left_LAD_prox_20mm_80ds_discrete_T1_missed_branch_B_rederived,29.925891063238467,9.999999999999998,lesion_dist,555,0.7419761003741302,0.17383533868667547,1.437300992127929,1.02433316977431,1.3872115301552423,0.28779155376685184,1,0.0,1
306_left_LAD_prox_20mm_80ds_discrete_T1_missed_branch_B_rederived,35.0,15.074108936761535,grid,568,0.7416509511570171,0.17383533868709589,0.9889260744549251,1.0308959182516584,1.0308959182516584,0.28233017171276675,1,0.003128226592783336,1
306_left_LAD_prox_20mm_80ds_discrete_T1_missed_branch_B_rederived,40.0,20.074108936761533,grid,580,0.7410365026198579,0.17383533868705,0.8981301134214855,1.0169676878181373,1.0169676878181373,0.2940900218831675,1,0.0033771909284660835,1
306_left_LAD_prox_20mm_80ds_discrete_T1_missed_branch_B_rederived,45.0,25.07410893676153,grid,591,0.7368858023135039,0.17383533868679282,0.6631505011551372,1.0034635929564004,1.0034635929564004,0.30612365611231024,1,0.003662108000193065,1
306_left_LAD_prox_20mm_80ds_discrete_T1_missed_branch_B_rederived,50.05603912628967,30.1301480630512,measurement,603,0.7344543069329215,0.17383533868700612,0.7703270540394656,0.9888179010943148,0.9888179010943148,0.3199283986763907,1,0.0035481715951733456,1
306_left_LAD_prox_20mm_80ds_discrete_T1_missed_branch_B_rederived,55.0,35.07410893676153,grid,615,0.7312240876664811,0.17383533868702267,0.7099700557808706,0.97489429808323,0.97489429808323,0.3338329202745561,1,0.0037272382831657486,1
306_left_LAD_prox_20mm_80ds_discrete_T1_missed_branch_B_rederived,60.0,40.074108936761526,grid,627,0.7262726551620767,0.17383533868731832,0.7878781588081163,0.9605645451949085,0.9605645451949085,0.3489973221417114,1,0.003788086666448031,1
306_left_LAD_prox_20mm_80ds_discrete_T1_missed_branch_B_rederived,65.0,45.07410893676153,grid,638,0.7244544473642791,0.1738353386877332,0.7975717615828224,0.9470846897096364,0.9470846897096364,0.3641122618774315,1,0.003933047042147429,1
306_left_LAD_prox_20mm_80ds_discrete_T1_missed_branch_B_rederived,70.0,50.07410893676153,grid,649,0.7227388621797369,0.17383533868822834,0.7834673958213709,0.9327938336962717,0.9327938336962717,0.3811050933632885,1,0.004088067485303091,1
306_left_LAD_prox_20mm_80ds_discrete_T1_missed_branch_B_rederived,75.0,55.074108936761526,grid,659,0.7189858417436428,0.173835338688244,0.657107870694973,0.9188453282104712,0.9188453282104712,0.3987259650701906,1,0.004464287775603766,1
306_left_LAD_prox_20mm_80ds_discrete_T1_missed_branch_B_rederived,80.0,60.07410893676153,grid,667,0.7170840549928622,0.1738353386881603,0.823417417897293,0.9061123768738156,0.9061123768738156,0.41577231217108546,1,0.004336742061313788,1
306_left_LAD_prox_20mm_80ds_discrete_T1_missed_branch_B_rederived,85.0,65.07410893676153,grid,678,0.7152629649614225,0.1738353386877053,0.8438839055525427,0.8913245809272132,0.8913245809272132,0.4368115381845566,1,0.005012671187613376,1
306_left_LAD_prox_20mm_80ds_discrete_T1_missed_branch_B_rederived,90.0,70.07410893676152,grid,686,0.7140421734752217,0.17383533868800508,0.8526985189678633,0.8784631905577897,0.8784631905577897,0.4562795950097092,1,0.005750638956279833,1
306_left_LAD_prox_20mm_80ds_discrete_T1_missed_branch_B_rederived,95.0,75.07410893676153,grid,697,0.7120487474677584,0.17383533868840306,0.7935557027325351,0.863719167090633,0.863719167090633,0.48004735447184366,1,0.0035525395863905134,1
306_left_LAD_prox_20mm_80ds_discrete_T1_missed_branch_B_rederived,100.0,80.07410893676153,grid,710,0.710078405117132,0.17383533868698545,0.7128379904857343,0.8493267580286048,0.8493267580286048,0.5048674042733889,1,0.0043621332300983065,1
306_left_LAD_prox_20mm_80ds_discrete_T1_missed_branch_B_rederived,105.0,85.07410893676152,grid,719,0.7082540003444553,0.1738353386870492,0.8968552501387879,0.8361362380044528,0.8361362380044528,0.529140025875566,1,0.006191931216577329,1
306_left_LAD_prox_20mm_80ds_discrete_T1_missed_branch_B_rederived,110.0,90.07410893676153,grid,728,0.7067264935407024,0.1738353386868499,0.831931172194015,0.8220943321010393,0.8220943321010393,0.5567199577549646,1,0.005199837802976389,1
306_left_LAD_prox_20mm_80ds_discrete_T1_missed_branch_B_rederived,115.0,95.07410893676153,grid,737,0.7052226315357759,0.17383533868682938,0.8541837566828197,0.8086083988861489,0.8086083988861489,0.5850419508461271,1,0.005976666507889475,1
306_left_LAD_prox_20mm_80ds_discrete_T1_missed_branch_B_rederived,120.0,100.07410893676152,grid,746,0.7033872968039336,0.1738353386873726,0.8417830235040911,0.7938530763793261,0.7938530763793261,0.6182745302161566,1,0.005941712402934437,1
306_left_LAD_prox_20mm_80ds_discrete_T1_missed_branch_B_rederived,125.0,105.07410893676153,grid,755,0.7009761212906738,0.1738353386873792,0.6971024731367939,0.7805269121331135,0.7805269121331135,0.6504862289847236,1,0.005820371192341837,1
306_left_LAD_prox_20mm_80ds_discrete_T1_missed_branch_B_rederived,130.0,110.07410893676153,grid,765,0.6985211748252769,0.17383533868750947,0.7399702260369557,0.7662171063199374,0.7662171063199374,0.6876163923807014,1,0.005904893578705413,1
306_left_LAD_prox_20mm_80ds_discrete_T1_missed_branch_B_rederived,135.0,115.07410893676153,grid,774,0.696427068676932,0.173835338687591,0.794905774178195,0.7519009567282283,0.7519009567282283,0.7276454871752402,1,0.005732885337890974,1
306_left_LAD_prox_20mm_80ds_discrete_T1_missed_branch_C_flowmatched,0.0,-19.925891063238467,grid,9,0.9992434189990025,0.42790010452257776,1.5606885645481725,1.367733396761126,1.5606899275795372,0.29757861803655555,1,0.0,1
306_left_LAD_prox_20mm_80ds_discrete_T1_missed_branch_C_flowmatched,5.0,-14.925891063238467,grid,20,0.9989070503833777,0.42790010452728694,1.4838843566150703,1.367733396761126,1.4927617452389985,0.2975786180398305,1,0.0,1
306_left_LAD_prox_20mm_80ds_discrete_T1_missed_branch_C_flowmatched,9.925891063238467,-10.0,lesion_prox,233,0.9983962822209277,0.2776580724118592,1.0258225201996631,1.3584786891011946,1.3584786891011946,0.1970677232231222,1,0.0011032599685118015,1
306_left_LAD_prox_20mm_80ds_discrete_T1_missed_branch_C_flowmatched,15.0,-4.925891063238468,grid,244,0.9972903577444249,0.27765807241167506,1.347557882583223,1.3533014208723788,1.3533014208723788,0.19933812796224085,1,0.001023902265532458,1
306_left_LAD_prox_20mm_80ds_discrete_T1_missed_branch_C_flowmatched,19.925891063238467,0.0,throat,255,0.8389309448554442,0.2776580724116267,1.3909396355987205,1.3479429058421797,1.3479429058421797,0.20172489430517238,1,0.001078902527902605,1
306_left_LAD_prox_20mm_80ds_discrete_T1_missed_branch_C_flowmatched,25.0,5.074108936761534,grid,543,0.7661158611500166,0.16296047215149723,1.075493010458073,1.02433316977431,1.1373425172371077,0.2697877648893376,1,0.0,1
306_left_LAD_prox_20mm_80ds_discrete_T1_missed_branch_C_flowmatched,29.925891063238467,9.999999999999998,lesion_dist,555,0.7651936267827105,0.16296047215220671,1.437300992127929,1.02433316977431,1.3872115301552423,0.2697877648905122,1,0.0,1
306_left_LAD_prox_20mm_80ds_discrete_T1_missed_branch_C_flowmatched,35.0,15.074108936761535,grid,568,0.7648888183913823,0.16296047215336212,0.9889260744549251,1.0308959182516584,1.0308959182516584,0.2646680383455748,1,0.003128226592783336,1
306_left_LAD_prox_20mm_80ds_discrete_T1_missed_branch_C_flowmatched,40.0,20.074108936761533,grid,580,0.7643128087923815,0.16296047215392725,0.8981301134214855,1.0169676878181373,1.0169676878181373,0.2756922107081901,1,0.0033771909284660835,1
306_left_LAD_prox_20mm_80ds_discrete_T1_missed_branch_C_flowmatched,45.0,25.07410893676153,grid,591,0.7604538906848236,0.16296047215423073,0.6631505011551372,1.0034635929564004,1.0034635929564004,0.2869730396275953,1,0.003662108000193065,1
306_left_LAD_prox_20mm_80ds_discrete_T1_missed_branch_C_flowmatched,50.05603912628967,30.1301480630512,measurement,603,0.7581745058471154,0.16296047215471324,0.7703270540394656,0.9888179010943148,0.9888179010943148,0.29991417911795987,1,0.0035481715951733456,1
306_left_LAD_prox_20mm_80ds_discrete_T1_missed_branch_C_flowmatched,55.0,35.07410893676153,grid,615,0.7551634585873217,0.1629604721551425,0.7099700557808706,0.97489429808323,0.97489429808323,0.31294885562260505,1,0.0037272382831657486,1
306_left_LAD_prox_20mm_80ds_discrete_T1_missed_branch_C_flowmatched,60.0,40.074108936761526,grid,627,0.7505581290989203,0.16296047215513085,0.7878781588081163,0.9605645451949085,0.9605645451949085,0.32716459625846256,1,0.003788086666448031,1
306_left_LAD_prox_20mm_80ds_discrete_T1_missed_branch_C_flowmatched,65.0,45.07410893676153,grid,638,0.748853665533328,0.16296047215521361,0.7975717615828224,0.9470846897096364,0.9470846897096364,0.34133396903627455,1,0.003933047042147429,1
306_left_LAD_prox_20mm_80ds_discrete_T1_missed_branch_C_flowmatched,70.0,50.07410893676153,grid,649,0.7472454046710323,0.1629604721556369,0.7834673958213709,0.9327938336962717,0.9327938336962717,0.3572637555979587,1,0.004088067485303091,1
306_left_LAD_prox_20mm_80ds_discrete_T1_missed_branch_C_flowmatched,75.0,55.074108936761526,grid,659,0.743745737883145,0.16296047215513654,0.657107870694973,0.9188453282104712,0.9188453282104712,0.37378229316698147,1,0.004464287775603766,1
306_left_LAD_prox_20mm_80ds_discrete_T1_missed_branch_C_flowmatched,80.0,60.07410893676153,grid,667,0.7419629239329767,0.1629604721551482,0.823417417897293,0.9061123768738156,0.9061123768738156,0.3897622474908919,1,0.004336742061313788,1
306_left_LAD_prox_20mm_80ds_discrete_T1_missed_branch_C_flowmatched,85.0,65.07410893676153,grid,678,0.7402557584417694,0.16296047215512977,0.8438839055525427,0.8913245809272132,0.8913245809272132,0.40948529247694526,1,0.005012671187613376,1
306_left_LAD_prox_20mm_80ds_discrete_T1_missed_branch_C_flowmatched,90.0,70.07410893676152,grid,686,0.7391113377589784,0.16296047215512288,0.8526985189678633,0.8784631905577897,0.8784631905577897,0.4277354581566511,1,0.005750638956279833,1
306_left_LAD_prox_20mm_80ds_discrete_T1_missed_branch_C_flowmatched,95.0,75.07410893676153,grid,697,0.7372426173604973,0.16296047215598028,0.7935557027325351,0.863719167090633,0.863719167090633,0.45001634381248906,1,0.0035525395863905134,1
306_left_LAD_prox_20mm_80ds_discrete_T1_missed_branch_C_flowmatched,100.0,80.07410893676153,grid,710,0.7353955365414292,0.16296047215498788,0.7128379904857343,0.8493267580286048,0.8493267580286048,0.47328369017187755,1,0.0043621332300983065,1
306_left_LAD_prox_20mm_80ds_discrete_T1_missed_branch_C_flowmatched,105.0,85.07410893676152,grid,719,0.7336852636739978,0.1629604721549997,0.8968552501387879,0.8361362380044528,0.8361362380044528,0.4960378545816075,1,0.006191931216577329,1
306_left_LAD_prox_20mm_80ds_discrete_T1_missed_branch_C_flowmatched,110.0,90.07410893676153,grid,728,0.7322533153035484,0.16296047215476092,0.831931172194015,0.8220943321010393,0.8220943321010393,0.5218924291174091,1,0.005199837802976389,1
306_left_LAD_prox_20mm_80ds_discrete_T1_missed_branch_C_flowmatched,115.0,95.07410893676153,grid,737,0.7308435325503427,0.16296047215488063,0.8541837566828197,0.8086083988861489,0.8086083988861489,0.5484426426783882,1,0.005976666507889475,1
306_left_LAD_prox_20mm_80ds_discrete_T1_missed_branch_C_flowmatched,120.0,100.07410893676152,grid,746,0.7291230134848715,0.16296047215540177,0.8417830235040911,0.7938530763793261,0.7938530763793261,0.5795962439310557,1,0.005941712402934437,1
306_left_LAD_prox_20mm_80ds_discrete_T1_missed_branch_C_flowmatched,125.0,105.07410893676153,grid,755,0.7268626773354021,0.16296047215537723,0.6971024731367939,0.7805269121331135,0.7805269121331135,0.6097928292736573,1,0.005820371192341837,1
306_left_LAD_prox_20mm_80ds_discrete_T1_missed_branch_C_flowmatched,130.0,110.07410893676153,grid,765,0.7245613084760075,0.16296047215564372,0.7399702260369557,0.7662171063199374,0.7662171063199374,0.6446001878004272,1,0.005904893578705413,1
306_left_LAD_prox_20mm_80ds_discrete_T1_missed_branch_C_flowmatched,135.0,115.07410893676153,grid,774,0.7225982063285691,0.1629604721557127,0.794905774178195,0.7519009567282283,0.7519009567282283,0.6821251251171245,1,0.005732885337890974,1
306_left_LAD_prox_20mm_80ds_discrete_T2_truncation_A_fixed,0.0,-19.925891063238467,grid,9,0.9993193379896645,0.3735060075092478,1.5606885645481725,1.367733396761126,1.5606899275795372,0.25975081652986304,1,0.0,1
306_left_LAD_prox_20mm_80ds_discrete_T2_truncation_A_fixed,5.0,-14.925891063238467,grid,20,0.9990257281088878,0.3735060075104554,1.4838843566150703,1.367733396761126,1.4927617452389985,0.2597508165307028,1,0.0,1
306_left_LAD_prox_20mm_80ds_discrete_T2_truncation_A_fixed,9.925891063238467,-10.0,lesion_prox,233,0.9985960677473557,0.23249636329919393,1.0258225201996631,1.3584786891011946,1.3584786891011946,0.16501421541623826,1,0.0011032599685118015,1
306_left_LAD_prox_20mm_80ds_discrete_T2_truncation_A_fixed,15.0,-4.925891063238468,grid,244,0.9976700243709228,0.23249636329828435,1.347557882583223,1.3533014208723788,1.3533014208723788,0.1669153337245465,1,0.001023902265532458,1
306_left_LAD_prox_20mm_80ds_discrete_T2_truncation_A_fixed,19.925891063238467,0.0,throat,255,0.8775304316344575,0.2324963632980998,1.3909396355987205,1.3479429058421797,1.3479429058421797,0.16891388716088424,1,0.001078902527902605,1
306_left_LAD_prox_20mm_80ds_discrete_T2_truncation_A_fixed,25.0,5.074108936761534,grid,543,0.8170930631347927,0.11743799035581522,1.075493010458073,1.02433316977431,1.1373425172371077,0.19442342374742483,1,0.0,1
306_left_LAD_prox_20mm_80ds_discrete_T2_truncation_A_fixed,29.925891063238467,9.999999999999998,lesion_dist,555,0.8164284519606609,0.11743799035628762,1.437300992127929,1.02433316977431,1.3872115301552423,0.1944234237482069,1,0.0,1
306_left_LAD_prox_20mm_80ds_discrete_T2_truncation_A_fixed,35.0,15.074108936761535,grid,651,0.816402417049059,-4.903497063563499e-13,0.9889260744549251,1.1779831452404568,1.2085819920319036,-5.337678040584627e-13,1,0.0,1
306_left_LAD_prox_20mm_80ds_discrete_T2_truncation_A_fixed,40.0,20.074108936761533,grid,663,0.8164024170490602,-6.628806453369985e-13,0.8981301134214855,1.060331548158609,1.060331548158609,-9.894047102074125e-13,1,0.034119645860486804,1
306_left_LAD_prox_20mm_80ds_discrete_T2_truncation_A_fixed,45.0,25.07410893676153,grid,674,0.8164024170490756,-6.962788131844712e-13,0.6631505011551372,0.9165955533446968,0.9165955533446968,-1.608842857248012e-12,1,0.042119787236554095,1
306_left_LAD_prox_20mm_80ds_discrete_T2_truncation_A_fixed,50.05603912628967,30.1301480630512,measurement,686,0.8164024170490827,-1.623937710654752e-13,0.7703270540394656,0.7607085345486704,0.7607085345486704,-6.564145292299769e-13,1,0.048348449757356,1
306_left_LAD_prox_20mm_80ds_discrete_T2_truncation_B_rederived,0.0,-19.925891063238467,grid,9,0.9991955479835724,0.4738600679095239,1.5606885645481725,1.367733396761126,1.5606899275795372,0.32954099020039895,1,0.0,1
306_left_LAD_prox_20mm_80ds_discrete_T2_truncation_B_rederived,5.0,-14.925891063238467,grid,20,0.9988230506334709,0.4738600679138086,1.4838843566150703,1.367733396761126,1.4927617452389985,0.32954099020337874,1,0.0,1
306_left_LAD_prox_20mm_80ds_discrete_T2_truncation_B_rederived,9.925891063238467,-10.0,lesion_prox,233,0.9982307758686673,0.32372925083671356,1.0258225201996631,1.3584786891011946,1.3584786891011946,0.22976672656751224,1,0.0011032599685118015,1
306_left_LAD_prox_20mm_80ds_discrete_T2_truncation_B_rederived,15.0,-4.925891063238468,grid,244,0.9969413478352991,0.32372925083466075,1.347557882583223,1.3533014208723788,1.3533014208723788,0.23241385444872276,1,0.001023902265532458,1
306_left_LAD_prox_20mm_80ds_discrete_T2_truncation_B_rederived,19.925891063238467,0.0,throat,255,0.7946036815227836,0.32372925083451265,1.3909396355987205,1.3479429058421797,1.3479429058421797,0.23519665155375521,1,0.001078902527902605,1
306_left_LAD_prox_20mm_80ds_discrete_T2_truncation_B_rederived,25.0,5.074108936761534,grid,543,0.7089194068521544,0.2180223866052531,1.075493010458073,1.02433316977431,1.1373425172371077,0.3609450291932642,1,0.0,1
306_left_LAD_prox_20mm_80ds_discrete_T2_truncation_B_rederived,29.925891063238467,9.999999999999998,lesion_dist,555,0.7076855632389454,0.21802238660625653,1.437300992127929,1.02433316977431,1.3872115301552423,0.36094502919492544,1,0.0,1
306_left_LAD_prox_20mm_80ds_discrete_T2_truncation_B_rederived,35.0,15.074108936761535,grid,651,0.7074546034351366,0.11076629742295642,0.9889260744549251,1.1779831452404568,1.2085819920319036,0.12057411796668116,1,0.0,1
306_left_LAD_prox_20mm_80ds_discrete_T2_truncation_B_rederived,40.0,20.074108936761533,grid,663,0.7070630824133952,0.11076629742157773,0.8981301134214855,1.060331548158609,1.060331548158609,0.16532794730404132,1,0.034119645860486804,1
306_left_LAD_prox_20mm_80ds_discrete_T2_truncation_B_rederived,45.0,25.07410893676153,grid,674,0.7045681151227958,0.11076629742158789,0.6631505011551372,0.9165955533446968,0.9165955533446968,0.25593995258235297,1,0.042119787236554095,1
306_left_LAD_prox_20mm_80ds_discrete_T2_truncation_B_rederived,50.05603912628967,30.1301480630512,measurement,686,0.7030187883717465,0.1107662974218921,0.7703270540394656,0.7607085345486704,0.7607085345486704,0.44773027006943317,1,0.048348449757356,1
306_left_LAD_prox_20mm_80ds_discrete_T2_truncation_C_flowmatched,0.0,-19.925891063238467,grid,9,0.9992225987277408,0.4597505283362111,1.5606885645481725,1.367733396761126,1.5606899275795372,0.3197286596050533,1,0.0,1
306_left_LAD_prox_20mm_80ds_discrete_T2_truncation_C_flowmatched,5.0,-14.925891063238467,grid,20,0.9988611927661268,0.4597505283380938,1.4838843566150703,1.367733396761126,1.4927617452389985,0.3197286596063626,1,0.0,1
306_left_LAD_prox_20mm_80ds_discrete_T2_truncation_C_flowmatched,9.925891063238467,-10.0,lesion_prox,233,0.99828409275404,0.31559046428905757,1.0258225201996631,1.3584786891011946,1.3584786891011946,0.22399022556102813,1,0.0011032599685118015,1
306_left_LAD_prox_20mm_80ds_discrete_T2_truncation_C_flowmatched,15.0,-4.925891063238468,grid,244,0.9970270818702004,0.31559046428844095,1.347557882583223,1.3533014208723788,1.3533014208723788,0.2265708027415774,1,0.001023902265532458,1
306_left_LAD_prox_20mm_80ds_discrete_T2_truncation_C_flowmatched,19.925891063238467,0.0,throat,255,0.8028248948765456,0.31559046428812665,1.3909396355987205,1.3479429058421797,1.3479429058421797,0.22928363832283383,1,0.001078902527902605,1
306_left_LAD_prox_20mm_80ds_discrete_T2_truncation_C_flowmatched,25.0,5.074108936761534,grid,543,0.7192945125202985,0.21255083233568905,1.075493010458073,1.02433316977431,1.1373425172371077,0.35188664603219877,1,0.0,1
306_left_LAD_prox_20mm_80ds_discrete_T2_truncation_C_flowmatched,29.925891063238467,9.999999999999998,lesion_dist,555,0.718091633811175,0.2125508323356831,1.437300992127929,1.02433316977431,1.3872115301552423,0.3518866460321889,1,0.0,1
306_left_LAD_prox_20mm_80ds_discrete_T2_truncation_C_flowmatched,35.0,15.074108936761535,grid,651,0.71786651299492,0.10796054375440166,0.9889260744549251,1.1779831452404568,1.2085819920319036,0.11751992836489297,1,0.0,1
306_left_LAD_prox_20mm_80ds_discrete_T2_truncation_C_flowmatched,40.0,20.074108936761533,grid,663,0.7174849093539009,0.10796054375474433,0.8981301134214855,1.060331548158609,1.060331548158609,0.1611401256906415,1,0.034119645860486804,1
306_left_LAD_prox_20mm_80ds_discrete_T2_truncation_C_flowmatched,45.0,25.07410893676153,grid,674,0.7150580580712346,0.10796054375493228,0.6631505011551372,0.9165955533446968,0.9165955533446968,0.2494568934107674,1,0.042119787236554095,1
306_left_LAD_prox_20mm_80ds_discrete_T2_truncation_C_flowmatched,50.05603912628967,30.1301480630512,measurement,686,0.7135479763731823,0.10796054375546278,0.7703270540394656,0.7607085345486704,0.7607085345486704,0.4363890870917811,1,0.048348449757356,1
306_left_LAD_prox_20mm_80ds_discrete_T3_stenosis_length_A_fixed,0.0,-19.925891063238467,grid,9,0.9992201703108172,0.4683182880760741,1.5606885645481725,1.367733396761126,1.5606899275795372,0.3256870178202314,1,0.0,1
306_left_LAD_prox_20mm_80ds_discrete_T3_stenosis_length_A_fixed,5.0,-14.925891063238467,grid,20,0.9988520293064874,0.46831828807802606,1.4838843566150703,1.367733396761126,1.4927617452389985,0.3256870178215889,1,0.0,1
306_left_LAD_prox_20mm_80ds_discrete_T3_stenosis_length_A_fixed,8.695891063238467,-11.23,lesion_prox,231,0.9984701635179819,0.32733641402927127,1.0770935917525886,1.3594426898647858,1.3594426898647858,0.2318330205521468,1,0.0010037640777279299,1
306_left_LAD_prox_20mm_80ds_discrete_T3_stenosis_length_A_fixed,10.0,-9.925891063238467,grid,233,0.9982474647212546,0.327336414029269,1.0258225201996631,1.3584786891011946,1.3584786891011946,0.2323269094265098,1,0.0011032599685118015,1
306_left_LAD_prox_20mm_80ds_discrete_T3_stenosis_length_A_fixed,15.0,-4.925891063238468,grid,244,0.9963747370805038,0.3273364140277692,1.347557882583223,1.3533014208723788,1.3533014208723788,0.2350035330124435,1,0.001023902265532458,1
306_left_LAD_prox_20mm_80ds_discrete_T3_stenosis_length_A_fixed,19.925891063238467,0.0,throat,255,0.7805324043955323,0.327336414027648,1.3909396355987205,1.3479429058421797,1.3479429058421797,0.237817337520335,1,0.001078902527902605,1
306_left_LAD_prox_20mm_80ds_discrete_T3_stenosis_length_A_fixed,25.0,5.074108936761534,grid,543,0.6824057256683989,0.2315344752264456,1.075493010458073,1.02433316977431,1.1373425172371077,0.3833148477140967,1,0.0,1
306_left_LAD_prox_20mm_80ds_discrete_T3_stenosis_length_A_fixed,30.0,10.074108936761531,grid,555,0.6803972681183339,0.23153447522776394,1.437300992127929,1.02433316977431,1.3872115301552423,0.3833148477162793,1,0.0,1
306_left_LAD_prox_20mm_80ds_discrete_T3_stenosis_length_A_fixed,31.155891063238467,11.23,lesion_dist,558,0.6803444688790278,0.231534475225914,1.4697377480243814,1.02433316977431,1.4463867030570356,0.3833148477132166,2,-1.1693825379235898,1
306_left_LAD_prox_20mm_80ds_discrete_T3_stenosis_length_A_fixed,35.0,15.074108936761535,grid,651,0.6801217471643876,0.13508494832137846,0.9889260744549251,1.0308959182516584,1.0308959182516584,0.21939472689171974,1,0.003128226592783336,1
306_left_LAD_prox_20mm_80ds_discrete_T3_stenosis_length_A_fixed,40.0,20.074108936761533,grid,663,0.6796442680193818,0.13508494832134546,0.8981301134214855,1.0169676878181373,1.0169676878181373,0.2285331377840871,1,0.0033771909284660835,1
306_left_LAD_prox_20mm_80ds_discrete_T3_stenosis_length_A_fixed,45.0,25.07410893676153,grid,674,0.6765136960962109,0.13508494832133627,0.6631505011551372,1.0034635929564004,1.0034635929564004,0.23788430234186747,1,0.003662108000193065,1
306_left_LAD_prox_20mm_80ds_discrete_T3_stenosis_length_A_fixed,50.05603912628967,30.1301480630512,measurement,686,0.6746242159116257,0.13508494832156712,0.7703270540394656,0.9888179010943148,0.9888179010943148,0.24861176978298943,1,0.0035481715951733456,1
306_left_LAD_prox_20mm_80ds_discrete_T3_stenosis_length_A_fixed,55.0,35.07410893676153,grid,698,0.6721645522339672,0.13508494832182796,0.7099700557808706,0.97489429808323,0.97489429808323,0.25941677408069996,1,0.0037272382831657486,1
306_left_LAD_prox_20mm_80ds_discrete_T3_stenosis_length_A_fixed,60.0,40.074108936761526,grid,710,0.6684242321315825,0.13508494832185025,0.7878781588081163,0.9605645451949085,0.9605645451949085,0.2712008132637331,1,0.003788086666448031,1
306_left_LAD_prox_20mm_80ds_discrete_T3_stenosis_length_A_fixed,65.0,45.07410893676153,grid,721,0.6670113289310114,0.13508494832211393,0.7975717615828224,0.9470846897096364,0.9470846897096364,0.2829464161341534,1,0.003933047042147429,1
306_left_LAD_prox_20mm_80ds_discrete_T3_stenosis_length_A_fixed,70.0,50.07410893676153,grid,732,0.6656781722912533,0.13508494832264428,0.7834673958213709,0.9327938336962717,0.9327938336962717,0.29615130174888055,1,0.004088067485303091,1
306_left_LAD_prox_20mm_80ds_discrete_T3_stenosis_length_A_fixed,75.0,55.074108936761526,grid,742,0.6628166071460331,0.1350849483223429,0.657107870694973,0.9188453282104712,0.9188453282104712,0.30984422841018994,1,0.004464287775603766,1
306_left_LAD_prox_20mm_80ds_discrete_T3_stenosis_length_A_fixed,80.0,60.07410893676153,grid,750,0.6613387559398983,0.13508494832220913,0.823417417897293,0.9061123768738156,0.9061123768738156,0.3230907002412725,1,0.004336742061313788,1
306_left_LAD_prox_20mm_80ds_discrete_T3_stenosis_length_A_fixed,85.0,65.07410893676153,grid,761,0.6599236129969052,0.13508494832206244,0.8438839055525427,0.8913245809272132,0.8913245809272132,0.3394399810049368,1,0.005012671187613376,1
306_left_LAD_prox_20mm_80ds_discrete_T3_stenosis_length_A_fixed,90.0,70.07410893676152,grid,769,0.6589749534431554,0.1350849483220267,0.8526985189678633,0.8784631905577897,0.8784631905577897,0.35456832872690724,1,0.005750638956279833,1
306_left_LAD_prox_20mm_80ds_discrete_T3_stenosis_length_A_fixed,95.0,75.07410893676153,grid,780,0.6574258906850619,0.13508494832239187,0.7935557027325351,0.863719167090633,0.863719167090633,0.3730379136969808,1,0.0035525395863905134,1
306_left_LAD_prox_20mm_80ds_discrete_T3_stenosis_length_A_fixed,100.0,80.07410893676153,grid,793,0.6558947659055999,0.13508494832131374,0.7128379904857343,0.8493267580286048,0.8493267580286048,0.3923252183964163,1,0.0043621332300983065,1
306_left_LAD_prox_20mm_80ds_discrete_T3_stenosis_length_A_fixed,105.0,85.07410893676152,grid,802,0.6544770471247376,0.13508494832118573,0.8968552501387879,0.8361362380044528,0.8361362380044528,0.4111871244934441,1,0.006191931216577329,1
306_left_LAD_prox_20mm_80ds_discrete_T3_stenosis_length_A_fixed,110.0,90.07410893676153,grid,811,0.65329004349703,0.13508494832122564,0.831931172194015,0.8220943321010393,0.8220943321010393,0.43261909397029474,1,0.005199837802976389,1
306_left_LAD_prox_20mm_80ds_discrete_T3_stenosis_length_A_fixed,115.0,95.07410893676153,grid,820,0.6521214139033462,0.13508494832111767,0.8541837566828197,0.8086083988861489,0.8086083988861489,0.4546277085702982,1,0.005976666507889475,1
306_left_LAD_prox_20mm_80ds_discrete_T3_stenosis_length_A_fixed,120.0,100.07410893676152,grid,829,0.6506952016079881,0.13508494832153772,0.8417830235040911,0.7938530763793261,0.7938530763793261,0.4804522693338842,1,0.005941712402934437,1
306_left_LAD_prox_20mm_80ds_discrete_T3_stenosis_length_A_fixed,125.0,105.07410893676153,grid,838,0.6488215117008476,0.13508494832152973,0.6971024731367939,0.7805269121331135,0.7805269121331135,0.5054835184248286,1,0.005820371192341837,1
306_left_LAD_prox_20mm_80ds_discrete_T3_stenosis_length_A_fixed,130.0,110.07410893676153,grid,848,0.6469138080146207,0.1350849483216983,0.7399702260369557,0.7662171063199374,0.7662171063199374,0.5343368358310324,1,0.005904893578705413,1
306_left_LAD_prox_20mm_80ds_discrete_T3_stenosis_length_A_fixed,135.0,115.07410893676153,grid,857,0.6452865081631355,0.13508494832182424,0.794905774178195,0.7519009567282283,0.7519009567282283,0.5654428712468262,1,0.005732885337890974,1
306_left_LAD_prox_20mm_80ds_discrete_T3_stenosis_length_B_rederived,0.0,-19.925891063238467,grid,9,0.9992201703108172,0.4683182880760741,1.5606885645481725,1.367733396761126,1.5606899275795372,0.3256870178202314,1,0.0,1
306_left_LAD_prox_20mm_80ds_discrete_T3_stenosis_length_B_rederived,5.0,-14.925891063238467,grid,20,0.9988520293064874,0.46831828807802606,1.4838843566150703,1.367733396761126,1.4927617452389985,0.3256870178215889,1,0.0,1
306_left_LAD_prox_20mm_80ds_discrete_T3_stenosis_length_B_rederived,8.695891063238467,-11.23,lesion_prox,231,0.9984701635179819,0.32733641402927127,1.0770935917525886,1.3594426898647858,1.3594426898647858,0.2318330205521468,1,0.0010037640777279299,1
306_left_LAD_prox_20mm_80ds_discrete_T3_stenosis_length_B_rederived,10.0,-9.925891063238467,grid,233,0.9982474647212546,0.327336414029269,1.0258225201996631,1.3584786891011946,1.3584786891011946,0.2323269094265098,1,0.0011032599685118015,1
306_left_LAD_prox_20mm_80ds_discrete_T3_stenosis_length_B_rederived,15.0,-4.925891063238468,grid,244,0.9963747370805038,0.3273364140277692,1.347557882583223,1.3533014208723788,1.3533014208723788,0.2350035330124435,1,0.001023902265532458,1
306_left_LAD_prox_20mm_80ds_discrete_T3_stenosis_length_B_rederived,19.925891063238467,0.0,throat,255,0.7805324043955323,0.327336414027648,1.3909396355987205,1.3479429058421797,1.3479429058421797,0.237817337520335,1,0.001078902527902605,1
306_left_LAD_prox_20mm_80ds_discrete_T3_stenosis_length_B_rederived,25.0,5.074108936761534,grid,543,0.6824057256683989,0.2315344752264456,1.075493010458073,1.02433316977431,1.1373425172371077,0.3833148477140967,1,0.0,1
306_left_LAD_prox_20mm_80ds_discrete_T3_stenosis_length_B_rederived,30.0,10.074108936761531,grid,555,0.6803972681183339,0.23153447522776394,1.437300992127929,1.02433316977431,1.3872115301552423,0.3833148477162793,1,0.0,1
306_left_LAD_prox_20mm_80ds_discrete_T3_stenosis_length_B_rederived,31.155891063238467,11.23,lesion_dist,558,0.6803444688790278,0.231534475225914,1.4697377480243814,1.02433316977431,1.4463867030570356,0.3833148477132166,2,-1.1693825379235898,1
306_left_LAD_prox_20mm_80ds_discrete_T3_stenosis_length_B_rederived,35.0,15.074108936761535,grid,651,0.6801217471643876,0.13508494832137846,0.9889260744549251,1.0308959182516584,1.0308959182516584,0.21939472689171974,1,0.003128226592783336,1
306_left_LAD_prox_20mm_80ds_discrete_T3_stenosis_length_B_rederived,40.0,20.074108936761533,grid,663,0.6796442680193818,0.13508494832134546,0.8981301134214855,1.0169676878181373,1.0169676878181373,0.2285331377840871,1,0.0033771909284660835,1
306_left_LAD_prox_20mm_80ds_discrete_T3_stenosis_length_B_rederived,45.0,25.07410893676153,grid,674,0.6765136960962109,0.13508494832133627,0.6631505011551372,1.0034635929564004,1.0034635929564004,0.23788430234186747,1,0.003662108000193065,1
306_left_LAD_prox_20mm_80ds_discrete_T3_stenosis_length_B_rederived,50.05603912628967,30.1301480630512,measurement,686,0.6746242159116257,0.13508494832156712,0.7703270540394656,0.9888179010943148,0.9888179010943148,0.24861176978298943,1,0.0035481715951733456,1
306_left_LAD_prox_20mm_80ds_discrete_T3_stenosis_length_B_rederived,55.0,35.07410893676153,grid,698,0.6721645522339672,0.13508494832182796,0.7099700557808706,0.97489429808323,0.97489429808323,0.25941677408069996,1,0.0037272382831657486,1
306_left_LAD_prox_20mm_80ds_discrete_T3_stenosis_length_B_rederived,60.0,40.074108936761526,grid,710,0.6684242321315825,0.13508494832185025,0.7878781588081163,0.9605645451949085,0.9605645451949085,0.2712008132637331,1,0.003788086666448031,1
306_left_LAD_prox_20mm_80ds_discrete_T3_stenosis_length_B_rederived,65.0,45.07410893676153,grid,721,0.6670113289310114,0.13508494832211393,0.7975717615828224,0.9470846897096364,0.9470846897096364,0.2829464161341534,1,0.003933047042147429,1
306_left_LAD_prox_20mm_80ds_discrete_T3_stenosis_length_B_rederived,70.0,50.07410893676153,grid,732,0.6656781722912533,0.13508494832264428,0.7834673958213709,0.9327938336962717,0.9327938336962717,0.29615130174888055,1,0.004088067485303091,1
306_left_LAD_prox_20mm_80ds_discrete_T3_stenosis_length_B_rederived,75.0,55.074108936761526,grid,742,0.6628166071460331,0.1350849483223429,0.657107870694973,0.9188453282104712,0.9188453282104712,0.30984422841018994,1,0.004464287775603766,1
306_left_LAD_prox_20mm_80ds_discrete_T3_stenosis_length_B_rederived,80.0,60.07410893676153,grid,750,0.6613387559398983,0.13508494832220913,0.823417417897293,0.9061123768738156,0.9061123768738156,0.3230907002412725,1,0.004336742061313788,1
306_left_LAD_prox_20mm_80ds_discrete_T3_stenosis_length_B_rederived,85.0,65.07410893676153,grid,761,0.6599236129969052,0.13508494832206244,0.8438839055525427,0.8913245809272132,0.8913245809272132,0.3394399810049368,1,0.005012671187613376,1
306_left_LAD_prox_20mm_80ds_discrete_T3_stenosis_length_B_rederived,90.0,70.07410893676152,grid,769,0.6589749534431554,0.1350849483220267,0.8526985189678633,0.8784631905577897,0.8784631905577897,0.35456832872690724,1,0.005750638956279833,1
306_left_LAD_prox_20mm_80ds_discrete_T3_stenosis_length_B_rederived,95.0,75.07410893676153,grid,780,0.6574258906850619,0.13508494832239187,0.7935557027325351,0.863719167090633,0.863719167090633,0.3730379136969808,1,0.0035525395863905134,1
306_left_LAD_prox_20mm_80ds_discrete_T3_stenosis_length_B_rederived,100.0,80.07410893676153,grid,793,0.6558947659055999,0.13508494832131374,0.7128379904857343,0.8493267580286048,0.8493267580286048,0.3923252183964163,1,0.0043621332300983065,1
306_left_LAD_prox_20mm_80ds_discrete_T3_stenosis_length_B_rederived,105.0,85.07410893676152,grid,802,0.6544770471247376,0.13508494832118573,0.8968552501387879,0.8361362380044528,0.8361362380044528,0.4111871244934441,1,0.006191931216577329,1
306_left_LAD_prox_20mm_80ds_discrete_T3_stenosis_length_B_rederived,110.0,90.07410893676153,grid,811,0.65329004349703,0.13508494832122564,0.831931172194015,0.8220943321010393,0.8220943321010393,0.43261909397029474,1,0.005199837802976389,1
306_left_LAD_prox_20mm_80ds_discrete_T3_stenosis_length_B_rederived,115.0,95.07410893676153,grid,820,0.6521214139033462,0.13508494832111767,0.8541837566828197,0.8086083988861489,0.8086083988861489,0.4546277085702982,1,0.005976666507889475,1
306_left_LAD_prox_20mm_80ds_discrete_T3_stenosis_length_B_rederived,120.0,100.07410893676152,grid,829,0.6506952016079881,0.13508494832153772,0.8417830235040911,0.7938530763793261,0.7938530763793261,0.4804522693338842,1,0.005941712402934437,1
306_left_LAD_prox_20mm_80ds_discrete_T3_stenosis_length_B_rederived,125.0,105.07410893676153,grid,838,0.6488215117008476,0.13508494832152973,0.6971024731367939,0.7805269121331135,0.7805269121331135,0.5054835184248286,1,0.005820371192341837,1
306_left_LAD_prox_20mm_80ds_discrete_T3_stenosis_length_B_rederived,130.0,110.07410893676153,grid,848,0.6469138080146207,0.1350849483216983,0.7399702260369557,0.7662171063199374,0.7662171063199374,0.5343368358310324,1,0.005904893578705413,1
306_left_LAD_prox_20mm_80ds_discrete_T3_stenosis_length_B_rederived,135.0,115.07410893676153,grid,857,0.6452865081631355,0.13508494832182424,0.794905774178195,0.7519009567282283,0.7519009567282283,0.5654428712468262,1,0.005732885337890974,1
306_left_LAD_prox_20mm_80ds_discrete_T3_stenosis_length_C_flowmatched,0.0,-19.925891063238467,grid,9,0.9992160751291095,0.47044470064828287,1.5606885645481725,1.367733396761126,1.5606899275795372,0.32716580903324,1,0.0,1
306_left_LAD_prox_20mm_80ds_discrete_T3_stenosis_length_C_flowmatched,5.0,-14.925891063238467,grid,20,0.9988462625700307,0.47044470064656885,1.4838843566150703,1.367733396761126,1.4927617452389985,0.32716580903204795,1,0.0,1
306_left_LAD_prox_20mm_80ds_discrete_T3_stenosis_length_C_flowmatched,8.695891063238467,-11.23,lesion_prox,231,0.9984629266691257,0.3285538910426886,1.0770935917525886,1.3594426898647858,1.3594426898647858,0.23269528750863674,1,0.0010037640777279299,1
306_left_LAD_prox_20mm_80ds_discrete_T3_stenosis_length_C_flowmatched,10.0,-9.925891063238467,grid,233,0.9982393995787713,0.3285538910413266,1.0258225201996631,1.3584786891011946,1.3584786891011946,0.23319101332508757,1,0.0011032599685118015,1
306_left_LAD_prox_20mm_80ds_discrete_T3_stenosis_length_C_flowmatched,15.0,-4.925891063238468,grid,244,0.9963597066180708,0.32855389104143085,1.347557882583223,1.3533014208723788,1.3533014208723788,0.2358775921983783,1,0.001023902265532458,1
306_left_LAD_prox_20mm_80ds_discrete_T3_stenosis_length_C_flowmatched,19.925891063238467,0.0,throat,255,0.7792398162379867,0.32855389104115146,1.3909396355987205,1.3479429058421797,1.3479429058421797,0.23870186221552864,1,0.001078902527902605,1
306_left_LAD_prox_20mm_80ds_discrete_T3_stenosis_length_C_flowmatched,25.0,5.074108936761534,grid,543,0.680749077503882,0.2323745301991152,1.075493010458073,1.02433316977431,1.1373425172371077,0.38470559327630893,1,0.0,1
306_left_LAD_prox_20mm_80ds_discrete_T3_stenosis_length_C_flowmatched,30.0,10.074108936761531,grid,555,0.6787333328543446,0.2323745302001339,1.437300992127929,1.02433316977431,1.3872115301552423,0.3847055932779955,1,0.0,1
306_left_LAD_prox_20mm_80ds_discrete_T3_stenosis_length_C_flowmatched,31.155891063238467,11.23,lesion_dist,558,0.6786803420484756,0.23237453020158028,1.4697377480243814,1.02433316977431,1.4463867030570356,0.38470559328039,2,-1.1693825379235898,1
306_left_LAD_prox_20mm_80ds_discrete_T3_stenosis_length_C_flowmatched,35.0,15.074108936761535,grid,651,0.6784568444643111,0.13555552791777306,0.9889260744549251,1.0308959182516584,1.0308959182516584,0.22015900657879625,1,0.003128226592783336,1
306_left_LAD_prox_20mm_80ds_discrete_T3_stenosis_length_C_flowmatched,40.0,20.074108936761533,grid,663,0.6779777019811891,0.13555552791756098,0.8981301134214855,1.0169676878181373,1.0169676878181373,0.22932925188145104,1,0.0033771909284660835,1
306_left_LAD_prox_20mm_80ds_discrete_T3_stenosis_length_C_flowmatched,45.0,25.07410893676153,grid,674,0.6748350682551348,0.13555552791733352,0.6631505011551372,1.0034635929564004,1.0034635929564004,0.23871299199442467,1,0.003662108000193065,1
306_left_LAD_prox_20mm_80ds_discrete_T3_stenosis_length_C_flowmatched,50.05603912628967,30.1301480630512,measurement,686,0.6729390059099662,0.13555552791769204,0.7703270540394656,0.9888179010943148,0.9888179010943148,0.24947782945632838,1,0.0035481715951733456,1
306_left_LAD_prox_20mm_80ds_discrete_T3_stenosis_length_C_flowmatched,55.0,35.07410893676153,grid,698,0.6704701584693289,0.1355555279179117,0.7099700557808706,0.97489429808323,0.97489429808323,0.2603204738805726,1,0.0037272382831657486,1
306_left_LAD_prox_20mm_80ds_discrete_T3_stenosis_length_C_flowmatched,60.0,40.074108936761526,grid,710,0.6667155002587416,0.13555552791795436,0.7878781588081163,0.9605645451949085,0.9605645451949085,0.27214556373929816,1,0.003788086666448031,1
306_left_LAD_prox_20mm_80ds_discrete_T3_stenosis_length_C_flowmatched,65.0,45.07410893676153,grid,721,0.6652976750929521,0.1355555279178871,0.7975717615828224,0.9470846897096364,0.9470846897096364,0.2839320833886011,1,0.003933047042147429,1
306_left_LAD_prox_20mm_80ds_discrete_T3_stenosis_length_C_flowmatched,70.0,50.07410893676153,grid,732,0.6639598742917215,0.135555527918135,0.7834673958213709,0.9327938336962717,0.9327938336962717,0.2971829693144495,1,0.004088067485303091,1
306_left_LAD_prox_20mm_80ds_discrete_T3_stenosis_length_C_flowmatched,75.0,55.074108936761526,grid,742,0.6610876721969697,0.13555552791785788,0.657107870694973,0.9188453282104712,0.9188453282104712,0.3109235964189039,1,0.004464287775603766,1
306_left_LAD_prox_20mm_80ds_discrete_T3_stenosis_length_C_flowmatched,80.0,60.07410893676153,grid,750,0.6596046727738689,0.13555552791760778,0.823417417897293,0.9061123768738156,0.9061123768738156,0.32421621343045437,1,0.004336742061313788,1
306_left_LAD_prox_20mm_80ds_discrete_T3_stenosis_length_C_flowmatched,85.0,65.07410893676153,grid,761,0.6581846000633355,0.1355555279172506,0.8438839055525427,0.8913245809272132,0.8913245809272132,0.34062244826599053,1,0.005012671187613376,1
306_left_LAD_prox_20mm_80ds_discrete_T3_stenosis_length_C_flowmatched,90.0,70.07410893676152,grid,769,0.6572326357755334,0.13555552791720232,0.8526985189678633,0.8784631905577897,0.8784631905577897,0.35580349683902474,1,0.005750638956279833,1
306_left_LAD_prox_20mm_80ds_discrete_T3_stenosis_length_C_flowmatched,95.0,75.07410893676153,grid,780,0.6556781767291445,0.13555552791738806,0.7935557027325351,0.863719167090633,0.863719167090633,0.3743374221361209,1,0.0035525395863905134,1
306_left_LAD_prox_20mm_80ds_discrete_T3_stenosis_length_C_flowmatched,100.0,80.07410893676153,grid,793,0.6541417181498238,0.13555552791608913,0.7128379904857343,0.8493267580286048,0.8493267580286048,0.3936919157567619,1,0.0043621332300983065,1
306_left_LAD_prox_20mm_80ds_discrete_T3_stenosis_length_C_flowmatched,105.0,85.07410893676152,grid,802,0.6527190606282823,0.13555552791598968,0.8968552501387879,0.8361362380044528,0.8361362380044528,0.41261952886445263,1,0.006191931216577329,1
306_left_LAD_prox_20mm_80ds_discrete_T3_stenosis_length_C_flowmatched,110.0,90.07410893676153,grid,811,0.6515279219752212,0.13555552791582418,0.831931172194015,0.8220943321010393,0.8220943321010393,0.43412615837966195,1,0.005199837802976389,1
306_left_LAD_prox_20mm_80ds_discrete_T3_stenosis_length_C_flowmatched,115.0,95.07410893676153,grid,820,0.6503552213636545,0.13555552791564715,0.8541837566828197,0.8086083988861489,0.8086083988861489,0.4562114418094176,1,0.005976666507889475,1
306_left_LAD_prox_20mm_80ds_discrete_T3_stenosis_length_C_flowmatched,120.0,100.07410893676152,grid,829,0.6489240407397596,0.13555552791601264,0.8417830235040911,0.7938530763793261,0.7938530763793261,0.4821259645669722,1,0.005941712402934437,1
306_left_LAD_prox_20mm_80ds_discrete_T3_stenosis_length_C_flowmatched,125.0,105.07410893676153,grid,838,0.6470438236787984,0.13555552791595166,0.6971024731367939,0.7805269121331135,0.7805269121331135,0.5072444120850249,1,0.005820371192341837,1
306_left_LAD_prox_20mm_80ds_discrete_T3_stenosis_length_C_flowmatched,130.0,110.07410893676153,grid,848,0.6451294743489367,0.13555552791598277,0.7399702260369557,0.7662171063199374,0.7662171063199374,0.5361982424091939,1,0.005904893578705413,1
306_left_LAD_prox_20mm_80ds_discrete_T3_stenosis_length_C_flowmatched,135.0,115.07410893676153,grid,857,0.643496505663776,0.13555552791620434,0.794905774178195,0.7519009567282283,0.7519009567282283,0.5674126382734422,1,0.005732885337890974,1
306_left_LAD_prox_20mm_80ds_discrete_T4_taper_A_fixed,0.0,-19.925891063238467,grid,9,0.9992508817499017,0.4389556810971705,1.5606885645481725,1.367733396761126,1.5606899275795372,0.3052671022502607,1,0.0,1
306_left_LAD_prox_20mm_80ds_discrete_T4_taper_A_fixed,5.0,-14.925891063238467,grid,20,0.9989058224400056,0.4389556810982301,1.4838843566150703,1.367733396761126,1.4927617452389985,0.30526710225099757,1,0.0,1
306_left_LAD_prox_20mm_80ds_discrete_T4_taper_A_fixed,9.925891063238467,-10.0,lesion_prox,233,0.9983603202000044,0.2979652068452189,1.0258225201996631,1.3299962894624533,1.3299962894624533,0.2253605797620098,1,0.010218830269387233,1
306_left_LAD_prox_20mm_80ds_discrete_T4_taper_A_fixed,15.0,-4.925891063238468,grid,244,0.9968031750176847,0.2979652068445649,1.2532288308023976,1.2829042987501733,1.2829042987501733,0.25109985281410346,1,0.009795575629607084,1
306_left_LAD_prox_20mm_80ds_discrete_T4_taper_A_fixed,19.925891063238467,0.0,throat,255,0.7478343722050469,0.2979652068443846,1.2935738611068102,1.2341637025745236,1.2341637025745236,0.28204014609390493,1,0.010683915740355354,1
306_left_LAD_prox_20mm_80ds_discrete_T4_taper_A_fixed,25.0,5.074108936761534,grid,543,0.6342787471148323,0.21033859559871582,1.0002084997260081,0.9526298478901088,1.0577285410305106,0.4329224425418487,1,0.0,1
306_left_LAD_prox_20mm_80ds_discrete_T4_taper_A_fixed,29.925891063238467,9.999999999999998,lesion_dist,555,0.6326874685831589,0.210338595598119,1.3366899226789741,0.9526298478901088,1.2901067230443757,0.4329224425406203,1,0.0,1
306_left_LAD_prox_20mm_80ds_discrete_T4_taper_A_fixed,35.0,15.074108936761535,grid,651,0.6323565627106316,0.12185250880786004,0.9197012492430804,0.9587332039740423,0.9587332039740423,0.24603951020790196,1,0.0031282265927833667,1
306_left_LAD_prox_20mm_80ds_discrete_T4_taper_A_fixed,40.0,20.074108936761533,grid,663,0.631780791258923,0.12185250880716768,0.8352610054819817,0.9457799496708676,0.9457799496708676,0.25628775168382645,1,0.00337719092846601,1
306_left_LAD_prox_20mm_80ds_discrete_T4_taper_A_fixed,45.0,25.07410893676153,grid,674,0.6280448382105219,0.12185250880685602,0.6167299660742777,0.9332211414494525,0.9332211414494525,0.26677458507361457,1,0.003662108000193203,1
306_left_LAD_prox_20mm_80ds_discrete_T4_taper_A_fixed,50.05603912628967,30.1301480630512,measurement,686,0.6257663957691626,0.12185250880716643,0.716404160256703,0.9196006480177129,0.9196006480177129,0.27880486890225864,1,0.003548171595174063,1
306_left_LAD_prox_20mm_80ds_discrete_T4_taper_A_fixed,55.0,35.07410893676153,grid,698,0.6228211856042654,0.12185250880728957,0.6602721518762097,0.9066516972174039,0.9066516972174039,0.29092210618862907,1,0.0037272382831657746,1
306_left_LAD_prox_20mm_80ds_discrete_T4_taper_A_fixed,60.0,40.074108936761526,grid,710,0.6183551063835185,0.12185250880742458,0.7327266876915481,0.8933250270312649,0.8933250270312649,0.30413727899601767,1,0.003788086666447673,1
306_left_LAD_prox_20mm_80ds_discrete_T4_taper_A_fixed,65.0,45.07410893676153,grid,721,0.6166513475169375,0.12185250880748785,0.7417417382720248,0.880788761429962,0.880788761429962,0.31730934752363016,1,0.003933047042147118,1
306_left_LAD_prox_20mm_80ds_discrete_T4_taper_A_fixed,70.0,50.07410893676153,grid,732,0.6150437515792955,0.12185250880717031,0.728624678113875,0.8674982653375328,0.8674982653375328,0.332117923985446,1,0.004088067485303431,1
306_left_LAD_prox_20mm_80ds_discrete_T4_taper_A_fixed,75.0,55.074108936761526,grid,742,0.6116157010797284,0.12185250880720855,0.6111103197463249,0.8545261552357382,0.8545261552357382,0.34747381251082254,1,0.004464287775603209,1
306_left_LAD_prox_20mm_80ds_discrete_T4_taper_A_fixed,80.0,60.07410893676153,grid,750,0.6098336242220148,0.12185250880727411,0.7657781986444825,0.8426845104926486,0.8426845104926486,0.3623290257037616,1,0.004336742061313439,1
306_left_LAD_prox_20mm_80ds_discrete_T4_taper_A_fixed,85.0,65.07410893676153,grid,761,0.6081271645469135,0.12185250880735611,0.7848120321638647,0.8289318602623085,0.8289318602623085,0.3806638739858332,1,0.005012671187613214,1
306_left_LAD_prox_20mm_80ds_discrete_T4_taper_A_fixed,90.0,70.07410893676152,grid,769,0.6069832170171671,0.12185250880736649,0.7930096226401129,0.8169707672187445,0.8169707672187445,0.39762951083818,1,0.005750638956279783,1
306_left_LAD_prox_20mm_80ds_discrete_T4_taper_A_fixed,95.0,75.07410893676153,grid,780,0.6051152692285914,0.12185250880722853,0.7380068035412577,0.8032588253942887,0.8032588253942887,0.418342167444693,1,0.0035525395863900047,1
306_left_LAD_prox_20mm_80ds_discrete_T4_taper_A_fixed,100.0,80.07410893676153,grid,793,0.6032689520726836,0.12185250880766856,0.6629393311517329,0.7898738849666026,0.7898738849666026,0.4399718532159491,1,0.004362133230097948,1
306_left_LAD_prox_20mm_80ds_discrete_T4_taper_A_fixed,105.0,85.07410893676152,grid,802,0.6015593863060749,0.12185250880779419,0.8340753826290728,0.7776067013441413,0.7776067013441413,0.46112447709002063,1,0.006191931216577383,1
306_left_LAD_prox_20mm_80ds_discrete_T4_taper_A_fixed,110.0,90.07410893676153,grid,811,0.6001280299650528,0.12185250880783188,0.7736959901404341,0.7645477288539668,0.7645477288539668,0.4851592902671108,1,0.005199837802975785,1
306_left_LAD_prox_20mm_80ds_discrete_T4_taper_A_fixed,115.0,95.07410893676153,grid,820,0.5987188300770483,0.12185250880788509,0.7943908937150224,0.7520058109641187,0.7520058109641187,0.5098407802618771,1,0.005976666507889336,1
306_left_LAD_prox_20mm_80ds_discrete_T4_taper_B_rederived,0.0,-19.925891063238467,grid,9,0.999220467787624,0.4395733231707984,1.5606885645481725,1.367733396761126,1.5606899275795372,0.30569663492101457,1,0.0,1
306_left_LAD_prox_20mm_80ds_discrete_T4_taper_B_rederived,5.0,-14.925891063238467,grid,20,0.9988749229545714,0.4395733231724178,1.4838843566150703,1.367733396761126,1.4927617452389985,0.3056966349221408,1,0.0,1
306_left_LAD_prox_20mm_80ds_discrete_T4_taper_B_rederived,9.925891063238467,-10.0,lesion_prox,233,0.9983520545982649,0.28411448807892126,1.0258225201996631,1.3299962894624533,1.3299962894624533,0.21488483984478238,1,0.010218830269387233,1
306_left_LAD_prox_20mm_80ds_discrete_T4_taper_B_rederived,15.0,-4.925891063238468,grid,244,0.9968672922965701,0.2841144880792035,1.2532288308023976,1.2829042987501733,1.2829042987501733,0.2394276395373162,1,0.009795575629607084,1
306_left_LAD_prox_20mm_80ds_discrete_T4_taper_B_rederived,19.925891063238467,0.0,throat,255,0.7661178281297317,0.28411448807924133,1.2935738611068102,1.2341637025745236,1.2341637025745236,0.26892969341589557,1,0.010683915740355354,1
306_left_LAD_prox_20mm_80ds_discrete_T4_taper_B_rederived,25.0,5.074108936761534,grid,543,0.657830385708855,0.2008335841272166,1.0002084997260081,0.9526298478901088,1.0577285410305106,0.4133590677322146,1,0.0,1
306_left_LAD_prox_20mm_80ds_discrete_T4_taper_B_rederived,29.925891063238467,9.999999999999998,lesion_dist,555,0.6563110156191628,0.20083358412644808,1.3366899226789741,0.9526298478901088,1.2901067230443757,0.4133590677306328,1,0.0,1
306_left_LAD_prox_20mm_80ds_discrete_T4_taper_B_rederived,35.0,15.074108936761535,grid,651,0.6559944219945996,0.11663697132542285,0.9197012492430804,0.9587332039740423,0.9587332039740423,0.23550851416847507,1,0.0031282265927833667,1
306_left_LAD_prox_20mm_80ds_discrete_T4_taper_B_rederived,40.0,20.074108936761533,grid,663,0.6554432947428109,0.11663697132488778,0.8352610054819817,0.9457799496708676,0.9457799496708676,0.24531810987471492,1,0.00337719092846601,1
306_left_LAD_prox_20mm_80ds_discrete_T4_taper_B_rederived,45.0,25.07410893676153,grid,674,0.6518819877241411,0.11663697132470031,0.6167299660742777,0.9332211414494525,0.9332211414494525,0.25535608527117404,1,0.003662108000193203,1
306_left_LAD_prox_20mm_80ds_discrete_T4_taper_B_rederived,50.05603912628967,30.1301480630512,measurement,686,0.6497010672958304,0.11663697132505055,0.716404160256703,0.9196006480177129,0.9196006480177129,0.26687144825962505,1,0.003548171595174063,1
306_left_LAD_prox_20mm_80ds_discrete_T4_taper_B_rederived,55.0,35.07410893676153,grid,698,0.6468897624844296,0.11663697132507794,0.6602721518762097,0.9066516972174039,0.9066516972174039,0.2784700429190054,1,0.0037272382831657746,1
306_left_LAD_prox_20mm_80ds_discrete_T4_taper_B_rederived,60.0,40.074108936761526,grid,710,0.6426315204502598,0.11663697132516238,0.7327266876915481,0.8933250270312649,0.8933250270312649,0.29111957920565995,1,0.003788086666447673,1
306_left_LAD_prox_20mm_80ds_discrete_T4_taper_B_rederived,65.0,45.07410893676153,grid,721,0.641000685960173,0.1166369713255754,0.7417417382720248,0.880788761429962,0.880788761429962,0.3037278561652103,1,0.003933047042147118,1
306_left_LAD_prox_20mm_80ds_discrete_T4_taper_B_rederived,70.0,50.07410893676153,grid,732,0.6394618984282882,0.11663697132535567,0.728624678113875,0.8674982653375328,0.8674982653375328,0.3179025951597613,1,0.004088067485303431,1
306_left_LAD_prox_20mm_80ds_discrete_T4_taper_B_rederived,75.0,55.074108936761526,grid,742,0.6361890971523906,0.11663697132547778,0.6111103197463249,0.8545261552357382,0.8545261552357382,0.3326012201382076,1,0.004464287775603209,1
306_left_LAD_prox_20mm_80ds_discrete_T4_taper_B_rederived,80.0,60.07410893676153,grid,750,0.6344832968419363,0.1166369713255954,0.7657781986444825,0.8426845104926486,0.8426845104926486,0.34682059971602114,1,0.004336742061313439,1
306_left_LAD_prox_20mm_80ds_discrete_T4_taper_B_rederived,85.0,65.07410893676153,grid,761,0.6328498771434728,0.1166369713255839,0.7848120321638647,0.8289318602623085,0.8289318602623085,0.3643706788586938,1,0.005012671187613214,1
306_left_LAD_prox_20mm_80ds_discrete_T4_taper_B_rederived,90.0,70.07410893676152,grid,769,0.6317548929159769,0.11663697132543326,0.7930096226401129,0.8169707672187445,0.8169707672187445,0.3806101516309124,1,0.005750638956279783,1
306_left_LAD_prox_20mm_80ds_discrete_T4_taper_B_rederived,95.0,75.07410893676153,grid,780,0.6299668971267564,0.11663697132528068,0.7380068035412577,0.8032588253942887,0.8032588253942887,0.40043626402140897,1,0.0035525395863900047,1
306_left_LAD_prox_20mm_80ds_discrete_T4_taper_B_rederived,100.0,80.07410893676153,grid,793,0.6281996061347299,0.11663697132571112,0.6629393311517329,0.7898738849666026,0.7898738849666026,0.4211401548462751,1,0.004362133230097948,1
306_left_LAD_prox_20mm_80ds_discrete_T4_taper_B_rederived,105.0,85.07410893676152,grid,802,0.6265632132918538,0.11663697132585452,0.8340753826290728,0.7776067013441413,0.7776067013441413,0.44138740300239215,1,0.006191931216577383,1
306_left_LAD_prox_20mm_80ds_discrete_T4_taper_B_rederived,110.0,90.07410893676153,grid,811,0.625193121940117,0.11663697132602209,0.7736959901404341,0.7645477288539668,0.7645477288539668,0.4643934768440415,1,0.005199837802975785,1
306_left_LAD_prox_20mm_80ds_discrete_T4_taper_B_rederived,115.0,95.07410893676153,grid,820,0.6238442386997326,0.11663697132600706,0.7943908937150224,0.7520058109641187,0.7520058109641187,0.48801854840747894,1,0.005976666507889336,1
306_left_LAD_prox_20mm_80ds_discrete_T4_taper_C_flowmatched,0.0,-19.925891063238467,grid,9,0.99924534635087,0.4275210266742286,1.5606885645481725,1.367733396761126,1.5606899275795372,0.2973149923420354,1,0.0,1
306_left_LAD_prox_20mm_80ds_discrete_T4_taper_C_flowmatched,5.0,-14.925891063238467,grid,20,0.9989092757251002,0.42752102667722847,1.4838843566150703,1.367733396761126,1.4927617452389985,0.2973149923441217,1,0.0,1
306_left_LAD_prox_20mm_80ds_discrete_T4_taper_C_flowmatched,9.925891063238467,-10.0,lesion_prox,233,0.9983979583473135,0.2780229252614711,1.0258225201996631,1.3299962894624533,1.3299962894624533,0.2102775967953938,1,0.010218830269387233,1
306_left_LAD_prox_20mm_80ds_discrete_T4_taper_C_flowmatched,15.0,-4.925891063238468,grid,244,0.9969450301238173,0.2780229252605993,1.2532288308023976,1.2829042987501733,1.2829042987501733,0.23429418606012117,1,0.009795575629607084,1
306_left_LAD_prox_20mm_80ds_discrete_T4_taper_C_flowmatched,19.925891063238467,0.0,throat,255,0.7740032847212731,0.27802292526071626,1.2935738611068102,1.2341637025745236,1.2341637025745236,0.26316370051534094,1,0.010683915740355354,1
306_left_LAD_prox_20mm_80ds_discrete_T4_taper_C_flowmatched,25.0,5.074108936761534,grid,543,0.6680333851843363,0.1966377835378153,1.0002084997260081,0.9526298478901088,1.0577285410305106,0.4047232002424099,1,0.0,1
306_left_LAD_prox_20mm_80ds_discrete_T4_taper_C_flowmatched,29.925891063238467,9.999999999999998,lesion_dist,555,0.6665457576637241,0.19663778353745753,1.3366899226789741,0.9526298478901088,1.2901067230443757,0.4047232002416735,1,0.0,1
306_left_LAD_prox_20mm_80ds_discrete_T4_taper_C_flowmatched,35.0,15.074108936761535,grid,651,0.6662355191835062,0.1143177588839268,0.9197012492430804,0.9587332039740423,0.9587332039740423,0.23082565700979707,1,0.0031282265927833667,1
306_left_LAD_prox_20mm_80ds_discrete_T4_taper_C_flowmatched,40.0,20.074108936761533,grid,663,0.6656953505597106,0.11431775888387286,0.8352610054819817,0.9457799496708676,0.9457799496708676,0.2404401984717951,1,0.00337719092846601,1
306_left_LAD_prox_20mm_80ds_discrete_T4_taper_C_flowmatched,45.0,25.07410893676153,grid,674,0.6622112806324777,0.11431775888361334,0.6167299660742777,0.9332211414494525,0.9332211414494525,0.25027857851545154,1,0.003662108000193203,1
306_left_LAD_prox_20mm_80ds_discrete_T4_taper_C_flowmatched,50.05603912628967,30.1301480630512,measurement,686,0.6600737256802505,0.11431775888376122,0.716404160256703,0.9196006480177129,0.9196006480177129,0.26156496973915877,1,0.003548171595174063,1
306_left_LAD_prox_20mm_80ds_discrete_T4_taper_C_flowmatched,55.0,35.07410893676153,grid,698,0.6573217397250112,0.11431775888390122,0.6602721518762097,0.9066516972174039,0.9066516972174039,0.27293293765387655,1,0.0037272382831657746,1
306_left_LAD_prox_20mm_80ds_discrete_T4_taper_C_flowmatched,60.0,40.074108936761526,grid,710,0.6531554382816704,0.11431775888396632,0.7327266876915481,0.8933250270312649,0.8933250270312649,0.2853309502460887,1,0.003788086666447673,1
306_left_LAD_prox_20mm_80ds_discrete_T4_taper_C_flowmatched,65.0,45.07410893676153,grid,721,0.6515570313451818,0.11431775888411712,0.7417417382720248,0.880788761429962,0.880788761429962,0.29768852391206435,1,0.003933047042147118,1
306_left_LAD_prox_20mm_80ds_discrete_T4_taper_C_flowmatched,70.0,50.07410893676153,grid,732,0.6500488411028869,0.11431775888396703,0.728624678113875,0.8674982653375328,0.8674982653375328,0.3115814120437524,1,0.004088067485303431,1
306_left_LAD_prox_20mm_80ds_discrete_T4_taper_C_flowmatched,75.0,55.074108936761526,grid,742,0.6468448302848188,0.11431775888403149,0.6111103197463249,0.8545261552357382,0.8545261552357382,0.32598776919706296,1,0.004464287775603209,1
306_left_LAD_prox_20mm_80ds_discrete_T4_taper_C_flowmatched,80.0,60.07410893676153,grid,750,0.6451729481502014,0.11431775888421582,0.7657781986444825,0.8426845104926486,0.8426845104926486,0.3399244102775732,1,0.004336742061313439,1
306_left_LAD_prox_20mm_80ds_discrete_T4_taper_C_flowmatched,85.0,65.07410893676153,grid,761,0.6435720074096859,0.1143177588840107,0.7848120321638647,0.8289318602623085,0.8289318602623085,0.35712552320907864,1,0.005012671187613214,1
306_left_LAD_prox_20mm_80ds_discrete_T4_taper_C_flowmatched,90.0,70.07410893676152,grid,769,0.6424987958758299,0.11431775888379335,0.7930096226401129,0.8169707672187445,0.8169707672187445,0.37304208990017723,1,0.005750638956279783,1
306_left_LAD_prox_20mm_80ds_discrete_T4_taper_C_flowmatched,95.0,75.07410893676153,grid,780,0.6407463526393968,0.11431775888361764,0.7380068035412577,0.8032588253942887,0.8032588253942887,0.3924739793782186,1,0.0035525395863900047,1
306_left_LAD_prox_20mm_80ds_discrete_T4_taper_C_flowmatched,100.0,80.07410893676153,grid,793,0.6390142025054562,0.11431775888391675,0.6629393311517329,0.7898738849666026,0.7898738849666026,0.41276619352202915,1,0.004362133230097948,1
306_left_LAD_prox_20mm_80ds_discrete_T4_taper_C_flowmatched,105.0,85.07410893676152,grid,802,0.6374103477386104,0.1143177588838903,0.8340753826290728,0.7776067013441413,0.7776067013441413,0.43261084489107476,1,0.006191931216577383,1
306_left_LAD_prox_20mm_80ds_discrete_T4_taper_C_flowmatched,110.0,90.07410893676153,grid,811,0.6360674993174259,0.1143177588840067,0.7736959901404341,0.7645477288539668,0.7645477288539668,0.45515946538744256,1,0.005199837802975785,1
306_left_LAD_prox_20mm_80ds_discrete_T4_taper_C_flowmatched,115.0,95.07410893676153,grid,820,0.6347454373049787,0.1143177588840208,0.7943908937150224,0.7520058109641187,0.7520058109641187,0.4783147754397876,1,0.005976666507889336,1
335_left_LAD_prox_10mm_70ds_leaky_clean_none,0.0,-20.02092138893202,grid,12,0.9988737024028271,2.998722310998777,1.98775352492731,1.9411608622143444,1.9411608622143444,0.7294833031186553,1,0.025993060842501144,1
335_left_LAD_prox_10mm_70ds_leaky_clean_none,5.0,-15.020921388932019,grid,24,0.997908963671446,2.2036997823953266,1.8050147210462242,1.7444247349015594,1.7444247349015594,0.7386852122559466,1,0.025120835780234413,1
335_left_LAD_prox_10mm_70ds_leaky_clean_none,10.0,-10.020921388932019,grid,37,0.9961838055474525,1.5781762034697595,1.0366199196935755,1.5505978723751952,1.5505978723751952,0.7532196196020051,1,0.02665974623113244,1
335_left_LAD_prox_10mm_70ds_leaky_clean_none,15.020921388932019,-5.000000000000001,lesion_prox,50,0.9850965706103577,1.0705778707647702,1.2351620493672113,1.3451462010717128,1.3451462010717128,0.7826606120845473,1,0.03609213836125059,1
335_left_LAD_prox_10mm_70ds_leaky_clean_none,20.02092138893202,0.0,throat,61,0.7379616039286907,0.7255292358677948,1.2287155835808279,1.156356653050565,1.156356653050565,0.8349167839496473,1,0.04442778473618062,1
335_left_LAD_prox_10mm_70ds_leaky_clean_none,25.02092138893202,5.000000000000001,lesion_dist,308,0.695053526665528,0.4024415607695143,0.9741692143410146,1.1547783144271107,1.1547783144271107,0.46501894876932576,1,0.005147825263881511,1
335_left_LAD_prox_10mm_70ds_leaky_clean_none,30.0,9.97907861106798,grid,321,0.69321057175967,0.3750100203898247,1.0811726205837413,1.1286440069332817,1.1286440069332817,0.4641257000736344,1,0.004736911910591433,1
335_left_LAD_prox_10mm_70ds_leaky_clean_none,35.0,14.979078611067985,grid,334,0.6921866291591325,0.35065217731793896,1.074008578813295,1.1043234853468262,1.1043234853468262,0.4632882647280763,1,0.004815407835674546,1
335_left_LAD_prox_10mm_70ds_leaky_clean_none,40.0,19.979078611067983,grid,349,0.6910684363824228,0.3245587373023483,1.103851255844371,1.0769729758413564,1.0769729758413564,0.4623198835455262,1,0.005086897042974384,1
335_left_LAD_prox_10mm_70ds_leaky_clean_none,45.24575145722954,25.22483006829752,measurement,363,0.6901801724038662,0.300787248978249,1.213700215589845,1.050743655162527,1.050743655162527,0.4613523927469045,1,0.005382332622710118,1
335_left_LAD_prox_10mm_70ds_leaky_clean_none,50.0,29.979078611067983,grid,376,0.689478319831752,0.2793272375366613,1.126622228999845,1.0258554668557596,1.0258554668557596,0.46038211022204883,1,0.0061414556205575625,1
335_left_LAD_prox_10mm_70ds_leaky_clean_none,55.0,34.97907861106798,grid,388,0.6886783123738731,0.2585506837362589,0.9887904784510063,1.0005218891763705,1.0005218891763705,0.45933505602304586,1,0.006249274698111521,1
335_left_LAD_prox_10mm_70ds_leaky_clean_none,60.0,39.979078611067976,grid,400,0.6874652089761598,0.23885758832676673,0.9928268919980748,0.9752217126421162,0.9752217126421162,0.45823962566795273,1,0.00764836016967533,1
335_left_LAD_prox_10mm_70ds_leaky_clean_none,65.0,44.979078611067976,grid,411,0.6863071308551547,0.219542440607819,0.8997708051691484,0.9490139296786071,0.9490139296786071,0.45705073435698074,1,0.0071848838255211085,1
335_left_LAD_prox_10mm_70ds_leaky_clean_none,70.0,49.97907861106798,grid,422,0.6846662251949905,0.20066675709529175,0.8882405731290302,0.9218598821354421,0.9218598821354421,0.4557685670384822,1,0.00844713998417531,1
335_left_LAD_prox_10mm_70ds_leaky_clean_none,75.0,54.979078611067976,grid,432,0.6829903538943679,0.18401088588147732,0.7966889007925059,0.8964288532810311,0.8964288532810311,0.4545270356414456,1,0.009223259857904882,1
335_left_LAD_prox_10mm_70ds_leaky_clean_none,80.0,59.979078611067976,grid,441,0.6807209999487454,0.1690338010207034,0.7400078820069514,0.8721838205075806,0.8721838205075806,0.4533286467316829,1,0.010618948560166586,1
335_left_LAD_prox_10mm_70ds_leaky_clean_none,85.0,64.97907861106799,grid,450,0.6774288301143256,0.15358308617654629,0.6135743938260547,0.8455596210509824,0.8455596210509824,0.4520374000556155,1,0.008938294295450292,1
335_left_LAD_prox_10mm_70ds_leaky_clean_none,90.0,69.97907861106798,grid,461,0.6721508885952876,0.13987027492119816,0.6316646186766428,0.8202492959274937,0.8202492959274937,0.4509740102669074,1,0.010028747753278121,1
335_left_LAD_prox_10mm_70ds_leaky_clean_none,95.0,74.97907861106798,grid,470,0.6691240235749273,0.1266876506381599,0.6967762093431852,0.7941665147906422,0.7941665147906422,0.4500525764239588,1,0.011448655331961217,1
335_left_LAD_prox_10mm_70ds_leaky_clean_none,100.0,79.97907861106798,grid,479,0.6664989273376735,0.11456377184167318,0.6310542024148337,0.7684506765453055,0.7684506765453055,0.44922404724957554,1,0.010554569751390913,1
335_left_LAD_prox_10mm_70ds_leaky_T2_truncation_A_fixed,0.0,-20.02092138893202,grid,12,0.9989428125999839,2.6758392099695585,1.98775352492731,1.9411608622143444,1.9411608622143444,0.6509372402851351,1,0.025993060842501144,1
335_left_LAD_prox_10mm_70ds_leaky_T2_truncation_A_fixed,5.0,-15.020921388932019,grid,24,0.998101098884327,1.8807155178335258,1.8050147210462242,1.7444247349015594,1.7444247349015594,0.6304201473278035,1,0.025120835780234413,1
335_left_LAD_prox_10mm_70ds_leaky_T2_truncation_A_fixed,10.0,-10.020921388932019,grid,37,0.9966989080971872,1.255013670102724,1.0366199196935755,1.5505978723751952,1.5505978723751952,0.5989831281904788,1,0.02665974623113244,1
335_left_LAD_prox_10mm_70ds_leaky_T2_truncation_A_fixed,15.020921388932019,-5.000000000000001,lesion_prox,50,0.9892278454989474,0.7457787868841115,1.2351620493672113,1.3451462010717128,1.3451462010717128,0.5452117942671728,1,0.03609213836125059,1
335_left_LAD_prox_10mm_70ds_leaky_T2_truncation_A_fixed,20.02092138893202,0.0,throat,61,0.9032835689817741,0.3984981453834014,1.2287155835808279,1.156356653050565,1.156356653050565,0.45857943898767306,1,0.04442778473618062,1
335_left_LAD_prox_10mm_70ds_leaky_T2_truncation_A_fixed,25.02092138893202,5.000000000000001,lesion_dist,308,0.8825393650038852,0.0023043682939128114,0.9741692143410146,0.9865294067512012,1.0050123810553373,0.004270566308132763,1,0.0,1
335_left_LAD_prox_10mm_70ds_leaky_T2_truncation_A_fixed,30.0,9.97907861106798,grid,321,0.8825284179000593,0.002304368291242104,1.0811726205837413,0.9865294067512012,1.0368512328475912,0.00427056630318328,1,0.0,1
335_left_LAD_prox_10mm_70ds_leaky_T2_truncation_A_fixed,35.0,14.979078611067985,grid,334,0.8825218863502944,0.002304368295225673,1.074008578813295,0.9865294067512012,1.066480389177228,0.004270566310565821,1,0.0,1
335_left_LAD_prox_10mm_70ds_leaky_T2_truncation_A_fixed,40.0,19.979078611067983,grid,349,0.8825142490892535,0.002304368295991336,1.103851255844371,0.9865294067512012,1.099800913120436,0.004270566311984784,1,0.0,1
335_left_LAD_prox_10mm_70ds_leaky_T2_truncation_A_fixed,45.24575145722954,25.22483006829752,measurement,363,0.8825077053347208,0.0023043682932746565,1.213700215589845,0.9865294067512012,1.1317555173854212,0.004270566306950104,1,0.0,1
335_left_LAD_prox_10mm_70ds_leaky_T2_truncation_A_fixed,50.0,29.979078611067983,grid,376,0.8825021028510596,0.002304368296933811,1.126622228999845,0.9865294067512012,1.1620762495901675,0.004270566313731425,0,,1
335_left_LAD_prox_10mm_70ds_leaky_T2_truncation_B_rederived,0.0,-20.02092138893202,grid,12,0.9988550270011075,3.000443076610364,1.98775352492731,1.9411608622143444,1.9411608622143444,0.7299019046602617,1,0.025993060842501144,1
335_left_LAD_prox_10mm_70ds_leaky_T2_truncation_B_rederived,5.0,-15.020921388932019,grid,24,0.9978964900168843,2.174733168091859,1.8050147210462242,1.7444247349015594,1.7444247349015594,0.7289755368246429,1,0.025120835780234413,1
335_left_LAD_prox_10mm_70ds_leaky_T2_truncation_B_rederived,10.0,-10.020921388932019,grid,37,0.9962187252712934,1.5250550721110572,1.0366199196935755,1.5505978723751952,1.5505978723751952,0.7278663806754135,1,0.02665974623113244,1
335_left_LAD_prox_10mm_70ds_leaky_T2_truncation_B_rederived,15.020921388932019,-5.000000000000001,lesion_prox,50,0.9858384314702059,0.9975615253477387,1.2351620493672113,1.3451462010717128,1.3451462010717128,0.7292810129382961,1,0.03609213836125059,1
335_left_LAD_prox_10mm_70ds_leaky_T2_truncation_B_rederived,20.02092138893202,0.0,throat,61,0.7895289815822768,0.6387183752384444,1.2287155835808279,1.156356653050565,1.156356653050565,0.7350175090680966,1,0.04442778473618062,1
335_left_LAD_prox_10mm_70ds_leaky_T2_truncation_B_rederived,25.02092138893202,5.000000000000001,lesion_dist,308,0.7525867110391213,0.2901679447996915,0.9741692143410146,0.9865294067512012,1.0050123810553373,0.5377532107324576,1,0.0,1
335_left_LAD_prox_10mm_70ds_leaky_T2_truncation_B_rederived,30.0,9.97907861106798,grid,321,0.7512082427491149,0.2901679447985228,1.0811726205837413,0.9865294067512012,1.0368512328475912,0.5377532107302917,1,0.0,1
335_left_LAD_prox_10mm_70ds_leaky_T2_truncation_B_rederived,35.0,14.979078611067985,grid,334,0.7503857846477947,0.2901679447994366,1.074008578813295,0.9865294067512012,1.066480389177228,0.5377532107319852,1,0.0,1
335_left_LAD_prox_10mm_70ds_leaky_T2_truncation_B_rederived,40.0,19.979078611067983,grid,349,0.7494240944766529,0.2901679448006472,1.103851255844371,0.9865294067512012,1.099800913120436,0.5377532107342288,1,0.0,1
335_left_LAD_prox_10mm_70ds_leaky_T2_truncation_B_rederived,45.24575145722954,25.22483006829752,measurement,363,0.7486000995417678,0.2901679448007379,1.213700215589845,0.9865294067512012,1.1317555173854212,0.5377532107343967,1,0.0,1
335_left_LAD_prox_10mm_70ds_leaky_T2_truncation_B_rederived,50.0,29.979078611067983,grid,376,0.7478946302067506,0.2901679448025839,1.126622228999845,0.9865294067512012,1.1620762495901675,0.537753210737818,0,,1
335_left_LAD_prox_10mm_70ds_leaky_T2_truncation_C_flowmatched,0.0,-20.02092138893202,grid,12,0.9988774355001651,2.9434721604385783,1.98775352492731,1.9411608622143444,1.9411608622143444,0.7160428914537844,1,0.025993060842501144,1
335_left_LAD_prox_10mm_70ds_leaky_T2_truncation_C_flowmatched,5.0,-15.020921388932019,grid,24,0.9979367782188647,2.134872459846267,1.8050147210462242,1.7444247349015594,1.7444247349015594,0.7156141361627695,1,0.025120835780234413,1
335_left_LAD_prox_10mm_70ds_leaky_T2_truncation_C_flowmatched,10.0,-10.020921388932019,grid,37,0.9962885867291393,1.4986447618216252,1.0366199196935755,1.5505978723751952,1.5505978723751952,0.715261473931768,1,0.02665974623113244,1
335_left_LAD_prox_10mm_70ds_leaky_T2_truncation_C_flowmatched,15.020921388932019,-5.000000000000001,lesion_prox,50,0.986178392281871,0.981953797669822,1.2351620493672113,1.3451462010717128,1.3451462010717128,0.7178707698992531,1,0.03609213836125059,1
335_left_LAD_prox_10mm_70ds_leaky_T2_truncation_C_flowmatched,20.02092138893202,0.0,throat,61,0.7944762223180112,0.6304063312150677,1.2287155835808279,1.156356653050565,1.156356653050565,0.7254522638361179,1,0.04442778473618062,1
335_left_LAD_prox_10mm_70ds_leaky_T2_truncation_C_flowmatched,25.02092138893202,5.000000000000001,lesion_dist,308,0.75801249147945,0.2863978509479631,0.9741692143410146,0.9865294067512012,1.0050123810553373,0.5307662912264827,1,0.0,1
335_left_LAD_prox_10mm_70ds_leaky_T2_truncation_C_flowmatched,30.0,9.97907861106798,grid,321,0.7566519333511934,0.2863978509462399,1.0811726205837413,0.9865294067512012,1.0368512328475912,0.5307662912232891,1,0.0,1
335_left_LAD_prox_10mm_70ds_leaky_T2_truncation_C_flowmatched,35.0,14.979078611067985,grid,334,0.7558401612828669,0.2863978509472878,1.074008578813295,0.9865294067512012,1.066480389177228,0.5307662912252311,1,0.0,1
335_left_LAD_prox_10mm_70ds_leaky_T2_truncation_C_flowmatched,40.0,19.979078611067983,grid,349,0.7548909661590435,0.2863978509500304,1.103851255844371,0.9865294067512012,1.099800913120436,0.5307662912303138,1,0.0,1
335_left_LAD_prox_10mm_70ds_leaky_T2_truncation_C_flowmatched,45.24575145722954,25.22483006829752,measurement,363,0.7540776772249186,0.28639785094794884,1.213700215589845,0.9865294067512012,1.1317555173854212,0.5307662912264561,1,0.0,1
335_left_LAD_prox_10mm_70ds_leaky_T2_truncation_C_flowmatched,50.0,29.979078611067983,grid,376,0.753381373911339,0.28639785095166453,1.126622228999845,0.9865294067512012,1.1620762495901675,0.5307662912333423,0,,1
335_left_LAD_prox_10mm_70ds_leaky_T3_stenosis_length_A_fixed,0.0,-20.02092138893202,grid,12,0.9988765762366416,2.9852957486047127,1.98775352492731,1.9411608622143444,1.9411608622143444,0.7262170943574018,1,0.025993060842501144,1
335_left_LAD_prox_10mm_70ds_leaky_T3_stenosis_length_A_fixed,5.0,-15.020921388932019,grid,24,0.9979169532980794,2.19026901327312,1.8050147210462242,1.7444247349015594,1.7444247349015594,0.7341831876974951,1,0.025120835780234413,1
335_left_LAD_prox_10mm_70ds_leaky_T3_stenosis_length_A_fixed,10.0,-10.020921388932019,grid,37,0.996205225239297,1.5647380213324444,1.0366199196935755,1.5505978723751952,1.5505978723751952,0.7468059489260964,1,0.02665974623113244,1
335_left_LAD_prox_10mm_70ds_leaky_T3_stenosis_length_A_fixed,13.79092138893202,-6.2299999999999995,lesion_prox,47,0.9858587068266539,1.1783569356149757,1.185665112829557,1.4000357086053765,1.4000357086053765,0.7640525132672326,1,0.038445920035795667,1
335_left_LAD_prox_10mm_70ds_leaky_T3_stenosis_length_A_fixed,15.0,-5.0209213889320194,grid,50,0.9852084600051672,1.0570677740261099,1.2351620493672113,1.3451462010717128,1.3451462010717128,0.7727838708669768,1,0.03609213836125059,1
335_left_LAD_prox_10mm_70ds_leaky_T3_stenosis_length_A_fixed,20.02092138893202,0.0,throat,61,0.7355060271972355,0.7129505354657866,1.2287155835808279,1.156356653050565,1.156356653050565,0.8204416014666845,1,0.04442778473618062,1
335_left_LAD_prox_10mm_70ds_leaky_T3_stenosis_length_A_fixed,25.0,4.979078611067982,grid,308,0.6824856338656499,0.3945131621288718,0.9741692143410146,1.1547783144271107,1.1547783144271107,0.4558577289533453,1,0.005147825263881511,1
335_left_LAD_prox_10mm_70ds_leaky_T3_stenosis_length_A_fixed,26.250921388932017,6.2299999999999995,lesion_dist,311,0.6820479305901506,0.3882708004046754,0.9845822778138437,1.1488242283535475,1.1488242283535475,0.4556565913987624,1,0.005207388072656444,1
335_left_LAD_prox_10mm_70ds_leaky_T3_stenosis_length_A_fixed,30.0,9.97907861106798,grid,321,0.6806453396473275,0.36762201948970635,1.0811726205837413,1.1286440069332817,1.1286440069332817,0.4549820481617531,1,0.004736911910591433,1
335_left_LAD_prox_10mm_70ds_leaky_T3_stenosis_length_A_fixed,35.0,14.979078611067985,grid,334,0.6796415693665288,0.34374415696529476,1.074008578813295,1.1043234853468262,1.1043234853468262,0.45416125805621715,1,0.004815407835674546,1
335_left_LAD_prox_10mm_70ds_leaky_T3_stenosis_length_A_fixed,40.0,19.979078611067983,grid,349,0.6785454053222992,0.31816489832122496,1.103851255844371,1.0769729758413564,1.0769729758413564,0.45321213646180475,1,0.005086897042974384,1
335_left_LAD_prox_10mm_70ds_leaky_T3_stenosis_length_A_fixed,45.24575145722954,25.22483006829752,measurement,363,0.677674640054423,0.2948618366067588,1.213700215589845,1.050743655162527,1.050743655162527,0.45226389852088494,1,0.005382332622710118,1
335_left_LAD_prox_10mm_70ds_leaky_T3_stenosis_length_A_fixed,50.0,29.979078611067983,grid,376,0.6769866135844973,0.2738247033530844,1.126622228999845,1.0258554668557596,1.0258554668557596,0.4513129327177548,1,0.0061414556205575625,1
335_left_LAD_prox_10mm_70ds_leaky_T3_stenosis_length_A_fixed,55.0,34.97907861106798,grid,388,0.6762023654387477,0.25345756007841636,0.9887904784510063,1.0005218891763705,1.0005218891763705,0.4502867324723187,1,0.006249274698111521,1
335_left_LAD_prox_10mm_70ds_leaky_T3_stenosis_length_A_fixed,60.0,39.979078611067976,grid,400,0.6750131583065614,0.2341525254172632,0.9928268919980748,0.9752217126421162,0.9752217126421162,0.4492131330139052,1,0.00764836016967533,1
335_left_LAD_prox_10mm_70ds_leaky_T3_stenosis_length_A_fixed,65.0,44.979078611067976,grid,411,0.6738778918160555,0.21521799107708023,0.8997708051691484,0.9490139296786071,0.9490139296786071,0.44804795189614177,1,0.0071848838255211085,1
335_left_LAD_prox_10mm_70ds_leaky_T3_stenosis_length_A_fixed,70.0,49.97907861106798,grid,422,0.6722693073428472,0.1967142614471282,0.8882405731290302,0.9218598821354421,0.9218598821354421,0.44679137866973867,1,0.00844713998417531,1
335_left_LAD_prox_10mm_70ds_leaky_T3_stenosis_length_A_fixed,75.0,54.979078611067976,grid,432,0.670626444619975,0.1803866020753056,0.7966889007925059,0.8964288532810311,0.8964288532810311,0.44557465781417077,1,0.009223259857904882,1
335_left_LAD_prox_10mm_70ds_leaky_T3_stenosis_length_A_fixed,80.0,59.979078611067976,grid,441,0.6684017868611762,0.1657046482135256,0.7400078820069514,0.8721838205075806,0.8721838205075806,0.44440025295642815,1,0.010618948560166586,1
335_left_LAD_prox_10mm_70ds_leaky_T3_stenosis_length_A_fixed,85.0,64.97907861106799,grid,450,0.6651744548775771,0.15055839814876362,0.6135743938260547,0.8455596210509824,0.8455596210509824,0.44313490860231497,1,0.008938294295450292,1
335_left_LAD_prox_10mm_70ds_leaky_T3_stenosis_length_A_fixed,90.0,69.97907861106798,grid,461,0.6600078739560319,0.137115718237169,0.6316646186766428,0.8202492959274937,0.8202492959274937,0.4420926845170009,1,0.010028747753278121,1
335_left_LAD_prox_10mm_70ds_leaky_T3_stenosis_length_A_fixed,95.0,74.97907861106798,grid,470,0.6570406189655952,0.12419270798471559,0.6967762093431852,0.7941665147906422,0.7941665147906422,0.4411893970725657,1,0.011448655331961217,1
335_left_LAD_prox_10mm_70ds_leaky_T3_stenosis_length_A_fixed,100.0,79.97907861106798,grid,479,0.6544672204631934,0.11230759265241635,0.6310542024148337,0.7684506765453055,0.7684506765453055,0.440377184664439,1,0.010554569751390913,1
335_left_LAD_prox_10mm_70ds_leaky_T3_stenosis_length_B_rederived,0.0,-20.02092138893202,grid,12,0.9988765762366416,2.9852957486047127,1.98775352492731,1.9411608622143444,1.9411608622143444,0.7262170943574018,1,0.025993060842501144,1
335_left_LAD_prox_10mm_70ds_leaky_T3_stenosis_length_B_rederived,5.0,-15.020921388932019,grid,24,0.9979169532980794,2.19026901327312,1.8050147210462242,1.7444247349015594,1.7444247349015594,0.7341831876974951,1,0.025120835780234413,1
335_left_LAD_prox_10mm_70ds_leaky_T3_stenosis_length_B_rederived,10.0,-10.020921388932019,grid,37,0.996205225239297,1.5647380213324444,1.0366199196935755,1.5505978723751952,1.5505978723751952,0.7468059489260964,1,0.02665974623113244,1
335_left_LAD_prox_10mm_70ds_leaky_T3_stenosis_length_B_rederived,13.79092138893202,-6.2299999999999995,lesion_prox,47,0.9858587068266539,1.1783569356149757,1.185665112829557,1.4000357086053765,1.4000357086053765,0.7640525132672326,1,0.038445920035795667,1
335_left_LAD_prox_10mm_70ds_leaky_T3_stenosis_length_B_rederived,15.0,-5.0209213889320194,grid,50,0.9852084600051672,1.0570677740261099,1.2351620493672113,1.3451462010717128,1.3451462010717128,0.7727838708669768,1,0.03609213836125059,1
335_left_LAD_prox_10mm_70ds_leaky_T3_stenosis_length_B_rederived,20.02092138893202,0.0,throat,61,0.7355060271972355,0.7129505354657866,1.2287155835808279,1.156356653050565,1.156356653050565,0.8204416014666845,1,0.04442778473618062,1
335_left_LAD_prox_10mm_70ds_leaky_T3_stenosis_length_B_rederived,25.0,4.979078611067982,grid,308,0.6824856338656499,0.3945131621288718,0.9741692143410146,1.1547783144271107,1.1547783144271107,0.4558577289533453,1,0.005147825263881511,1
335_left_LAD_prox_10mm_70ds_leaky_T3_stenosis_length_B_rederived,26.250921388932017,6.2299999999999995,lesion_dist,311,0.6820479305901506,0.3882708004046754,0.9845822778138437,1.1488242283535475,1.1488242283535475,0.4556565913987624,1,0.005207388072656444,1
335_left_LAD_prox_10mm_70ds_leaky_T3_stenosis_length_B_rederived,30.0,9.97907861106798,grid,321,0.6806453396473275,0.36762201948970635,1.0811726205837413,1.1286440069332817,1.1286440069332817,0.4549820481617531,1,0.004736911910591433,1
335_left_LAD_prox_10mm_70ds_leaky_T3_stenosis_length_B_rederived,35.0,14.979078611067985,grid,334,0.6796415693665288,0.34374415696529476,1.074008578813295,1.1043234853468262,1.1043234853468262,0.45416125805621715,1,0.004815407835674546,1
335_left_LAD_prox_10mm_70ds_leaky_T3_stenosis_length_B_rederived,40.0,19.979078611067983,grid,349,0.6785454053222992,0.31816489832122496,1.103851255844371,1.0769729758413564,1.0769729758413564,0.45321213646180475,1,0.005086897042974384,1
335_left_LAD_prox_10mm_70ds_leaky_T3_stenosis_length_B_rederived,45.24575145722954,25.22483006829752,measurement,363,0.677674640054423,0.2948618366067588,1.213700215589845,1.050743655162527,1.050743655162527,0.45226389852088494,1,0.005382332622710118,1
335_left_LAD_prox_10mm_70ds_leaky_T3_stenosis_length_B_rederived,50.0,29.979078611067983,grid,376,0.6769866135844973,0.2738247033530844,1.126622228999845,1.0258554668557596,1.0258554668557596,0.4513129327177548,1,0.0061414556205575625,1
335_left_LAD_prox_10mm_70ds_leaky_T3_stenosis_length_B_rederived,55.0,34.97907861106798,grid,388,0.6762023654387477,0.25345756007841636,0.9887904784510063,1.0005218891763705,1.0005218891763705,0.4502867324723187,1,0.006249274698111521,1
335_left_LAD_prox_10mm_70ds_leaky_T3_stenosis_length_B_rederived,60.0,39.979078611067976,grid,400,0.6750131583065614,0.2341525254172632,0.9928268919980748,0.9752217126421162,0.9752217126421162,0.4492131330139052,1,0.00764836016967533,1
335_left_LAD_prox_10mm_70ds_leaky_T3_stenosis_length_B_rederived,65.0,44.979078611067976,grid,411,0.6738778918160555,0.21521799107708023,0.8997708051691484,0.9490139296786071,0.9490139296786071,0.44804795189614177,1,0.0071848838255211085,1
335_left_LAD_prox_10mm_70ds_leaky_T3_stenosis_length_B_rederived,70.0,49.97907861106798,grid,422,0.6722693073428472,0.1967142614471282,0.8882405731290302,0.9218598821354421,0.9218598821354421,0.44679137866973867,1,0.00844713998417531,1
335_left_LAD_prox_10mm_70ds_leaky_T3_stenosis_length_B_rederived,75.0,54.979078611067976,grid,432,0.670626444619975,0.1803866020753056,0.7966889007925059,0.8964288532810311,0.8964288532810311,0.44557465781417077,1,0.009223259857904882,1
335_left_LAD_prox_10mm_70ds_leaky_T3_stenosis_length_B_rederived,80.0,59.979078611067976,grid,441,0.6684017868611762,0.1657046482135256,0.7400078820069514,0.8721838205075806,0.8721838205075806,0.44440025295642815,1,0.010618948560166586,1
335_left_LAD_prox_10mm_70ds_leaky_T3_stenosis_length_B_rederived,85.0,64.97907861106799,grid,450,0.6651744548775771,0.15055839814876362,0.6135743938260547,0.8455596210509824,0.8455596210509824,0.44313490860231497,1,0.008938294295450292,1
335_left_LAD_prox_10mm_70ds_leaky_T3_stenosis_length_B_rederived,90.0,69.97907861106798,grid,461,0.6600078739560319,0.137115718237169,0.6316646186766428,0.8202492959274937,0.8202492959274937,0.4420926845170009,1,0.010028747753278121,1
335_left_LAD_prox_10mm_70ds_leaky_T3_stenosis_length_B_rederived,95.0,74.97907861106798,grid,470,0.6570406189655952,0.12419270798471559,0.6967762093431852,0.7941665147906422,0.7941665147906422,0.4411893970725657,1,0.011448655331961217,1
335_left_LAD_prox_10mm_70ds_leaky_T3_stenosis_length_B_rederived,100.0,79.97907861106798,grid,479,0.6544672204631934,0.11230759265241635,0.6310542024148337,0.7684506765453055,0.7684506765453055,0.440377184664439,1,0.010554569751390913,1
335_left_LAD_prox_10mm_70ds_leaky_T3_stenosis_length_C_flowmatched,0.0,-20.02092138893202,grid,12,0.9988742099341065,2.9913004104429115,1.98775352492731,1.9411608622143444,1.9411608622143444,0.7276778166576207,1,0.025993060842501144,1
335_left_LAD_prox_10mm_70ds_leaky_T3_stenosis_length_C_flowmatched,5.0,-15.020921388932019,grid,24,0.9979127037365471,2.1944647335473175,1.8050147210462242,1.7444247349015594,1.7444247349015594,0.7355896027391773,1,0.025120835780234413,1
335_left_LAD_prox_10mm_70ds_leaky_T3_stenosis_length_C_flowmatched,10.0,-10.020921388932019,grid,37,0.9961978675786876,1.5675117135540115,1.0366199196935755,1.5505978723751952,1.5505978723751952,0.7481297550989613,1,0.02665974623113244,1
335_left_LAD_prox_10mm_70ds_leaky_T3_stenosis_length_C_flowmatched,13.79092138893202,-6.2299999999999995,lesion_prox,47,0.9858230867463232,1.1802607964605016,1.185665112829557,1.4000357086053765,1.4000357086053765,0.7652869861336191,1,0.038445920035795667,1
335_left_LAD_prox_10mm_70ds_leaky_T3_stenosis_length_C_flowmatched,15.0,-5.0209213889320194,grid,50,0.9851718201712696,1.0586999499967489,1.2351620493672113,1.3451462010717128,1.3451462010717128,0.7739770954600625,1,0.03609213836125059,1
335_left_LAD_prox_10mm_70ds_leaky_T3_stenosis_length_C_flowmatched,20.02092138893202,0.0,throat,61,0.7349230277617809,0.7138159450578011,1.2287155835808279,1.156356653050565,1.156356653050565,0.8214374882726789,1,0.04442778473618062,1
335_left_LAD_prox_10mm_70ds_leaky_T3_stenosis_length_C_flowmatched,25.0,4.979078611067982,grid,308,0.681838887059211,0.39497973766487016,0.9741692143410146,1.1547783144271107,1.1547783144271107,0.45639685434799043,1,0.005147825263881511,1
335_left_LAD_prox_10mm_70ds_leaky_T3_stenosis_length_C_flowmatched,26.250921388932017,6.2299999999999995,lesion_dist,311,0.6814006664087116,0.38872960912320736,0.9845822778138437,1.1488242283535475,1.1488242283535475,0.4561950280171546,1,0.005207388072656444,1
335_left_LAD_prox_10mm_70ds_leaky_T3_stenosis_length_C_flowmatched,30.0,9.97907861106798,grid,321,0.6799964204678175,0.36805520697679645,1.0811726205837413,1.1286440069332817,1.1286440069332817,0.45551817635774056,1,0.004736911910591433,1
335_left_LAD_prox_10mm_70ds_leaky_T3_stenosis_length_C_flowmatched,35.0,14.979078611067985,grid,334,0.6789914696420305,0.3441478156884148,1.074008578813295,1.1043234853468262,1.1043234853468262,0.45469457956816967,1,0.004815407835674546,1
335_left_LAD_prox_10mm_70ds_leaky_T3_stenosis_length_C_flowmatched,40.0,19.979078611067983,grid,349,0.6778940209197682,0.3185370249790951,1.103851255844371,1.0769729758413564,1.0769729758413564,0.453742214790802,1,0.005086897042974384,1
335_left_LAD_prox_10mm_70ds_leaky_T3_stenosis_length_C_flowmatched,45.24575145722954,25.22483006829752,measurement,363,0.677022239170772,0.29520531979800924,1.213700215589845,1.050743655162527,1.050743655162527,0.45279073864688774,1,0.005382332622710118,1
335_left_LAD_prox_10mm_70ds_leaky_T3_stenosis_length_C_flowmatched,50.0,29.979078611067983,grid,376,0.6763334130122506,0.2741423830170007,1.126622228999845,1.0258554668557596,1.0258554668557596,0.45183652660476065,1,0.0061414556205575625,1
335_left_LAD_prox_10mm_70ds_leaky_T3_stenosis_length_C_flowmatched,55.0,34.97907861106798,grid,388,0.6755482573270223,0.2537503096413725,0.9887904784510063,1.0005218891763705,1.0005218891763705,0.4508068244518022,1,0.006249274698111521,1
335_left_LAD_prox_10mm_70ds_leaky_T3_stenosis_length_C_flowmatched,60.0,39.979078611067976,grid,400,0.6743576800034832,0.23442171462577724,0.9928268919980748,0.9752217126421162,0.9752217126421162,0.44972956275351467,1,0.00764836016967533,1
335_left_LAD_prox_10mm_70ds_leaky_T3_stenosis_length_C_flowmatched,65.0,44.979078611067976,grid,411,0.6732211121685789,0.21546414745363926,0.8997708051691484,0.9490139296786071,0.9490139296786071,0.44856040840505856,1,0.0071848838255211085,1
335_left_LAD_prox_10mm_70ds_leaky_T3_stenosis_length_C_flowmatched,70.0,49.97907861106798,grid,422,0.6716106933633648,0.19693800094880876,0.8882405731290302,0.9218598821354421,0.9218598821354421,0.4472995516902576,1,0.00844713998417531,1
335_left_LAD_prox_10mm_70ds_leaky_T3_stenosis_length_C_flowmatched,75.0,54.979078611067976,grid,432,0.6699659679335028,0.18059065230071414,0.7966889007925059,0.8964288532810311,0.8964288532810311,0.446078684212569,1,0.009223259857904882,1
335_left_LAD_prox_10mm_70ds_leaky_T3_stenosis_length_C_flowmatched,80.0,59.979078611067976,grid,441,0.6677388013645519,0.165891093614474,0.7400078820069514,0.8721838205075806,0.8721838205075806,0.4449002774532501,1,0.010618948560166586,1
335_left_LAD_prox_10mm_70ds_leaky_T3_stenosis_length_C_flowmatched,85.0,64.97907861106799,grid,450,0.664507851008394,0.15072682015052302,0.6135743938260547,0.8455596210509824,0.8455596210509824,0.4436306210253611,1,0.008938294295450292,1
335_left_LAD_prox_10mm_70ds_leaky_T3_stenosis_length_C_flowmatched,90.0,69.97907861106798,grid,461,0.6593350929354078,0.13726836672525125,0.6316646186766428,0.8202492959274937,0.8202492959274937,0.44258485843222634,1,0.010028747753278121,1
335_left_LAD_prox_10mm_70ds_leaky_T3_stenosis_length_C_flowmatched,95.0,74.97907861106798,grid,470,0.6563645417549546,0.12433039339903383,0.6967762093431852,0.7941665147906422,0.7941665147906422,0.4416785187441556,1,0.011448655331961217,1
335_left_LAD_prox_10mm_70ds_leaky_T3_stenosis_length_C_flowmatched,100.0,79.97907861106798,grid,479,0.6537882965915444,0.11243163200566947,0.6310542024148337,0.7684506765453055,0.7684506765453055,0.4408635640790727,1,0.010554569751390913,1
335_left_LAD_prox_10mm_70ds_leaky_T4_taper_A_fixed,0.0,-20.02092138893202,grid,12,0.9988866449951419,2.938254471007248,1.98775352492731,1.95858001215539,1.95858001215539,0.6958716375426077,1,0.02918115156440963,1
335_left_LAD_prox_10mm_70ds_leaky_T4_taper_A_fixed,5.0,-15.020921388932019,grid,24,0.9979449457382393,2.1432129970200804,1.8050147210462242,1.7354897677494576,1.7354897677494576,0.7295630769683916,1,0.028598712601789134,1
335_left_LAD_prox_10mm_70ds_leaky_T4_taper_A_fixed,10.0,-10.020921388932019,grid,37,0.9962802712294844,1.5176560328610216,1.0366199196935755,1.5156985035618977,1.5156985035618977,0.7755299449159084,1,0.0308825739801529,1
335_left_LAD_prox_10mm_70ds_leaky_T4_taper_A_fixed,15.020921388932019,-5.000000000000001,lesion_prox,50,0.9863108861981227,1.0095562258523367,1.1487007059115064,1.2827252098880282,1.2827252098880282,0.8511249178880599,1,0.042819356190317806,1
335_left_LAD_prox_10mm_70ds_leaky_T4_taper_A_fixed,20.02092138893202,0.0,throat,61,0.698465478458724,0.6644589390736156,1.1427054927301699,1.0686460420981552,1.0686460420981552,0.9687912061652298,1,0.05432734106113215,1
335_left_LAD_prox_10mm_70ds_leaky_T4_taper_A_fixed,25.02092138893202,5.000000000000001,lesion_dist,308,0.644208932572096,0.3671313103911073,0.9059773693371436,1.0739438324172135,1.0739438324172135,0.5274003384559316,1,0.005147825263881877,1
335_left_LAD_prox_10mm_70ds_leaky_T4_taper_A_fixed,30.0,9.97907861106798,grid,321,0.6419621574953545,0.341892048963807,1.0054905371428795,1.0496389264479524,1.0496389264479524,0.5260571166616814,1,0.004736911910591116,1
335_left_LAD_prox_10mm_70ds_leaky_T4_taper_A_fixed,35.0,14.979078611067985,grid,334,0.6407146347569941,0.31949700791960306,0.9988279782963644,1.0270208413725492,1.0270208413725492,0.5247986500999734,1,0.004815407835675568,1
335_left_LAD_prox_10mm_70ds_leaky_T4_taper_A_fixed,40.0,19.979078611067983,grid,349,0.6393531010599619,0.2955200569528613,1.026581667935265,1.001584867532462,1.001584867532462,0.5233441610655059,1,0.00508689704297389,1
335_left_LAD_prox_10mm_70ds_leaky_T4_taper_A_fixed,45.24575145722954,25.22483006829752,measurement,363,0.6382722616313611,0.2736880622995618,1.128741200498556,0.9771915993011508,0.9771915993011508,0.5218916697844596,1,0.005382332622710297,1
335_left_LAD_prox_10mm_70ds_leaky_T4_taper_A_fixed,50.0,29.979078611067983,grid,376,0.6374188741614394,0.25398645609798776,1.0477586729698558,0.9540455841758569,0.9540455841758569,0.5204354431317942,1,0.006141455620557522,1
335_left_LAD_prox_10mm_70ds_leaky_T4_taper_A_fixed,55.0,34.97907861106798,grid,388,0.6364468581596623,0.2349193798329262,0.9195751449594359,0.930485356934025,0.930485356934025,0.5188644320997224,1,0.0062492746981112094,1
335_left_LAD_prox_10mm_70ds_leaky_T4_taper_A_fixed,60.0,39.979078611067976,grid,400,0.6349740024982753,0.2168561557258658,0.9233290095582096,0.9069561927571687,0.9069561927571687,0.5172214261556508,1,0.00764836016967545,1
335_left_LAD_prox_10mm_70ds_leaky_T4_taper_A_fixed,65.0,44.979078611067976,grid,411,0.633569159475423,0.19914990709663327,0.836786848807308,0.8825829546011053,0.8825829546011053,0.5154388931037164,1,0.007184883825521435,1
335_left_LAD_prox_10mm_70ds_leaky_T4_taper_A_fixed,70.0,49.97907861106798,grid,422,0.6315803282181832,0.18185907764538364,0.826063733009998,0.8573296903859619,0.8573296903859619,0.5135172963111039,1,0.008447139984175922,1
335_left_LAD_prox_10mm_70ds_leaky_T4_taper_A_fixed,75.0,54.979078611067976,grid,432,0.6295510411945598,0.16661415172924637,0.7409206777370305,0.8336788335513595,0.8336788335513595,0.5116573828557067,1,0.009223259857904752,1
335_left_LAD_prox_10mm_70ds_leaky_T4_taper_A_fixed,80.0,59.979078611067976,grid,441,0.6268055438553773,0.152919432059285,0.6882073302664649,0.8111309530720506,0.8111309530720506,0.5098629297026219,1,0.01061894856016696,1
335_left_LAD_prox_10mm_70ds_leaky_T4_taper_A_fixed,85.0,64.97907861106799,grid,450,0.622826418694137,0.138810467618684,0.570624186258231,0.7863704475774143,0.7863704475774143,0.507930567524926,1,0.008938294295450441,1
335_left_LAD_prox_10mm_70ds_leaky_T4_taper_A_fixed,90.0,69.97907861106798,grid,461,0.6164969755833634,0.12631764027725134,0.5874480953692779,0.7628318452125699,0.7628318452125699,0.5063388419845275,1,0.010028747753278531,1
335_left_LAD_prox_10mm_70ds_leaky_T4_taper_B_rederived,0.0,-20.02092138893202,grid,12,0.9988588197158081,3.074055583414766,1.98775352492731,1.95858001215539,1.95858001215539,0.7280336382827043,1,0.02918115156440963,1
335_left_LAD_prox_10mm_70ds_leaky_T4_taper_B_rederived,5.0,-15.020921388932019,grid,24,0.997890443379714,2.1705257976403107,1.8050147210462242,1.7354897677494576,1.7354897677494576,0.7388605247203535,1,0.028598712601789134,1
335_left_LAD_prox_10mm_70ds_leaky_T4_taper_B_rederived,10.0,-10.020921388932019,grid,37,0.996248304667811,1.4815084368606588,1.0366199196935755,1.5156985035618977,1.5156985035618977,0.757058339672027,1,0.0308825739801529,1
335_left_LAD_prox_10mm_70ds_leaky_T4_taper_B_rederived,15.020921388932019,-5.000000000000001,lesion_prox,50,0.9868050308608733,0.9442856475186676,1.1487007059115064,1.2827252098880282,1.2827252098880282,0.7960973580531945,1,0.042819356190317806,1
335_left_LAD_prox_10mm_70ds_leaky_T4_taper_B_rederived,20.02092138893202,0.0,throat,61,0.7482301810018974,0.5987123847037465,1.1427054927301699,1.0686460420981552,1.0686460420981552,0.872931733196146,1,0.05432734106113215,1
335_left_LAD_prox_10mm_70ds_leaky_T4_taper_B_rederived,25.02092138893202,5.000000000000001,lesion_dist,308,0.6997808749198708,0.32462536859693836,0.9059773693371436,1.0739438324172135,1.0739438324172135,0.4663386761728886,1,0.005147825263881877,1
335_left_LAD_prox_10mm_70ds_leaky_T4_taper_B_rederived,30.0,9.97907861106798,grid,321,0.6977937164923079,0.3024578281460681,1.0054905371428795,1.0496389264479524,1.0496389264479524,0.4653810858383504,1,0.004736911910591116,1
335_left_LAD_prox_10mm_70ds_leaky_T4_taper_B_rederived,35.0,14.979078611067985,grid,334,0.6966898008728298,0.28277723314399345,0.9988279782963644,1.0270208413725492,1.0270208413725492,0.4644835680912426,1,0.004815407835675568,1
335_left_LAD_prox_10mm_70ds_leaky_T4_taper_B_rederived,40.0,19.979078611067983,grid,349,0.6954844268412982,0.2616969489147985,1.026581667935265,1.001584867532462,1.001584867532462,0.46344593864593087,1,0.00508689704297389,1
335_left_LAD_prox_10mm_70ds_leaky_T4_taper_B_rederived,45.24575145722954,25.22483006829752,measurement,363,0.6945270441873396,0.2424946774712008,1.128741200498556,0.9771915993011508,0.9771915993011508,0.4624094711181401,1,0.005382332622710297,1
335_left_LAD_prox_10mm_70ds_leaky_T4_taper_B_rederived,50.0,29.979078611067983,grid,376,0.693770694982285,0.2251610152168899,1.0477586729698558,0.9540455841758569,0.9540455841758569,0.46137016331767755,1,0.006141455620557522,1
335_left_LAD_prox_10mm_70ds_leaky_T4_taper_B_rederived,55.0,34.97907861106798,grid,388,0.6929087032718133,0.20838074478232838,0.9195751449594359,0.930485356934025,0.930485356934025,0.46024877504314676,1,0.0062492746981112094,1
335_left_LAD_prox_10mm_70ds_leaky_T4_taper_B_rederived,60.0,39.979078611067976,grid,400,0.6916018091037106,0.19247735592294024,0.9233290095582096,0.9069561927571687,0.9069561927571687,0.4590757970411517,1,0.00764836016967545,1
335_left_LAD_prox_10mm_70ds_leaky_T4_taper_B_rederived,65.0,44.979078611067976,grid,411,0.690354418210094,0.17688115299824783,0.836786848807308,0.8825829546011053,0.8825829546011053,0.45780300398577123,1,0.007184883825521435,1
335_left_LAD_prox_10mm_70ds_leaky_T4_taper_B_rederived,70.0,49.97907861106798,grid,422,0.6885872822013795,0.1616422021436382,0.826063733009998,0.8573296903859619,0.8573296903859619,0.4564307027688318,1,0.008447139984175922,1
335_left_LAD_prox_10mm_70ds_leaky_T4_taper_B_rederived,75.0,54.979078611067976,grid,432,0.6867828462070577,0.14819776507539748,0.7409206777370305,0.8336788335513595,0.8336788335513595,0.45510228174833145,1,0.009223259857904752,1
335_left_LAD_prox_10mm_70ds_leaky_T4_taper_B_rederived,80.0,59.979078611067976,grid,441,0.6843398457465619,0.13611103769539126,0.6882073302664649,0.8111309530720506,0.8111309530720506,0.45382049560144494,1,0.01061894856016696,1
335_left_LAD_prox_10mm_70ds_leaky_T4_taper_B_rederived,85.0,64.97907861106799,grid,450,0.6807964597268183,0.12364569486042239,0.570624186258231,0.7863704475774143,0.7863704475774143,0.45244014403143457,1,0.008938294295450441,1
335_left_LAD_prox_10mm_70ds_leaky_T4_taper_B_rederived,90.0,69.97907861106798,grid,461,0.6751973204560443,0.11258738751429734,0.5874480953692779,0.7628318452125699,0.7628318452125699,0.45130171281642495,1,0.010028747753278531,1
335_left_LAD_prox_10mm_70ds_leaky_T4_taper_C_flowmatched,0.0,-20.02092138893202,grid,12,0.9988711402688002,3.041937891166997,1.98775352492731,1.95858001215539,1.95858001215539,0.7204271524187067,1,0.02918115156440963,1
335_left_LAD_prox_10mm_70ds_leaky_T4_taper_C_flowmatched,5.0,-15.020921388932019,grid,24,0.9979126704388611,2.1487875568126285,1.8050147210462242,1.7354897677494576,1.7354897677494576,0.7314606919047747,1,0.028598712601789134,1
335_left_LAD_prox_10mm_70ds_leaky_T4_taper_C_flowmatched,10.0,-10.020921388932019,grid,37,0.996286206332519,1.4676783413646515,1.0366199196935755,1.5156985035618977,1.5156985035618977,0.7499910905945264,1,0.0308825739801529,1
335_left_LAD_prox_10mm_70ds_leaky_T4_taper_C_flowmatched,15.020921388932019,-5.000000000000001,lesion_prox,50,0.986972488006109,0.9365632437487349,1.1487007059115064,1.2827252098880282,1.2827252098880282,0.7895868437239572,1,0.042819356190317806,1
335_left_LAD_prox_10mm_70ds_leaky_T4_taper_C_flowmatched,20.02092138893202,0.0,throat,61,0.7511449810576749,0.5948906497331792,1.1427054927301699,1.0686460420981552,1.0686460420981552,0.8673595856727163,1,0.05432734106113215,1
335_left_LAD_prox_10mm_70ds_leaky_T4_taper_C_flowmatched,25.02092138893202,5.000000000000001,lesion_dist,308,0.7030022925470619,0.32260252958113644,0.9059773693371436,1.0739438324172135,1.0739438324172135,0.4634327786060499,1,0.005147825263881877,1
335_left_LAD_prox_10mm_70ds_leaky_T4_taper_C_flowmatched,30.0,9.97907861106798,grid,321,0.7010274928436593,0.3005800955759436,1.0054905371428795,1.0496389264479524,1.0496389264479524,0.4624918856223899,1,0.004736911910591116,1
335_left_LAD_prox_10mm_70ds_leaky_T4_taper_C_flowmatched,35.0,14.979078611067985,grid,334,0.6999304173817636,0.2810278082073205,0.9988279782963644,1.0270208413725492,1.0270208413725492,0.46161000175897754,1,0.004815407835675568,1
335_left_LAD_prox_10mm_70ds_leaky_T4_taper_C_flowmatched,40.0,19.979078611067983,grid,349,0.698732485517426,0.2600845122465913,1.026581667935265,1.001584867532462,1.001584867532462,0.4605904325794551,1,0.00508689704297389,1
335_left_LAD_prox_10mm_70ds_leaky_T4_taper_C_flowmatched,45.24575145722954,25.22483006829752,measurement,363,0.6977809901683241,0.24100666011184782,1.128741200498556,0.9771915993011508,0.9771915993011508,0.4595719930863399,1,0.005382332622710297,1
335_left_LAD_prox_10mm_70ds_leaky_T4_taper_C_flowmatched,50.0,29.979078611067983,grid,376,0.6970292716151253,0.22378506821210892,1.0477586729698558,0.9540455841758569,0.9540455841758569,0.458550754754873,1,0.006141455620557522,1
335_left_LAD_prox_10mm_70ds_leaky_T4_taper_C_flowmatched,55.0,34.97907861106798,grid,388,0.6961725339009871,0.20711306240258504,0.9195751449594359,0.930485356934025,0.930485356934025,0.4574488557750296,1,0.0062492746981112094,1
335_left_LAD_prox_10mm_70ds_leaky_T4_taper_C_flowmatched,60.0,39.979078611067976,grid,400,0.6948735703935897,0.19131197325305085,0.9233290095582096,0.9069561927571687,0.9069561927571687,0.4562962546088897,1,0.00764836016967545,1
335_left_LAD_prox_10mm_70ds_leaky_T4_taper_C_flowmatched,65.0,44.979078611067976,grid,411,0.693633709713066,0.17581576174376148,0.836786848807308,0.8825829546011053,0.8825829546011053,0.45504556313661054,1,0.007184883825521435,1
335_left_LAD_prox_10mm_70ds_leaky_T4_taper_C_flowmatched,70.0,49.97907861106798,grid,422,0.6918771852483449,0.16067410666413637,0.826063733009998,0.8573296903859619,0.8573296903859619,0.45369708188148644,1,0.008447139984175922,1
335_left_LAD_prox_10mm_70ds_leaky_T4_taper_C_flowmatched,75.0,54.979078611067976,grid,432,0.6900835218339626,0.1473151053628455,0.7409206777370305,0.8336788335513595,0.8336788335513595,0.45239171152491836,1,0.009223259857904752,1
335_left_LAD_prox_10mm_70ds_leaky_T4_taper_C_flowmatched,80.0,59.979078611067976,grid,441,0.6876550266474786,0.135304745487249,0.6882073302664649,0.8111309530720506,0.8111309530720506,0.4511321616081534,1,0.01061894856016696,1
335_left_LAD_prox_10mm_70ds_leaky_T4_taper_C_flowmatched,85.0,64.97907861106799,grid,450,0.6841325550602961,0.12291755355442821,0.570624186258231,0.7863704475774143,0.7863704475774143,0.4497757539956057,1,0.008938294295450441,1
335_left_LAD_prox_10mm_70ds_leaky_T4_taper_C_flowmatched,90.0,69.97907861106798,grid,461,0.6785682457789306,0.11192760537956212,0.5874480953692779,0.7628318452125699,0.7628318452125699,0.44865700443420165,1,0.010028747753278531,1
335_left_LAD_prox_10mm_70ds_discrete_clean_none,0.0,-20.02092138893202,grid,12,0.9992295821609508,1.063397013442819,1.98775352492731,1.9411608622143444,1.9411608622143444,0.25868696245982514,1,0.025993060842501144,1
335_left_LAD_prox_10mm_70ds_discrete_clean_none,5.0,-15.020921388932019,grid,24,0.9988244695244265,1.0633970134663886,1.8050147210462242,1.7444247349015594,1.7444247349015594,0.35645311347761593,1,0.025120835780234413,1
335_left_LAD_prox_10mm_70ds_discrete_clean_none,10.0,-10.020921388932019,grid,37,0.9977615448794239,1.063397013459799,1.0366199196935755,1.5505978723751952,1.5505978723751952,0.5075298260125147,1,0.02665974623113244,1
335_left_LAD_prox_10mm_70ds_discrete_clean_none,15.020921388932019,-5.000000000000001,lesion_prox,50,0.9905765499035242,1.0633970134613646,1.2351620493672113,1.3451462010717128,1.3451462010717128,0.7774109480238093,1,0.03609213836125059,1
335_left_LAD_prox_10mm_70ds_discrete_clean_none,20.02092138893202,0.0,throat,61,0.49144225828300314,1.0633970134605482,1.2287155835808279,1.156356653050565,1.156356653050565,1.2237246559447033,1,0.04442778473618062,1
335_left_LAD_prox_10mm_70ds_discrete_clean_none,25.02092138893202,5.000000000000001,lesion_dist,308,0.4259217694607173,0.4863174209450935,0.9741692143410146,1.1547783144271107,1.1547783144271107,0.5619370311149735,1,0.005147825263881511,1
335_left_LAD_prox_10mm_70ds_discrete_clean_none,30.0,9.97907861106798,grid,321,0.42361147586810916,0.486317420944373,1.0811726205837413,1.1286440069332817,1.1286440069332817,0.6018836862523896,1,0.004736911910591433,1
335_left_LAD_prox_10mm_70ds_discrete_clean_none,35.0,14.979078611067985,grid,334,0.42223304758256364,0.48631742094532865,1.074008578813295,1.1043234853468262,1.1043234853468262,0.6425317412260323,1,0.004815407835674546,1
335_left_LAD_prox_10mm_70ds_discrete_clean_none,40.0,19.979078611067983,grid,349,0.4206212682934984,0.48631742094572444,1.103851255844371,1.0769729758413564,1.0769729758413564,0.6927381320452322,1,0.005086897042974384,1
335_left_LAD_prox_10mm_70ds_discrete_clean_none,45.24575145722954,25.22483006829752,measurement,363,0.41924026429638195,0.48631742094521485,1.213700215589845,1.050743655162527,1.050743655162527,0.7459215992357541,1,0.005382332622710118,1
335_left_LAD_prox_10mm_70ds_discrete_clean_none,50.0,29.979078611067983,grid,376,0.4180579075484793,0.4863174209467479,1.126622228999845,1.0258554668557596,1.0258554668557596,0.8015395937312514,1,0.0061414556205575625,1
335_left_LAD_prox_10mm_70ds_discrete_clean_none,55.0,34.97907861106798,grid,388,0.4166011634453408,0.4863174209465358,0.9887904784510063,1.0005218891763705,1.0005218891763705,0.863980077590231,1,0.006249274698111521,1
335_left_LAD_prox_10mm_70ds_discrete_clean_none,60.0,39.979078611067976,grid,400,0.41422150760908494,0.48631742094681363,0.9928268919980748,0.9752217126421162,0.9752217126421162,0.9329823452190452,1,0.00764836016967533,1
335_left_LAD_prox_10mm_70ds_discrete_clean_none,65.0,44.979078611067976,grid,411,0.4117466480124207,0.4863174209467274,0.8997708051691484,0.9490139296786071,0.9490139296786071,1.0124317364739113,1,0.0071848838255211085,1
335_left_LAD_prox_10mm_70ds_discrete_clean_none,70.0,49.97907861106798,grid,422,0.4079309972756722,0.48631742094636216,0.8882405731290302,0.9218598821354421,0.9218598821354421,1.1045586089046056,1,0.00844713998417531,1
335_left_LAD_prox_10mm_70ds_discrete_clean_none,75.0,54.979078611067976,grid,432,0.40366058593214715,0.48631742094614383,0.7966889007925059,0.8964288532810311,0.8964288532810311,1.2012572770603367,1,0.009223259857904882,1
335_left_LAD_prox_10mm_70ds_discrete_clean_none,80.0,59.979078611067976,grid,441,0.397362916505485,0.48631742094618724,0.7400078820069514,0.8721838205075806,0.8721838205075806,1.3042457602463482,1,0.010618948560166586,1
335_left_LAD_prox_10mm_70ds_discrete_clean_none,85.0,64.97907861106799,grid,450,0.38731877805572934,0.4863174209464505,0.6135743938260547,0.8455596210509824,0.8455596210509824,1.4313663570588975,1,0.008938294295450292,1
335_left_LAD_prox_10mm_70ds_discrete_clean_none,90.0,69.97907861106798,grid,461,0.36685246321028125,0.48631742094645913,0.6316646186766428,0.8202492959274937,0.8202492959274937,1.567999474587761,1,0.010028747753278121,1
335_left_LAD_prox_10mm_70ds_discrete_clean_none,95.0,74.97907861106798,grid,470,0.35577788338472616,0.4863174209464222,0.6967762093431852,0.7941665147906422,0.7941665147906422,1.727622283263546,1,0.011448655331961217,1
335_left_LAD_prox_10mm_70ds_discrete_clean_none,100.0,79.97907861106798,grid,479,0.34509445662300287,0.48631742094648955,0.6310542024148337,0.7684506765453055,0.7684506765453055,1.9069333749544857,1,0.010554569751390913,1
335_left_LAD_prox_10mm_70ds_discrete_T2_truncation_A_fixed,0.0,-20.02092138893202,grid,12,0.9992738851693733,0.8564040983267506,1.98775352492731,1.9411608622143444,1.9411608622143444,0.20833289169868938,1,0.025993060842501144,1
335_left_LAD_prox_10mm_70ds_discrete_T2_truncation_A_fixed,5.0,-15.020921388932019,grid,24,0.9989476287309849,0.8564040983332578,1.8050147210462242,1.7444247349015594,1.7444247349015594,0.2870686144310193,1,0.025120835780234413,1
335_left_LAD_prox_10mm_70ds_discrete_T2_truncation_A_fixed,10.0,-10.020921388932019,grid,37,0.9980916050534069,0.8564040983210154,1.0366199196935755,1.5505978723751952,1.5505978723751952,0.4087378632023036,1,0.02665974623113244,1
335_left_LAD_prox_10mm_70ds_discrete_T2_truncation_A_fixed,15.020921388932019,-5.000000000000001,lesion_prox,50,0.9928167048993224,0.856404098322377,1.2351620493672113,1.3451462010717128,1.3451462010717128,0.6260859430112211,1,0.03609213836125059,1
335_left_LAD_prox_10mm_70ds_discrete_T2_truncation_A_fixed,20.02092138893202,0.0,throat,61,0.6597910979731526,0.8564040983214184,1.2287155835808279,1.156356653050565,1.156356653050565,0.9855235601589286,1,0.04442778473618062,1
335_left_LAD_prox_10mm_70ds_discrete_T2_truncation_A_fixed,25.02092138893202,5.000000000000001,lesion_dist,308,0.6092003583462343,-3.2057190496335263e-12,0.9741692143410146,0.9865294067512012,1.0050123810553373,-5.940992940611214e-12,1,0.0,1
335_left_LAD_prox_10mm_70ds_discrete_T2_truncation_A_fixed,30.0,9.97907861106798,grid,321,0.6092003583462545,-4.614810792908923e-12,1.0811726205837413,0.9865294067512012,1.0368512328475912,-8.552389625679322e-12,1,0.0,1
335_left_LAD_prox_10mm_70ds_discrete_T2_truncation_A_fixed,35.0,14.979078611067985,grid,334,0.6092003583462674,-3.722259985129364e-12,1.074008578813295,0.9865294067512012,1.066480389177228,-6.898271480559467e-12,1,0.0,1
335_left_LAD_prox_10mm_70ds_discrete_T2_truncation_A_fixed,40.0,19.979078611067983,grid,349,0.6092003583462754,-1.5194751998794117e-12,1.103851255844371,0.9865294067512012,1.099800913120436,-2.815964623272078e-12,1,0.0,1
335_left_LAD_prox_10mm_70ds_discrete_T2_truncation_A_fixed,45.24575145722954,25.22483006829752,measurement,363,0.6092003583462792,-2.175846764763823e-12,1.213700215589845,0.9865294067512012,1.1317555173854212,-4.032384020300027e-12,1,0.0,1
335_left_LAD_prox_10mm_70ds_discrete_T2_truncation_A_fixed,50.0,29.979078611067983,grid,376,0.6092003583462801,3.700957679456566e-13,1.126622228999845,0.9865294067512012,1.1620762495901675,6.85879302169848e-13,0,,1
335_left_LAD_prox_10mm_70ds_discrete_T2_truncation_B_rederived,0.0,-20.02092138893202,grid,12,0.9994064290463978,1.1897417089841875,1.98775352492731,1.9411608622143444,1.9411608622143444,0.2894221677494209,1,0.025993060842501144,1
335_left_LAD_prox_10mm_70ds_discrete_T2_truncation_B_rederived,5.0,-15.020921388932019,grid,24,0.9989531840265098,1.1897417089951483,1.8050147210462242,1.7444247349015594,1.7444247349015594,0.3988041446750825,1,0.025120835780234413,1
335_left_LAD_prox_10mm_70ds_discrete_T2_truncation_B_rederived,10.0,-10.020921388932019,grid,37,0.9977639708091898,1.1897417089807114,1.0366199196935755,1.5505978723751952,1.5505978723751952,0.5678306360803408,1,0.02665974623113244,1
335_left_LAD_prox_10mm_70ds_discrete_T2_truncation_B_rederived,15.020921388932019,-5.000000000000001,lesion_prox,50,0.9892915633042365,1.1897417089832425,1.2351620493672113,1.3451462010717128,1.3451462010717128,0.8697769677512206,1,0.03609213836125059,1
335_left_LAD_prox_10mm_70ds_discrete_T2_truncation_B_rederived,20.02092138893202,0.0,throat,61,0.3723863052508758,1.189741708983658,1.2287155835808279,1.156356653050565,1.156356653050565,1.3691182550449248,1,0.04442778473618062,1
335_left_LAD_prox_10mm_70ds_discrete_T2_truncation_B_rederived,25.02092138893202,5.000000000000001,lesion_dist,308,0.29642468896887514,0.9575756536782524,0.9741692143410146,0.9865294067512012,1.0050123810553373,1.7746253213468657,1,0.0,1
335_left_LAD_prox_10mm_70ds_discrete_T2_truncation_B_rederived,30.0,9.97907861106798,grid,321,0.29187564177901437,0.957575653677703,1.0811726205837413,0.9865294067512012,1.0368512328475912,1.7746253213458476,1,0.0,1
335_left_LAD_prox_10mm_70ds_discrete_T2_truncation_B_rederived,35.0,14.979078611067985,grid,334,0.2891614692864596,0.9575756536787849,1.074008578813295,0.9865294067512012,1.066480389177228,1.7746253213478527,1,0.0,1
335_left_LAD_prox_10mm_70ds_discrete_T2_truncation_B_rederived,40.0,19.979078611067983,grid,349,0.285987820677875,0.9575756536804167,1.103851255844371,0.9865294067512012,1.099800913120436,1.7746253213508767,1,0.0,1
335_left_LAD_prox_10mm_70ds_discrete_T2_truncation_B_rederived,45.24575145722954,25.22483006829752,measurement,363,0.2832685765210396,0.957575653679441,1.213700215589845,0.9865294067512012,1.1317555173854212,1.7746253213490684,1,0.0,1
335_left_LAD_prox_10mm_70ds_discrete_T2_truncation_B_rederived,50.0,29.979078611067983,grid,376,0.28094047559972546,0.9575756536807136,1.126622228999845,0.9865294067512012,1.1620762495901675,1.774625321351427,0,,1
335_left_LAD_prox_10mm_70ds_discrete_T2_truncation_C_flowmatched,0.0,-20.02092138893202,grid,12,0.9992012115922771,1.2716514233134175,1.98775352492731,1.9411608622143444,1.9411608622143444,0.30934791037228176,1,0.025993060842501144,1
335_left_LAD_prox_10mm_70ds_discrete_T2_truncation_C_flowmatched,5.0,-15.020921388932019,grid,24,0.9987167621775053,1.2716514233145881,1.8050147210462242,1.7444247349015594,1.7444247349015594,0.42626046844079646,1,0.025120835780234413,1
335_left_LAD_prox_10mm_70ds_discrete_T2_truncation_C_flowmatched,10.0,-10.020921388932019,grid,37,0.9974456756307325,1.2716514233083005,1.0366199196935755,1.5505978723751952,1.5505978723751952,0.6069238651709147,1,0.02665974623113244,1
335_left_LAD_prox_10mm_70ds_discrete_T2_truncation_C_flowmatched,15.020921388932019,-5.000000000000001,lesion_prox,50,0.9880894124065578,1.2716514233096332,1.2351620493672113,1.3451462010717128,1.3451462010717128,0.9296581860175462,1,0.03609213836125059,1
335_left_LAD_prox_10mm_70ds_discrete_T2_truncation_C_flowmatched,20.02092138893202,0.0,throat,61,0.2881979011264498,1.2716514233093013,1.2287155835808279,1.156356653050565,1.156356653050565,1.4633774411371334,1,0.04442778473618062,1
335_left_LAD_prox_10mm_70ds_discrete_T2_truncation_C_flowmatched,25.02092138893202,5.000000000000001,lesion_dist,308,0.2069329668161046,1.0359134293032102,0.9741692143410146,0.9865294067512012,1.0050123810553373,1.9198046601364782,1,0.0,1
335_left_LAD_prox_10mm_70ds_discrete_T2_truncation_C_flowmatched,30.0,9.97907861106798,grid,321,0.20201176914737776,1.0359134293027594,1.0811726205837413,0.9865294067512012,1.0368512328475912,1.9198046601356427,1,0.0,1
335_left_LAD_prox_10mm_70ds_discrete_T2_truncation_C_flowmatched,35.0,14.979078611067985,grid,334,0.19907555442253394,1.035913429303166,1.074008578813295,0.9865294067512012,1.066480389177228,1.919804660136396,1,0.0,1
335_left_LAD_prox_10mm_70ds_discrete_T2_truncation_C_flowmatched,40.0,19.979078611067983,grid,349,0.19564227455489136,1.0359134293034444,1.103851255844371,0.9865294067512012,1.099800913120436,1.919804660136912,1,0.0,1
335_left_LAD_prox_10mm_70ds_discrete_T2_truncation_C_flowmatched,45.24575145722954,25.22483006829752,measurement,363,0.19270057326080087,1.0359134293029888,1.213700215589845,0.9865294067512012,1.1317555173854212,1.9198046601360677,1,0.0,1
335_left_LAD_prox_10mm_70ds_discrete_T2_truncation_C_flowmatched,50.0,29.979078611067983,grid,376,0.19018201402227597,1.0359134293032437,1.126622228999845,0.9865294067512012,1.1620762495901675,1.9198046601365402,0,,1
335_left_LAD_prox_10mm_70ds_discrete_T3_stenosis_length_A_fixed,0.0,-20.02092138893202,grid,12,0.9992343562919404,1.0410912755884607,1.98775352492731,1.9411608622143444,1.9411608622143444,0.25326076368549566,1,0.025993060842501144,1
335_left_LAD_prox_10mm_70ds_discrete_T3_stenosis_length_A_fixed,5.0,-15.020921388932019,grid,24,0.9988377412684052,1.0410912755987691,1.8050147210462242,1.7444247349015594,1.7444247349015594,0.34897617907716044,1,0.025120835780234413,1
335_left_LAD_prox_10mm_70ds_discrete_T3_stenosis_length_A_fixed,10.0,-10.020921388932019,grid,37,0.9977971124529088,1.0410912755869557,1.0366199196935755,1.5505978723751952,1.5505978723751952,0.4968839175527455,1,0.02665974623113244,1
335_left_LAD_prox_10mm_70ds_discrete_T3_stenosis_length_A_fixed,13.79092138893202,-6.2299999999999995,lesion_prox,47,0.9913781088733618,1.0410912755892199,1.185665112829557,1.4000357086053765,1.4000357086053765,0.6750487747919894,1,0.038445920035795667,1
335_left_LAD_prox_10mm_70ds_discrete_T3_stenosis_length_A_fixed,15.0,-5.0209213889320194,grid,50,0.990759964528231,1.0410912755909898,1.2351620493672113,1.3451462010717128,1.3451462010717128,0.7611040329162199,1,0.03609213836125059,1
335_left_LAD_prox_10mm_70ds_discrete_T3_stenosis_length_A_fixed,20.02092138893202,0.0,throat,61,0.4976384468045977,1.0410912755907997,1.2287155835808279,1.156356653050565,1.156356653050565,1.198055897188815,1,0.04442778473618062,1
335_left_LAD_prox_10mm_70ds_discrete_T3_stenosis_length_A_fixed,25.0,4.979078611067982,grid,308,0.41698230625234706,0.4746545911434917,0.9741692143410146,1.1547783144271107,1.1547783144271107,0.5484606972004389,1,0.005147825263881511,1
335_left_LAD_prox_10mm_70ds_discrete_T3_stenosis_length_A_fixed,26.250921388932017,6.2299999999999995,lesion_dist,311,0.4164502350731738,0.47465459114347686,0.9845822778138437,1.1488242283535475,1.1488242283535475,0.5570325990694961,1,0.005207388072656444,1
335_left_LAD_prox_10mm_70ds_discrete_T3_stenosis_length_A_fixed,30.0,9.97907861106798,grid,321,0.41468664462358196,0.47465459114312575,1.0811726205837413,1.1286440069332817,1.1286440069332817,0.587449354495823,1,0.004736911910591433,1
335_left_LAD_prox_10mm_70ds_discrete_T3_stenosis_length_A_fixed,35.0,14.979078611067985,grid,334,0.41334127370714474,0.47465459114417496,1.074008578813295,1.1043234853468262,1.1043234853468262,0.6271225907062105,1,0.004815407835674546,1
335_left_LAD_prox_10mm_70ds_discrete_T3_stenosis_length_A_fixed,40.0,19.979078611067983,grid,349,0.41176814799435313,0.4746545911469836,1.103851255844371,1.0769729758413564,1.0769729758413564,0.676124935435023,1,0.005086897042974384,1
335_left_LAD_prox_10mm_70ds_discrete_T3_stenosis_length_A_fixed,45.24575145722954,25.22483006829752,measurement,363,0.41042026313686786,0.4746545911469044,1.213700215589845,1.050743655162527,1.050743655162527,0.7280329604988124,1,0.005382332622710118,1
335_left_LAD_prox_10mm_70ds_discrete_T3_stenosis_length_A_fixed,50.0,29.979078611067983,grid,376,0.4092662615843943,0.47465459114841435,1.126622228999845,1.0258554668557596,1.0258554668557596,0.7823171282063394,1,0.0061414556205575625,1
335_left_LAD_prox_10mm_70ds_discrete_T3_stenosis_length_A_fixed,55.0,34.97907861106798,grid,388,0.4078444530147216,0.4746545911485705,0.9887904784510063,1.0005218891763705,1.0005218891763705,0.8432601688233281,1,0.006249274698111521,1
335_left_LAD_prox_10mm_70ds_discrete_T3_stenosis_length_A_fixed,60.0,39.979078611067976,grid,400,0.40552186591546885,0.47465459114832503,0.9928268919980748,0.9752217126421162,0.9752217126421162,0.9106076289769255,1,0.00764836016967533,1
335_left_LAD_prox_10mm_70ds_discrete_T3_stenosis_length_A_fixed,65.0,44.979078611067976,grid,411,0.40310635822562096,0.4746545911482354,0.8997708051691484,0.9490139296786071,0.9490139296786071,0.9881516705817612,1,0.0071848838255211085,1
335_left_LAD_prox_10mm_70ds_discrete_T3_stenosis_length_A_fixed,70.0,49.97907861106798,grid,422,0.3993822141534423,0.47465459114796277,0.8882405731290302,0.9218598821354421,0.9218598821354421,1.0780691629107881,1,0.00844713998417531,1
335_left_LAD_prox_10mm_70ds_discrete_T3_stenosis_length_A_fixed,75.0,54.979078611067976,grid,432,0.3952142155110127,0.47465459114759023,0.7966889007925059,0.8964288532810311,0.8964288532810311,1.172448810484388,1,0.009223259857904882,1
335_left_LAD_prox_10mm_70ds_discrete_T3_stenosis_length_A_fixed,80.0,59.979078611067976,grid,441,0.3890675763446029,0.47465459114771535,0.7400078820069514,0.8721838205075806,0.8721838205075806,1.2729674311921748,1,0.010618948560166586,1
335_left_LAD_prox_10mm_70ds_discrete_T3_stenosis_length_A_fixed,85.0,64.97907861106799,grid,450,0.37926431570873403,0.474654591147847,0.6135743938260547,0.8455596210509824,0.8455596210509824,1.397039430893398,1,0.008938294295450292,1
335_left_LAD_prox_10mm_70ds_discrete_T3_stenosis_length_A_fixed,90.0,69.97907861106798,grid,461,0.3593869629126909,0.4746545911478866,0.6316646186766428,0.8202492959274937,0.8202492959274937,1.5303958227161545,1,0.010028747753278121,1
335_left_LAD_prox_10mm_70ds_discrete_T3_stenosis_length_A_fixed,95.0,74.97907861106798,grid,470,0.34857797287280456,0.4746545911478352,0.6967762093431852,0.7941665147906422,0.7941665147906422,1.6861905685478011,1,0.011448655331961217,1
335_left_LAD_prox_10mm_70ds_discrete_T3_stenosis_length_A_fixed,100.0,79.97907861106798,grid,479,0.3381507552917948,0.4746545911479201,0.6310542024148337,0.7684506765453055,0.7684506765453055,1.8612014343918364,1,0.010554569751390913,1
335_left_LAD_prox_10mm_70ds_discrete_T3_stenosis_length_B_rederived,0.0,-20.02092138893202,grid,12,0.9992343562919404,1.0410912755884607,1.98775352492731,1.9411608622143444,1.9411608622143444,0.25326076368549566,1,0.025993060842501144,1
335_left_LAD_prox_10mm_70ds_discrete_T3_stenosis_length_B_rederived,5.0,-15.020921388932019,grid,24,0.9988377412684052,1.0410912755987691,1.8050147210462242,1.7444247349015594,1.7444247349015594,0.34897617907716044,1,0.025120835780234413,1
335_left_LAD_prox_10mm_70ds_discrete_T3_stenosis_length_B_rederived,10.0,-10.020921388932019,grid,37,0.9977971124529088,1.0410912755869557,1.0366199196935755,1.5505978723751952,1.5505978723751952,0.4968839175527455,1,0.02665974623113244,1
335_left_LAD_prox_10mm_70ds_discrete_T3_stenosis_length_B_rederived,13.79092138893202,-6.2299999999999995,lesion_prox,47,0.9913781088733618,1.0410912755892199,1.185665112829557,1.4000357086053765,1.4000357086053765,0.6750487747919894,1,0.038445920035795667,1
335_left_LAD_prox_10mm_70ds_discrete_T3_stenosis_length_B_rederived,15.0,-5.0209213889320194,grid,50,0.990759964528231,1.0410912755909898,1.2351620493672113,1.3451462010717128,1.3451462010717128,0.7611040329162199,1,0.03609213836125059,1
335_left_LAD_prox_10mm_70ds_discrete_T3_stenosis_length_B_rederived,20.02092138893202,0.0,throat,61,0.4976384468045977,1.0410912755907997,1.2287155835808279,1.156356653050565,1.156356653050565,1.198055897188815,1,0.04442778473618062,1
335_left_LAD_prox_10mm_70ds_discrete_T3_stenosis_length_B_rederived,25.0,4.979078611067982,grid,308,0.41698230625234706,0.4746545911434917,0.9741692143410146,1.1547783144271107,1.1547783144271107,0.5484606972004389,1,0.005147825263881511,1
335_left_LAD_prox_10mm_70ds_discrete_T3_stenosis_length_B_rederived,26.250921388932017,6.2299999999999995,lesion_dist,311,0.4164502350731738,0.47465459114347686,0.9845822778138437,1.1488242283535475,1.1488242283535475,0.5570325990694961,1,0.005207388072656444,1
335_left_LAD_prox_10mm_70ds_discrete_T3_stenosis_length_B_rederived,30.0,9.97907861106798,grid,321,0.41468664462358196,0.47465459114312575,1.0811726205837413,1.1286440069332817,1.1286440069332817,0.587449354495823,1,0.004736911910591433,1
335_left_LAD_prox_10mm_70ds_discrete_T3_stenosis_length_B_rederived,35.0,14.979078611067985,grid,334,0.41334127370714474,0.47465459114417496,1.074008578813295,1.1043234853468262,1.1043234853468262,0.6271225907062105,1,0.004815407835674546,1
335_left_LAD_prox_10mm_70ds_discrete_T3_stenosis_length_B_rederived,40.0,19.979078611067983,grid,349,0.41176814799435313,0.4746545911469836,1.103851255844371,1.0769729758413564,1.0769729758413564,0.676124935435023,1,0.005086897042974384,1
335_left_LAD_prox_10mm_70ds_discrete_T3_stenosis_length_B_rederived,45.24575145722954,25.22483006829752,measurement,363,0.41042026313686786,0.4746545911469044,1.213700215589845,1.050743655162527,1.050743655162527,0.7280329604988124,1,0.005382332622710118,1
335_left_LAD_prox_10mm_70ds_discrete_T3_stenosis_length_B_rederived,50.0,29.979078611067983,grid,376,0.4092662615843943,0.47465459114841435,1.126622228999845,1.0258554668557596,1.0258554668557596,0.7823171282063394,1,0.0061414556205575625,1
335_left_LAD_prox_10mm_70ds_discrete_T3_stenosis_length_B_rederived,55.0,34.97907861106798,grid,388,0.4078444530147216,0.4746545911485705,0.9887904784510063,1.0005218891763705,1.0005218891763705,0.8432601688233281,1,0.006249274698111521,1
335_left_LAD_prox_10mm_70ds_discrete_T3_stenosis_length_B_rederived,60.0,39.979078611067976,grid,400,0.40552186591546885,0.47465459114832503,0.9928268919980748,0.9752217126421162,0.9752217126421162,0.9106076289769255,1,0.00764836016967533,1
335_left_LAD_prox_10mm_70ds_discrete_T3_stenosis_length_B_rederived,65.0,44.979078611067976,grid,411,0.40310635822562096,0.4746545911482354,0.8997708051691484,0.9490139296786071,0.9490139296786071,0.9881516705817612,1,0.0071848838255211085,1
335_left_LAD_prox_10mm_70ds_discrete_T3_stenosis_length_B_rederived,70.0,49.97907861106798,grid,422,0.3993822141534423,0.47465459114796277,0.8882405731290302,0.9218598821354421,0.9218598821354421,1.0780691629107881,1,0.00844713998417531,1
335_left_LAD_prox_10mm_70ds_discrete_T3_stenosis_length_B_rederived,75.0,54.979078611067976,grid,432,0.3952142155110127,0.47465459114759023,0.7966889007925059,0.8964288532810311,0.8964288532810311,1.172448810484388,1,0.009223259857904882,1
335_left_LAD_prox_10mm_70ds_discrete_T3_stenosis_length_B_rederived,80.0,59.979078611067976,grid,441,0.3890675763446029,0.47465459114771535,0.7400078820069514,0.8721838205075806,0.8721838205075806,1.2729674311921748,1,0.010618948560166586,1
335_left_LAD_prox_10mm_70ds_discrete_T3_stenosis_length_B_rederived,85.0,64.97907861106799,grid,450,0.37926431570873403,0.474654591147847,0.6135743938260547,0.8455596210509824,0.8455596210509824,1.397039430893398,1,0.008938294295450292,1
335_left_LAD_prox_10mm_70ds_discrete_T3_stenosis_length_B_rederived,90.0,69.97907861106798,grid,461,0.3593869629126909,0.4746545911478866,0.6316646186766428,0.8202492959274937,0.8202492959274937,1.5303958227161545,1,0.010028747753278121,1
335_left_LAD_prox_10mm_70ds_discrete_T3_stenosis_length_B_rederived,95.0,74.97907861106798,grid,470,0.34857797287280456,0.4746545911478352,0.6967762093431852,0.7941665147906422,0.7941665147906422,1.6861905685478011,1,0.011448655331961217,1
335_left_LAD_prox_10mm_70ds_discrete_T3_stenosis_length_B_rederived,100.0,79.97907861106798,grid,479,0.3381507552917948,0.4746545911479201,0.6310542024148337,0.7684506765453055,0.7684506765453055,1.8612014343918364,1,0.010554569751390913,1
335_left_LAD_prox_10mm_70ds_discrete_T3_stenosis_length_C_flowmatched,0.0,-20.02092138893202,grid,12,0.9992312451774268,1.042541764926465,1.98775352492731,1.9411608622143444,1.9411608622143444,0.2536136165487117,1,0.025993060842501144,1
335_left_LAD_prox_10mm_70ds_discrete_T3_stenosis_length_C_flowmatched,5.0,-15.020921388932019,grid,24,0.9988340775742307,1.042541764939971,1.8050147210462242,1.7444247349015594,1.7444247349015594,0.3494623864251124,1,0.025120835780234413,1
335_left_LAD_prox_10mm_70ds_discrete_T3_stenosis_length_C_flowmatched,10.0,-10.020921388932019,grid,37,0.9977919989137033,1.0425417649361959,1.0366199196935755,1.5505978723751952,1.5505978723751952,0.4975761957872478,1,0.02665974623113244,1
335_left_LAD_prox_10mm_70ds_discrete_T3_stenosis_length_C_flowmatched,13.79092138893202,-6.2299999999999995,lesion_prox,47,0.9913596886335541,1.0425417649365425,1.185665112829557,1.4000357086053765,1.4000357086053765,0.6759892793180742,1,0.038445920035795667,1
335_left_LAD_prox_10mm_70ds_discrete_T3_stenosis_length_C_flowmatched,15.0,-5.0209213889320194,grid,50,0.9907406830653892,1.0425417649370436,1.2351620493672113,1.3451462010717128,1.3451462010717128,0.7621644330145272,1,0.03609213836125059,1
335_left_LAD_prox_10mm_70ds_discrete_T3_stenosis_length_C_flowmatched,20.02092138893202,0.0,throat,61,0.49634394403901716,1.042541764937219,1.2287155835808279,1.156356653050565,1.156356653050565,1.1997250758247626,1,0.04442778473618062,1
335_left_LAD_prox_10mm_70ds_discrete_T3_stenosis_length_C_flowmatched,25.0,4.979078611067982,grid,308,0.41557784157209166,0.4750818364627102,0.9741692143410146,1.1547783144271107,1.1547783144271107,0.548954376751899,1,0.005147825263881511,1
335_left_LAD_prox_10mm_70ds_discrete_T3_stenosis_length_C_flowmatched,26.250921388932017,6.2299999999999995,lesion_dist,311,0.41504529146587305,0.4750818364631027,0.9845822778138437,1.1488242283535475,1.1488242283535475,0.5575339943478144,1,0.005207388072656444,1
335_left_LAD_prox_10mm_70ds_discrete_T3_stenosis_length_C_flowmatched,30.0,9.97907861106798,grid,321,0.41328011357611044,0.4750818364630427,1.0811726205837413,1.1286440069332817,1.1286440069332817,0.5879781284549922,1,0.004736911910591433,1
335_left_LAD_prox_10mm_70ds_discrete_T3_stenosis_length_C_flowmatched,35.0,14.979078611067985,grid,334,0.41193353166658897,0.4750818364641049,1.074008578813295,1.1043234853468262,1.1043234853468262,0.6276870752743586,1,0.004815407835674546,1
335_left_LAD_prox_10mm_70ds_discrete_T3_stenosis_length_C_flowmatched,40.0,19.979078611067983,grid,349,0.41035898995443726,0.47508183646497393,1.103851255844371,1.0769729758413564,1.0769729758413564,0.6767335279113816,1,0.005086897042974384,1
335_left_LAD_prox_10mm_70ds_discrete_T3_stenosis_length_C_flowmatched,45.24575145722954,25.22483006829752,measurement,363,0.4090098918410293,0.4750818364635759,1.213700215589845,1.050743655162527,1.050743655162527,0.7286882763401782,1,0.005382332622710118,1
335_left_LAD_prox_10mm_70ds_discrete_T3_stenosis_length_C_flowmatched,50.0,29.979078611067983,grid,376,0.4078548515505585,0.4750818364656908,1.126622228999845,1.0258554668557596,1.0258554668557596,0.783021306225228,1,0.0061414556205575625,1
335_left_LAD_prox_10mm_70ds_discrete_T3_stenosis_length_C_flowmatched,55.0,34.97907861106798,grid,388,0.40643176318487295,0.47508183646557345,0.9887904784510063,1.0005218891763705,1.0005218891763705,0.8440192027921622,1,0.006249274698111521,1
335_left_LAD_prox_10mm_70ds_discrete_T3_stenosis_length_C_flowmatched,60.0,39.979078611067976,grid,400,0.40410708548230617,0.4750818364654855,0.9928268919980748,0.9752217126421162,0.9752217126421162,0.9114272836321344,1,0.00764836016967533,1
335_left_LAD_prox_10mm_70ds_discrete_T3_stenosis_length_C_flowmatched,65.0,44.979078611067976,grid,411,0.4016894035496117,0.4750818364656611,0.8997708051691484,0.9490139296786071,0.9490139296786071,0.989041124053898,1,0.0071848838255211085,1
335_left_LAD_prox_10mm_70ds_discrete_T3_stenosis_length_C_flowmatched,70.0,49.97907861106798,grid,422,0.3979619073069369,0.475081836465458,0.8882405731290302,0.9218598821354421,0.9218598821354421,1.0790395527698131,1,0.00844713998417531,1
335_left_LAD_prox_10mm_70ds_discrete_T3_stenosis_length_C_flowmatched,75.0,54.979078611067976,grid,432,0.393790156972359,0.4750818364650327,0.7966889007925059,0.8964288532810311,0.8964288532810311,1.1735041531979373,1,0.009223259857904882,1
335_left_LAD_prox_10mm_70ds_discrete_T3_stenosis_length_C_flowmatched,80.0,59.979078611067976,grid,441,0.3876379851031141,0.4750818364651235,0.7400078820069514,0.8721838205075806,0.8721838205075806,1.2741132525627736,1,0.010618948560166586,1
335_left_LAD_prox_10mm_70ds_discrete_T3_stenosis_length_C_flowmatched,85.0,64.97907861106799,grid,450,0.37782590037224917,0.4750818364653559,0.6135743938260547,0.8455596210509824,0.8455596210509824,1.3982969317505605,1,0.008938294295450292,1
335_left_LAD_prox_10mm_70ds_discrete_T3_stenosis_length_C_flowmatched,90.0,69.97907861106798,grid,461,0.35792705718716067,0.47508183646542007,0.6316646186766428,0.8202492959274937,0.8202492959274937,1.5317733601116044,1,0.010028747753278121,1
335_left_LAD_prox_10mm_70ds_discrete_T3_stenosis_length_C_flowmatched,95.0,74.97907861106798,grid,470,0.347108337776764,0.47508183646537144,0.6967762093431852,0.7941665147906422,0.7941665147906422,1.6877083396561425,1,0.011448655331961217,1
335_left_LAD_prox_10mm_70ds_discrete_T3_stenosis_length_C_flowmatched,100.0,79.97907861106798,grid,479,0.336671734465647,0.47508183646547913,0.6310542024148337,0.7684506765453055,0.7684506765453055,1.8628767359957985,1,0.010554569751390913,1
335_left_LAD_prox_10mm_70ds_discrete_T4_taper_A_fixed,0.0,-20.02092138893202,grid,12,0.9992627070263623,0.9086307187540282,1.98775352492731,1.95858001215539,1.95858001215539,0.2151925071228191,1,0.02918115156440963,1
335_left_LAD_prox_10mm_70ds_discrete_T4_taper_A_fixed,5.0,-15.020921388932019,grid,24,0.9989165542899465,0.9086307187708214,1.8050147210462242,1.7354897677494576,1.7354897677494576,0.30930356615797944,1,0.028598712601789134,1
335_left_LAD_prox_10mm_70ds_discrete_T4_taper_A_fixed,10.0,-10.020921388932019,grid,37,0.9980083271913547,0.9086307187693528,1.0366199196935755,1.5156985035618977,1.5156985035618977,0.4643149145908137,1,0.0308825739801529,1
335_left_LAD_prox_10mm_70ds_discrete_T4_taper_A_fixed,15.020921388932019,-5.000000000000001,lesion_prox,50,0.992428837262131,0.9086307187706162,1.1487007059115064,1.2827252098880282,1.2827252098880282,0.7660378155275971,1,0.042819356190317806,1
335_left_LAD_prox_10mm_70ds_discrete_T4_taper_A_fixed,20.02092138893202,0.0,throat,61,0.4840072508826205,0.9086307187693186,1.1427054927301699,1.0686460420981552,1.0686460420981552,1.3247973625316554,1,0.05432734106113215,1
335_left_LAD_prox_10mm_70ds_discrete_T4_taper_A_fixed,25.02092138893202,5.000000000000001,lesion_dist,308,0.40662217299369147,0.4085035892267586,0.9059773693371436,1.0739438324172135,1.0739438324172135,0.5868334438409529,1,0.005147825263881877,1
335_left_LAD_prox_10mm_70ds_discrete_T4_taper_A_fixed,30.0,9.97907861106798,grid,321,0.4040279253620872,0.4085035892267838,1.0054905371428795,1.0496389264479524,1.0496389264479524,0.6285499207890001,1,0.004736911910591116,1
335_left_LAD_prox_10mm_70ds_discrete_T4_taper_A_fixed,35.0,14.979078611067985,grid,334,0.4024800769299467,0.40850358922566377,0.9988279782963644,1.0270208413725492,1.0270208413725492,0.6709988728300349,1,0.004815407835675568,1
335_left_LAD_prox_10mm_70ds_discrete_T4_taper_A_fixed,40.0,19.979078611067983,grid,349,0.4006701967412607,0.4085035892261343,1.026581667935265,1.001584867532462,1.001584867532462,0.7234296392610021,1,0.00508689704297389,1
335_left_LAD_prox_10mm_70ds_discrete_T4_taper_A_fixed,45.24575145722954,25.22483006829752,measurement,363,0.39911945602146337,0.40850358922615104,1.128741200498556,0.9771915993011508,0.9771915993011508,0.7789693803335547,1,0.005382332622710297,1
335_left_LAD_prox_10mm_70ds_discrete_T4_taper_A_fixed,50.0,29.979078611067983,grid,376,0.3977917779277573,0.40850358922418567,1.0477586729698558,0.9540455841758569,0.9540455841758569,0.8370515095371728,1,0.006141455620557522,1
335_left_LAD_prox_10mm_70ds_discrete_T4_taper_A_fixed,55.0,34.97907861106798,grid,388,0.39615598802145446,0.408503589224584,0.9195751449594359,0.930485356934025,0.930485356934025,0.9022583959844257,1,0.0062492746981112094,1
335_left_LAD_prox_10mm_70ds_discrete_T4_taper_A_fixed,60.0,39.979078611067976,grid,400,0.3934838529573499,0.408503589224655,0.9233290095582096,0.9069561927571687,0.9069561927571687,0.9743177836075452,1,0.00764836016967545,1
335_left_LAD_prox_10mm_70ds_discrete_T4_taper_A_fixed,65.0,44.979078611067976,grid,411,0.3907048128095168,0.4085035892245993,0.836786848807308,0.8825829546011053,0.8825829546011053,1.0572871508127473,1,0.007184883825521435,1
335_left_LAD_prox_10mm_70ds_discrete_T4_taper_A_fixed,70.0,49.97907861106798,grid,422,0.3864201872890097,0.4085035892248198,0.826063733009998,0.8573296903859619,0.8573296903859619,1.153495670318749,1,0.008447139984175922,1
335_left_LAD_prox_10mm_70ds_discrete_T4_taper_A_fixed,75.0,54.979078611067976,grid,432,0.38162490735174237,0.4085035892248957,0.7409206777370305,0.8336788335513595,0.8336788335513595,1.254478537271116,1,0.009223259857904752,1
335_left_LAD_prox_10mm_70ds_discrete_T4_taper_A_fixed,80.0,59.979078611067976,grid,441,0.37455320267884284,0.40850358922478486,0.6882073302664649,0.8111309530720506,0.8111309530720506,1.362029887185543,1,0.01061894856016696,1
335_left_LAD_prox_10mm_70ds_discrete_T4_taper_A_fixed,85.0,64.97907861106799,grid,450,0.363274557199352,0.4085035892247494,0.570624186258231,0.7863704475774143,0.7863704475774143,1.4947825151117615,1,0.008938294295450441,1
335_left_LAD_prox_10mm_70ds_discrete_T4_taper_A_fixed,90.0,69.97907861106798,grid,461,0.3410460970468974,0.40850358922477326,0.5874480953692779,0.7628318452125699,0.7628318452125699,1.6374691124739527,1,0.010028747753278531,1
335_left_LAD_prox_10mm_70ds_discrete_T4_taper_B_rederived,0.0,-20.02092138893202,grid,12,0.9992233518900823,0.8975158808856861,1.98775352492731,1.95858001215539,1.95858001215539,0.21256016179508022,1,0.02918115156440963,1
335_left_LAD_prox_10mm_70ds_discrete_T4_taper_B_rederived,5.0,-15.020921388932019,grid,24,0.9988814334718156,0.8975158808899761,1.8050147210462242,1.7354897677494576,1.7354897677494576,0.30552000599124424,1,0.028598712601789134,1
335_left_LAD_prox_10mm_70ds_discrete_T4_taper_B_rederived,10.0,-10.020921388932019,grid,37,0.9979843162738146,0.8975158808886858,1.0366199196935755,1.5156985035618977,1.5156985035618977,0.4586351759526105,1,0.0308825739801529,1
335_left_LAD_prox_10mm_70ds_discrete_T4_taper_B_rederived,15.020921388932019,-5.000000000000001,lesion_prox,50,0.9924997231999173,0.8975158808900622,1.1487007059115064,1.2827252098880282,1.2827252098880282,0.7566672473153723,1,0.042819356190317806,1
335_left_LAD_prox_10mm_70ds_discrete_T4_taper_B_rederived,20.02092138893202,0.0,throat,61,0.49561705893607577,0.8975158808893815,1.1427054927301699,1.0686460420981552,1.0686460420981552,1.3085917604051376,1,0.05432734106113215,1
335_left_LAD_prox_10mm_70ds_discrete_T4_taper_B_rederived,25.02092138893202,5.000000000000001,lesion_dist,308,0.4191635482291194,0.4055245327758365,0.9059773693371436,1.0739438324172135,1.0739438324172135,0.5825538977057517,1,0.005147825263881877,1
335_left_LAD_prox_10mm_70ds_discrete_T4_taper_B_rederived,30.0,9.97907861106798,grid,321,0.4165882194279623,0.4055245327762088,1.0054905371428795,1.0496389264479524,1.0496389264479524,0.6239661527501951,1,0.004736911910591116,1
335_left_LAD_prox_10mm_70ds_discrete_T4_taper_B_rederived,35.0,14.979078611067985,grid,334,0.4150516588473311,0.40552453277503175,0.9988279782963644,1.0270208413725492,1.0270208413725492,0.6661055412334627,1,0.004815407835675568,1
335_left_LAD_prox_10mm_70ds_discrete_T4_taper_B_rederived,40.0,19.979078611067983,grid,349,0.4132549774049777,0.4055245327759623,1.026581667935265,1.001584867532462,1.001584867532462,0.7181539506503616,1,0.00508689704297389,1
335_left_LAD_prox_10mm_70ds_discrete_T4_taper_B_rederived,45.24575145722954,25.22483006829752,measurement,363,0.41171554562900575,0.4055245327771568,1.128741200498556,0.9771915993011508,0.9771915993011508,0.7732886621776928,1,0.005382332622710297,1
335_left_LAD_prox_10mm_70ds_discrete_T4_taper_B_rederived,50.0,29.979078611067983,grid,376,0.41039754977088183,0.4055245327758152,1.0477586729698558,0.9540455841758569,0.9540455841758569,0.8309472211958127,1,0.006141455620557522,1
335_left_LAD_prox_10mm_70ds_discrete_T4_taper_B_rederived,55.0,34.97907861106798,grid,388,0.4087736890387582,0.40552453277594874,0.9195751449594359,0.930485356934025,0.930485356934025,0.8956785793958009,1,0.0062492746981112094,1
335_left_LAD_prox_10mm_70ds_discrete_T4_taper_B_rederived,60.0,39.979078611067976,grid,400,0.4061210408075857,0.4055245327756126,0.9233290095582096,0.9069561927571687,0.9069561927571687,0.9672124661679069,1,0.00764836016967545,1
335_left_LAD_prox_10mm_70ds_discrete_T4_taper_B_rederived,65.0,44.979078611067976,grid,411,0.40336226710952877,0.40552453277558953,0.836786848807308,0.8825829546011053,0.8825829546011053,1.0495767703212013,1,0.007184883825521435,1
335_left_LAD_prox_10mm_70ds_discrete_T4_taper_B_rederived,70.0,49.97907861106798,grid,422,0.39910888768238706,0.40552453277569817,0.826063733009998,0.8573296903859619,0.8573296903859619,1.145083678829965,1,0.008447139984175922,1
335_left_LAD_prox_10mm_70ds_discrete_T4_taper_B_rederived,75.0,54.979078611067976,grid,432,0.3943485778408521,0.40552453277579975,0.7409206777370305,0.8336788335513595,0.8336788335513595,1.2453301173421727,1,0.009223259857904752,1
335_left_LAD_prox_10mm_70ds_discrete_T4_taper_B_rederived,80.0,59.979078611067976,grid,441,0.38732844433640085,0.4055245327757319,0.6882073302664649,0.8111309530720506,0.8111309530720506,1.3520971374466166,1,0.01061894856016696,1
335_left_LAD_prox_10mm_70ds_discrete_T4_taper_B_rederived,85.0,64.97907861106799,grid,450,0.37613204959457536,0.4055245327757082,0.570624186258231,0.7863704475774143,0.7863704475774143,1.4838816525269098,1,0.008938294295450441,1
335_left_LAD_prox_10mm_70ds_discrete_T4_taper_B_rederived,90.0,69.97907861106798,grid,461,0.3540943234548867,0.4055245327757607,0.5874480953692779,0.7628318452125699,0.7628318452125699,1.6255276925005524,1,0.010028747753278531,1
335_left_LAD_prox_10mm_70ds_discrete_T4_taper_C_flowmatched,0.0,-20.02092138893202,grid,12,0.9992474428997249,0.8882625637560618,1.98775352492731,1.95858001215539,1.95858001215539,0.21036868348466506,1,0.02918115156440963,1
335_left_LAD_prox_10mm_70ds_discrete_T4_taper_C_flowmatched,5.0,-15.020921388932019,grid,24,0.998909049633077,0.8882625637508375,1.8050147210462242,1.7354897677494576,1.7354897677494576,0.30237011910012296,1,0.028598712601789134,1
335_left_LAD_prox_10mm_70ds_discrete_T4_taper_C_flowmatched,10.0,-10.020921388932019,grid,37,0.9980211816418431,0.8882625637294275,1.0366199196935755,1.5156985035618977,1.5156985035618977,0.45390668386255456,1,0.0308825739801529,1
335_left_LAD_prox_10mm_70ds_discrete_T4_taper_C_flowmatched,15.020921388932019,-5.000000000000001,lesion_prox,50,0.9926150886124354,0.8882625637297605,1.1487007059115064,1.2827252098880282,1.2827252098880282,0.7488660683353657,1,0.042819356190317806,1
335_left_LAD_prox_10mm_70ds_discrete_T4_taper_C_flowmatched,20.02092138893202,0.0,throat,61,0.505238295034695,0.8882625637286439,1.1427054927301699,1.0686460420981552,1.0686460420981552,1.2951002837073016,1,0.05432734106113215,1
335_left_LAD_prox_10mm_70ds_discrete_T4_taper_C_flowmatched,25.02092138893202,5.000000000000001,lesion_dist,308,0.42956137446116827,0.4029046031894591,0.9059773693371436,1.0739438324172135,1.0739438324172135,0.578790253169103,1,0.005147825263881877,1
335_left_LAD_prox_10mm_70ds_discrete_T4_taper_C_flowmatched,30.0,9.97907861106798,grid,321,0.42700268381522927,0.4029046031895388,1.0054905371428795,1.0496389264479524,1.0496389264479524,0.619934960423853,1,0.004736911910591116,1
335_left_LAD_prox_10mm_70ds_discrete_T4_taper_C_flowmatched,35.0,14.979078611067985,grid,334,0.4254760503295123,0.4029046031882248,0.9988279782963644,1.0270208413725492,1.0270208413725492,0.6618021034032741,1,0.004815407835675568,1
335_left_LAD_prox_10mm_70ds_discrete_T4_taper_C_flowmatched,40.0,19.979078611067983,grid,349,0.4236909765174963,0.40290460318884824,1.026581667935265,1.001584867532462,1.001584867532462,0.7135142491493646,1,0.00508689704297389,1
335_left_LAD_prox_10mm_70ds_discrete_T4_taper_C_flowmatched,45.24575145722954,25.22483006829752,measurement,363,0.42216149038607165,0.4029046031893575,1.128741200498556,0.9771915993011508,0.9771915993011508,0.7682927576584898,1,0.005382332622710297,1
335_left_LAD_prox_10mm_70ds_discrete_T4_taper_C_flowmatched,50.0,29.979078611067983,grid,376,0.42085200956480795,0.40290460318869314,1.0477586729698558,0.9540455841758569,0.9540455841758569,0.8255788081056206,1,0.006141455620557522,1
335_left_LAD_prox_10mm_70ds_discrete_T4_taper_C_flowmatched,55.0,34.97907861106798,grid,388,0.41923863993848304,0.40290460318891724,0.9195751449594359,0.930485356934025,0.930485356934025,0.8898919632456853,1,0.0062492746981112094,1
335_left_LAD_prox_10mm_70ds_discrete_T4_taper_C_flowmatched,60.0,39.979078611067976,grid,400,0.41660312939201977,0.40290460318842597,0.9233290095582096,0.9069561927571687,0.9069561927571687,0.9609636985782746,1,0.00764836016967545,1
335_left_LAD_prox_10mm_70ds_discrete_T4_taper_C_flowmatched,65.0,44.979078611067976,grid,411,0.4138621790122881,0.40290460318814075,0.836786848807308,0.8825829546011053,0.8825829546011053,1.042795880356191,1,0.007184883825521435,1
335_left_LAD_prox_10mm_70ds_discrete_T4_taper_C_flowmatched,70.0,49.97907861106798,grid,422,0.4096362789451035,0.4029046031882348,0.826063733009998,0.8573296903859619,0.8573296903859619,1.1376857574520556,1,0.008447139984175922,1
335_left_LAD_prox_10mm_70ds_discrete_T4_taper_C_flowmatched,75.0,54.979078611067976,grid,432,0.4049067235354017,0.4029046031881876,0.7409206777370305,0.8336788335513595,0.8336788335513595,1.2372845443692224,1,0.009223259857904752,1
335_left_LAD_prox_10mm_70ds_discrete_T4_taper_C_flowmatched,80.0,59.979078611067976,grid,441,0.3979319442672316,0.40290460318814425,0.6882073302664649,0.8111309530720506,0.8111309530720506,1.3433617860452058,1,0.01061894856016696,1
335_left_LAD_prox_10mm_70ds_discrete_T4_taper_C_flowmatched,85.0,64.97907861106799,grid,450,0.38680788489229,0.40290460318804516,0.570624186258231,0.7863704475774143,0.7863704475774143,1.4742948948049157,1,0.008938294295450441,1
335_left_LAD_prox_10mm_70ds_discrete_T4_taper_C_flowmatched,90.0,69.97907861106798,grid,461,0.36493755203453043,0.4029046031880125,0.5874480953692779,0.7628318452125699,0.7628318452125699,1.6150258171438743,1,0.010028747753278531,1
368_left_LAD_mid_10mm_80ds_leaky_clean_none,0.0,-45.19147327975625,grid,28,0.9969585769592367,1.6733300931818096,1.5265833846863286,1.4924765800713695,1.4924765800713695,0.8956178304835658,1,0.08029608225157683,1
368_left_LAD_mid_10mm_80ds_leaky_clean_none,5.0,-40.19147327975626,grid,140,0.9948123038768325,0.7386837730466593,0.9529092527740987,0.9984824632965537,1.0268157035304784,1.3203860229567252,1,0.0,1
368_left_LAD_mid_10mm_80ds_leaky_clean_none,10.0,-35.19147327975625,grid,152,0.9914864556343225,0.7386837730455184,1.1194375295565393,0.9984824632965537,1.1024137676589734,1.3203860229546858,1,0.0,1
368_left_LAD_mid_10mm_80ds_leaky_clean_none,15.0,-30.191473279756256,grid,163,0.9900296301704303,0.7386837730427801,1.2364079899748872,0.9984824632965537,1.1782298421541366,1.320386022949791,1,0.0,1
368_left_LAD_mid_10mm_80ds_leaky_clean_none,20.0,-25.191473279756256,grid,385,0.9884854469313524,0.2902284237151776,1.0870621084203396,1.0861994636715218,1.0861994636715218,0.40297200436100805,1,0.0028767629167520867,1
368_left_LAD_mid_10mm_80ds_leaky_clean_none,25.0,-20.191473279756256,grid,396,0.9873821094607084,0.27631454933907745,0.9308751444351832,1.0740332675257018,1.0740332675257018,0.3968388998576361,1,0.0029053062793793108,1
368_left_LAD_mid_10mm_80ds_leaky_clean_none,30.0,-15.191473279756257,grid,408,0.9854644567792862,0.2616465135450107,0.9807079322410577,1.0608797716134908,1.0608797716134908,0.38992414710966117,1,0.0033934982074152386,1
368_left_LAD_mid_10mm_80ds_leaky_clean_none,35.0,-10.191473279756252,grid,417,0.9845448501412143,0.24918140370701805,0.9828284551602442,1.0494215719240787,1.0494215719240787,0.38364483040438935,1,0.0036213402678065025,1
368_left_LAD_mid_10mm_80ds_leaky_clean_none,40.19147327975626,-4.999999999999997,lesion_prox,427,0.9830393386284221,0.23525288615671294,1.00973263225145,1.036297438527183,1.036297438527183,0.3761364060225009,1,0.004039002682707263,1
368_left_LAD_mid_10mm_80ds_leaky_clean_none,45.19147327975625,0.0,throat,437,0.7324596378702586,0.22198675446508076,1.1482244893700027,1.0234014144841574,1.0234014144841574,0.3685129103988033,1,0.004363668573912416,1
368_left_LAD_mid_10mm_80ds_leaky_clean_none,50.19147327975625,4.999999999999997,lesion_dist,447,0.6620824983158611,0.21336405277202578,1.0598448380459953,1.0105841634656711,1.0105841634656711,0.36784721443800245,1,0.003786963685866629,1
368_left_LAD_mid_10mm_80ds_leaky_clean_none,55.0,9.808526720243744,grid,456,0.6613369489054293,0.20606946451724756,0.9533795077428379,0.9992497311182061,0.9992497311182061,0.3674981919784193,1,0.0039055107220591742,1
368_left_LAD_mid_10mm_80ds_leaky_clean_none,60.0,14.808526720243743,grid,465,0.6604704476336888,0.1981996026310855,1.0612931887404504,0.98670764307207,0.98670764307207,0.3671140340433334,1,0.0046752113903143645,1
368_left_LAD_mid_10mm_80ds_leaky_clean_none,65.0,19.808526720243748,grid,473,0.6595174363546983,0.19051232921276665,0.8862725892665265,0.9741241091186493,0.9741241091186493,0.3667278522353939,1,0.004627813360656647,1
368_left_LAD_mid_10mm_80ds_leaky_clean_none,70.63399512652039,25.442521846764127,measurement,483,0.6582249758998878,0.18195266016784237,0.9423415567003152,0.9596897402077347,0.9596897402077347,0.36629377504035,1,0.004374778966194935,1
368_left_LAD_mid_10mm_80ds_leaky_clean_none,75.0,29.80852672024374,grid,490,0.6576724376806602,0.17599068429016038,1.0948354960200564,0.9493567691161546,0.9493567691161546,0.3659864530231958,1,0.004410041832125002,1
368_left_LAD_mid_10mm_80ds_leaky_clean_none,80.0,34.80852672024375,grid,500,0.6568270223645635,0.1682771962140683,0.8935728993702032,0.9356310721998241,0.9356310721998241,0.3655737830941041,1,0.004305556706112437,1
368_left_LAD_mid_10mm_80ds_leaky_clean_none,85.0,39.80852672024375,grid,509,0.6558413049987257,0.16143192999808503,0.9320286330274401,0.9230832557141988,0.9230832557141988,0.36519977727196856,1,0.004251675722658033,1
368_left_LAD_mid_10mm_80ds_leaky_clean_none,90.0,44.80852672024374,grid,518,0.6550749070327211,0.15519668206628506,0.8961164258119215,0.9113316678467123,0.9113316678467123,0.3648519999835651,1,0.00437324536825383,1
368_left_LAD_mid_10mm_80ds_leaky_clean_none,95.0,49.80852672024375,grid,527,0.6539772985037489,0.14901096000018102,0.9543617541217173,0.8993465598009002,0.8993465598009002,0.364502628051886,1,0.004629643039783579,1
368_left_LAD_mid_10mm_80ds_leaky_clean_none,100.0,54.80852672024375,grid,537,0.6528522893823246,0.1424624521501768,0.7535724489396011,0.8862790442579885,0.8862790442579885,0.3641268111205005,1,0.005217877121166554,1
368_left_LAD_mid_10mm_80ds_leaky_clean_none,105.0,59.80852672024374,grid,545,0.6509847308495863,0.1364485888565593,0.7664302080068933,0.8738966242288784,0.8738966242288784,0.3637915002685215,1,0.005504218432890521,1
368_left_LAD_mid_10mm_80ds_leaky_clean_none,110.0,64.80852672024375,grid,554,0.6495925851196866,0.13027950876874272,0.9199902837770061,0.860780428733945,0.860780428733945,0.363465040194169,1,0.004800283304579795,1
368_left_LAD_mid_10mm_80ds_leaky_clean_none,115.0,69.80852672024375,grid,562,0.6489846929926762,0.12494636072316952,0.9420339000500513,0.8490910297949883,0.8490910297949883,0.36318218495228294,1,0.005459272188747648,1
368_left_LAD_mid_10mm_80ds_leaky_clean_none,120.0,74.80852672024373,grid,573,0.6479913153755856,0.11901646590559754,0.8582083809990857,0.8356864052221871,0.8356864052221871,0.3628613591173149,1,0.003974691331401597,1
368_left_LAD_mid_10mm_80ds_leaky_clean_none,125.0,79.80852672024375,grid,584,0.6465891457576058,0.11385555984752631,0.7578931389060964,0.823635864376122,0.823635864376122,0.3625869588404892,1,0.003924585445679788,1
368_left_LAD_mid_10mm_80ds_leaky_clean_none,130.0,84.80852672024375,grid,597,0.6439472285731304,0.10862652638366657,0.526622448577105,0.8110208209326786,0.8110208209326786,0.362329391927099,1,0.0036893328740756253,1
368_left_LAD_mid_10mm_80ds_leaky_clean_none,135.0,89.80852672024375,grid,610,0.6364656374886825,0.10349200623975542,0.49768109945878936,0.7981278393475245,0.7981278393475245,0.36220389113596,0,,1
368_left_LAD_mid_10mm_80ds_leaky_T2_truncation_A_fixed,0.0,-45.19147327975625,grid,28,0.9971206373519604,1.5209140459409085,1.5265833846863286,1.4924765800713695,1.4924765800713695,0.8140400652135875,1,0.08029608225157683,1
368_left_LAD_mid_10mm_80ds_leaky_T2_truncation_A_fixed,5.0,-40.19147327975626,grid,140,0.9953246090384853,0.5860336306157133,0.9529092527740987,0.9984824632965537,1.0268157035304784,1.0475262122736455,1,0.0,1
368_left_LAD_mid_10mm_80ds_leaky_T2_truncation_A_fixed,10.0,-35.19147327975625,grid,152,0.9926860524713104,0.5860336306147627,1.1194375295565393,0.9984824632965537,1.1024137676589734,1.0475262122719462,1,0.0,1
368_left_LAD_mid_10mm_80ds_leaky_T2_truncation_A_fixed,15.0,-30.191473279756256,grid,163,0.9915302822392704,0.5860336306118712,1.2364079899748872,0.9984824632965537,1.1782298421541366,1.0475262122667777,1,0.0,1
368_left_LAD_mid_10mm_80ds_leaky_T2_truncation_A_fixed,20.0,-25.191473279756256,grid,385,0.9904271903289152,0.1367421356918866,1.0870621084203396,1.0247183545857572,1.0247183545857572,0.2261270396372176,1,0.00058709184163399,1
368_left_LAD_mid_10mm_80ds_leaky_T2_truncation_A_fixed,25.0,-20.191473279756256,grid,396,0.9899249582994324,0.12279577654956582,0.9308751444351832,1.0223777944292782,1.0223777944292782,0.2044621341518591,1,0.0005876235835470072,1
368_left_LAD_mid_10mm_80ds_leaky_T2_truncation_A_fixed,30.0,-15.191473279756257,grid,408,0.9891045645303475,0.10807977872781994,0.9807079322410577,1.0198472953249134,1.0198472953249134,0.18130203797021485,1,0.0006797310667151588,1
368_left_LAD_mid_10mm_80ds_leaky_T2_truncation_A_fixed,35.0,-10.191473279756252,grid,417,0.988739290139994,0.09556249816689671,0.9828284551602442,1.0176429411178483,1.0176429411178483,0.16134849004223975,1,0.0007191338613827648,1
368_left_LAD_mid_10mm_80ds_leaky_T2_truncation_A_fixed,40.19147327975626,-4.999999999999997,lesion_prox,427,0.9881903404815554,0.0815642614188098,1.00973263225145,1.0151180908401678,1.0151180908401678,0.13874389729049688,1,0.0007941044407165274,1
368_left_LAD_mid_10mm_80ds_leaky_T2_truncation_A_fixed,45.19147327975625,0.0,throat,437,0.9469071633858644,0.06817707701717962,1.1482244893700027,1.0126371247526311,1.0126371247526311,0.11682627418053287,1,0.0008494125905600244,1
368_left_LAD_mid_10mm_80ds_leaky_T2_truncation_A_fixed,50.19147327975625,4.999999999999997,lesion_dist,447,0.9251606119747464,0.05600637278137457,1.0598448380459953,1.0101713131965877,1.0101713131965877,0.09667541328984305,1,0.0007295868053296623,1
368_left_LAD_mid_10mm_80ds_leaky_T2_truncation_A_fixed,55.0,9.808526720243744,grid,456,0.9249831693909946,0.045543488183955386,0.9533795077428379,1.0079907696289172,1.0079907696289172,0.07912619993130295,1,0.0007456217759924488,1
368_left_LAD_mid_10mm_80ds_leaky_T2_truncation_A_fixed,60.0,14.808526720243743,grid,465,0.9248126064347502,0.034241704495207796,1.0612931887404504,1.0055778945438874,1.0055778945438874,0.05992001399970467,1,0.0008836679273472205,1
368_left_LAD_mid_10mm_80ds_leaky_T2_truncation_A_fixed,65.0,19.808526720243748,grid,473,0.9246783278602045,0.023189408271785117,0.8862725892665265,1.00315704600207,1.00315704600207,0.040873946063939334,1,0.0008656293877066145,1
368_left_LAD_mid_10mm_80ds_leaky_T2_truncation_A_fixed,70.63399512652039,25.442521846764127,measurement,483,0.9245635407811944,0.010860397605799618,0.9423415567003152,1.0003801296716184,1.0003801296716184,0.01930253013804688,1,0.0008083589288223282,1
368_left_LAD_mid_10mm_80ds_leaky_T2_truncation_A_fixed,75.0,29.80852672024374,grid,490,0.9245437453523048,0.002259928451365757,1.0948354960200564,0.9983922494710095,0.9983922494710095,0.004040682915687733,1,0.00080771566229447,1
368_left_LAD_mid_10mm_80ds_leaky_T2_truncation_B_rederived,0.0,-45.19147327975625,grid,28,0.9969694664563298,1.6399685247078928,1.5265833846863286,1.4924765800713695,1.4924765800713695,0.8777616909807355,1,0.08029608225157683,1
368_left_LAD_mid_10mm_80ds_leaky_T2_truncation_B_rederived,5.0,-40.19147327975626,grid,140,0.9949335066272059,0.6867179878437758,0.9529092527740987,0.9984824632965537,1.0268157035304784,1.2274979713201493,1,0.0,1
368_left_LAD_mid_10mm_80ds_leaky_T2_truncation_B_rederived,10.0,-35.19147327975625,grid,152,0.9918416290250356,0.6867179878419863,1.1194375295565393,0.9984824632965537,1.1024137676589734,1.2274979713169507,1,0.0,1
368_left_LAD_mid_10mm_80ds_leaky_T2_truncation_B_rederived,15.0,-30.191473279756256,grid,163,0.9904872900132591,0.6867179878391755,1.2364079899748872,0.9984824632965537,1.1782298421541366,1.2274979713119263,1,0.0,1
368_left_LAD_mid_10mm_80ds_leaky_T2_truncation_B_rederived,20.0,-25.191473279756256,grid,385,0.9891023472665949,0.23291412027992545,1.0870621084203396,1.0247183545857572,1.0247183545857572,0.3851642380903033,1,0.00058709184163399,1
368_left_LAD_mid_10mm_80ds_leaky_T2_truncation_B_rederived,25.0,-20.191473279756256,grid,396,0.9881961209042277,0.23046072268271092,0.9308751444351832,1.0223777944292782,1.0223777944292782,0.3837305526454073,1,0.0005876235835470072,1
368_left_LAD_mid_10mm_80ds_leaky_T2_truncation_B_rederived,30.0,-15.191473279756257,grid,408,0.9865593939649343,0.22782451805123957,0.9807079322410577,1.0198472953249134,1.0198472953249134,0.38217185405506143,1,0.0006797310667151588,1
368_left_LAD_mid_10mm_80ds_leaky_T2_truncation_B_rederived,35.0,-10.191473279756252,grid,417,0.9857416723573842,0.22554179886052667,0.9828284551602442,1.0176429411178483,1.0176429411178483,0.3808065861149963,1,0.0007191338613827648,1
368_left_LAD_mid_10mm_80ds_leaky_T2_truncation_B_rederived,40.19147327975626,-4.999999999999997,lesion_prox,427,0.984346088430216,0.22294241726823724,1.00973263225145,1.0151180908401678,1.0151180908401678,0.3792334939972386,1,0.0007941044407165274,1
368_left_LAD_mid_10mm_80ds_leaky_T2_truncation_B_rederived,45.19147327975625,0.0,throat,437,0.726730678746908,0.22041621446002926,1.1482244893700027,1.0126371247526311,1.0126371247526311,0.37769887227423654,1,0.0008494125905600244,1
368_left_LAD_mid_10mm_80ds_leaky_T2_truncation_B_rederived,50.19147327975625,4.999999999999997,lesion_dist,447,0.6542492991679644,0.21876346661274185,1.0598448380459953,1.0101713131965877,1.0101713131965877,0.37761860833342364,1,0.0007295868053296623,1
368_left_LAD_mid_10mm_80ds_leaky_T2_truncation_B_rederived,55.0,9.808526720243744,grid,456,0.6534719410322093,0.21733898865479506,0.9533795077428379,1.0079907696289172,1.0079907696289172,0.37759971743281917,1,0.0007456217759924488,1
368_left_LAD_mid_10mm_80ds_leaky_T2_truncation_B_rederived,60.0,14.808526720243743,grid,465,0.6525432902180965,0.21577231666443344,1.0612931887404504,1.0055778945438874,1.0055778945438874,0.3775828460026286,1,0.0008836679273472205,1
368_left_LAD_mid_10mm_80ds_leaky_T2_truncation_B_rederived,65.0,19.808526720243748,grid,473,0.6514845106314021,0.21421026326670392,0.8862725892665265,1.00315704600207,1.00315704600207,0.3775697354795632,1,0.0008656293877066145,1
368_left_LAD_mid_10mm_80ds_leaky_T2_truncation_B_rederived,70.63399512652039,25.442521846764127,measurement,483,0.6500016807098548,0.21243175624198404,0.9423415567003152,1.0003801296716184,1.0003801296716184,0.3775617179015077,1,0.0008083589288223282,1
368_left_LAD_mid_10mm_80ds_leaky_T2_truncation_B_rederived,75.0,29.80852672024374,grid,490,0.6493474703475747,0.21116702156930958,1.0948354960200564,0.9983922494710095,0.9983922494710095,0.3775601727108293,1,0.00080771566229447,1
368_left_LAD_mid_10mm_80ds_leaky_T2_truncation_C_flowmatched,0.0,-45.19147327975625,grid,28,0.9969714107477264,1.6389413638886063,1.5265833846863286,1.4924765800713695,1.4924765800713695,0.8772119228577122,1,0.08029608225157683,1
368_left_LAD_mid_10mm_80ds_leaky_T2_truncation_C_flowmatched,5.0,-40.19147327975626,grid,140,0.9949366444976675,0.6863325536660879,0.9529092527740987,0.9984824632965537,1.0268157035304784,1.2268090135826726,1,0.0,1
368_left_LAD_mid_10mm_80ds_leaky_T2_truncation_C_flowmatched,10.0,-35.19147327975625,grid,152,0.991846502273514,0.6863325536647243,1.1194375295565393,0.9984824632965537,1.1024137676589734,1.2268090135802354,1,0.0,1
368_left_LAD_mid_10mm_80ds_leaky_T2_truncation_C_flowmatched,15.0,-30.191473279756256,grid,163,0.9904929234115396,0.6863325536630789,1.2364079899748872,0.9984824632965537,1.1782298421541366,1.226809013577294,1,0.0,1
368_left_LAD_mid_10mm_80ds_leaky_T2_truncation_C_flowmatched,20.0,-25.191473279756256,grid,385,0.9891087002027519,0.2328275122518498,1.0870621084203396,1.0247183545857572,1.0247183545857572,0.38502101656682436,1,0.00058709184163399,1
368_left_LAD_mid_10mm_80ds_leaky_T2_truncation_C_flowmatched,25.0,-20.191473279756256,grid,396,0.9882028090781354,0.23037575801576865,0.9308751444351832,1.0223777944292782,1.0223777944292782,0.3835890815165244,1,0.0005876235835470072,1
368_left_LAD_mid_10mm_80ds_leaky_T2_truncation_C_flowmatched,30.0,-15.191473279756257,grid,408,0.9865666824871209,0.22774131781735646,0.9807079322410577,1.0198472953249134,1.0198472953249134,0.3820322870413225,1,0.0006797310667151588,1
368_left_LAD_mid_10mm_80ds_leaky_T2_truncation_C_flowmatched,35.0,-10.191473279756252,grid,417,0.985749258137429,0.22546012531958515,0.9828284551602442,1.0176429411178483,1.0176429411178483,0.38066868785197366,1,0.0007191338613827648,1
368_left_LAD_mid_10mm_80ds_leaky_T2_truncation_C_flowmatched,40.19147327975626,-4.999999999999997,lesion_prox,427,0.9843541769749354,0.22286248105626347,1.00973263225145,1.0151180908401678,1.0151180908401678,0.3790975194737039,1,0.0007941044407165274,1
368_left_LAD_mid_10mm_80ds_leaky_T2_truncation_C_flowmatched,45.19147327975625,0.0,throat,437,0.7268944944370219,0.22033796104239112,1.1482244893700027,1.0126371247526311,1.0126371247526311,0.37756477947318773,1,0.0008494125905600244,1
368_left_LAD_mid_10mm_80ds_leaky_T2_truncation_C_flowmatched,50.19147327975625,4.999999999999997,lesion_dist,447,0.6544388414206981,0.21868583141549816,1.0598448380459953,1.0101713131965877,1.0101713131965877,0.3774845983198013,1,0.0007295868053296623,1
368_left_LAD_mid_10mm_80ds_leaky_T2_truncation_C_flowmatched,55.0,9.808526720243744,grid,456,0.6536617591392722,0.21726186633621775,0.9533795077428379,1.0079907696289172,1.0079907696289172,0.37746572690547386,1,0.0007456217759924488,1
368_left_LAD_mid_10mm_80ds_leaky_T2_truncation_C_flowmatched,60.0,14.808526720243743,grid,465,0.6527334378402564,0.21569575679790173,1.0612931887404504,1.0055778945438874,1.0055778945438874,0.377448872874187,1,0.0008836679273472205,1
368_left_LAD_mid_10mm_80ds_leaky_T2_truncation_C_flowmatched,65.0,19.808526720243748,grid,473,0.6516750339110956,0.21413426267672497,0.8862725892665265,1.00315704600207,1.00315704600207,0.3774357758726936,1,0.0008656293877066145,1
368_left_LAD_mid_10mm_80ds_leaky_T2_truncation_C_flowmatched,70.63399512652039,25.442521846764127,measurement,483,0.6501927300760575,0.2123563897078287,0.9423415567003152,1.0003801296716184,1.0003801296716184,0.37742776656291616,1,0.0008083589288223282,1
368_left_LAD_mid_10mm_80ds_leaky_T2_truncation_C_flowmatched,75.0,29.80852672024374,grid,490,0.6495387518133333,0.21109210432323303,1.0948354960200564,0.9983922494710095,0.9983922494710095,0.37742622296736333,1,0.00080771566229447,1
368_left_LAD_mid_10mm_80ds_leaky_T3_stenosis_length_A_fixed,0.0,-45.19147327975625,grid,28,0.9969674043507795,1.6650280268712514,1.5265833846863286,1.4924765800713695,1.4924765800713695,0.8911743087612891,1,0.08029608225157683,1
368_left_LAD_mid_10mm_80ds_leaky_T3_stenosis_length_A_fixed,5.0,-40.19147327975626,grid,140,0.9948402090187252,0.7303689556203339,0.9529092527740987,0.9984824632965537,1.0268157035304784,1.3055234131177735,1,0.0,1
368_left_LAD_mid_10mm_80ds_leaky_T3_stenosis_length_A_fixed,10.0,-35.19147327975625,grid,152,0.9915517973924421,0.730368955618327,1.1194375295565393,0.9984824632965537,1.1024137676589734,1.3055234131141864,1,0.0,1
368_left_LAD_mid_10mm_80ds_leaky_T3_stenosis_length_A_fixed,15.0,-30.191473279756256,grid,163,0.9901113703363649,0.7303689556140878,1.2364079899748872,0.9984824632965537,1.1782298421541366,1.3055234131066087,1,0.0,1
368_left_LAD_mid_10mm_80ds_leaky_T3_stenosis_length_A_fixed,20.0,-25.191473279756256,grid,385,0.9885912132385143,0.28186806157003036,1.0870621084203396,1.0861994636715218,1.0861994636715218,0.391363934249584,1,0.0028767629167520867,1
368_left_LAD_mid_10mm_80ds_leaky_T3_stenosis_length_A_fixed,25.0,-20.191473279756256,grid,396,0.987520617840403,0.2679524177566244,0.9308751444351832,1.0740332675257018,1.0740332675257018,0.38482932922307167,1,0.0029053062793793108,1
368_left_LAD_mid_10mm_80ds_leaky_T3_stenosis_length_A_fixed,30.0,-15.191473279756257,grid,408,0.9856627325948402,0.2532817694807901,0.9807079322410577,1.0608797716134908,1.0608797716134908,0.3774584136632619,1,0.0033934982074152386,1
368_left_LAD_mid_10mm_80ds_leaky_T3_stenosis_length_A_fixed,35.0,-10.191473279756252,grid,417,0.9847733203044197,0.24081381791601417,0.9828284551602442,1.0494215719240787,1.0494215719240787,0.3707619226756155,1,0.0036213402678065025,1
368_left_LAD_mid_10mm_80ds_leaky_T3_stenosis_length_A_fixed,38.961473279756255,-6.2299999999999995,lesion_prox,425,0.9835199683822651,0.22954991424267096,0.9743014127024082,1.0388384736103138,1.0388384736103138,0.364331517701869,1,0.003552409091284629,1
368_left_LAD_mid_10mm_80ds_leaky_T3_stenosis_length_A_fixed,40.0,-5.191473279756255,grid,427,0.9833006007647696,0.2268815077732592,1.00973263225145,1.036297438527183,1.036297438527183,0.362751744817923,1,0.004039002682707263,1
368_left_LAD_mid_10mm_80ds_leaky_T3_stenosis_length_A_fixed,45.19147327975625,0.0,throat,437,0.7275720599468873,0.21366101678450525,1.1482244893700027,1.0234014144841574,1.0234014144841574,0.3546916270917017,1,0.004363668573912416,1
368_left_LAD_mid_10mm_80ds_leaky_T3_stenosis_length_A_fixed,50.0,4.808526720243747,grid,446,0.6392377186817336,0.20613059149226853,1.0614486490107946,1.0119296687718173,1.0119296687718173,0.3539607823726615,1,0.003983627811369424,1
368_left_LAD_mid_10mm_80ds_leaky_T3_stenosis_length_A_fixed,51.421473279756256,6.2299999999999995,lesion_dist,449,0.6389745391597429,0.20372822105735416,1.0594686138564482,1.0080909810708765,1.0080909810708765,0.35384713974770227,1,0.0038487799789123415,1
368_left_LAD_mid_10mm_80ds_leaky_T3_stenosis_length_A_fixed,55.0,9.808526720243744,grid,456,0.638393889508136,0.19826796984843653,0.9533795077428379,0.9992497311182061,0.9992497311182061,0.35358523698417094,1,0.0039055107220591742,1
368_left_LAD_mid_10mm_80ds_leaky_T3_stenosis_length_A_fixed,60.0,14.808526720243743,grid,465,0.637560192475513,0.19069616723213226,1.0612931887404504,0.98670764307207,0.98670764307207,0.3532158404953851,1,0.0046752113903143645,1
368_left_LAD_mid_10mm_80ds_leaky_T3_stenosis_length_A_fixed,65.0,19.808526720243748,grid,473,0.6366432598993469,0.183300037973957,0.8862725892665265,0.9741241091186493,0.9741241091186493,0.35284450890200314,1,0.004627813360656647,1
368_left_LAD_mid_10mm_80ds_leaky_T3_stenosis_length_A_fixed,70.63399512652039,25.442521846764127,measurement,483,0.6353997280447123,0.1750645540645137,0.9423415567003152,0.9596897402077347,0.9596897402077347,0.35242714409832737,1,0.004374778966194935,1
368_left_LAD_mid_10mm_80ds_leaky_T3_stenosis_length_A_fixed,75.0,29.80852672024374,grid,490,0.6348681068727016,0.1693283795964262,1.0948354960200564,0.9493567691161546,0.9493567691161546,0.35213166705168697,1,0.004410041832125002,1
368_left_LAD_mid_10mm_80ds_leaky_T3_stenosis_length_A_fixed,80.0,34.80852672024375,grid,500,0.6340546951863499,0.16190702911535404,0.8935728993702032,0.9356310721998241,0.9356310721998241,0.3517349140279943,1,0.004305556706112437,1
368_left_LAD_mid_10mm_80ds_leaky_T3_stenosis_length_A_fixed,85.0,39.80852672024375,grid,509,0.633106291932776,0.15532101800682604,0.9320286330274401,0.9230832557141988,0.9230832557141988,0.3513753517189639,1,0.004251675722658033,1
368_left_LAD_mid_10mm_80ds_leaky_T3_stenosis_length_A_fixed,90.0,44.80852672024374,grid,518,0.6323689051884224,0.1493219217488937,0.8961164258119215,0.9113316678467123,0.9113316678467123,0.3510410214066593,1,0.00437324536825383,1
368_left_LAD_mid_10mm_80ds_leaky_T3_stenosis_length_A_fixed,95.0,49.80852672024375,grid,527,0.6313128446802811,0.14337047582887563,0.9543617541217173,0.8993465598009002,0.8993465598009002,0.350705177824578,1,0.004629643039783579,1
368_left_LAD_mid_10mm_80ds_leaky_T3_stenosis_length_A_fixed,100.0,54.80852672024375,grid,537,0.6302304196274894,0.13706998438334803,0.7535724489396011,0.8862790442579885,0.8862790442579885,0.3503439366692339,1,0.005217877121166554,1
368_left_LAD_mid_10mm_80ds_leaky_T3_stenosis_length_A_fixed,105.0,59.80852672024374,grid,545,0.6284335506543549,0.13128388885663245,0.7664302080068933,0.8738966242288784,0.8738966242288784,0.35002166961541464,1,0.005504218432890521,1
368_left_LAD_mid_10mm_80ds_leaky_T3_stenosis_length_A_fixed,110.0,64.80852672024375,grid,554,0.6270940981246653,0.1253484555939626,0.9199902837770061,0.860780428733945,0.860780428733945,0.34970796160744766,1,0.004800283304579795,1
368_left_LAD_mid_10mm_80ds_leaky_T3_stenosis_length_A_fixed,115.0,69.80852672024375,grid,562,0.6265092142491175,0.12021729461491924,0.9420339000500513,0.8490910297949883,0.8490910297949883,0.3494361858528499,1,0.005459272188747648,1
368_left_LAD_mid_10mm_80ds_leaky_T3_stenosis_length_A_fixed,120.0,74.80852672024373,grid,573,0.6255534340539236,0.11451198817923161,0.8582083809990857,0.8356864052221871,0.8356864052221871,0.3491279576298327,1,0.003974691331401597,1
368_left_LAD_mid_10mm_80ds_leaky_T3_stenosis_length_A_fixed,125.0,79.80852672024375,grid,584,0.6242043321132172,0.1095465461483435,0.7578931389060964,0.823635864376122,0.823635864376122,0.3488643775727757,1,0.003924585445679788,1
368_left_LAD_mid_10mm_80ds_leaky_T3_stenosis_length_A_fixed,130.0,84.80852672024375,grid,597,0.6216623993200107,0.10451555736242976,0.526622448577105,0.8110208209326786,0.8110208209326786,0.34861704232627583,1,0.0036893328740756253,1
368_left_LAD_mid_10mm_80ds_leaky_T3_stenosis_length_A_fixed,135.0,89.80852672024375,grid,610,0.6144816932339904,0.09957545776394283,0.49768109945878936,0.7981278393475245,0.7981278393475245,0.3484966576084202,0,,1
368_left_LAD_mid_10mm_80ds_leaky_T3_stenosis_length_B_rederived,0.0,-45.19147327975625,grid,28,0.9969674043507795,1.6650280268712514,1.5265833846863286,1.4924765800713695,1.4924765800713695,0.8911743087612891,1,0.08029608225157683,1
368_left_LAD_mid_10mm_80ds_leaky_T3_stenosis_length_B_rederived,5.0,-40.19147327975626,grid,140,0.9948402090187252,0.7303689556203339,0.9529092527740987,0.9984824632965537,1.0268157035304784,1.3055234131177735,1,0.0,1
368_left_LAD_mid_10mm_80ds_leaky_T3_stenosis_length_B_rederived,10.0,-35.19147327975625,grid,152,0.9915517973924421,0.730368955618327,1.1194375295565393,0.9984824632965537,1.1024137676589734,1.3055234131141864,1,0.0,1
368_left_LAD_mid_10mm_80ds_leaky_T3_stenosis_length_B_rederived,15.0,-30.191473279756256,grid,163,0.9901113703363649,0.7303689556140878,1.2364079899748872,0.9984824632965537,1.1782298421541366,1.3055234131066087,1,0.0,1
368_left_LAD_mid_10mm_80ds_leaky_T3_stenosis_length_B_rederived,20.0,-25.191473279756256,grid,385,0.9885912132385143,0.28186806157003036,1.0870621084203396,1.0861994636715218,1.0861994636715218,0.391363934249584,1,0.0028767629167520867,1
368_left_LAD_mid_10mm_80ds_leaky_T3_stenosis_length_B_rederived,25.0,-20.191473279756256,grid,396,0.987520617840403,0.2679524177566244,0.9308751444351832,1.0740332675257018,1.0740332675257018,0.38482932922307167,1,0.0029053062793793108,1
368_left_LAD_mid_10mm_80ds_leaky_T3_stenosis_length_B_rederived,30.0,-15.191473279756257,grid,408,0.9856627325948402,0.2532817694807901,0.9807079322410577,1.0608797716134908,1.0608797716134908,0.3774584136632619,1,0.0033934982074152386,1
368_left_LAD_mid_10mm_80ds_leaky_T3_stenosis_length_B_rederived,35.0,-10.191473279756252,grid,417,0.9847733203044197,0.24081381791601417,0.9828284551602442,1.0494215719240787,1.0494215719240787,0.3707619226756155,1,0.0036213402678065025,1
368_left_LAD_mid_10mm_80ds_leaky_T3_stenosis_length_B_rederived,38.961473279756255,-6.2299999999999995,lesion_prox,425,0.9835199683822651,0.22954991424267096,0.9743014127024082,1.0388384736103138,1.0388384736103138,0.364331517701869,1,0.003552409091284629,1
368_left_LAD_mid_10mm_80ds_leaky_T3_stenosis_length_B_rederived,40.0,-5.191473279756255,grid,427,0.9833006007647696,0.2268815077732592,1.00973263225145,1.036297438527183,1.036297438527183,0.362751744817923,1,0.004039002682707263,1
368_left_LAD_mid_10mm_80ds_leaky_T3_stenosis_length_B_rederived,45.19147327975625,0.0,throat,437,0.7275720599468873,0.21366101678450525,1.1482244893700027,1.0234014144841574,1.0234014144841574,0.3546916270917017,1,0.004363668573912416,1
368_left_LAD_mid_10mm_80ds_leaky_T3_stenosis_length_B_rederived,50.0,4.808526720243747,grid,446,0.6392377186817336,0.20613059149226853,1.0614486490107946,1.0119296687718173,1.0119296687718173,0.3539607823726615,1,0.003983627811369424,1
368_left_LAD_mid_10mm_80ds_leaky_T3_stenosis_length_B_rederived,51.421473279756256,6.2299999999999995,lesion_dist,449,0.6389745391597429,0.20372822105735416,1.0594686138564482,1.0080909810708765,1.0080909810708765,0.35384713974770227,1,0.0038487799789123415,1
368_left_LAD_mid_10mm_80ds_leaky_T3_stenosis_length_B_rederived,55.0,9.808526720243744,grid,456,0.638393889508136,0.19826796984843653,0.9533795077428379,0.9992497311182061,0.9992497311182061,0.35358523698417094,1,0.0039055107220591742,1
368_left_LAD_mid_10mm_80ds_leaky_T3_stenosis_length_B_rederived,60.0,14.808526720243743,grid,465,0.637560192475513,0.19069616723213226,1.0612931887404504,0.98670764307207,0.98670764307207,0.3532158404953851,1,0.0046752113903143645,1
368_left_LAD_mid_10mm_80ds_leaky_T3_stenosis_length_B_rederived,65.0,19.808526720243748,grid,473,0.6366432598993469,0.183300037973957,0.8862725892665265,0.9741241091186493,0.9741241091186493,0.35284450890200314,1,0.004627813360656647,1
368_left_LAD_mid_10mm_80ds_leaky_T3_stenosis_length_B_rederived,70.63399512652039,25.442521846764127,measurement,483,0.6353997280447123,0.1750645540645137,0.9423415567003152,0.9596897402077347,0.9596897402077347,0.35242714409832737,1,0.004374778966194935,1
368_left_LAD_mid_10mm_80ds_leaky_T3_stenosis_length_B_rederived,75.0,29.80852672024374,grid,490,0.6348681068727016,0.1693283795964262,1.0948354960200564,0.9493567691161546,0.9493567691161546,0.35213166705168697,1,0.004410041832125002,1
368_left_LAD_mid_10mm_80ds_leaky_T3_stenosis_length_B_rederived,80.0,34.80852672024375,grid,500,0.6340546951863499,0.16190702911535404,0.8935728993702032,0.9356310721998241,0.9356310721998241,0.3517349140279943,1,0.004305556706112437,1
368_left_LAD_mid_10mm_80ds_leaky_T3_stenosis_length_B_rederived,85.0,39.80852672024375,grid,509,0.633106291932776,0.15532101800682604,0.9320286330274401,0.9230832557141988,0.9230832557141988,0.3513753517189639,1,0.004251675722658033,1
368_left_LAD_mid_10mm_80ds_leaky_T3_stenosis_length_B_rederived,90.0,44.80852672024374,grid,518,0.6323689051884224,0.1493219217488937,0.8961164258119215,0.9113316678467123,0.9113316678467123,0.3510410214066593,1,0.00437324536825383,1
368_left_LAD_mid_10mm_80ds_leaky_T3_stenosis_length_B_rederived,95.0,49.80852672024375,grid,527,0.6313128446802811,0.14337047582887563,0.9543617541217173,0.8993465598009002,0.8993465598009002,0.350705177824578,1,0.004629643039783579,1
368_left_LAD_mid_10mm_80ds_leaky_T3_stenosis_length_B_rederived,100.0,54.80852672024375,grid,537,0.6302304196274894,0.13706998438334803,0.7535724489396011,0.8862790442579885,0.8862790442579885,0.3503439366692339,1,0.005217877121166554,1
368_left_LAD_mid_10mm_80ds_leaky_T3_stenosis_length_B_rederived,105.0,59.80852672024374,grid,545,0.6284335506543549,0.13128388885663245,0.7664302080068933,0.8738966242288784,0.8738966242288784,0.35002166961541464,1,0.005504218432890521,1
368_left_LAD_mid_10mm_80ds_leaky_T3_stenosis_length_B_rederived,110.0,64.80852672024375,grid,554,0.6270940981246653,0.1253484555939626,0.9199902837770061,0.860780428733945,0.860780428733945,0.34970796160744766,1,0.004800283304579795,1
368_left_LAD_mid_10mm_80ds_leaky_T3_stenosis_length_B_rederived,115.0,69.80852672024375,grid,562,0.6265092142491175,0.12021729461491924,0.9420339000500513,0.8490910297949883,0.8490910297949883,0.3494361858528499,1,0.005459272188747648,1
368_left_LAD_mid_10mm_80ds_leaky_T3_stenosis_length_B_rederived,120.0,74.80852672024373,grid,573,0.6255534340539236,0.11451198817923161,0.8582083809990857,0.8356864052221871,0.8356864052221871,0.3491279576298327,1,0.003974691331401597,1
368_left_LAD_mid_10mm_80ds_leaky_T3_stenosis_length_B_rederived,125.0,79.80852672024375,grid,584,0.6242043321132172,0.1095465461483435,0.7578931389060964,0.823635864376122,0.823635864376122,0.3488643775727757,1,0.003924585445679788,1
368_left_LAD_mid_10mm_80ds_leaky_T3_stenosis_length_B_rederived,130.0,84.80852672024375,grid,597,0.6216623993200107,0.10451555736242976,0.526622448577105,0.8110208209326786,0.8110208209326786,0.34861704232627583,1,0.0036893328740756253,1
368_left_LAD_mid_10mm_80ds_leaky_T3_stenosis_length_B_rederived,135.0,89.80852672024375,grid,610,0.6144816932339904,0.09957545776394283,0.49768109945878936,0.7981278393475245,0.7981278393475245,0.3484966576084202,0,,1
368_left_LAD_mid_10mm_80ds_leaky_T3_stenosis_length_C_flowmatched,0.0,-45.19147327975625,grid,28,0.9969601077547379,1.6689416376245105,1.5265833846863286,1.4924765800713695,1.4924765800713695,0.8932689938365609,1,0.08029608225157683,1
368_left_LAD_mid_10mm_80ds_leaky_T3_stenosis_length_C_flowmatched,5.0,-40.19147327975626,grid,140,0.9948282095400465,0.7319230424630032,0.9529092527740987,0.9984824632965537,1.0268157035304784,1.308301319740872,1,0.0,1
368_left_LAD_mid_10mm_80ds_leaky_T3_stenosis_length_C_flowmatched,10.0,-35.19147327975625,grid,152,0.9915328007964802,0.7319230424616067,1.1194375295565393,0.9984824632965537,1.1024137676589734,1.3083013197383755,1,0.0,1
368_left_LAD_mid_10mm_80ds_leaky_T3_stenosis_length_C_flowmatched,15.0,-30.191473279756256,grid,163,0.990089308784367,0.731923042459384,1.2364079899748872,0.9984824632965537,1.1782298421541366,1.3083013197344024,1,0.0,1
368_left_LAD_mid_10mm_80ds_leaky_T3_stenosis_length_C_flowmatched,20.0,-25.191473279756256,grid,385,0.9885661166689514,0.2823147277274401,1.0870621084203396,1.0861994636715218,1.0861994636715218,0.3919841145697179,1,0.0028767629167520867,1
368_left_LAD_mid_10mm_80ds_leaky_T3_stenosis_length_C_flowmatched,25.0,-20.191473279756256,grid,396,0.9874938554358258,0.2683641527469429,0.9308751444351832,1.0740332675257018,1.0740332675257018,0.3854206569724853,1,0.0029053062793793108,1
368_left_LAD_mid_10mm_80ds_leaky_T3_stenosis_length_C_flowmatched,30.0,-15.191473279756257,grid,408,0.9856331707230495,0.25365671507099913,0.9807079322410577,1.0608797716134908,1.0608797716134908,0.37801718411081703,1,0.0033934982074152386,1
368_left_LAD_mid_10mm_80ds_leaky_T3_stenosis_length_C_flowmatched,35.0,-10.191473279756252,grid,417,0.9847424671106157,0.24115752650901756,0.9828284551602442,1.0494215719240787,1.0494215719240787,0.37129110351700106,1,0.0036213402678065025,1
368_left_LAD_mid_10mm_80ds_leaky_T3_stenosis_length_C_flowmatched,38.961473279756255,-6.2299999999999995,lesion_prox,425,0.9834873630424475,0.229865420712402,0.9743014127024082,1.0388384736103138,1.0388384736103138,0.36483227568011145,1,0.003552409091284629,1
368_left_LAD_mid_10mm_80ds_leaky_T3_stenosis_length_C_flowmatched,40.0,-5.191473279756255,grid,427,0.9832676961091654,0.22719033630688215,1.00973263225145,1.036297438527183,1.036297438527183,0.36324551837629176,1,0.004039002682707263,1
368_left_LAD_mid_10mm_80ds_leaky_T3_stenosis_length_C_flowmatched,45.19147327975625,0.0,throat,437,0.7269975100831376,0.21393692360921632,1.1482244893700027,1.0234014144841574,1.0234014144841574,0.3551496509373955,1,0.004363668573912416,1
368_left_LAD_mid_10mm_80ds_leaky_T3_stenosis_length_C_flowmatched,50.0,4.808526720243747,grid,446,0.6385493284458874,0.20639569569091457,1.0614486490107946,1.0119296687718173,1.0119296687718173,0.3544160107251525,1,0.003983627811369424,1
368_left_LAD_mid_10mm_80ds_leaky_T3_stenosis_length_C_flowmatched,51.421473279756256,6.2299999999999995,lesion_dist,449,0.6382858105832332,0.2039900698080452,1.0594686138564482,1.0080909810708765,1.0080909810708765,0.35430193403686683,1,0.0038487799789123415,1
368_left_LAD_mid_10mm_80ds_leaky_T3_stenosis_length_C_flowmatched,55.0,9.808526720243744,grid,456,0.6377044152953548,0.19852242846806853,0.9533795077428379,0.9992497311182061,0.9992497311182061,0.3540390309650849,1,0.0039055107220591742,1
368_left_LAD_mid_10mm_80ds_leaky_T3_stenosis_length_C_flowmatched,60.0,14.808526720243743,grid,465,0.6368696494073535,0.19094040243572816,1.0612931887404504,0.98670764307207,0.98670764307207,0.3536682236972545,1,0.0046752113903143645,1
368_left_LAD_mid_10mm_80ds_leaky_T3_stenosis_length_C_flowmatched,65.0,19.808526720243748,grid,473,0.6359515440042854,0.18353431090520458,0.8862725892665265,0.9741241091186493,0.9741241091186493,0.35329547398792877,1,0.004627813360656647,1
368_left_LAD_mid_10mm_80ds_leaky_T3_stenosis_length_C_flowmatched,70.63399512652039,25.442521846764127,measurement,483,0.6347064248215126,0.1752877745648536,0.9423415567003152,0.9596897402077347,0.9596897402077347,0.3528765152680617,1,0.004374778966194935,1
368_left_LAD_mid_10mm_80ds_leaky_T3_stenosis_length_C_flowmatched,75.0,29.80852672024374,grid,490,0.6341741263740476,0.1695439245659619,1.0948354960200564,0.9493567691161546,0.9493567691161546,0.3525799097480862,1,0.004410041832125002,1
368_left_LAD_mid_10mm_80ds_leaky_T3_stenosis_length_C_flowmatched,80.0,34.80852672024375,grid,500,0.6333596807080104,0.16211266209602965,0.8935728993702032,0.9356310721998241,0.9356310721998241,0.35218164138241764,1,0.004305556706112437,1
368_left_LAD_mid_10mm_80ds_leaky_T3_stenosis_length_C_flowmatched,85.0,39.80852672024375,grid,509,0.6324100742696903,0.15551788102999614,0.9320286330274401,0.9230832557141988,0.9230832557141988,0.351820705573159,1,0.004251675722658033,1
368_left_LAD_mid_10mm_80ds_leaky_T3_stenosis_length_C_flowmatched,90.0,44.80852672024374,grid,518,0.6316717539189911,0.1495108180696662,0.8961164258119215,0.9113316678467123,0.9113316678467123,0.3514850979133591,1,0.00437324536825383,1
368_left_LAD_mid_10mm_80ds_leaky_T3_stenosis_length_C_flowmatched,95.0,49.80852672024375,grid,527,0.6306143587987112,0.1435514923984319,0.9543617541217173,0.8993465598009002,0.8993465598009002,0.35114797086023203,1,0.004629643039783579,1
368_left_LAD_mid_10mm_80ds_leaky_T3_stenosis_length_C_flowmatched,100.0,54.80852672024375,grid,537,0.6295305689438241,0.13724268422257596,0.7535724489396011,0.8862790442579885,0.8862790442579885,0.35078534871002065,1,0.005217877121166554,1
368_left_LAD_mid_10mm_80ds_leaky_T3_stenosis_length_C_flowmatched,105.0,59.80852672024374,grid,545,0.6277314384077967,0.13144898843730365,0.7664302080068933,0.8738966242288784,0.8738966242288784,0.3504618487674997,1,0.005504218432890521,1
368_left_LAD_mid_10mm_80ds_leaky_T3_stenosis_length_C_flowmatched,110.0,64.80852672024375,grid,554,0.6263903029779543,0.12550580167728626,0.9199902837770061,0.860780428733945,0.860780428733945,0.35014693931806484,1,0.004800283304579795,1
368_left_LAD_mid_10mm_80ds_leaky_T3_stenosis_length_C_flowmatched,115.0,69.80852672024375,grid,562,0.6258046855641873,0.12036795871332193,0.9420339000500513,0.8490910297949883,0.8490910297949883,0.34987412190905076,1,0.005459272188747648,1
368_left_LAD_mid_10mm_80ds_leaky_T3_stenosis_length_C_flowmatched,120.0,74.80852672024373,grid,573,0.6248477087656752,0.11465524095295755,0.8582083809990857,0.8356864052221871,0.8356864052221871,0.3495647114502053,1,0.003974691331401597,1
368_left_LAD_mid_10mm_80ds_leaky_T3_stenosis_length_C_flowmatched,125.0,79.80852672024375,grid,584,0.6234969206595106,0.10968337288751048,0.7578931389060964,0.823635864376122,0.823635864376122,0.34930011906233543,1,0.003924585445679788,1
368_left_LAD_mid_10mm_80ds_leaky_T3_stenosis_length_C_flowmatched,130.0,84.80852672024375,grid,597,0.6209518162541715,0.10464590738388624,0.526622448577105,0.8110208209326786,0.8110208209326786,0.3490518315585596,1,0.0036893328740756253,1
368_left_LAD_mid_10mm_80ds_leaky_T3_stenosis_length_C_flowmatched,135.0,89.80852672024375,grid,610,0.6137615960655786,0.09969955586627643,0.49768109945878936,0.7981278393475245,0.7981278393475245,0.3489309792259149,0,,1
368_left_LAD_mid_10mm_80ds_leaky_T4_taper_A_fixed,0.0,-45.19147327975625,grid,28,0.9969749629450844,1.657919250644009,1.5265833846863286,1.4924765800713695,1.4924765800713695,0.8873694726635113,1,0.08029608225157683,1
368_left_LAD_mid_10mm_80ds_leaky_T4_taper_A_fixed,5.0,-40.19147327975626,grid,140,0.9948641032399678,0.7232492610530294,0.9529092527740987,0.9984824632965537,1.0268157035304784,1.29279706723418,1,0.0,1
368_left_LAD_mid_10mm_80ds_leaky_T4_taper_A_fixed,10.0,-35.19147327975625,grid,152,0.9916077473113002,0.7232492610520025,1.1194375295565393,0.9984824632965537,1.1024137676589734,1.2927970672323443,1,0.0,1
368_left_LAD_mid_10mm_80ds_leaky_T4_taper_A_fixed,15.0,-30.191473279756256,grid,163,0.990181361652525,0.7232492610490658,1.2364079899748872,0.9984824632965537,1.1782298421541366,1.2927970672270952,1,0.0,1
368_left_LAD_mid_10mm_80ds_leaky_T4_taper_A_fixed,20.0,-25.191473279756256,grid,385,0.9886817773199188,0.27470936862514495,1.0870621084203396,1.0365399158028556,1.0365399158028556,0.4389136249169325,1,0.0032356811481939036,1
368_left_LAD_mid_10mm_80ds_leaky_T4_taper_A_fixed,25.0,-20.191473279756256,grid,396,0.987639217841735,0.2607922097020531,0.9308751444351832,1.0234798612734424,1.0234798612734424,0.4328330289248351,1,0.0032724065992323598,1
368_left_LAD_mid_10mm_80ds_leaky_T4_taper_A_fixed,30.0,-15.191473279756257,grid,408,0.9858325094129161,0.24611932444882684,0.9807079322410577,1.0093599694184268,1.0093599694184268,0.42586423450739946,1,0.003828201464191523,1
368_left_LAD_mid_10mm_80ds_leaky_T4_taper_A_fixed,35.0,-10.191473279756252,grid,417,0.984968951512499,0.23364893960995808,0.9828284551602442,0.9970599283078744,0.9970599283078744,0.4194340767813198,1,0.00409091120598539,1
368_left_LAD_mid_10mm_80ds_leaky_T4_taper_A_fixed,40.19147327975626,-4.999999999999997,lesion_prox,427,0.9835601583209813,0.21971337272492855,1.00973263225145,0.9829715562513675,0.9829715562513675,0.4116208091727472,1,0.004570151966134993,1
368_left_LAD_mid_10mm_80ds_leaky_T4_taper_A_fixed,45.19147327975625,0.0,throat,437,0.7067975539998383,0.20645342011824117,1.0678487751141024,0.9691280528920696,0.9691280528920696,0.4035917416276761,1,0.004945636891307887,1
368_left_LAD_mid_10mm_80ds_leaky_T4_taper_A_fixed,50.19147327975625,4.999999999999997,lesion_dist,447,0.6241633444214808,0.19832799699107664,0.9856556993827756,0.9553691100629159,0.9553691100629159,0.40470085766817154,1,0.0042994033712088755,1
368_left_LAD_mid_10mm_80ds_leaky_T4_taper_A_fixed,55.0,9.808526720243744,grid,456,0.6232370890124885,0.19149056115758908,0.8866429422008393,0.9432019295618276,0.9432019295618276,0.40606636202170276,1,0.004440783790748497,1
368_left_LAD_mid_10mm_80ds_leaky_T4_taper_A_fixed,60.0,14.808526720243743,grid,465,0.622160873077848,0.18411735643570443,0.9870026655286188,0.9297383661084702,0.9297383661084702,0.40763940308487817,1,0.005325062692582633,1
368_left_LAD_mid_10mm_80ds_leaky_T4_taper_A_fixed,65.0,19.808526720243748,grid,473,0.6209776443821379,0.1769182880995471,0.8242335080178697,0.9162303116899277,0.9162303116899277,0.4092818128407675,1,0.005280569787730549,1
368_left_LAD_mid_10mm_80ds_leaky_T4_taper_A_fixed,70.63399512652039,25.442521846764127,measurement,483,0.6193734780324563,0.16890740939440885,0.8763776477312931,0.9007354402597165,0.9007354402597165,0.41126394115887044,1,0.005002518293327563,1
368_left_LAD_mid_10mm_80ds_leaky_T4_taper_A_fixed,75.0,29.80852672024374,grid,490,0.6186878901017043,0.16333058630530733,1.0181970112986525,0.889643299027615,0.889643299027615,0.4127465670284695,1,0.005050720482626336,1
368_left_LAD_mid_10mm_80ds_leaky_T4_taper_A_fixed,80.0,34.80852672024375,grid,500,0.6176392587302378,0.15611776659872642,0.8310227964142891,0.8749091661866724,0.8749091661866724,0.4147888891207644,1,0.004941613199704648,1
368_left_LAD_mid_10mm_80ds_leaky_T4_taper_A_fixed,85.0,39.80852672024375,grid,509,0.6164169716458906,0.14972018958151473,0.8667866287155194,0.861439453421632,0.861439453421632,0.41674440493256887,1,0.004889604644859314,1
368_left_LAD_mid_10mm_80ds_leaky_T4_taper_A_fixed,90.0,44.80852672024374,grid,518,0.6154669291747916,0.14389551629364009,0.833388276005087,0.8488244687117812,0.8488244687117812,0.4186559571807394,1,0.005039133234407361,1
368_left_LAD_mid_10mm_80ds_leaky_T4_taper_A_fixed,95.0,49.80852672024375,grid,527,0.6141066895993936,0.13812013881309268,0.8875564313331971,0.8359588069434565,0.8359588069434565,0.42069374816631266,1,0.0053453466030861235,1
368_left_LAD_mid_10mm_80ds_leaky_T4_taper_A_fixed,100.0,54.80852672024375,grid,537,0.6127129683835943,0.13200926276245023,0.700822377513829,0.8219312124916758,0.8219312124916758,0.4230207504324032,1,0.006038092624902787,1
368_left_LAD_mid_10mm_80ds_leaky_T4_taper_A_fixed,105.0,59.80852672024374,grid,545,0.6103999475439402,0.12640209643535583,0.7127800934464109,0.8086390479689265,0.8086390479689265,0.42535724516937634,1,0.006383565213712362,1
368_left_LAD_mid_10mm_80ds_leaky_T4_taper_A_fixed,110.0,64.80852672024375,grid,554,0.60867617293127,0.12065570323816578,0.8555909639126157,0.7945591970172281,0.7945591970172281,0.42798915341239163,1,0.005580970109004692,1
368_left_LAD_mid_10mm_80ds_leaky_T4_taper_A_fixed,115.0,69.80852672024375,grid,562,0.607923662268967,0.1156906391611103,0.8760915270465477,0.7820109702971375,0.7820109702971375,0.43045065034624197,1,0.0063611431516159105,1
368_left_LAD_mid_10mm_80ds_leaky_T4_taper_A_fixed,120.0,74.80852672024373,grid,573,0.6066942576077458,0.11017236038416715,0.7981337943291497,0.7676214991946808,0.7676214991946808,0.43340602983451304,1,0.00464400386484284,1
368_left_LAD_mid_10mm_80ds_leaky_T4_taper_A_fixed,125.0,79.80852672024375,grid,584,0.6049593323486154,0.10537278669015021,0.7048406191826697,0.7546855972354967,0.7546855972354967,0.43620833987170754,1,0.0045967990208116375,1
368_left_LAD_mid_10mm_80ds_leaky_T4_taper_B_rederived,0.0,-45.19147327975625,grid,28,0.9969484330040569,1.6642413359031398,1.5265833846863286,1.4924765800713695,1.4924765800713695,0.8907532475128288,1,0.08029608225157683,1
368_left_LAD_mid_10mm_80ds_leaky_T4_taper_B_rederived,5.0,-40.19147327975626,grid,140,0.9948501567573284,0.7146331902485005,0.9529092527740987,0.9984824632965537,1.0268157035304784,1.2773959715580374,1,0.0,1
368_left_LAD_mid_10mm_80ds_leaky_T4_taper_B_rederived,10.0,-35.19147327975625,grid,152,0.9916325938074537,0.7146331902472208,1.1194375295565393,0.9984824632965537,1.1024137676589734,1.2773959715557501,1,0.0,1
368_left_LAD_mid_10mm_80ds_leaky_T4_taper_B_rederived,15.0,-30.191473279756256,grid,163,0.990223200685681,0.7146331902446567,1.2364079899748872,0.9984824632965537,1.1782298421541366,1.277395971551167,1,0.0,1
368_left_LAD_mid_10mm_80ds_leaky_T4_taper_B_rederived,20.0,-25.191473279756256,grid,385,0.988757649202752,0.2590923068593479,1.0870621084203396,1.0365399158028556,1.0365399158028556,0.4139616503101583,1,0.0032356811481939036,1
368_left_LAD_mid_10mm_80ds_leaky_T4_taper_B_rederived,25.0,-20.191473279756256,grid,396,0.9877759887552476,0.24528719361885273,0.9308751444351832,1.0234798612734424,1.0234798612734424,0.4070995797451718,1,0.0032724065992323598,1
368_left_LAD_mid_10mm_80ds_leaky_T4_taper_B_rederived,30.0,-15.191473279756257,grid,408,0.9860794888610742,0.23077442133598947,0.9807079322410577,1.0093599694184268,1.0093599694184268,0.39931270129328394,1,0.003828201464191523,1
368_left_LAD_mid_10mm_80ds_leaky_T4_taper_B_rederived,35.0,-10.191473279756252,grid,417,0.9852709814902484,0.21847562270212018,0.9828284551602442,0.9970599283078744,0.9970599283078744,0.3921957500010936,1,0.00409091120598539,1
368_left_LAD_mid_10mm_80ds_leaky_T4_taper_B_rederived,40.19147327975626,-4.999999999999997,lesion_prox,427,0.9839559096205206,0.20477245754833345,1.00973263225145,0.9829715562513675,0.9829715562513675,0.38362983384658456,1,0.004570151966134993,1
368_left_LAD_mid_10mm_80ds_leaky_T4_taper_B_rederived,45.19147327975625,0.0,throat,437,0.7393661696699655,0.19177012446458003,1.0678487751141024,0.9691280528920696,0.9691280528920696,0.37488765495136345,1,0.004945636891307887,1
368_left_LAD_mid_10mm_80ds_leaky_T4_taper_B_rederived,50.19147327975625,4.999999999999997,lesion_dist,447,0.6626721245911841,0.18332616798490642,0.9856556993827756,0.9553691100629159,0.9553691100629159,0.37408867402542795,1,0.0042994033712088755,1
368_left_LAD_mid_10mm_80ds_leaky_T4_taper_B_rederived,55.0,9.808526720243744,grid,456,0.6618181842746825,0.17622015226131596,0.8866429422008393,0.9432019295618276,0.9432019295618276,0.3736846125004276,1,0.004440783790748497,1
368_left_LAD_mid_10mm_80ds_leaky_T4_taper_B_rederived,60.0,14.808526720243743,grid,465,0.6608303055844894,0.1685804064839237,0.9870026655286188,0.9297383661084702,0.9297383661084702,0.37324029413223997,1,0.005325062692582633,1
368_left_LAD_mid_10mm_80ds_leaky_T4_taper_B_rederived,65.0,19.808526720243748,grid,473,0.6597504582925547,0.16114565126697755,0.8242335080178697,0.9162303116899277,0.9162303116899277,0.3727934799190696,1,0.005280569787730549,1
368_left_LAD_mid_10mm_80ds_leaky_T4_taper_B_rederived,70.63399512652039,25.442521846764127,measurement,483,0.6582941047755655,0.1529016792375171,0.8763776477312931,0.9007354402597165,0.9007354402597165,0.37229241416044273,1,0.005002518293327563,1
368_left_LAD_mid_10mm_80ds_leaky_T4_taper_B_rederived,75.0,29.80852672024374,grid,490,0.6576749246965817,0.14718195985672983,1.0181970112986525,0.889643299027615,0.889643299027615,0.37193798193947486,1,0.005050720482626336,1
368_left_LAD_mid_10mm_80ds_leaky_T4_taper_B_rederived,80.0,34.80852672024375,grid,500,0.6567335871731419,0.139810039354468,0.8310227964142891,0.8749091661866724,0.8749091661866724,0.37146093090626636,1,0.004941613199704648,1
368_left_LAD_mid_10mm_80ds_leaky_T4_taper_B_rederived,85.0,39.80852672024375,grid,509,0.655642458996665,0.1332961740104479,0.8667866287155194,0.861439453421632,0.861439453421632,0.37102834876874097,1,0.004889604644859314,1
368_left_LAD_mid_10mm_80ds_leaky_T4_taper_B_rederived,90.0,44.80852672024374,grid,518,0.6547992927253815,0.12738711708033706,0.833388276005087,0.8488244687117812,0.8488244687117812,0.3706256929154962,1,0.005039133234407361,1
368_left_LAD_mid_10mm_80ds_leaky_T4_taper_B_rederived,95.0,49.80852672024375,grid,527,0.6535987553489327,0.12154914773611888,0.8875564313331971,0.8359588069434565,0.8359588069434565,0.37022093220399765,1,0.0053453466030861235,1
368_left_LAD_mid_10mm_80ds_leaky_T4_taper_B_rederived,100.0,54.80852672024375,grid,537,0.6523775064277363,0.11539630801381719,0.700822377513829,0.8219312124916758,0.8219312124916758,0.36978490593479046,1,0.006038092624902787,1
368_left_LAD_mid_10mm_80ds_leaky_T4_taper_B_rederived,105.0,59.80852672024374,grid,545,0.65036286240804,0.10977251570480528,0.7127800934464109,0.8086390479689265,0.8086390479689265,0.3693968390736892,1,0.006383565213712362,1
368_left_LAD_mid_10mm_80ds_leaky_T4_taper_B_rederived,110.0,64.80852672024375,grid,554,0.6488712072847611,0.10403175064824093,0.8555909639126157,0.7945591970172281,0.7945591970172281,0.3690207731006427,1,0.005580970109004692,1
368_left_LAD_mid_10mm_80ds_leaky_T4_taper_B_rederived,115.0,69.80852672024375,grid,562,0.648224738219742,0.09909268237979439,0.8760915270465477,0.7820109702971375,0.7820109702971375,0.36869456236243625,1,0.0063611431516159105,1
368_left_LAD_mid_10mm_80ds_leaky_T4_taper_B_rederived,120.0,74.80852672024373,grid,573,0.6471763662460176,0.09362821013846993,0.7981337943291497,0.7676214991946808,0.7676214991946808,0.3683231501542501,1,0.00464400386484284,1
368_left_LAD_mid_10mm_80ds_leaky_T4_taper_B_rederived,125.0,79.80852672024375,grid,584,0.6457081360155877,0.08889721219465166,0.7048406191826697,0.7546855972354967,0.7546855972354967,0.368004933424397,1,0.0045967990208116375,1
368_left_LAD_mid_10mm_80ds_leaky_T4_taper_C_flowmatched,0.0,-45.19147327975625,grid,28,0.9969648955280613,1.655435453360953,1.5265833846863286,1.4924765800713695,1.4924765800713695,0.8860400678180025,1,0.08029608225157683,1
368_left_LAD_mid_10mm_80ds_leaky_T4_taper_C_flowmatched,5.0,-40.19147327975626,grid,140,0.9948771360437688,0.7111721953905752,0.9529092527740987,0.9984824632965537,1.0268157035304784,1.2712094958255578,1,0.0,1
368_left_LAD_mid_10mm_80ds_leaky_T4_taper_C_flowmatched,10.0,-35.19147327975625,grid,152,0.991675155869755,0.7111721953884386,1.1194375295565393,0.9984824632965537,1.1024137676589734,1.2712094958217388,1,0.0,1
368_left_LAD_mid_10mm_80ds_leaky_T4_taper_C_flowmatched,15.0,-30.191473279756256,grid,163,0.9902725884907762,0.7111721953873792,1.2364079899748872,0.9984824632965537,1.1782298421541366,1.271209495819845,1,0.0,1
368_left_LAD_mid_10mm_80ds_leaky_T4_taper_C_flowmatched,20.0,-25.191473279756256,grid,385,0.9888137417289363,0.25813895750127897,1.0870621084203396,1.0365399158028556,1.0365399158028556,0.4124384477173364,1,0.0032356811481939036,1
368_left_LAD_mid_10mm_80ds_leaky_T4_taper_C_flowmatched,25.0,-20.191473279756256,grid,396,0.9878356302488898,0.24441111536526064,0.9308751444351832,1.0234798612734424,1.0234798612734424,0.4056455654381085,1,0.0032724065992323598,1
368_left_LAD_mid_10mm_80ds_leaky_T4_taper_C_flowmatched,30.0,-15.191473279756257,grid,408,0.9861450756672001,0.2299794980549099,0.9807079322410577,1.0093599694184268,1.0093599694184268,0.3979372327259653,1,0.003828201464191523,1
368_left_LAD_mid_10mm_80ds_leaky_T4_taper_C_flowmatched,35.0,-10.191473279756252,grid,417,0.9853393010475994,0.21774941436606068,0.9828284551602442,0.9970599283078744,0.9970599283078744,0.390892099646444,1,0.00409091120598539,1
368_left_LAD_mid_10mm_80ds_leaky_T4_taper_C_flowmatched,40.19147327975626,-4.999999999999997,lesion_prox,427,0.9840284986737408,0.20412275766655508,1.00973263225145,0.9829715562513675,0.9829715562513675,0.3824126571779989,1,0.004570151966134993,1
368_left_LAD_mid_10mm_80ds_leaky_T4_taper_C_flowmatched,45.19147327975625,0.0,throat,437,0.7406663751245546,0.19119275283745618,1.0678487751141024,0.9691280528920696,0.9691280528920696,0.3737589624820217,1,0.004945636891307887,1
368_left_LAD_mid_10mm_80ds_leaky_T4_taper_C_flowmatched,50.19147327975625,4.999999999999997,lesion_dist,447,0.6642028396787937,0.18277641143832757,0.9856556993827756,0.9553691100629159,0.9553691100629159,0.3729668609214557,1,0.0042994033712088755,1
368_left_LAD_mid_10mm_80ds_leaky_T4_taper_C_flowmatched,55.0,9.808526720243744,grid,456,0.6633514570914397,0.1756927685660279,0.8866429422008393,0.9432019295618276,0.9432019295618276,0.3725662661065343,1,0.004440783790748497,1
368_left_LAD_mid_10mm_80ds_leaky_T4_taper_C_flowmatched,60.0,14.808526720243743,grid,465,0.6623665315626586,0.16807700719373744,0.9870026655286188,0.9297383661084702,0.9297383661084702,0.3721257583267222,1,0.005325062692582633,1
368_left_LAD_mid_10mm_80ds_leaky_T4_taper_C_flowmatched,65.0,19.808526720243748,grid,473,0.6612899042683673,0.16066553208143314,0.8242335080178697,0.9162303116899277,0.9162303116899277,0.37168277478649064,1,0.005280569787730549,1
368_left_LAD_mid_10mm_80ds_leaky_T4_taper_C_flowmatched,70.63399512652039,25.442521846764127,measurement,483,0.6598378839438962,0.15244727252279047,0.8763776477312931,0.9007354402597165,0.9007354402597165,0.3711860026829501,1,0.005002518293327563,1
368_left_LAD_mid_10mm_80ds_leaky_T4_taper_C_flowmatched,75.0,29.80852672024374,grid,490,0.6592205423091462,0.1467453360667674,1.0181970112986525,0.889643299027615,0.889643299027615,0.3708346064207397,1,0.005050720482626336,1
368_left_LAD_mid_10mm_80ds_leaky_T4_taper_C_flowmatched,80.0,34.80852672024375,grid,500,0.6582819931372107,0.13939628978003268,0.8310227964142891,0.8749091661866724,0.8749091661866724,0.37036164073517824,1,0.004941613199704648,1
368_left_LAD_mid_10mm_80ds_leaky_T4_taper_C_flowmatched,85.0,39.80852672024375,grid,509,0.6571940901222302,0.1329025719122864,0.8667866287155194,0.861439453421632,0.861439453421632,0.36993276191010144,1,0.004889604644859314,1
368_left_LAD_mid_10mm_80ds_leaky_T4_taper_C_flowmatched,90.0,44.80852672024374,grid,518,0.6563534107212132,0.12701173928787546,0.833388276005087,0.8488244687117812,0.8488244687117812,0.36953355222164225,1,0.005039133234407361,1
368_left_LAD_mid_10mm_80ds_leaky_T4_taper_C_flowmatched,95.0,49.80852672024375,grid,527,0.6551564072317987,0.12119171841971488,0.8875564313331971,0.8359588069434565,0.8359588069434565,0.3691322547662635,1,0.0053453466030861235,1
368_left_LAD_mid_10mm_80ds_leaky_T4_taper_C_flowmatched,100.0,54.80852672024375,grid,537,0.6539387443198551,0.11505773566313471,0.700822377513829,0.8219312124916758,0.8219312124916758,0.36869995835714137,1,0.006038092624902787,1
368_left_LAD_mid_10mm_80ds_leaky_T4_taper_C_flowmatched,105.0,59.80852672024374,grid,545,0.651930004584094,0.10945109132873852,0.7127800934464109,0.8086390479689265,0.8086390479689265,0.3683152099631786,1,0.006383565213712362,1
368_left_LAD_mid_10mm_80ds_leaky_T4_taper_C_flowmatched,110.0,64.80852672024375,grid,554,0.6504427128462457,0.1037277315934822,0.8555909639126157,0.7945591970172281,0.7945591970172281,0.36794235861732083,1,0.005580970109004692,1
368_left_LAD_mid_10mm_80ds_leaky_T4_taper_C_flowmatched,115.0,69.80852672024375,grid,562,0.6497981312249712,0.09880359017772011,0.8760915270465477,0.7820109702971375,0.7820109702971375,0.36761893578369803,1,0.0063611431516159105,1
368_left_LAD_mid_10mm_80ds_leaky_T4_taper_C_flowmatched,120.0,74.80852672024373,grid,573,0.6487528143753014,0.09335559129828776,0.7981337943291497,0.7676214991946808,0.7676214991946808,0.36725069741955835,1,0.00464400386484284,1
368_left_LAD_mid_10mm_80ds_leaky_T4_taper_C_flowmatched,125.0,79.80852672024375,grid,584,0.6472888550435766,0.08863880165777313,0.7048406191826697,0.7546855972354967,0.7546855972354967,0.3669351996265371,1,0.0045967990208116375,1
368_left_LAD_mid_10mm_80ds_discrete_clean_none,0.0,-45.19147327975625,grid,28,0.9971855216967921,1.3165390524850673,1.5265833846863286,1.4924765800713695,1.4924765800713695,0.7046522707850763,1,0.08029608225157683,1
368_left_LAD_mid_10mm_80ds_discrete_clean_none,5.0,-40.19147327975626,grid,140,0.9948633935659876,0.7954096460389561,0.9529092527740987,0.9984824632965537,1.0268157035304784,1.4217826592062612,1,0.0,1
368_left_LAD_mid_10mm_80ds_discrete_clean_none,10.0,-35.19147327975625,grid,152,0.9912821428740382,0.7954096460373848,1.1194375295565393,0.9984824632965537,1.1024137676589734,1.4217826592034526,1,0.0,1
368_left_LAD_mid_10mm_80ds_discrete_clean_none,15.0,-30.191473279756256,grid,163,0.9897134431558947,0.795409646034706,1.2364079899748872,0.9984824632965537,1.1782298421541366,1.4217826591986642,1,0.0,1
368_left_LAD_mid_10mm_80ds_discrete_clean_none,20.0,-25.191473279756256,grid,385,0.9880395732989661,0.3234135239134804,1.0870621084203396,1.0861994636715218,1.0861994636715218,0.44904835405360244,1,0.0028767629167520867,1
368_left_LAD_mid_10mm_80ds_discrete_clean_none,25.0,-20.191473279756256,grid,396,0.9867731314206911,0.3234135239138448,0.9308751444351832,1.0740332675257018,1.0740332675257018,0.4644817557962037,1,0.0029053062793793108,1
368_left_LAD_mid_10mm_80ds_discrete_clean_none,30.0,-15.191473279756257,grid,408,0.9844619358410385,0.3234135239123867,0.9807079322410577,1.0608797716134908,1.0608797716134908,0.48197371624282487,1,0.0033934982074152386,1
368_left_LAD_mid_10mm_80ds_discrete_clean_none,35.0,-10.191473279756252,grid,417,0.9832947181541185,0.32341352391271416,0.9828284551602442,1.0494215719240787,1.0494215719240787,0.49793413427377936,1,0.0036213402678065025,1
368_left_LAD_mid_10mm_80ds_discrete_clean_none,40.19147327975626,-4.999999999999997,lesion_prox,427,0.981281334141038,0.32341352391271566,1.00973263225145,1.036297438527183,1.036297438527183,0.5170929144842281,1,0.004039002682707263,1
368_left_LAD_mid_10mm_80ds_discrete_clean_none,45.19147327975625,0.0,throat,437,0.4994465059618844,0.3234135239129732,1.1482244893700027,1.0234014144841574,1.0234014144841574,0.5368881546410033,1,0.004363668573912416,1
368_left_LAD_mid_10mm_80ds_discrete_clean_none,50.19147327975625,4.999999999999997,lesion_dist,447,0.39616980280808445,0.3234135239130373,1.0598448380459953,1.0105841634656711,1.0105841634656711,0.557576416164639,1,0.003786963685866629,1
368_left_LAD_mid_10mm_80ds_discrete_clean_none,55.0,9.808526720243744,grid,456,0.39501609116361175,0.32341352391358097,0.9533795077428379,0.9992497311182061,0.9992497311182061,0.5767661190271229,1,0.0039055107220591742,1
368_left_LAD_mid_10mm_80ds_discrete_clean_none,60.0,14.808526720243743,grid,465,0.39362911273530954,0.3234135239134977,1.0612931887404504,0.98670764307207,0.98670764307207,0.599040774309972,1,0.0046752113903143645,1
368_left_LAD_mid_10mm_80ds_discrete_clean_none,65.0,19.808526720243748,grid,473,0.39203485072794236,0.3234135239135451,0.8862725892665265,0.9741241091186493,0.9741241091186493,0.6225568051096331,1,0.004627813360656647,1
368_left_LAD_mid_10mm_80ds_discrete_clean_none,70.63399512652039,25.442521846764127,measurement,483,0.38978599684908216,0.32341352391372935,0.9423415567003152,0.9596897402077347,0.9596897402077347,0.6510724298517258,1,0.004374778966194935,1
368_left_LAD_mid_10mm_80ds_discrete_clean_none,75.0,29.80852672024374,grid,490,0.38878693317666524,0.32341352391315525,1.0948354960200564,0.9493567691161546,0.9493567691161546,0.6725638288987891,1,0.004410041832125002,1
368_left_LAD_mid_10mm_80ds_discrete_clean_none,80.0,34.80852672024375,grid,500,0.38718957632819784,0.32341352391344924,0.8935728993702032,0.9356310721998241,0.9356310721998241,0.7025996873065964,1,0.004305556706112437,1
368_left_LAD_mid_10mm_80ds_discrete_clean_none,85.0,39.80852672024375,grid,509,0.3852516463498511,0.32341352391306866,0.9320286330274401,0.9230832557141988,0.9230832557141988,0.7316430330802353,1,0.004251675722658033,1
368_left_LAD_mid_10mm_80ds_discrete_clean_none,90.0,44.80852672024374,grid,518,0.3836820420632143,0.32341352391319483,0.8961164258119215,0.9113316678467123,0.9113316678467123,0.7603131036723085,1,0.00437324536825383,1
368_left_LAD_mid_10mm_80ds_discrete_clean_none,95.0,49.80852672024375,grid,527,0.3813464675746761,0.3234135239132297,0.9543617541217173,0.8993465598009002,0.8993465598009002,0.7911168374041111,1,0.004629643039783579,1
368_left_LAD_mid_10mm_80ds_discrete_clean_none,100.0,54.80852672024375,grid,537,0.3788328630956116,0.32341352391288053,0.7535724489396011,0.8862790442579885,0.8862790442579885,0.8266285842918136,1,0.005217877121166554,1
368_left_LAD_mid_10mm_80ds_discrete_clean_none,105.0,59.80852672024374,grid,545,0.37449056282837917,0.3234135239129369,0.7664302080068933,0.8738966242288784,0.8738966242288784,0.8622668219390733,1,0.005504218432890521,1
368_left_LAD_mid_10mm_80ds_discrete_clean_none,110.0,64.80852672024375,grid,554,0.37111350081331956,0.3234135239127841,0.9199902837770061,0.860780428733945,0.860780428733945,0.9022870179604251,1,0.004800283304579795,1
368_left_LAD_mid_10mm_80ds_discrete_clean_none,115.0,69.80852672024375,grid,562,0.3695690707389472,0.3234135239126722,0.9420339000500513,0.8490910297949883,0.8490910297949883,0.9400676384481584,1,0.005459272188747648,1
368_left_LAD_mid_10mm_80ds_discrete_clean_none,120.0,74.80852672024373,grid,573,0.36692580409892306,0.32341352391240824,0.8582083809990857,0.8356864052221871,0.8356864052221871,0.9860339067441366,1,0.003974691331401597,1
368_left_LAD_mid_10mm_80ds_discrete_clean_none,125.0,79.80852672024375,grid,584,0.363016803138557,0.3234135239125941,0.7578931389060964,0.823635864376122,0.823635864376122,1.0299499316536986,1,0.003924585445679788,1
368_left_LAD_mid_10mm_80ds_discrete_clean_none,130.0,84.80852672024375,grid,597,0.355261644060552,0.3234135239125176,0.526622448577105,0.8110208209326786,0.8110208209326786,1.0787625211022367,1,0.0036893328740756253,1
368_left_LAD_mid_10mm_80ds_discrete_clean_none,135.0,89.80852672024375,grid,610,0.3292374609812621,0.3234135239125677,0.49768109945878936,0.7981278393475245,0.7981278393475245,1.1318906750705744,0,,1
368_left_LAD_mid_10mm_80ds_discrete_T2_truncation_A_fixed,0.0,-45.19147327975625,grid,28,0.9975269628017981,0.9953358982425184,1.5265833846863286,1.4924765800713695,1.4924765800713695,0.5327344445777079,1,0.08029608225157683,1
368_left_LAD_mid_10mm_80ds_discrete_T2_truncation_A_fixed,5.0,-40.19147327975626,grid,140,0.9959425749943113,0.47384771259755143,0.9529092527740987,0.9984824632965537,1.0268157035304784,0.8469955880353446,1,0.0,1
368_left_LAD_mid_10mm_80ds_discrete_T2_truncation_A_fixed,10.0,-35.19147327975625,grid,152,0.99380912406488,0.47384771259692493,1.1194375295565393,0.9984824632965537,1.1024137676589734,0.8469955880342247,1,0.0,1
368_left_LAD_mid_10mm_80ds_discrete_T2_truncation_A_fixed,15.0,-30.191473279756256,grid,163,0.9928746058868612,0.47384771259490516,1.2364079899748872,0.9984824632965537,1.1782298421541366,0.8469955880306144,1,0.0,1
368_left_LAD_mid_10mm_80ds_discrete_T2_truncation_A_fixed,20.0,-25.191473279756256,grid,385,0.9921300383841024,5.244433886072058e-12,1.0870621084203396,1.0247183545857572,1.0247183545857572,8.672588761541096e-12,1,0.00058709184163399,1
368_left_LAD_mid_10mm_80ds_discrete_T2_truncation_A_fixed,25.0,-20.191473279756256,grid,396,0.9921300383840876,3.0190700015091914e-12,0.9308751444351832,1.0223777944292782,1.0223777944292782,5.026927741389069e-12,1,0.0005876235835470072,1
368_left_LAD_mid_10mm_80ds_discrete_T2_truncation_A_fixed,30.0,-15.191473279756257,grid,408,0.9921300383840722,2.1727705392761855e-12,0.9807079322410577,1.0198472953249134,1.0198472953249134,3.64478657755632e-12,1,0.0006797310667151588,1
368_left_LAD_mid_10mm_80ds_discrete_T2_truncation_A_fixed,35.0,-10.191473279756252,grid,417,0.9921300383840663,1.369770855154099e-12,0.9828284551602442,1.0176429411178483,1.0176429411178483,2.312732122144756e-12,1,0.0007191338613827648,1
368_left_LAD_mid_10mm_80ds_discrete_T2_truncation_A_fixed,40.19147327975626,-4.999999999999997,lesion_prox,427,0.9921300383840568,3.4652527476656925e-13,1.00973263225145,1.0151180908401678,1.0151180908401678,5.894526143491395e-13,1,0.0007941044407165274,1
368_left_LAD_mid_10mm_80ds_discrete_T2_truncation_A_fixed,45.19147327975625,0.0,throat,437,0.9921300383841254,-1.973684817401864e-13,1.1482244893700027,1.0126371247526311,1.0126371247526311,-3.3820494176604667e-13,1,0.0008494125905600244,1
368_left_LAD_mid_10mm_80ds_discrete_T2_truncation_A_fixed,50.19147327975625,4.999999999999997,lesion_dist,447,0.9921300383841908,-8.180062192831058e-13,1.0598448380459953,1.0101713131965877,1.0101713131965877,-1.4120016240215323e-12,1,0.0007295868053296623,1
368_left_LAD_mid_10mm_80ds_discrete_T2_truncation_A_fixed,55.0,9.808526720243744,grid,456,0.9921300383841918,3.069755649056194e-13,0.9533795077428379,1.0079907696289172,1.0079907696289172,5.333322257758862e-13,1,0.0007456217759924488,1
368_left_LAD_mid_10mm_80ds_discrete_T2_truncation_A_fixed,60.0,14.808526720243743,grid,465,0.9921300383841897,7.391503184045516e-13,1.0612931887404504,1.0055778945438874,1.0055778945438874,1.293448970476495e-12,1,0.0008836679273472205,1
368_left_LAD_mid_10mm_80ds_discrete_T2_truncation_A_fixed,65.0,19.808526720243748,grid,473,0.9921300383841868,5.443139027053466e-13,0.8862725892665265,1.00315704600207,1.00315704600207,9.594146103374458e-13,1,0.0008656293877066145,1
368_left_LAD_mid_10mm_80ds_discrete_T2_truncation_A_fixed,70.63399512652039,25.442521846764127,measurement,483,0.9921300383841846,7.188662256788289e-13,0.9423415567003152,1.0003801296716184,1.0003801296716184,1.2776638102991408e-12,1,0.0008083589288223282,1
368_left_LAD_mid_10mm_80ds_discrete_T2_truncation_A_fixed,75.0,29.80852672024374,grid,490,0.9921300383841838,0.0,1.0948354960200564,0.9983922494710095,0.9983922494710095,0.0,1,0.00080771566229447,1
368_left_LAD_mid_10mm_80ds_discrete_T2_truncation_B_rederived,0.0,-45.19147327975625,grid,28,0.9976359159155687,1.1474980080799573,1.5265833846863286,1.4924765800713695,1.4924765800713695,0.6141762947241286,1,0.08029608225157683,1
368_left_LAD_mid_10mm_80ds_discrete_T2_truncation_B_rederived,5.0,-40.19147327975626,grid,140,0.9955576133814346,0.7337442457289745,0.9529092527740987,0.9984824632965537,1.0268157035304784,1.31155669291285,1,0.0,1
368_left_LAD_mid_10mm_80ds_discrete_T2_truncation_B_rederived,10.0,-35.19147327975625,grid,152,0.9922540048561708,0.7337442457280372,1.1194375295565393,0.9984824632965537,1.1024137676589734,1.3115566929111746,1,0.0,1
368_left_LAD_mid_10mm_80ds_discrete_T2_truncation_B_rederived,15.0,-30.191473279756256,grid,163,0.9908069210834267,0.7337442457286394,1.2364079899748872,0.9984824632965537,1.1782298421541366,1.3115566929122509,1,0.0,1
368_left_LAD_mid_10mm_80ds_discrete_T2_truncation_B_rederived,20.0,-25.191473279756256,grid,385,0.9891892914976734,0.35442275070198664,1.0870621084203396,1.0247183545857572,1.0247183545857572,0.5861000121930602,1,0.00058709184163399,1
368_left_LAD_mid_10mm_80ds_discrete_T2_truncation_B_rederived,25.0,-20.191473279756256,grid,396,0.9878014218480978,0.3544227507010555,0.9308751444351832,1.0223777944292782,1.0223777944292782,0.5901345635536546,1,0.0005876235835470072,1
368_left_LAD_mid_10mm_80ds_discrete_T2_truncation_B_rederived,30.0,-15.191473279756257,grid,408,0.9852686264200116,0.35442275070036644,0.9807079322410577,1.0198472953249134,1.0198472953249134,0.5945382916336949,1,0.0006797310667151588,1
368_left_LAD_mid_10mm_80ds_discrete_T2_truncation_B_rederived,35.0,-10.191473279756252,grid,417,0.9839894946809936,0.3544227507003299,0.9828284551602442,1.0176429411178483,1.0176429411178483,0.598410221154356,1,0.0007191338613827648,1
368_left_LAD_mid_10mm_80ds_discrete_T2_truncation_B_rederived,40.19147327975626,-4.999999999999997,lesion_prox,427,0.9817830653038316,0.35442275070027335,1.00973263225145,1.0151180908401678,1.0151180908401678,0.6028865199683391,1,0.0007941044407165274,1
368_left_LAD_mid_10mm_80ds_discrete_T2_truncation_B_rederived,45.19147327975625,0.0,throat,437,0.3906513301599812,0.3544227507000028,1.1482244893700027,1.0126371247526311,1.0126371247526311,0.6073286104457588,1,0.0008494125905600244,1
368_left_LAD_mid_10mm_80ds_discrete_T2_truncation_B_rederived,50.19147327975625,4.999999999999997,lesion_dist,447,0.27394268285492085,0.35442275070000284,1.0598448380459953,1.0101713131965877,1.0101713131965877,0.6117869128393293,1,0.0007295868053296623,1
368_left_LAD_mid_10mm_80ds_discrete_T2_truncation_B_rederived,55.0,9.808526720243744,grid,456,0.2726783521318247,0.35442275070023416,0.9533795077428379,1.0079907696289172,1.0079907696289172,0.615765865777246,1,0.0007456217759924488,1
368_left_LAD_mid_10mm_80ds_discrete_T2_truncation_B_rederived,60.0,14.808526720243743,grid,465,0.27115838876179466,0.3544227507003707,1.0612931887404504,1.0055778945438874,1.0055778945438874,0.6202090841229069,1,0.0008836679273472205,1
368_left_LAD_mid_10mm_80ds_discrete_T2_truncation_B_rederived,65.0,19.808526720243748,grid,473,0.26941126724643305,0.35442275070052853,0.8862725892665265,1.00315704600207,1.00315704600207,0.6247100497856403,1,0.0008656293877066145,1
368_left_LAD_mid_10mm_80ds_discrete_T2_truncation_B_rederived,70.63399512652039,25.442521846764127,measurement,483,0.2669467909065927,0.35442275070071866,0.9423415567003152,1.0003801296716184,1.0003801296716184,0.629926829138996,1,0.0008083589288223282,1
368_left_LAD_mid_10mm_80ds_discrete_T2_truncation_B_rederived,75.0,29.80852672024374,grid,490,0.26585193596478807,0.3544227507006096,1.0948354960200564,0.9983922494710095,0.9983922494710095,0.6336970326744324,1,0.00080771566229447,1
368_left_LAD_mid_10mm_80ds_discrete_T2_truncation_C_flowmatched,0.0,-45.19147327975625,grid,28,0.9971814671061787,1.3411383351992885,1.5265833846863286,1.4924765800713695,1.4924765800713695,0.7178185649345289,1,0.08029608225157683,1
368_left_LAD_mid_10mm_80ds_discrete_T2_truncation_C_flowmatched,5.0,-40.19147327975626,grid,140,0.9947908545068034,0.8289621796187737,0.9529092527740987,0.9984824632965537,1.0268157035304784,1.4817573032827855,1,0.0,1
368_left_LAD_mid_10mm_80ds_discrete_T2_truncation_C_flowmatched,10.0,-35.19147327975625,grid,152,0.9910585369593063,0.8289621796175924,1.1194375295565393,0.9984824632965537,1.1024137676589734,1.481757303280674,1,0.0,1
368_left_LAD_mid_10mm_80ds_discrete_T2_truncation_C_flowmatched,15.0,-30.191473279756256,grid,163,0.9894236652375517,0.8289621796149752,1.2364079899748872,0.9984824632965537,1.1782298421541366,1.4817573032759956,1,0.0,1
368_left_LAD_mid_10mm_80ds_discrete_T2_truncation_C_flowmatched,20.0,-25.191473279756256,grid,385,0.9876428280786063,0.36478777828052894,1.0870621084203396,1.0247183545857572,1.0247183545857572,0.6032403982944963,1,0.00058709184163399,1
368_left_LAD_mid_10mm_80ds_discrete_T2_truncation_C_flowmatched,25.0,-20.191473279756256,grid,396,0.9862143704386548,0.36478777828115844,0.9308751444351832,1.0223777944292782,1.0223777944292782,0.6073929393636346,1,0.0005876235835470072,1
368_left_LAD_mid_10mm_80ds_discrete_T2_truncation_C_flowmatched,30.0,-15.191473279756257,grid,408,0.9836075038782437,0.3647877782803689,0.9807079322410577,1.0198472953249134,1.0198472953249134,0.6119254536541167,1,0.0006797310667151588,1
368_left_LAD_mid_10mm_80ds_discrete_T2_truncation_C_flowmatched,35.0,-10.191473279756252,grid,417,0.9822909641688677,0.3647877782792931,0.9828284551602442,1.0176429411178483,1.0176429411178483,0.6159106170334081,1,0.0007191338613827648,1
368_left_LAD_mid_10mm_80ds_discrete_T2_truncation_C_flowmatched,40.19147327975626,-4.999999999999997,lesion_prox,427,0.9800200081739874,0.36478777827935166,1.00973263225145,1.0151180908401678,1.0151180908401678,0.6205178243758006,1,0.0007941044407165274,1
368_left_LAD_mid_10mm_80ds_discrete_T2_truncation_C_flowmatched,45.19147327975625,0.0,throat,437,0.3575113115143178,0.36478777827897274,1.1482244893700027,1.0126371247526311,1.0126371247526311,0.6250898229648053,1,0.0008494125905600244,1
368_left_LAD_mid_10mm_80ds_discrete_T2_truncation_C_flowmatched,50.19147327975625,4.999999999999997,lesion_dist,447,0.23738954147480532,0.3647877782790507,1.0598448380459953,1.0101713131965877,1.0101713131965877,0.6296785075847456,1,0.0007295868053296623,1
368_left_LAD_mid_10mm_80ds_discrete_T2_truncation_C_flowmatched,55.0,9.808526720243744,grid,456,0.23608823563431658,0.3647877782790373,0.9533795077428379,1.0079907696289172,1.0079907696289172,0.6337738242625773,1,0.0007456217759924488,1
368_left_LAD_mid_10mm_80ds_discrete_T2_truncation_C_flowmatched,60.0,14.808526720243743,grid,465,0.2345238212175696,0.36478777827898384,1.0612931887404504,1.0055778945438874,1.0055778945438874,0.6383469837039498,1,0.0008836679273472205,1
368_left_LAD_mid_10mm_80ds_discrete_T2_truncation_C_flowmatched,65.0,19.808526720243748,grid,473,0.23272560545768314,0.3647877782787134,0.8862725892665265,1.00315704600207,1.00315704600207,0.6429795792715411,1,0.0008656293877066145,1
368_left_LAD_mid_10mm_80ds_discrete_T2_truncation_C_flowmatched,70.63399512652039,25.442521846764127,measurement,483,0.23018905596458789,0.364787778278957,0.9423415567003152,1.0003801296716184,1.0003801296716184,0.6483489223691546,1,0.0008083589288223282,1
368_left_LAD_mid_10mm_80ds_discrete_T2_truncation_C_flowmatched,75.0,29.80852672024374,grid,490,0.2290621821931694,0.3647877782788348,1.0948354960200564,0.9983922494710095,0.9983922494710095,0.6522293848073755,1,0.00080771566229447,1
368_left_LAD_mid_10mm_80ds_discrete_T3_stenosis_length_A_fixed,0.0,-45.19147327975625,grid,28,0.9972013539810647,1.3016451818232777,1.5265833846863286,1.4924765800713695,1.4924765800713695,0.6966806122438434,1,0.08029608225157683,1
368_left_LAD_mid_10mm_80ds_discrete_T3_stenosis_length_A_fixed,5.0,-40.19147327975626,grid,140,0.9949134341349957,0.7804991391408268,0.9529092527740987,0.9984824632965537,1.0268157035304784,1.3951303546317486,1,0.0,1
368_left_LAD_mid_10mm_80ds_discrete_T3_stenosis_length_A_fixed,10.0,-35.19147327975625,grid,152,0.9913993164774677,0.780499139139181,1.1194375295565393,0.9984824632965537,1.1024137676589734,1.3951303546288067,1,0.0,1
368_left_LAD_mid_10mm_80ds_discrete_T3_stenosis_length_A_fixed,15.0,-30.191473279756256,grid,163,0.989860023126325,0.7804991391391213,1.2364079899748872,0.9984824632965537,1.1782298421541366,1.3951303546287,1,0.0,1
368_left_LAD_mid_10mm_80ds_discrete_T3_stenosis_length_A_fixed,20.0,-25.191473279756256,grid,385,0.9882292440956718,0.30841716001872327,1.0870621084203396,1.0861994636715218,1.0861994636715218,0.42822642786374077,1,0.0028767629167520867,1
368_left_LAD_mid_10mm_80ds_discrete_T3_stenosis_length_A_fixed,25.0,-20.191473279756256,grid,396,0.9870215258694833,0.30841716001891567,0.9308751444351832,1.0740332675257018,1.0740332675257018,0.4429441980955212,1,0.0029053062793793108,1
368_left_LAD_mid_10mm_80ds_discrete_T3_stenosis_length_A_fixed,30.0,-15.191473279756257,grid,408,0.9848174981334138,0.3084171600181431,0.9807079322410577,1.0608797716134908,1.0608797716134908,0.4596250737098789,1,0.0033934982074152386,1
368_left_LAD_mid_10mm_80ds_discrete_T3_stenosis_length_A_fixed,35.0,-10.191473279756252,grid,417,0.9837044031713762,0.30841716001758157,0.9828284551602442,1.0494215719240787,1.0494215719240787,0.474845423007046,1,0.0036213402678065025,1
368_left_LAD_mid_10mm_80ds_discrete_T3_stenosis_length_A_fixed,38.961473279756255,-6.2299999999999995,lesion_prox,425,0.982055504763368,0.30841716001829894,0.9743014127024082,1.0388384736103138,1.0388384736103138,0.4895061379808582,1,0.003552409091284629,1
368_left_LAD_mid_10mm_80ds_discrete_T3_stenosis_length_A_fixed,40.0,-5.191473279756255,grid,427,0.9817581534896325,0.30841716001781866,1.00973263225145,1.036297438527183,1.036297438527183,0.49311582960768113,1,0.004039002682707263,1
368_left_LAD_mid_10mm_80ds_discrete_T3_stenosis_length_A_fixed,45.19147327975625,0.0,throat,437,0.5089356091860396,0.30841716001785646,1.1482244893700027,1.0234014144841574,1.0234014144841574,0.5119931841383452,1,0.004363668573912416,1
368_left_LAD_mid_10mm_80ds_discrete_T3_stenosis_length_A_fixed,50.0,4.808526720243747,grid,446,0.3803615022662277,0.3084171600179118,1.0614486490107946,1.0119296687718173,1.0119296687718173,0.5296039683716185,1,0.003983627811369424,1
368_left_LAD_mid_10mm_80ds_discrete_T3_stenosis_length_A_fixed,51.421473279756256,6.2299999999999995,lesion_dist,449,0.37996482690298305,0.3084171600178196,1.0594686138564482,1.0080909810708765,1.0080909810708765,0.535677037550392,1,0.0038487799789123415,1
368_left_LAD_mid_10mm_80ds_discrete_T3_stenosis_length_A_fixed,55.0,9.808526720243744,grid,456,0.3790711232366453,0.3084171600177126,0.9533795077428379,0.9992497311182061,0.9992497311182061,0.5500220469206959,1,0.0039055107220591742,1
368_left_LAD_mid_10mm_80ds_discrete_T3_stenosis_length_A_fixed,60.0,14.808526720243743,grid,465,0.37774845762054277,0.30841716001799463,1.0612931887404504,0.98670764307207,0.98670764307207,0.5712638485615019,1,0.0046752113903143645,1
368_left_LAD_mid_10mm_80ds_discrete_T3_stenosis_length_A_fixed,65.0,19.808526720243748,grid,473,0.3762281199590656,0.3084171600179714,0.8862725892665265,0.9741241091186493,0.9741241091186493,0.5936894643685404,1,0.004627813360656647,1
368_left_LAD_mid_10mm_80ds_discrete_T3_stenosis_length_A_fixed,70.63399512652039,25.442521846764127,measurement,483,0.374083543201047,0.3084171600183201,0.9423415567003152,0.9596897402077347,0.9596897402077347,0.6208828479128786,1,0.004374778966194935,1
368_left_LAD_mid_10mm_80ds_discrete_T3_stenosis_length_A_fixed,75.0,29.80852672024374,grid,490,0.3731308051188677,0.30841716001823316,1.0948354960200564,0.9493567691161546,0.9493567691161546,0.6413777121319567,1,0.004410041832125002,1
368_left_LAD_mid_10mm_80ds_discrete_T3_stenosis_length_A_fixed,80.0,34.80852672024375,grid,500,0.3716075161209946,0.3084171600187893,0.8935728993702032,0.9356310721998241,0.9356310721998241,0.6700208376171081,1,0.004305556706112437,1
368_left_LAD_mid_10mm_80ds_discrete_T3_stenosis_length_A_fixed,85.0,39.80852672024375,grid,509,0.36975944603102145,0.308417160018622,0.9320286330274401,0.9230832557141988,0.9230832557141988,0.6977174722930584,1,0.004251675722658033,1
368_left_LAD_mid_10mm_80ds_discrete_T3_stenosis_length_A_fixed,90.0,44.80852672024374,grid,518,0.3682626227362493,0.3084171600187117,0.8961164258119215,0.9113316678467123,0.9113316678467123,0.7250581401863841,1,0.00437324536825383,1
368_left_LAD_mid_10mm_80ds_discrete_T3_stenosis_length_A_fixed,95.0,49.80852672024375,grid,527,0.36603534651708836,0.308417160018552,0.9543617541217173,0.8993465598009002,0.8993465598009002,0.7544335353783688,1,0.004629643039783579,1
368_left_LAD_mid_10mm_80ds_discrete_T3_stenosis_length_A_fixed,100.0,54.80852672024375,grid,537,0.36363829538124476,0.30841716001853753,0.7535724489396011,0.8862790442579885,0.8862790442579885,0.788298637833406,1,0.005217877121166554,1
368_left_LAD_mid_10mm_80ds_discrete_T3_stenosis_length_A_fixed,105.0,59.80852672024374,grid,545,0.35949734326469646,0.30841716001847036,0.7664302080068933,0.8738966242288784,0.8738966242288784,0.8222843657960072,1,0.005504218432890521,1
368_left_LAD_mid_10mm_80ds_discrete_T3_stenosis_length_A_fixed,110.0,64.80852672024375,grid,554,0.3562768722612283,0.3084171600183876,0.9199902837770061,0.860780428733945,0.860780428733945,0.8604488650754721,1,0.004800283304579795,1
368_left_LAD_mid_10mm_80ds_discrete_T3_stenosis_length_A_fixed,115.0,69.80852672024375,grid,562,0.3548040558754993,0.3084171600184672,0.9420339000500513,0.8490910297949883,0.8490910297949883,0.8964776357148739,1,0.005459272188747648,1
368_left_LAD_mid_10mm_80ds_discrete_T3_stenosis_length_A_fixed,120.0,74.80852672024373,grid,573,0.35228335488431867,0.30841716001824837,0.8582083809990857,0.8356864052221871,0.8356864052221871,0.9403124938030997,1,0.003974691331401597,1
368_left_LAD_mid_10mm_80ds_discrete_T3_stenosis_length_A_fixed,125.0,79.80852672024375,grid,584,0.3485556104161216,0.3084171600183444,0.7578931389060964,0.823635864376122,0.823635864376122,0.9821921762541108,1,0.003924585445679788,1
368_left_LAD_mid_10mm_80ds_discrete_T3_stenosis_length_A_fixed,130.0,84.80852672024375,grid,597,0.3411600503622536,0.3084171600182556,0.526622448577105,0.8110208209326786,0.8110208209326786,1.0287413744098164,1,0.0036893328740756253,1
368_left_LAD_mid_10mm_80ds_discrete_T3_stenosis_length_A_fixed,135.0,89.80852672024375,grid,610,0.3165471028435455,0.308417160018327,0.49768109945878936,0.7981278393475245,0.7981278393475245,1.079406028644827,0,,1
368_left_LAD_mid_10mm_80ds_discrete_T3_stenosis_length_B_rederived,0.0,-45.19147327975625,grid,28,0.9972013539810647,1.3016451818232777,1.5265833846863286,1.4924765800713695,1.4924765800713695,0.6966806122438434,1,0.08029608225157683,1
368_left_LAD_mid_10mm_80ds_discrete_T3_stenosis_length_B_rederived,5.0,-40.19147327975626,grid,140,0.9949134341349957,0.7804991391408268,0.9529092527740987,0.9984824632965537,1.0268157035304784,1.3951303546317486,1,0.0,1
368_left_LAD_mid_10mm_80ds_discrete_T3_stenosis_length_B_rederived,10.0,-35.19147327975625,grid,152,0.9913993164774677,0.780499139139181,1.1194375295565393,0.9984824632965537,1.1024137676589734,1.3951303546288067,1,0.0,1
368_left_LAD_mid_10mm_80ds_discrete_T3_stenosis_length_B_rederived,15.0,-30.191473279756256,grid,163,0.989860023126325,0.7804991391391213,1.2364079899748872,0.9984824632965537,1.1782298421541366,1.3951303546287,1,0.0,1
368_left_LAD_mid_10mm_80ds_discrete_T3_stenosis_length_B_rederived,20.0,-25.191473279756256,grid,385,0.9882292440956718,0.30841716001872327,1.0870621084203396,1.0861994636715218,1.0861994636715218,0.42822642786374077,1,0.0028767629167520867,1
368_left_LAD_mid_10mm_80ds_discrete_T3_stenosis_length_B_rederived,25.0,-20.191473279756256,grid,396,0.9870215258694833,0.30841716001891567,0.9308751444351832,1.0740332675257018,1.0740332675257018,0.4429441980955212,1,0.0029053062793793108,1
368_left_LAD_mid_10mm_80ds_discrete_T3_stenosis_length_B_rederived,30.0,-15.191473279756257,grid,408,0.9848174981334138,0.3084171600181431,0.9807079322410577,1.0608797716134908,1.0608797716134908,0.4596250737098789,1,0.0033934982074152386,1
368_left_LAD_mid_10mm_80ds_discrete_T3_stenosis_length_B_rederived,35.0,-10.191473279756252,grid,417,0.9837044031713762,0.30841716001758157,0.9828284551602442,1.0494215719240787,1.0494215719240787,0.474845423007046,1,0.0036213402678065025,1
368_left_LAD_mid_10mm_80ds_discrete_T3_stenosis_length_B_rederived,38.961473279756255,-6.2299999999999995,lesion_prox,425,0.982055504763368,0.30841716001829894,0.9743014127024082,1.0388384736103138,1.0388384736103138,0.4895061379808582,1,0.003552409091284629,1
368_left_LAD_mid_10mm_80ds_discrete_T3_stenosis_length_B_rederived,40.0,-5.191473279756255,grid,427,0.9817581534896325,0.30841716001781866,1.00973263225145,1.036297438527183,1.036297438527183,0.49311582960768113,1,0.004039002682707263,1
368_left_LAD_mid_10mm_80ds_discrete_T3_stenosis_length_B_rederived,45.19147327975625,0.0,throat,437,0.5089356091860396,0.30841716001785646,1.1482244893700027,1.0234014144841574,1.0234014144841574,0.5119931841383452,1,0.004363668573912416,1
368_left_LAD_mid_10mm_80ds_discrete_T3_stenosis_length_B_rederived,50.0,4.808526720243747,grid,446,0.3803615022662277,0.3084171600179118,1.0614486490107946,1.0119296687718173,1.0119296687718173,0.5296039683716185,1,0.003983627811369424,1
368_left_LAD_mid_10mm_80ds_discrete_T3_stenosis_length_B_rederived,51.421473279756256,6.2299999999999995,lesion_dist,449,0.37996482690298305,0.3084171600178196,1.0594686138564482,1.0080909810708765,1.0080909810708765,0.535677037550392,1,0.0038487799789123415,1
368_left_LAD_mid_10mm_80ds_discrete_T3_stenosis_length_B_rederived,55.0,9.808526720243744,grid,456,0.3790711232366453,0.3084171600177126,0.9533795077428379,0.9992497311182061,0.9992497311182061,0.5500220469206959,1,0.0039055107220591742,1
368_left_LAD_mid_10mm_80ds_discrete_T3_stenosis_length_B_rederived,60.0,14.808526720243743,grid,465,0.37774845762054277,0.30841716001799463,1.0612931887404504,0.98670764307207,0.98670764307207,0.5712638485615019,1,0.0046752113903143645,1
368_left_LAD_mid_10mm_80ds_discrete_T3_stenosis_length_B_rederived,65.0,19.808526720243748,grid,473,0.3762281199590656,0.3084171600179714,0.8862725892665265,0.9741241091186493,0.9741241091186493,0.5936894643685404,1,0.004627813360656647,1
368_left_LAD_mid_10mm_80ds_discrete_T3_stenosis_length_B_rederived,70.63399512652039,25.442521846764127,measurement,483,0.374083543201047,0.3084171600183201,0.9423415567003152,0.9596897402077347,0.9596897402077347,0.6208828479128786,1,0.004374778966194935,1
368_left_LAD_mid_10mm_80ds_discrete_T3_stenosis_length_B_rederived,75.0,29.80852672024374,grid,490,0.3731308051188677,0.30841716001823316,1.0948354960200564,0.9493567691161546,0.9493567691161546,0.6413777121319567,1,0.004410041832125002,1
368_left_LAD_mid_10mm_80ds_discrete_T3_stenosis_length_B_rederived,80.0,34.80852672024375,grid,500,0.3716075161209946,0.3084171600187893,0.8935728993702032,0.9356310721998241,0.9356310721998241,0.6700208376171081,1,0.004305556706112437,1
368_left_LAD_mid_10mm_80ds_discrete_T3_stenosis_length_B_rederived,85.0,39.80852672024375,grid,509,0.36975944603102145,0.308417160018622,0.9320286330274401,0.9230832557141988,0.9230832557141988,0.6977174722930584,1,0.004251675722658033,1
368_left_LAD_mid_10mm_80ds_discrete_T3_stenosis_length_B_rederived,90.0,44.80852672024374,grid,518,0.3682626227362493,0.3084171600187117,0.8961164258119215,0.9113316678467123,0.9113316678467123,0.7250581401863841,1,0.00437324536825383,1
368_left_LAD_mid_10mm_80ds_discrete_T3_stenosis_length_B_rederived,95.0,49.80852672024375,grid,527,0.36603534651708836,0.308417160018552,0.9543617541217173,0.8993465598009002,0.8993465598009002,0.7544335353783688,1,0.004629643039783579,1
368_left_LAD_mid_10mm_80ds_discrete_T3_stenosis_length_B_rederived,100.0,54.80852672024375,grid,537,0.36363829538124476,0.30841716001853753,0.7535724489396011,0.8862790442579885,0.8862790442579885,0.788298637833406,1,0.005217877121166554,1
368_left_LAD_mid_10mm_80ds_discrete_T3_stenosis_length_B_rederived,105.0,59.80852672024374,grid,545,0.35949734326469646,0.30841716001847036,0.7664302080068933,0.8738966242288784,0.8738966242288784,0.8222843657960072,1,0.005504218432890521,1
368_left_LAD_mid_10mm_80ds_discrete_T3_stenosis_length_B_rederived,110.0,64.80852672024375,grid,554,0.3562768722612283,0.3084171600183876,0.9199902837770061,0.860780428733945,0.860780428733945,0.8604488650754721,1,0.004800283304579795,1
368_left_LAD_mid_10mm_80ds_discrete_T3_stenosis_length_B_rederived,115.0,69.80852672024375,grid,562,0.3548040558754993,0.3084171600184672,0.9420339000500513,0.8490910297949883,0.8490910297949883,0.8964776357148739,1,0.005459272188747648,1
368_left_LAD_mid_10mm_80ds_discrete_T3_stenosis_length_B_rederived,120.0,74.80852672024373,grid,573,0.35228335488431867,0.30841716001824837,0.8582083809990857,0.8356864052221871,0.8356864052221871,0.9403124938030997,1,0.003974691331401597,1
368_left_LAD_mid_10mm_80ds_discrete_T3_stenosis_length_B_rederived,125.0,79.80852672024375,grid,584,0.3485556104161216,0.3084171600183444,0.7578931389060964,0.823635864376122,0.823635864376122,0.9821921762541108,1,0.003924585445679788,1
368_left_LAD_mid_10mm_80ds_discrete_T3_stenosis_length_B_rederived,130.0,84.80852672024375,grid,597,0.3411600503622536,0.3084171600182556,0.526622448577105,0.8110208209326786,0.8110208209326786,1.0287413744098164,1,0.0036893328740756253,1
368_left_LAD_mid_10mm_80ds_discrete_T3_stenosis_length_B_rederived,135.0,89.80852672024375,grid,610,0.3165471028435455,0.308417160018327,0.49768109945878936,0.7981278393475245,0.7981278393475245,1.079406028644827,0,,1
368_left_LAD_mid_10mm_80ds_discrete_T3_stenosis_length_C_flowmatched,0.0,-45.19147327975625,grid,28,0.9971867777650311,1.3079319202756468,1.5265833846863286,1.4924765800713695,1.4924765800713695,0.7000454683929502,1,0.08029608225157683,1
368_left_LAD_mid_10mm_80ds_discrete_T3_stenosis_length_C_flowmatched,5.0,-40.19147327975626,grid,140,0.9948887089909865,0.7835975287878836,0.9529092527740987,0.9984824632965537,1.0268157035304784,1.400668679058146,1,0.0,1
368_left_LAD_mid_10mm_80ds_discrete_T3_stenosis_length_C_flowmatched,10.0,-35.19147327975625,grid,152,0.991360641150527,0.7835975287861703,1.1194375295565393,0.9984824632965537,1.1024137676589734,1.4006686790550833,1,0.0,1
368_left_LAD_mid_10mm_80ds_discrete_T3_stenosis_length_C_flowmatched,15.0,-30.191473279756256,grid,163,0.9898152371833158,0.7835975287829412,1.2364079899748872,0.9984824632965537,1.1782298421541366,1.4006686790493115,1,0.0,1
368_left_LAD_mid_10mm_80ds_discrete_T3_stenosis_length_C_flowmatched,20.0,-25.191473279756256,grid,385,0.9881790812855016,0.3088048507619469,1.0870621084203396,1.0861994636715218,1.0861994636715218,0.428764722886224,1,0.0028767629167520867,1
368_left_LAD_mid_10mm_80ds_discrete_T3_stenosis_length_C_flowmatched,25.0,-20.191473279756256,grid,396,0.9869698449168813,0.3088048507627193,0.9308751444351832,1.0740332675257018,1.0740332675257018,0.44350099385102537,1,0.0029053062793793108,1
368_left_LAD_mid_10mm_80ds_discrete_T3_stenosis_length_C_flowmatched,30.0,-15.191473279756257,grid,408,0.9847630466438132,0.30880485076249026,0.9807079322410577,1.0608797716134908,1.0608797716134908,0.4602028378879055,1,0.0033934982074152386,1
368_left_LAD_mid_10mm_80ds_discrete_T3_stenosis_length_C_flowmatched,35.0,-10.191473279756252,grid,417,0.9836485524839675,0.30880485076104336,0.9828284551602442,1.0494215719240787,1.0494215719240787,0.4754423196747429,1,0.0036213402678065025,1
368_left_LAD_mid_10mm_80ds_discrete_T3_stenosis_length_C_flowmatched,38.961473279756255,-6.2299999999999995,lesion_prox,425,0.9819975813552008,0.3088048507619826,0.9743014127024082,1.0388384736103138,1.0388384736103138,0.4901214636607272,1,0.003552409091284629,1
368_left_LAD_mid_10mm_80ds_discrete_T3_stenosis_length_C_flowmatched,40.0,-5.191473279756255,grid,427,0.9816998563009126,0.30880485076187825,1.00973263225145,1.036297438527183,1.036297438527183,0.49373569279193824,1,0.004039002682707263,1
368_left_LAD_mid_10mm_80ds_discrete_T3_stenosis_length_C_flowmatched,45.19147327975625,0.0,throat,437,0.507855313193042,0.3088048507617292,1.1482244893700027,1.0234014144841574,1.0234014144841574,0.5126367767918956,1,0.004363668573912416,1
368_left_LAD_mid_10mm_80ds_discrete_T3_stenosis_length_C_flowmatched,50.0,4.808526720243747,grid,446,0.3791195842961921,0.30880485076179776,1.0614486490107946,1.0119296687718173,1.0119296687718173,0.5302696983733182,1,0.003983627811369424,1
368_left_LAD_mid_10mm_80ds_discrete_T3_stenosis_length_C_flowmatched,51.421473279756256,6.2299999999999995,lesion_dist,449,0.37872241029867354,0.3088048507618249,1.0594686138564482,1.0080909810708765,1.0080909810708765,0.5363504016045272,1,0.0038487799789123415,1
368_left_LAD_mid_10mm_80ds_discrete_T3_stenosis_length_C_flowmatched,55.0,9.808526720243744,grid,456,0.3778275832167668,0.30880485076162567,0.9533795077428379,0.9992497311182061,0.9992497311182061,0.5507134431339514,1,0.0039055107220591742,1
368_left_LAD_mid_10mm_80ds_discrete_T3_stenosis_length_C_flowmatched,60.0,14.808526720243743,grid,465,0.3765032549654956,0.30880485076214825,1.0612931887404504,0.98670764307207,0.98670764307207,0.571981946434344,1,0.0046752113903143645,1
368_left_LAD_mid_10mm_80ds_discrete_T3_stenosis_length_C_flowmatched,65.0,19.808526720243748,grid,473,0.3749810061884403,0.3088048507619916,0.8862725892665265,0.9741241091186493,0.9741241091186493,0.5944357519945096,1,0.004627813360656647,1
368_left_LAD_mid_10mm_80ds_discrete_T3_stenosis_length_C_flowmatched,70.63399512652039,25.442521846764127,measurement,483,0.37283373362530337,0.30880485076218855,0.9423415567003152,0.9596897402077347,0.9596897402077347,0.6216633185363297,1,0.004374778966194935,1
368_left_LAD_mid_10mm_80ds_discrete_T3_stenosis_length_C_flowmatched,75.0,29.80852672024374,grid,490,0.37187979791930936,0.30880485076183106,1.0948354960200564,0.9493567691161546,0.9493567691161546,0.6421839454885211,1,0.004410041832125002,1
368_left_LAD_mid_10mm_80ds_discrete_T3_stenosis_length_C_flowmatched,80.0,34.80852672024375,grid,500,0.37035459409593086,0.3088048507623268,0.8935728993702032,0.9356310721998241,0.9356310721998241,0.6708630763456714,1,0.004305556706112437,1
368_left_LAD_mid_10mm_80ds_discrete_T3_stenosis_length_C_flowmatched,85.0,39.80852672024375,grid,509,0.36850420091969666,0.30880485076201464,0.9320286330274401,0.9230832557141988,0.9230832557141988,0.6985945266226391,1,0.004251675722658033,1
368_left_LAD_mid_10mm_80ds_discrete_T3_stenosis_length_C_flowmatched,90.0,44.80852672024374,grid,518,0.3670054960677002,0.30880485076158065,0.8961164258119215,0.9113316678467123,0.9113316678467123,0.7259695626538466,1,0.00437324536825383,1
368_left_LAD_mid_10mm_80ds_discrete_T3_stenosis_length_C_flowmatched,95.0,49.80852672024375,grid,527,0.3647754200874238,0.3088048507613925,0.9543617541217173,0.8993465598009002,0.8993465598009002,0.7553818837054757,1,0.004629643039783579,1
368_left_LAD_mid_10mm_80ds_discrete_T3_stenosis_length_C_flowmatched,100.0,54.80852672024375,grid,537,0.36237535577768504,0.3088048507612867,0.7535724489396011,0.8862790442579885,0.8862790442579885,0.789289555733018,1,0.005217877121166554,1
368_left_LAD_mid_10mm_80ds_discrete_T3_stenosis_length_C_flowmatched,105.0,59.80852672024374,grid,545,0.3582291983450592,0.3088048507612362,0.7664302080068933,0.8738966242288784,0.8738966242288784,0.8233180048987118,1,0.005504218432890521,1
368_left_LAD_mid_10mm_80ds_discrete_T3_stenosis_length_C_flowmatched,110.0,64.80852672024375,grid,554,0.3550046791012294,0.30880485076114883,0.9199902837770061,0.860780428733945,0.860780428733945,0.8615304782372991,1,0.004800283304579795,1
368_left_LAD_mid_10mm_80ds_discrete_T3_stenosis_length_C_flowmatched,115.0,69.80852672024375,grid,562,0.35353001133577006,0.3088048507612441,0.9420339000500513,0.8490910297949883,0.8490910297949883,0.8976045382531516,1,0.005459272188747648,1
368_left_LAD_mid_10mm_80ds_discrete_T3_stenosis_length_C_flowmatched,120.0,74.80852672024373,grid,573,0.351006141738667,0.30880485076119835,0.8582083809990857,0.8356864052221871,0.8356864052221871,0.9414944982327691,1,0.003974691331401597,1
368_left_LAD_mid_10mm_80ds_discrete_T3_stenosis_length_C_flowmatched,125.0,79.80852672024375,grid,584,0.347273711370301,0.30880485076123654,0.7578931389060964,0.823635864376122,0.823635864376122,0.9834268248529505,1,0.003924585445679788,1
368_left_LAD_mid_10mm_80ds_discrete_T3_stenosis_length_C_flowmatched,130.0,84.80852672024375,grid,597,0.3398688548487131,0.3088048507613349,0.526622448577105,0.8110208209326786,0.8110208209326786,1.0300345369169148,1,0.0036893328740756253,1
368_left_LAD_mid_10mm_80ds_discrete_T3_stenosis_length_C_flowmatched,135.0,89.80852672024375,grid,610,0.3152196740641201,0.30880485076140146,0.49768109945878936,0.7981278393475245,0.7981278393475245,1.0807628783262764,0,,1
368_left_LAD_mid_10mm_80ds_discrete_T4_taper_A_fixed,0.0,-45.19147327975625,grid,28,0.9972222124054531,1.2820230812613551,1.5265833846863286,1.4924765800713695,1.4924765800713695,0.6861782593569823,1,0.08029608225157683,1
368_left_LAD_mid_10mm_80ds_discrete_T4_taper_A_fixed,5.0,-40.19147327975626,grid,140,0.9949793606560728,0.7608551209824067,0.9529092527740987,0.9984824632965537,1.0268157035304784,1.3600169705863574,1,0.0,1
368_left_LAD_mid_10mm_80ds_discrete_T4_taper_A_fixed,10.0,-35.19147327975625,grid,152,0.9915536881839574,0.7608551209811887,1.1194375295565393,0.9984824632965537,1.1024137676589734,1.3600169705841803,1,0.0,1
368_left_LAD_mid_10mm_80ds_discrete_T4_taper_A_fixed,15.0,-30.191473279756256,grid,163,0.9900531365879661,0.7608551209751434,1.2364079899748872,0.9984824632965537,1.1782298421541366,1.3600169705733745,1,0.0,1
368_left_LAD_mid_10mm_80ds_discrete_T4_taper_A_fixed,20.0,-25.191473279756256,grid,385,0.9884791280600221,0.28866002866186974,1.0870621084203396,1.0365399158028556,1.0365399158028556,0.46120312598982094,1,0.0032356811481939036,1
368_left_LAD_mid_10mm_80ds_discrete_T4_taper_A_fixed,25.0,-20.191473279756256,grid,396,0.9873487759817965,0.288660028662356,0.9308751444351832,1.0234798612734424,1.0234798612734424,0.47908484182943634,1,0.0032724065992323598,1
368_left_LAD_mid_10mm_80ds_discrete_T4_taper_A_fixed,30.0,-15.191473279756257,grid,408,0.9852859377485869,0.2886600286610741,0.9807079322410577,1.0093599694184268,1.0093599694184268,0.499473100756832,1,0.003828201464191523,1
368_left_LAD_mid_10mm_80ds_discrete_T4_taper_A_fixed,35.0,-10.191473279756252,grid,417,0.9842441473902762,0.2886600286603317,0.9828284551602442,0.9970599283078744,0.9970599283078744,0.5181870408953286,1,0.00409091120598539,1
368_left_LAD_mid_10mm_80ds_discrete_T4_taper_A_fixed,40.19147327975626,-4.999999999999997,lesion_prox,427,0.9824471183734039,0.2886600286601849,1.00973263225145,0.9829715562513675,0.9829715562513675,0.5407885423600921,1,0.004570151966134993,1
368_left_LAD_mid_10mm_80ds_discrete_T4_taper_A_fixed,45.19147327975625,0.0,throat,437,0.4905768670867598,0.2886600286603631,1.0678487751141024,0.9691280528920696,0.9691280528920696,0.564295828272585,1,0.004945636891307887,1
368_left_LAD_mid_10mm_80ds_discrete_T4_taper_A_fixed,50.19147327975625,4.999999999999997,lesion_dist,447,0.37417012679745754,0.28866002866033746,0.9856556993827756,0.9553691100629159,0.9553691100629159,0.5890290979876819,1,0.0042994033712088755,1
368_left_LAD_mid_10mm_80ds_discrete_T4_taper_A_fixed,55.0,9.808526720243744,grid,456,0.37279357056926177,0.2886600286602035,0.8866429422008393,0.9432019295618276,0.9432019295618276,0.6121196104421353,1,0.004440783790748497,1
368_left_LAD_mid_10mm_80ds_discrete_T4_taper_A_fixed,60.0,14.808526720243743,grid,465,0.37113869103068753,0.2886600286602033,0.9870026655286188,0.9297383661084702,0.9297383661084702,0.6390989098227702,1,0.005325062692582633,1
368_left_LAD_mid_10mm_80ds_discrete_T4_taper_A_fixed,65.0,19.808526720243748,grid,473,0.3692364901591536,0.28866002865987156,0.8242335080178697,0.9162303116899277,0.9162303116899277,0.667784552369759,1,0.005280569787730549,1
368_left_LAD_mid_10mm_80ds_discrete_T4_taper_A_fixed,70.63399512652039,25.442521846764127,measurement,483,0.3665532600573563,0.2886600286596898,0.8763776477312931,0.9007354402597165,0.9007354402597165,0.7028434185762028,1,0.005002518293327563,1
368_left_LAD_mid_10mm_80ds_discrete_T4_taper_A_fixed,75.0,29.80852672024374,grid,490,0.36536122275131255,0.28866002865979595,1.0181970112986525,0.889643299027615,0.889643299027615,0.7294618758360442,1,0.005050720482626336,1
368_left_LAD_mid_10mm_80ds_discrete_T4_taper_A_fixed,80.0,34.80852672024375,grid,500,0.36345532925622187,0.2886600286603854,0.8310227964142891,0.8749091661866724,0.8749091661866724,0.7669400813897246,1,0.004941613199704648,1
368_left_LAD_mid_10mm_80ds_discrete_T4_taper_A_fixed,85.0,39.80852672024375,grid,509,0.361143079402209,0.28866002866017487,0.8667866287155194,0.861439453421632,0.861439453421632,0.803481829725491,1,0.004889604644859314,1
368_left_LAD_mid_10mm_80ds_discrete_T4_taper_A_fixed,90.0,44.80852672024374,grid,518,0.35927029900086066,0.2886600286600619,0.833388276005087,0.8488244687117812,0.8488244687117812,0.8398402098359141,1,0.005039133234407361,1
368_left_LAD_mid_10mm_80ds_discrete_T4_taper_A_fixed,95.0,49.80852672024375,grid,527,0.35648359781429007,0.2886600286597759,0.8875564313331971,0.8359588069434565,0.8359588069434565,0.8792162420789941,1,0.0053453466030861235,1
368_left_LAD_mid_10mm_80ds_discrete_T4_taper_A_fixed,100.0,54.80852672024375,grid,537,0.3534844793452536,0.2886600286600835,0.700822377513829,0.8219312124916758,0.8219312124916758,0.9250046503430762,1,0.006038092624902787,1
368_left_LAD_mid_10mm_80ds_discrete_T4_taper_A_fixed,105.0,59.80852672024374,grid,545,0.3483034442866205,0.2886600286600523,0.7127800934464109,0.8086390479689265,0.8086390479689265,0.9713734031630299,1,0.006383565213712362,1
368_left_LAD_mid_10mm_80ds_discrete_T4_taper_A_fixed,110.0,64.80852672024375,grid,554,0.3442740875820101,0.2886600286600586,0.8555909639126157,0.7945591970172281,0.7945591970172281,1.0239330423224946,1,0.005580970109004692,1
368_left_LAD_mid_10mm_80ds_discrete_T4_taper_A_fixed,115.0,69.80852672024375,grid,562,0.3424313439050437,0.2886600286599264,0.8760915270465477,0.7820109702971375,0.7820109702971375,1.0740185892878915,1,0.0063611431516159105,1
368_left_LAD_mid_10mm_80ds_discrete_T4_taper_A_fixed,120.0,74.80852672024373,grid,573,0.3392775184465362,0.28866002865987994,0.7981337943291497,0.7676214991946808,0.7676214991946808,1.1355570177234253,1,0.00464400386484284,1
368_left_LAD_mid_10mm_80ds_discrete_T4_taper_A_fixed,125.0,79.80852672024375,grid,584,0.33461347640118994,0.28866002865973955,0.7048406191826697,0.7546855972354967,0.7546855972354967,1.1949566471962214,1,0.0045967990208116375,1
368_left_LAD_mid_10mm_80ds_discrete_T4_taper_B_rederived,0.0,-45.19147327975625,grid,28,0.9970743870445826,1.3380232964867627,1.5265833846863286,1.4924765800713695,1.4924765800713695,0.7161513002239064,1,0.08029608225157683,1
368_left_LAD_mid_10mm_80ds_discrete_T4_taper_B_rederived,5.0,-40.19147327975626,grid,140,0.9947511696213732,0.780978913464881,0.9529092527740987,0.9984824632965537,1.0268157035304784,1.3959879439477314,1,0.0,1
368_left_LAD_mid_10mm_80ds_discrete_T4_taper_B_rederived,10.0,-35.19147327975625,grid,152,0.9912348918289564,0.7809789134627243,1.1194375295565393,0.9984824632965537,1.1024137676589734,1.3959879439438765,1,0.0,1
368_left_LAD_mid_10mm_80ds_discrete_T4_taper_B_rederived,15.0,-30.191473279756256,grid,163,0.9896946522712291,0.7809789134598374,1.2364079899748872,0.9984824632965537,1.1782298421541366,1.3959879439387162,1,0.0,1
368_left_LAD_mid_10mm_80ds_discrete_T4_taper_B_rederived,20.0,-25.191473279756256,grid,385,0.9881025774104975,0.278321599588089,1.0870621084203396,1.0365399158028556,1.0365399158028556,0.4446850239555521,1,0.0032356811481939036,1
368_left_LAD_mid_10mm_80ds_discrete_T4_taper_B_rederived,25.0,-20.191473279756256,grid,396,0.9870127091666396,0.2783215995887902,0.9308751444351832,1.0234798612734424,1.0234798612734424,0.46192630179732264,1,0.0032724065992323598,1
368_left_LAD_mid_10mm_80ds_discrete_T4_taper_B_rederived,30.0,-15.191473279756257,grid,408,0.9850237519860386,0.2783215995876817,0.9807079322410577,1.0093599694184268,1.0093599694184268,0.48158435027692115,1,0.003828201464191523,1
368_left_LAD_mid_10mm_80ds_discrete_T4_taper_B_rederived,35.0,-10.191473279756252,grid,417,0.9840192736025768,0.27832159958633457,0.9828284551602442,0.9970599283078744,0.9970599283078744,0.4996280461005741,1,0.00409091120598539,1
368_left_LAD_mid_10mm_80ds_discrete_T4_taper_B_rederived,40.19147327975626,-4.999999999999997,lesion_prox,427,0.9822866056166432,0.27832159958602076,1.00973263225145,0.9829715562513675,0.9829715562513675,0.5214200692976434,1,0.004570151966134993,1
368_left_LAD_mid_10mm_80ds_discrete_T4_taper_B_rederived,45.19147327975625,0.0,throat,437,0.5208140963641632,0.27832159958582875,1.0678487751141024,0.9691280528920696,0.9691280528920696,0.5440854360519289,1,0.004945636891307887,1
368_left_LAD_mid_10mm_80ds_discrete_T4_taper_B_rederived,50.19147327975625,4.999999999999997,lesion_dist,447,0.4085764917666427,0.2783215995857557,0.9856556993827756,0.9553691100629159,0.9553691100629159,0.5679328777015815,1,0.0042994033712088755,1
368_left_LAD_mid_10mm_80ds_discrete_T4_taper_B_rederived,55.0,9.808526720243744,grid,456,0.4072492372342801,0.2783215995857594,0.8866429422008393,0.9432019295618276,0.9432019295618276,0.5901963978414679,1,0.004440783790748497,1
368_left_LAD_mid_10mm_80ds_discrete_T4_taper_B_rederived,60.0,14.808526720243743,grid,465,0.40565362760853624,0.2783215995857383,0.9870026655286188,0.9297383661084702,0.9297383661084702,0.6162094270584337,1,0.005325062692582633,1
368_left_LAD_mid_10mm_80ds_discrete_T4_taper_B_rederived,65.0,19.808526720243748,grid,473,0.40381955452347273,0.2783215995858722,0.8242335080178697,0.9162303116899277,0.9162303116899277,0.6438676863476815,1,0.005280569787730549,1
368_left_LAD_mid_10mm_80ds_discrete_T4_taper_B_rederived,70.63399512652039,25.442521846764127,measurement,483,0.4012324249598238,0.278321599585979,0.8763776477312931,0.9007354402597165,0.9007354402597165,0.6776709107419402,1,0.005002518293327563,1
368_left_LAD_mid_10mm_80ds_discrete_T4_taper_B_rederived,75.0,29.80852672024374,grid,490,0.4000830807595732,0.27832159958594554,1.0181970112986525,0.889643299027615,0.889643299027615,0.7033360214861267,1,0.005050720482626336,1
368_left_LAD_mid_10mm_80ds_discrete_T4_taper_B_rederived,80.0,34.80852672024375,grid,500,0.39824544730316136,0.27832159958636077,0.8310227964142891,0.8749091661866724,0.8749091661866724,0.7394719359999002,1,0.004941613199704648,1
368_left_LAD_mid_10mm_80ds_discrete_T4_taper_B_rederived,85.0,39.80852672024375,grid,509,0.3960160112395729,0.2783215995859665,0.8667866287155194,0.861439453421632,0.861439453421632,0.774704932738443,1,0.004889604644859314,1
368_left_LAD_mid_10mm_80ds_discrete_T4_taper_B_rederived,90.0,44.80852672024374,grid,518,0.3942103049234061,0.27832159958586716,0.833388276005087,0.8488244687117812,0.8488244687117812,0.80976112862973,1,0.005039133234407361,1
368_left_LAD_mid_10mm_80ds_discrete_T4_taper_B_rederived,95.0,49.80852672024375,grid,527,0.391523410117032,0.2783215995857811,0.8875564313331971,0.8359588069434565,0.8359588069434565,0.8477268987097695,1,0.0053453466030861235,1
368_left_LAD_mid_10mm_80ds_discrete_T4_taper_B_rederived,100.0,54.80852672024375,grid,537,0.38863170580478323,0.2783215995860337,0.700822377513829,0.8219312124916758,0.8219312124916758,0.8918753840046484,1,0.006038092624902787,1
368_left_LAD_mid_10mm_80ds_discrete_T4_taper_B_rederived,105.0,59.80852672024374,grid,545,0.3836362307758251,0.27832159958592406,0.7127800934464109,0.8086390479689265,0.8086390479689265,0.9365834286739664,1,0.006383565213712362,1
368_left_LAD_mid_10mm_80ds_discrete_T4_taper_B_rederived,110.0,64.80852672024375,grid,554,0.3797511864607692,0.2783215995860402,0.8555909639126157,0.7945591970172281,0.7945591970172281,0.9872606315847355,1,0.005580970109004692,1
368_left_LAD_mid_10mm_80ds_discrete_T4_taper_B_rederived,115.0,69.80852672024375,grid,562,0.3779744410963998,0.2783215995861149,0.8760915270465477,0.7820109702971375,0.7820109702971375,1.0355523525149808,1,0.0063611431516159105,1
368_left_LAD_mid_10mm_80ds_discrete_T4_taper_B_rederived,120.0,74.80852672024373,grid,573,0.3749335706631003,0.27832159958609365,0.7981337943291497,0.7676214991946808,0.7676214991946808,1.0948867671817175,1,0.00464400386484284,1
368_left_LAD_mid_10mm_80ds_discrete_T4_taper_B_rederived,125.0,79.80852672024375,grid,584,0.3704365724170196,0.2783215995858679,0.7048406191826697,0.7546855972354967,0.7546855972354967,1.1521589844898548,1,0.0045967990208116375,1
368_left_LAD_mid_10mm_80ds_discrete_T4_taper_C_flowmatched,0.0,-45.19147327975625,grid,28,0.9971896002044042,1.2882685206503932,1.5265833846863286,1.4924765800713695,1.4924765800713695,0.6895210109747404,1,0.08029608225157683,1
368_left_LAD_mid_10mm_80ds_discrete_T4_taper_C_flowmatched,5.0,-40.19147327975626,grid,140,0.9949465394222994,0.7565799740717671,0.9529092527740987,0.9984824632965537,1.0268157035304784,1.3523752104274558,1,0.0,1
368_left_LAD_mid_10mm_80ds_discrete_T4_taper_C_flowmatched,10.0,-35.19147327975625,grid,152,0.9915401153625034,0.7565799740713136,1.1194375295565393,0.9984824632965537,1.1024137676589734,1.3523752104266449,1,0.0,1
368_left_LAD_mid_10mm_80ds_discrete_T4_taper_C_flowmatched,15.0,-30.191473279756256,grid,163,0.9900479951726239,0.7565799740679917,1.2364079899748872,0.9984824632965537,1.1782298421541366,1.3523752104207072,1,0.0,1
368_left_LAD_mid_10mm_80ds_discrete_T4_taper_C_flowmatched,20.0,-25.191473279756256,grid,385,0.9884981213858731,0.2753756011593762,1.0870621084203396,1.0365399158028556,1.0365399158028556,0.43997809002090954,1,0.0032356811481939036,1
368_left_LAD_mid_10mm_80ds_discrete_T4_taper_C_flowmatched,25.0,-20.191473279756256,grid,396,0.9874197892575691,0.27537560115997956,0.9308751444351832,1.0234798612734424,1.0234798612734424,0.45703687114827557,1,0.0032724065992323598,1
368_left_LAD_mid_10mm_80ds_discrete_T4_taper_C_flowmatched,30.0,-15.191473279756257,grid,408,0.9854518849335875,0.2753756011583441,0.9807079322410577,1.0093599694184268,1.0093599694184268,0.4764868417055016,1,0.003828201464191523,1
368_left_LAD_mid_10mm_80ds_discrete_T4_taper_C_flowmatched,35.0,-10.191473279756252,grid,417,0.9844580388249603,0.27537560115758475,0.9828284551602442,0.9970599283078744,0.9970599283078744,0.49433954732448454,1,0.00409091120598539,1
368_left_LAD_mid_10mm_80ds_discrete_T4_taper_C_flowmatched,40.19147327975626,-4.999999999999997,lesion_prox,427,0.9827437109073914,0.2753756011573723,1.00973263225145,0.9829715562513675,0.9829715562513675,0.5159009047516598,1,0.004570151966134993,1
368_left_LAD_mid_10mm_80ds_discrete_T4_taper_C_flowmatched,45.19147327975625,0.0,throat,437,0.5297593841332128,0.27537560115740006,1.0678487751141024,0.9691280528920696,0.9691280528920696,0.5383263615067798,1,0.004945636891307887,1
368_left_LAD_mid_10mm_80ds_discrete_T4_taper_C_flowmatched,50.19147327975625,4.999999999999997,lesion_dist,447,0.41870980018247983,0.275375601157453,0.9856556993827756,0.9553691100629159,0.9553691100629159,0.5619213810459841,1,0.0042994033712088755,1
368_left_LAD_mid_10mm_80ds_discrete_T4_taper_C_flowmatched,55.0,9.808526720243744,grid,456,0.4173965944690806,0.27537560115749216,0.8866429422008393,0.9432019295618276,0.9432019295618276,0.5839492446812469,1,0.004440783790748497,1
368_left_LAD_mid_10mm_80ds_discrete_T4_taper_C_flowmatched,60.0,14.808526720243743,grid,465,0.41581787416653887,0.27537560115750886,0.9870026655286188,0.9297383661084702,0.9297383661084702,0.6096869293210092,1,0.005325062692582633,1
368_left_LAD_mid_10mm_80ds_discrete_T4_taper_C_flowmatched,65.0,19.808526720243748,grid,473,0.41400321450980504,0.2753756011573255,0.8242335080178697,0.9162303116899277,0.9162303116899277,0.6370524294829804,1,0.005280569787730549,1
368_left_LAD_mid_10mm_80ds_discrete_T4_taper_C_flowmatched,70.63399512652039,25.442521846764127,measurement,483,0.41144346938071114,0.2753756011573191,0.8763776477312931,0.9007354402597165,0.9007354402597165,0.6704978510830273,1,0.005002518293327563,1
368_left_LAD_mid_10mm_80ds_discrete_T4_taper_C_flowmatched,75.0,29.80852672024374,grid,490,0.41030629084138265,0.27537560115745147,1.0181970112986525,0.889643299027615,0.889643299027615,0.6958912999227126,1,0.005050720482626336,1
368_left_LAD_mid_10mm_80ds_discrete_T4_taper_C_flowmatched,80.0,34.80852672024375,grid,500,0.4084881084993747,0.2753756011579788,0.8310227964142891,0.8749091661866724,0.8749091661866724,0.7316447204171862,1,0.004941613199704648,1
368_left_LAD_mid_10mm_80ds_discrete_T4_taper_C_flowmatched,85.0,39.80852672024375,grid,509,0.4062822707305254,0.2753756011577133,0.8667866287155194,0.861439453421632,0.861439453421632,0.7665047804053055,1,0.004889604644859314,1
368_left_LAD_mid_10mm_80ds_discrete_T4_taper_C_flowmatched,90.0,44.80852672024374,grid,518,0.40449567758407745,0.27537560115775483,0.833388276005087,0.8488244687117812,0.8488244687117812,0.8011899109605327,1,0.005039133234407361,1
368_left_LAD_mid_10mm_80ds_discrete_T4_taper_C_flowmatched,95.0,49.80852672024375,grid,527,0.4018372232145513,0.27537560115759174,0.8875564313331971,0.8359588069434565,0.8359588069434565,0.8387538182343423,1,0.0053453466030861235,1
368_left_LAD_mid_10mm_80ds_discrete_T4_taper_C_flowmatched,100.0,54.80852672024375,grid,537,0.3989761272214977,0.27537560115763177,0.700822377513829,0.8219312124916758,0.8219312124916758,0.8824349974751226,1,0.006038092624902787,1
368_left_LAD_mid_10mm_80ds_discrete_T4_taper_C_flowmatched,105.0,59.80852672024374,grid,545,0.3940335286548979,0.2753756011576557,0.7127800934464109,0.8086390479689265,0.8086390479689265,0.9266698132272289,1,0.006383565213712362,1
368_left_LAD_mid_10mm_80ds_discrete_T4_taper_C_flowmatched,110.0,64.80852672024375,grid,554,0.39018960703553984,0.27537560115771914,0.8555909639126157,0.7945591970172281,0.7945591970172281,0.9768106044459228,1,0.005580970109004692,1
368_left_LAD_mid_10mm_80ds_discrete_T4_taper_C_flowmatched,115.0,69.80852672024375,grid,562,0.3884316682929298,0.2753756011577386,0.8760915270465477,0.7820109702971375,0.7820109702971375,1.0245911637048157,1,0.0063611431516159105,1
368_left_LAD_mid_10mm_80ds_discrete_T4_taper_C_flowmatched,120.0,74.80852672024373,grid,573,0.38542298508308254,0.27537560115775767,0.7981337943291497,0.7676214991946808,0.7676214991946808,1.083297531203913,1,0.00464400386484284,1
368_left_LAD_mid_10mm_80ds_discrete_T4_taper_C_flowmatched,125.0,79.80852672024375,grid,584,0.3809735869865576,0.27537560115760845,0.7048406191826697,0.7546855972354967,0.7546855972354967,1.1399635294390698,1,0.0045967990208116375,1
621_left_LAD_mid_20mm_80ds_leaky_clean_none,0.0,-44.80585835989483,grid,55,0.9965495799281315,1.9731895567599336,1.9172093010599178,1.8989792845345903,1.8989792845345903,0.512710027303199,1,0.06387054157856224,1
621_left_LAD_mid_20mm_80ds_leaky_clean_none,5.0,-39.80585835989483,grid,368,0.9956993775122478,1.0107991545418038,1.4811583280845635,1.5154553260255357,1.5154553260255357,0.516772196181752,1,0.04041658939275528,1
621_left_LAD_mid_20mm_80ds_leaky_clean_none,10.0,-34.80585835989483,grid,378,0.994902139274937,0.7311120994572631,1.326727726202874,1.289495191591557,1.289495191591557,0.6067202281082723,1,0.04552380142005724,1
621_left_LAD_mid_20mm_80ds_leaky_clean_none,15.0,-29.805858359894827,grid,389,0.992328742142842,0.5291392657181987,0.6879873218868638,1.0561570928000215,1.0561570928000215,0.7991864554076461,2,-1.2941704734859485,1
621_left_LAD_mid_20mm_80ds_leaky_clean_none,20.0,-24.805858359894827,grid,599,0.9905309252607356,0.17421356294248008,1.0466176288917148,1.0631143064123694,1.0631143064123694,0.25799171512445596,1,0.002031908958701404,1
621_left_LAD_mid_20mm_80ds_leaky_clean_none,25.0,-19.805858359894824,grid,610,0.9899576594151135,0.168537121602865,1.0920750962582007,1.055010626105792,1.055010626105792,0.255381101155587,1,0.0020754864519158182,1
621_left_LAD_mid_20mm_80ds_leaky_clean_none,30.0,-14.805858359894827,grid,621,0.9893440490421966,0.16294687822892776,0.9675146642982569,1.0469016436848122,1.0469016436848122,0.2526923440068804,1,0.00217783226431438,1
621_left_LAD_mid_20mm_80ds_leaky_clean_none,34.80585835989483,-10.000000000000002,lesion_prox,630,0.9887434313682142,0.1579020488983028,1.0353312663276073,1.0394691753524727,1.0394691753524727,0.25015927189351783,1,0.0019585452734315546,1
621_left_LAD_mid_20mm_80ds_leaky_clean_none,40.0,-4.805858359894826,grid,641,0.9871553142600786,0.15215297229889638,1.0292319098694054,1.0308606440844175,1.0308606440844175,0.24714068520068017,1,0.0020840699210622625,1
621_left_LAD_mid_20mm_80ds_leaky_clean_none,44.80585835989483,0.0,throat,651,0.7977883137722183,0.14718855079493476,1.0134982441978122,1.0231329683463528,1.0231329683463528,0.24453525246043775,1,0.0024508319069183313,1
621_left_LAD_mid_20mm_80ds_leaky_clean_none,50.0,5.194141640105176,grid,662,0.689280761471287,0.14340341523286976,1.0563901989210014,1.0148955447000763,1.0148955447000763,0.2440951446510186,1,0.0019261831297411162,1
621_left_LAD_mid_20mm_80ds_leaky_clean_none,54.80585835989483,10.000000000000002,lesion_dist,673,0.6882931711020162,0.14002322991471366,1.1411228580974924,1.0070771131791854,1.0070771131791854,0.24393583077149214,1,0.0021643207227550173,1
621_left_LAD_mid_20mm_80ds_leaky_clean_none,60.0,15.19414164010517,grid,682,0.6878052819904122,0.13655263445663635,1.0170031489662523,0.9989142574812052,0.9989142574812052,0.24376936841766766,1,0.002689446575768258,1
621_left_LAD_mid_20mm_80ds_leaky_clean_none,65.0,20.194141640105176,grid,691,0.6871642362784459,0.13322054797687866,0.9455038596136514,0.990942578104578,0.990942578104578,0.24360681424567715,1,0.0024181137782929023,1
621_left_LAD_mid_20mm_80ds_leaky_clean_none,70.0,25.19414164010518,grid,700,0.6863338617788424,0.1298716118433356,0.9040610588930621,0.982789608996676,0.982789608996676,0.24344241456995644,1,0.0028908185272981213,1
621_left_LAD_mid_20mm_80ds_leaky_clean_none,75.23497995590162,30.429121596006787,measurement,709,0.6852727455068993,0.12640004542099506,0.879202204113203,0.9741801852139339,0.9741801852139339,0.243272511680501,1,0.0031075199522438406,1
621_left_LAD_mid_20mm_80ds_leaky_clean_none,80.0,35.19414164010517,grid,716,0.6847212070366738,0.12353306722918139,0.9484807598763866,0.966943651747479,0.966943651747479,0.24313272057521362,1,0.003138694866069423,1
621_left_LAD_mid_20mm_80ds_leaky_clean_none,85.0,40.19414164010518,grid,725,0.6840976043666028,0.12023764519470673,0.916181764981378,0.9584816661769016,0.9584816661769016,0.2429700350118277,1,0.0028598529171487102,1
621_left_LAD_mid_20mm_80ds_leaky_clean_none,90.0,45.19414164010517,grid,734,0.6829236123958687,0.11728584011252963,0.8319695785290472,0.9507630451862612,0.9507630451862612,0.2428244359170275,1,0.00272146778444888,1
621_left_LAD_mid_20mm_80ds_leaky_clean_none,95.0,50.19414164010517,grid,743,0.6822096573660802,0.11422748976325577,0.8742314979512024,0.9426180784134561,0.9426180784134561,0.2426761089842279,1,0.002847608458215187,1
621_left_LAD_mid_20mm_80ds_leaky_clean_none,100.0,55.19414164010518,grid,752,0.6816388914760554,0.11131361342351159,0.970315554375678,0.9347160256599406,0.9347160256599406,0.24253415064359907,1,0.0027024763613713644,1
621_left_LAD_mid_20mm_80ds_leaky_clean_none,105.0,60.19414164010517,grid,762,0.6810915051588737,0.10822389055687588,0.959753143966306,0.9261811017311674,0.9261811017311674,0.2423812837113894,1,0.0028679539113541943,1
621_left_LAD_mid_20mm_80ds_leaky_clean_none,110.0,65.19414164010517,grid,771,0.6805324629937606,0.10551614631032909,0.971918680250037,0.918563076215489,0.918563076215489,0.24224546414406828,1,0.0027761371025727664,1
621_left_LAD_mid_20mm_80ds_leaky_clean_none,115.0,70.19414164010517,grid,781,0.6798432926605894,0.10263318316274958,0.8607130707918059,0.9103031041544561,0.9103031041544561,0.24209923219477442,1,0.0027338972585100162,1
621_left_LAD_mid_20mm_80ds_leaky_clean_none,120.0,75.19414164010517,grid,791,0.6790510485551617,0.09979099997866141,0.7531885350259482,0.9020008535489008,0.9020008535489008,0.24195478398696013,1,0.002837795759339623,1
621_left_LAD_mid_20mm_80ds_leaky_clean_none,125.0,80.19414164010517,grid,800,0.677917904480063,0.09723930021993814,0.8756099063141816,0.8944016792511943,0.8944016792511943,0.24182861657269206,1,0.002812846314647494,1
621_left_LAD_mid_20mm_80ds_leaky_clean_none,130.0,85.19414164010517,grid,809,0.6773866672931617,0.0943957709350549,0.921177015520069,0.8857668983432604,0.8857668983432604,0.24168955548638252,1,0.0036543156676383365,1
621_left_LAD_mid_20mm_80ds_leaky_clean_none,135.0,90.19414164010519,grid,817,0.6758982765630948,0.09192991560980841,0.6783295665819867,0.8781307011775241,0.8781307011775241,0.24157003500981167,1,0.0030991002452021377,1
621_left_LAD_mid_20mm_80ds_leaky_clean_none,140.0,95.19414164010519,grid,827,0.6733383837979666,0.08924956239914955,0.5735789982475618,0.8696517228761712,0.8696517228761712,0.24145360544822494,1,0.0023595612164973474,1
621_left_LAD_mid_20mm_80ds_leaky_clean_none,145.0,100.19414164010516,grid,839,0.6694103565550169,0.08693545319121292,0.5117307503358333,0.8621560865031879,0.8621560865031879,0.24138090505516355,1,0.002110425006169866,1
621_left_LAD_mid_20mm_80ds_leaky_T2_truncation_A_fixed,0.0,-44.80585835989483,grid,55,0.996655160405587,1.8606552604855604,1.9172093010599178,1.8989792845345903,1.8989792845345903,0.48346931805774673,1,0.06387054157856224,1
621_left_LAD_mid_20mm_80ds_leaky_T2_truncation_A_fixed,5.0,-39.80585835989483,grid,368,0.9958795560804026,0.8981352197212161,1.4811583280845635,1.5154553260255357,1.5154553260255357,0.4591726337304906,1,0.04041658939275528,1
621_left_LAD_mid_20mm_80ds_leaky_T2_truncation_A_fixed,10.0,-34.80585835989483,grid,378,0.9951889998735477,0.6183819302053588,1.326727726202874,1.289495191591557,1.289495191591557,0.5131700405871348,1,0.04552380142005724,1
621_left_LAD_mid_20mm_80ds_leaky_T2_truncation_A_fixed,15.0,-29.805858359894827,grid,389,0.9931217441918568,0.41632346397129877,0.6879873218868638,1.0561570928000215,1.0561570928000215,0.628794903403465,2,-1.305561780158661,1
621_left_LAD_mid_20mm_80ds_leaky_T2_truncation_A_fixed,20.0,-24.805858359894827,grid,599,0.9925516883547769,0.06109255589139117,1.0466176288917148,1.0664034504841582,1.0664034504841582,0.08963700854151584,1,0.00221957955237327,1
621_left_LAD_mid_20mm_80ds_leaky_T2_truncation_A_fixed,25.0,-19.805858359894824,grid,610,0.9923572369952934,0.05540276393044449,1.0920750962582007,1.0575233565062836,1.0575233565062836,0.08335376318459929,1,0.00226878843813632,1
621_left_LAD_mid_20mm_80ds_leaky_T2_truncation_A_fixed,30.0,-14.805858359894827,grid,621,0.9921639288085948,0.049797155503086846,0.9675146642982569,1.0486374524183855,1.0486374524183855,0.07684084400320879,1,0.0023823773056835715,1
621_left_LAD_mid_20mm_80ds_leaky_T2_truncation_A_fixed,34.80585835989483,-10.000000000000002,lesion_prox,630,0.9919872758104665,0.044735994364570576,1.0353312663276073,1.0404928792390626,1.0404928792390626,0.07066485013456546,1,0.002143949232730404,1
621_left_LAD_mid_20mm_80ds_leaky_T2_truncation_A_fixed,40.0,-4.805858359894826,grid,641,0.9915689791110501,0.038965035478359986,1.0292319098694054,1.0310595645252827,1.0310595645252827,0.06325392722336698,1,0.0022831523025753464,1
621_left_LAD_mid_20mm_80ds_leaky_T2_truncation_A_fixed,44.80585835989483,0.0,throat,651,0.9611236240094898,0.03389384329318384,1.0134982441978122,1.0225915001164658,1.0225915001164658,0.056399852227336414,1,0.002686856376287746,1
621_left_LAD_mid_20mm_80ds_leaky_T2_truncation_A_fixed,50.0,5.194141640105176,grid,662,0.9369065535217075,0.028820870950040708,1.0563901989210014,1.0135648488485065,1.0135648488485065,0.04925112597522364,1,0.0021133698238049825,1
621_left_LAD_mid_20mm_80ds_leaky_T2_truncation_A_fixed,54.80585835989483,10.000000000000002,lesion_dist,673,0.9367175343631726,0.024115727470037172,1.1411228580974924,1.004997333344626,1.004997333344626,0.04227360874060505,1,0.002376424042503172,1
621_left_LAD_mid_20mm_80ds_leaky_T2_truncation_A_fixed,60.0,15.19414164010517,grid,682,0.9366424228254414,0.019281170001175178,1.0170031489662523,0.996052394380652,0.996052394380652,0.03471766568932651,1,0.002955327650709284,1
621_left_LAD_mid_20mm_80ds_leaky_T2_truncation_A_fixed,65.0,20.194141640105176,grid,691,0.9365636039360581,0.014635892139099741,0.9455038596136514,0.9873169483428211,0.9873169483428211,0.027059085073134547,1,0.002659309623954545,1
621_left_LAD_mid_20mm_80ds_leaky_T2_truncation_A_fixed,70.0,25.19414164010518,grid,700,0.9364877442124683,0.009962081371487285,0.9040610588930621,0.978382843203195,0.978382843203195,0.018927239784294687,1,0.0031817467091057716,1
621_left_LAD_mid_20mm_80ds_leaky_T2_truncation_A_fixed,75.23497995590162,30.429121596006787,measurement,709,0.9364283206553742,0.005110451355470902,0.879202204113203,0.9689485504628892,0.9689485504628892,0.009995874414114097,1,0.00342327616072422,1
621_left_LAD_mid_20mm_80ds_leaky_T2_truncation_A_fixed,80.0,35.19414164010517,grid,716,0.9364153864127016,0.001098436082138291,0.9484807598763866,0.9610186846704296,0.9610186846704296,0.0022021301359062113,1,0.0034602463972904975,1
621_left_LAD_mid_20mm_80ds_leaky_T2_truncation_B_rederived,0.0,-44.80585835989483,grid,55,0.9965492438383853,1.9756311184961455,1.9172093010599178,1.8989792845345903,1.8989792845345903,0.5133444383156368,1,0.06387054157856224,1
621_left_LAD_mid_20mm_80ds_leaky_T2_truncation_B_rederived,5.0,-39.80585835989483,grid,368,0.9956968559700777,1.014437278455886,1.4811583280845635,1.5154553260255357,1.5154553260255357,0.5186321910943059,1,0.04041658939275528,1
621_left_LAD_mid_20mm_80ds_leaky_T2_truncation_B_rederived,10.0,-34.80585835989483,grid,378,0.9948959747484808,0.7350994538767758,1.326727726202874,1.289495191591557,1.289495191591557,0.6100291715449233,1,0.04552380142005724,1
621_left_LAD_mid_20mm_80ds_leaky_T2_truncation_B_rederived,15.0,-29.805858359894827,grid,389,0.992303797672604,0.5333801613764715,0.6879873218868638,1.0561570928000215,1.0561570928000215,0.8055916999027575,2,-1.305561780158661,1
621_left_LAD_mid_20mm_80ds_leaky_T2_truncation_B_rederived,20.0,-24.805858359894827,grid,599,0.9904461192546841,0.17843628369464248,1.0466176288917148,1.0664034504841582,1.0664034504841582,0.2618075877212868,1,0.00221957955237327,1
621_left_LAD_mid_20mm_80ds_leaky_T2_truncation_B_rederived,25.0,-19.805858359894824,grid,610,0.9898597290914399,0.17219024497173488,1.0920750962582007,1.0575233565062836,1.0575233565062836,0.2590611710291432,1,0.00226878843813632,1
621_left_LAD_mid_20mm_80ds_leaky_T2_truncation_B_rederived,30.0,-14.805858359894827,grid,621,0.9892337820207366,0.16604793656373973,0.9675146642982569,1.0486374524183855,1.0486374524183855,0.25622474741068507,1,0.0023823773056835715,1
621_left_LAD_mid_20mm_80ds_leaky_T2_truncation_B_rederived,34.80585835989483,-10.000000000000002,lesion_prox,630,0.9886225093517576,0.16051270658487887,1.0353312663276073,1.0404928792390626,1.0404928792390626,0.25354541721099894,1,0.002143949232730404,1
621_left_LAD_mid_20mm_80ds_leaky_T2_truncation_B_rederived,40.0,-4.805858359894826,grid,641,0.9870117902476955,0.15421406837360824,1.0292319098694054,1.0310595645252827,1.0310595645252827,0.25034355385460877,1,0.0022831523025753464,1
621_left_LAD_mid_20mm_80ds_leaky_T2_truncation_B_rederived,44.80585835989483,0.0,throat,651,0.7943733432590424,0.14878487854706993,1.0134982441978122,1.0225915001164658,1.0225915001164658,0.24758021954401635,1,0.002686856376287746,1
621_left_LAD_mid_20mm_80ds_leaky_T2_truncation_B_rederived,50.0,5.194141640105176,grid,662,0.6845044377837829,0.14467740775821591,1.0563901989210014,1.0135648488485065,1.0135648488485065,0.2472349030541225,1,0.0021133698238049825,1
621_left_LAD_mid_20mm_80ds_leaky_T2_truncation_B_rederived,54.80585835989483,10.000000000000002,lesion_dist,673,0.6835082223212215,0.14101829219734907,1.1411228580974924,1.004997333344626,1.004997333344626,0.2471976894342414,1,0.002376424042503172,1
621_left_LAD_mid_20mm_80ds_leaky_T2_truncation_B_rederived,60.0,15.19414164010517,grid,682,0.6830174062187031,0.1372671979094674,1.0170031489662523,0.996052394380652,0.996052394380652,0.24716325237737372,1,0.002955327650709284,1
621_left_LAD_mid_20mm_80ds_leaky_T2_truncation_B_rederived,65.0,20.194141640105176,grid,691,0.6823736977707674,0.1336715988435966,0.9455038596136514,0.9873169483428211,0.9873169483428211,0.2471343140954084,1,0.002659309623954545,1
621_left_LAD_mid_20mm_80ds_leaky_T2_truncation_B_rederived,70.0,25.19414164010518,grid,700,0.6815413987540265,0.13006372994678475,0.9040610588930621,0.978382843203195,0.978382843203195,0.2471117542754039,1,0.0031817467091057716,1
621_left_LAD_mid_20mm_80ds_leaky_T2_truncation_B_rederived,75.23497995590162,30.429121596006787,measurement,709,0.6804799482208749,0.126330220091915,0.879202204113203,0.9689485504628892,0.9689485504628892,0.24709774673705254,1,0.00342327616072422,1
621_left_LAD_mid_20mm_80ds_leaky_T2_truncation_B_rederived,80.0,35.19414164010517,grid,716,0.6799292275946165,0.12325204364231214,0.9484807598763866,0.9610186846704296,0.9610186846704296,0.24709406767520248,1,0.0034602463972904975,1
621_left_LAD_mid_20mm_80ds_leaky_T2_truncation_C_flowmatched,0.0,-44.80585835989483,grid,55,0.9965492309818741,1.9756384117188002,1.9172093010599178,1.8989792845345903,1.8989792845345903,0.5133463333735007,1,0.06387054157856224,1
621_left_LAD_mid_20mm_80ds_leaky_T2_truncation_C_flowmatched,5.0,-39.80585835989483,grid,368,0.9956968400233593,1.0144409071773222,1.4811583280845635,1.5154553260255357,1.5154553260255357,0.5186340462821912,1,0.04041658939275528,1
621_left_LAD_mid_20mm_80ds_leaky_T2_truncation_C_flowmatched,10.0,-34.80585835989483,grid,378,0.9948959559749954,0.7351020168041686,1.326727726202874,1.289495191591557,1.289495191591557,0.6100312984142414,1,0.04552380142005724,1
621_left_LAD_mid_20mm_80ds_leaky_T2_truncation_C_flowmatched,15.0,-29.805858359894827,grid,389,0.9923037700913043,0.5333819554768924,0.6879873218868638,1.0561570928000215,1.0561570928000215,0.8055944096256015,2,-1.305561780158661,1
621_left_LAD_mid_20mm_80ds_leaky_T2_truncation_C_flowmatched,20.0,-24.805858359894827,grid,599,0.990446085841728,0.17843674263366524,1.0466176288917148,1.0664034504841582,1.0664034504841582,0.26180826109172456,1,0.00221957955237327,1
621_left_LAD_mid_20mm_80ds_leaky_T2_truncation_C_flowmatched,25.0,-19.805858359894824,grid,610,0.9898596941838994,0.17219068019525804,1.0920750962582007,1.0575233565062836,1.0575233565062836,0.2590618258253286,1,0.00226878843813632,1
621_left_LAD_mid_20mm_80ds_leaky_T2_truncation_C_flowmatched,30.0,-14.805858359894827,grid,621,0.9892337455484363,0.16604834847633362,0.9675146642982569,1.0486374524183855,1.0486374524183855,0.2562253830235238,1,0.0023823773056835715,1
621_left_LAD_mid_20mm_80ds_leaky_T2_truncation_C_flowmatched,34.80585835989483,-10.000000000000002,lesion_prox,630,0.9886224713773357,0.1605130974988828,1.0353312663276073,1.0404928792390626,1.0404928792390626,0.2535460346976536,1,0.002143949232730404,1
621_left_LAD_mid_20mm_80ds_leaky_T2_truncation_C_flowmatched,40.0,-4.805858359894826,grid,641,0.9870117484157276,0.1542144354017086,1.0292319098694054,1.0310595645252827,1.0310595645252827,0.2503441496700229,1,0.0022831523025753464,1
621_left_LAD_mid_20mm_80ds_leaky_T2_truncation_C_flowmatched,44.80585835989483,0.0,throat,651,0.7943726666821389,0.148785225293945,1.0134982441978122,1.0225915001164658,1.0225915001164658,0.24758079653590082,1,0.002686856376287746,1
621_left_LAD_mid_20mm_80ds_leaky_T2_truncation_C_flowmatched,50.0,5.194141640105176,grid,662,0.6845035055134684,0.14467774415881568,1.0563901989210014,1.0135648488485065,1.0135648488485065,0.24723547791906483,1,0.0021133698238049825,1
621_left_LAD_mid_20mm_80ds_leaky_T2_truncation_C_flowmatched,54.80585835989483,10.000000000000002,lesion_dist,673,0.6835072877347383,0.14101862000610543,1.1411228580974924,1.004997333344626,1.004997333344626,0.24719826406584333,1,0.002376424042503172,1
621_left_LAD_mid_20mm_80ds_leaky_T2_truncation_C_flowmatched,60.0,15.19414164010517,grid,682,0.6830164704914338,0.13726751692543018,1.0170031489662523,0.996052394380652,0.996052394380652,0.24716382679736715,1,0.002955327650709284,1
621_left_LAD_mid_20mm_80ds_leaky_T2_truncation_C_flowmatched,65.0,20.194141640105176,grid,691,0.6823727605476593,0.13367190944331095,0.9455038596136514,0.9873169483428211,0.9873169483428211,0.24713488833741656,1,0.002659309623954545,1
621_left_LAD_mid_20mm_80ds_leaky_T2_truncation_C_flowmatched,70.0,25.19414164010518,grid,700,0.6815404595971515,0.13006403211879594,0.9040610588930621,0.978382843203195,0.978382843203195,0.24711232838054306,1,0.0031817467091057716,1
621_left_LAD_mid_20mm_80ds_leaky_T2_truncation_C_flowmatched,75.23497995590162,30.429121596006787,measurement,709,0.6804790065981209,0.12633051356301736,0.879202204113203,0.9689485504628892,0.9689485504628892,0.2470983207568561,1,0.00342327616072422,1
621_left_LAD_mid_20mm_80ds_leaky_T2_truncation_C_flowmatched,80.0,35.19414164010517,grid,716,0.6799282846925336,0.12325232995540816,0.9484807598763866,0.9610186846704296,0.9610186846704296,0.24709464167191225,1,0.0034602463972904975,1
621_left_LAD_mid_20mm_80ds_leaky_T3_stenosis_length_A_fixed,0.0,-44.80585835989483,grid,55,0.9965532677888733,1.9692588034170453,1.9172093010599178,1.8989792845345903,1.8989792845345903,0.5116886674207437,1,0.06387054157856224,1
621_left_LAD_mid_20mm_80ds_leaky_T3_stenosis_length_A_fixed,5.0,-39.80585835989483,grid,368,0.9957056710381426,1.0068638730018638,1.4811583280845635,1.5154553260255357,1.5154553260255357,0.5147602791012413,1,0.04041658939275528,1
621_left_LAD_mid_20mm_80ds_leaky_T3_stenosis_length_A_fixed,10.0,-34.80585835989483,grid,378,0.9949121591381505,0.7271745043912806,1.326727726202874,1.289495191591557,1.289495191591557,0.6034525779375196,1,0.04552380142005724,1
621_left_LAD_mid_20mm_80ds_leaky_T3_stenosis_length_A_fixed,15.0,-29.805858359894827,grid,389,0.992356441213763,0.5251986795632875,0.6879873218868638,1.0561570928000215,1.0561570928000215,0.7932347839188605,2,-1.2941704734859485,1
621_left_LAD_mid_20mm_80ds_leaky_T3_stenosis_length_A_fixed,20.0,-24.805858359894827,grid,599,0.9906064229491782,0.17026229247405317,1.0466176288917148,1.0631143064123694,1.0631143064123694,0.25214030477584465,1,0.002031908958701404,1
621_left_LAD_mid_20mm_80ds_leaky_T3_stenosis_length_A_fixed,25.0,-19.805858359894824,grid,610,0.9900463889915525,0.16458535496464108,1.0920750962582007,1.055010626105792,1.055010626105792,0.24939306418200205,1,0.0020754864519158182,1
621_left_LAD_mid_20mm_80ds_leaky_T3_stenosis_length_A_fixed,30.0,-14.805858359894827,grid,621,0.9894474597783549,0.15899454549117895,0.9675146642982569,1.0469016436848122,1.0469016436848122,0.24656320404021134,1,0.00217783226431438,1
621_left_LAD_mid_20mm_80ds_leaky_T3_stenosis_length_A_fixed,33.57585835989482,-11.230000000000004,lesion_prox,628,0.9889577251296586,0.15489720568679835,1.050920087072953,1.0408742712880135,1.0408742712880135,0.2444063283681761,1,0.0021480317311238953,1
621_left_LAD_mid_20mm_80ds_leaky_T3_stenosis_length_A_fixed,35.0,-9.805858359894822,grid,631,0.988804463671945,0.15349187998832736,1.027883168614773,1.0387901160231003,1.0387901160231003,0.24364957810875387,1,0.0022757690718692588,1
621_left_LAD_mid_20mm_80ds_leaky_T3_stenosis_length_A_fixed,40.0,-4.805858359894826,grid,641,0.9864955891819968,0.1482002521446132,1.0292319098694054,1.0308606440844175,1.0308606440844175,0.24072031790468634,1,0.0020840699210622625,1
621_left_LAD_mid_20mm_80ds_leaky_T3_stenosis_length_A_fixed,44.80585835989483,0.0,throat,651,0.7911748068442817,0.14326426069292444,1.0134982441978122,1.0231329683463528,1.0231329683463528,0.23801553835468472,1,0.0024508319069183313,1
621_left_LAD_mid_20mm_80ds_leaky_T3_stenosis_length_A_fixed,50.0,5.194141640105176,grid,662,0.6727405720929027,0.13954433969156552,1.0563901989210014,1.0148955447000763,1.0148955447000763,0.2375263917315417,1,0.0019261831297411162,1
621_left_LAD_mid_20mm_80ds_leaky_T3_stenosis_length_A_fixed,55.0,10.194141640105174,grid,673,0.6712551058473386,0.13625438512174942,1.1411228580974924,1.0070771131791854,1.0070771131791854,0.23737008959997,1,0.0021643207227550173,1
621_left_LAD_mid_20mm_80ds_leaky_T3_stenosis_length_A_fixed,56.03585835989483,11.230000000000004,lesion_dist,676,0.6711389360436669,0.13528383663633822,1.0720484046575725,1.0047453675156959,1.0047453675156959,0.2373239446079695,1,0.0028274164410252685,1
621_left_LAD_mid_20mm_80ds_leaky_T3_stenosis_length_A_fixed,60.0,15.19414164010517,grid,682,0.6707769435837244,0.1328772606496147,1.0170031489662523,0.9989142574812052,0.9989142574812052,0.2372082093803367,1,0.002689446575768258,1
621_left_LAD_mid_20mm_80ds_leaky_T3_stenosis_length_A_fixed,65.0,20.194141640105176,grid,691,0.6701531517337375,0.12963491705070512,0.9455038596136514,0.990942578104578,0.990942578104578,0.23705013706448502,1,0.0024181137782929023,1
621_left_LAD_mid_20mm_80ds_leaky_T3_stenosis_length_A_fixed,70.0,25.19414164010518,grid,700,0.669345126548363,0.12637617767964127,0.9040610588930621,0.982789608996676,0.982789608996676,0.2368902749552841,1,0.0028908185272981213,1
621_left_LAD_mid_20mm_80ds_leaky_T3_stenosis_length_A_fixed,75.23497995590162,30.429121596006787,measurement,709,0.6683125694215285,0.12299811090915903,0.879202204113203,0.9741801852139339,0.9741801852139339,0.23672506820047307,1,0.0031075199522438406,1
621_left_LAD_mid_20mm_80ds_leaky_T3_stenosis_length_A_fixed,80.0,35.19414164010517,grid,716,0.6677758749429707,0.12020834907696312,0.9484807598763866,0.966943651747479,0.966943651747479,0.2365891465538954,1,0.003138694866069423,1
621_left_LAD_mid_20mm_80ds_leaky_T3_stenosis_length_A_fixed,85.0,40.19414164010518,grid,725,0.6671690554793627,0.117001682745395,0.916181764981378,0.9584816661769016,0.9584816661769016,0.23643096891207974,1,0.0028598529171487102,1
621_left_LAD_mid_20mm_80ds_leaky_T3_stenosis_length_A_fixed,90.0,45.19414164010517,grid,734,0.6660266588689118,0.11412937879571641,0.8319695785290472,0.9507630451862612,0.9507630451862612,0.23628941056346645,1,0.00272146778444888,1
621_left_LAD_mid_20mm_80ds_leaky_T3_stenosis_length_A_fixed,95.0,50.19414164010517,grid,743,0.6653319179728034,0.11115339927024315,0.8742314979512024,0.9426180784134561,0.9426180784134561,0.23614520892631832,1,0.002847608458215187,1
621_left_LAD_mid_20mm_80ds_leaky_T3_stenosis_length_A_fixed,100.0,55.19414164010518,grid,752,0.6647765123783492,0.10831800269035727,0.970315554375678,0.9347160256599406,0.9347160256599406,0.23600720499446096,1,0.0027024763613713644,1
621_left_LAD_mid_20mm_80ds_leaky_T3_stenosis_length_A_fixed,105.0,60.19414164010517,grid,762,0.6642438568386623,0.10531149573459904,0.959753143966306,0.9261811017311674,0.9261811017311674,0.23585860196278896,1,0.0028679539113541943,1
621_left_LAD_mid_20mm_80ds_leaky_T3_stenosis_length_A_fixed,110.0,65.19414164010517,grid,771,0.6636998587889567,0.10267667957237707,0.971918680250037,0.918563076215489,0.918563076215489,0.23572657616427198,1,0.0027761371025727664,1
621_left_LAD_mid_20mm_80ds_leaky_T3_stenosis_length_A_fixed,115.0,70.19414164010517,grid,781,0.6630292339363844,0.09987136376614443,0.8607130707918059,0.9103031041544561,0.9103031041544561,0.23558443517909128,1,0.0027338972585100162,1
621_left_LAD_mid_20mm_80ds_leaky_T3_stenosis_length_A_fixed,120.0,75.19414164010517,grid,791,0.6622583084849487,0.09710572966747336,0.7531885350259482,0.9020008535489008,0.9020008535489008,0.2354440365425109,1,0.002837795759339623,1
621_left_LAD_mid_20mm_80ds_leaky_T3_stenosis_length_A_fixed,125.0,80.19414164010517,grid,800,0.6611556557603455,0.09462275545160097,0.8756099063141816,0.8944016792511943,0.8944016792511943,0.2353214183504063,1,0.002812846314647494,1
621_left_LAD_mid_20mm_80ds_leaky_T3_stenosis_length_A_fixed,130.0,85.19414164010517,grid,809,0.6606387130584429,0.09185581171754985,0.921177015520069,0.8857668983432604,0.8857668983432604,0.235186280941862,1,0.0036543156676383365,1
621_left_LAD_mid_20mm_80ds_leaky_T3_stenosis_length_A_fixed,135.0,90.19414164010519,grid,817,0.6591903705987198,0.08945637002646377,0.6783295665819867,0.8781307011775241,0.8781307011775241,0.23507014333468892,1,0.0030991002452021377,1
621_left_LAD_mid_20mm_80ds_leaky_T3_stenosis_length_A_fixed,140.0,95.19414164010519,grid,827,0.6567046996602354,0.08684820407060607,0.5735789982475618,0.8696517228761712,0.8696517228761712,0.23495702876130695,1,0.0023595612164973474,1
621_left_LAD_mid_20mm_80ds_leaky_T3_stenosis_length_A_fixed,145.0,100.19414164010516,grid,839,0.6528823591523086,0.08459640191777217,0.5117307503358333,0.8621560865031879,0.8621560865031879,0.23488640491019128,1,0.002110425006169866,1
621_left_LAD_mid_20mm_80ds_leaky_T3_stenosis_length_B_rederived,0.0,-44.80585835989483,grid,55,0.9965532677888733,1.9692588034170453,1.9172093010599178,1.8989792845345903,1.8989792845345903,0.5116886674207437,1,0.06387054157856224,1
621_left_LAD_mid_20mm_80ds_leaky_T3_stenosis_length_B_rederived,5.0,-39.80585835989483,grid,368,0.9957056710381426,1.0068638730018638,1.4811583280845635,1.5154553260255357,1.5154553260255357,0.5147602791012413,1,0.04041658939275528,1
621_left_LAD_mid_20mm_80ds_leaky_T3_stenosis_length_B_rederived,10.0,-34.80585835989483,grid,378,0.9949121591381505,0.7271745043912806,1.326727726202874,1.289495191591557,1.289495191591557,0.6034525779375196,1,0.04552380142005724,1
621_left_LAD_mid_20mm_80ds_leaky_T3_stenosis_length_B_rederived,15.0,-29.805858359894827,grid,389,0.992356441213763,0.5251986795632875,0.6879873218868638,1.0561570928000215,1.0561570928000215,0.7932347839188605,2,-1.2941704734859485,1
621_left_LAD_mid_20mm_80ds_leaky_T3_stenosis_length_B_rederived,20.0,-24.805858359894827,grid,599,0.9906064229491782,0.17026229247405317,1.0466176288917148,1.0631143064123694,1.0631143064123694,0.25214030477584465,1,0.002031908958701404,1
621_left_LAD_mid_20mm_80ds_leaky_T3_stenosis_length_B_rederived,25.0,-19.805858359894824,grid,610,0.9900463889915525,0.16458535496464108,1.0920750962582007,1.055010626105792,1.055010626105792,0.24939306418200205,1,0.0020754864519158182,1
621_left_LAD_mid_20mm_80ds_leaky_T3_stenosis_length_B_rederived,30.0,-14.805858359894827,grid,621,0.9894474597783549,0.15899454549117895,0.9675146642982569,1.0469016436848122,1.0469016436848122,0.24656320404021134,1,0.00217783226431438,1
621_left_LAD_mid_20mm_80ds_leaky_T3_stenosis_length_B_rederived,33.57585835989482,-11.230000000000004,lesion_prox,628,0.9889577251296586,0.15489720568679835,1.050920087072953,1.0408742712880135,1.0408742712880135,0.2444063283681761,1,0.0021480317311238953,1
621_left_LAD_mid_20mm_80ds_leaky_T3_stenosis_length_B_rederived,35.0,-9.805858359894822,grid,631,0.988804463671945,0.15349187998832736,1.027883168614773,1.0387901160231003,1.0387901160231003,0.24364957810875387,1,0.0022757690718692588,1
621_left_LAD_mid_20mm_80ds_leaky_T3_stenosis_length_B_rederived,40.0,-4.805858359894826,grid,641,0.9864955891819968,0.1482002521446132,1.0292319098694054,1.0308606440844175,1.0308606440844175,0.24072031790468634,1,0.0020840699210622625,1
621_left_LAD_mid_20mm_80ds_leaky_T3_stenosis_length_B_rederived,44.80585835989483,0.0,throat,651,0.7911748068442817,0.14326426069292444,1.0134982441978122,1.0231329683463528,1.0231329683463528,0.23801553835468472,1,0.0024508319069183313,1
621_left_LAD_mid_20mm_80ds_leaky_T3_stenosis_length_B_rederived,50.0,5.194141640105176,grid,662,0.6727405720929027,0.13954433969156552,1.0563901989210014,1.0148955447000763,1.0148955447000763,0.2375263917315417,1,0.0019261831297411162,1
621_left_LAD_mid_20mm_80ds_leaky_T3_stenosis_length_B_rederived,55.0,10.194141640105174,grid,673,0.6712551058473386,0.13625438512174942,1.1411228580974924,1.0070771131791854,1.0070771131791854,0.23737008959997,1,0.0021643207227550173,1
621_left_LAD_mid_20mm_80ds_leaky_T3_stenosis_length_B_rederived,56.03585835989483,11.230000000000004,lesion_dist,676,0.6711389360436669,0.13528383663633822,1.0720484046575725,1.0047453675156959,1.0047453675156959,0.2373239446079695,1,0.0028274164410252685,1
621_left_LAD_mid_20mm_80ds_leaky_T3_stenosis_length_B_rederived,60.0,15.19414164010517,grid,682,0.6707769435837244,0.1328772606496147,1.0170031489662523,0.9989142574812052,0.9989142574812052,0.2372082093803367,1,0.002689446575768258,1
621_left_LAD_mid_20mm_80ds_leaky_T3_stenosis_length_B_rederived,65.0,20.194141640105176,grid,691,0.6701531517337375,0.12963491705070512,0.9455038596136514,0.990942578104578,0.990942578104578,0.23705013706448502,1,0.0024181137782929023,1
621_left_LAD_mid_20mm_80ds_leaky_T3_stenosis_length_B_rederived,70.0,25.19414164010518,grid,700,0.669345126548363,0.12637617767964127,0.9040610588930621,0.982789608996676,0.982789608996676,0.2368902749552841,1,0.0028908185272981213,1
621_left_LAD_mid_20mm_80ds_leaky_T3_stenosis_length_B_rederived,75.23497995590162,30.429121596006787,measurement,709,0.6683125694215285,0.12299811090915903,0.879202204113203,0.9741801852139339,0.9741801852139339,0.23672506820047307,1,0.0031075199522438406,1
621_left_LAD_mid_20mm_80ds_leaky_T3_stenosis_length_B_rederived,80.0,35.19414164010517,grid,716,0.6677758749429707,0.12020834907696312,0.9484807598763866,0.966943651747479,0.966943651747479,0.2365891465538954,1,0.003138694866069423,1
621_left_LAD_mid_20mm_80ds_leaky_T3_stenosis_length_B_rederived,85.0,40.19414164010518,grid,725,0.6671690554793627,0.117001682745395,0.916181764981378,0.9584816661769016,0.9584816661769016,0.23643096891207974,1,0.0028598529171487102,1
621_left_LAD_mid_20mm_80ds_leaky_T3_stenosis_length_B_rederived,90.0,45.19414164010517,grid,734,0.6660266588689118,0.11412937879571641,0.8319695785290472,0.9507630451862612,0.9507630451862612,0.23628941056346645,1,0.00272146778444888,1
621_left_LAD_mid_20mm_80ds_leaky_T3_stenosis_length_B_rederived,95.0,50.19414164010517,grid,743,0.6653319179728034,0.11115339927024315,0.8742314979512024,0.9426180784134561,0.9426180784134561,0.23614520892631832,1,0.002847608458215187,1
621_left_LAD_mid_20mm_80ds_leaky_T3_stenosis_length_B_rederived,100.0,55.19414164010518,grid,752,0.6647765123783492,0.10831800269035727,0.970315554375678,0.9347160256599406,0.9347160256599406,0.23600720499446096,1,0.0027024763613713644,1
621_left_LAD_mid_20mm_80ds_leaky_T3_stenosis_length_B_rederived,105.0,60.19414164010517,grid,762,0.6642438568386623,0.10531149573459904,0.959753143966306,0.9261811017311674,0.9261811017311674,0.23585860196278896,1,0.0028679539113541943,1
621_left_LAD_mid_20mm_80ds_leaky_T3_stenosis_length_B_rederived,110.0,65.19414164010517,grid,771,0.6636998587889567,0.10267667957237707,0.971918680250037,0.918563076215489,0.918563076215489,0.23572657616427198,1,0.0027761371025727664,1
621_left_LAD_mid_20mm_80ds_leaky_T3_stenosis_length_B_rederived,115.0,70.19414164010517,grid,781,0.6630292339363844,0.09987136376614443,0.8607130707918059,0.9103031041544561,0.9103031041544561,0.23558443517909128,1,0.0027338972585100162,1
621_left_LAD_mid_20mm_80ds_leaky_T3_stenosis_length_B_rederived,120.0,75.19414164010517,grid,791,0.6622583084849487,0.09710572966747336,0.7531885350259482,0.9020008535489008,0.9020008535489008,0.2354440365425109,1,0.002837795759339623,1
621_left_LAD_mid_20mm_80ds_leaky_T3_stenosis_length_B_rederived,125.0,80.19414164010517,grid,800,0.6611556557603455,0.09462275545160097,0.8756099063141816,0.8944016792511943,0.8944016792511943,0.2353214183504063,1,0.002812846314647494,1
621_left_LAD_mid_20mm_80ds_leaky_T3_stenosis_length_B_rederived,130.0,85.19414164010517,grid,809,0.6606387130584429,0.09185581171754985,0.921177015520069,0.8857668983432604,0.8857668983432604,0.235186280941862,1,0.0036543156676383365,1
621_left_LAD_mid_20mm_80ds_leaky_T3_stenosis_length_B_rederived,135.0,90.19414164010519,grid,817,0.6591903705987198,0.08945637002646377,0.6783295665819867,0.8781307011775241,0.8781307011775241,0.23507014333468892,1,0.0030991002452021377,1
621_left_LAD_mid_20mm_80ds_leaky_T3_stenosis_length_B_rederived,140.0,95.19414164010519,grid,827,0.6567046996602354,0.08684820407060607,0.5735789982475618,0.8696517228761712,0.8696517228761712,0.23495702876130695,1,0.0023595612164973474,1
621_left_LAD_mid_20mm_80ds_leaky_T3_stenosis_length_B_rederived,145.0,100.19414164010516,grid,839,0.6528823591523086,0.08459640191777217,0.5117307503358333,0.8621560865031879,0.8621560865031879,0.23488640491019128,1,0.002110425006169866,1
621_left_LAD_mid_20mm_80ds_leaky_T3_stenosis_length_C_flowmatched,0.0,-44.80585835989483,grid,55,0.9965498743950693,1.9711792935113661,1.9172093010599178,1.8989792845345903,1.8989792845345903,0.5121876841144625,1,0.06387054157856224,1
621_left_LAD_mid_20mm_80ds_leaky_T3_stenosis_length_C_flowmatched,5.0,-39.80585835989483,grid,368,0.9957014662409992,1.0078145100066855,1.4811583280845635,1.5154553260255357,1.5154553260255357,0.5152462933312157,1,0.04041658939275528,1
621_left_LAD_mid_20mm_80ds_leaky_T3_stenosis_length_C_flowmatched,10.0,-34.80585835989483,grid,378,0.9949072154321845,0.7278430621580944,1.326727726202874,1.289495191591557,1.289495191591557,0.604007386866391,1,0.04552380142005724,1
621_left_LAD_mid_20mm_80ds_leaky_T3_stenosis_length_C_flowmatched,15.0,-29.805858359894827,grid,389,0.9923492102002979,0.5256637495031162,0.6879873218868638,1.0561570928000215,1.0561570928000215,0.7939372031510147,2,-1.2941704734859485,1
621_left_LAD_mid_20mm_80ds_leaky_T3_stenosis_length_C_flowmatched,20.0,-24.805858359894827,grid,599,0.9905977952323367,0.17037443919641984,1.0466176288917148,1.0631143064123694,1.0631143064123694,0.2523063821165539,1,0.002031908958701404,1
621_left_LAD_mid_20mm_80ds_leaky_T3_stenosis_length_C_flowmatched,25.0,-19.805858359894824,grid,610,0.9900373958840505,0.16469180240290066,1.0920750962582007,1.055010626105792,1.055010626105792,0.24955436196458775,1,0.0020754864519158182,1
621_left_LAD_mid_20mm_80ds_leaky_T3_stenosis_length_C_flowmatched,30.0,-14.805858359894827,grid,621,0.989438083755933,0.1590953822279779,0.9675146642982569,1.0469016436848122,1.0469016436848122,0.24671957813992212,1,0.00217783226431438,1
621_left_LAD_mid_20mm_80ds_leaky_T3_stenosis_length_C_flowmatched,33.57585835989482,-11.230000000000004,lesion_prox,628,0.9889480410526877,0.15499393215958032,1.050920087072953,1.0408742712880135,1.0408742712880135,0.24455894934002537,1,0.0021480317311238953,1
621_left_LAD_mid_20mm_80ds_leaky_T3_stenosis_length_C_flowmatched,35.0,-9.805858359894822,grid,631,0.9887946842523702,0.1535871970039163,1.027883168614773,1.0387901160231003,1.0387901160231003,0.24380088220794527,1,0.0022757690718692588,1
621_left_LAD_mid_20mm_80ds_leaky_T3_stenosis_length_C_flowmatched,40.0,-4.805858359894826,grid,641,0.9864843996113447,0.14829026434686712,1.0292319098694054,1.0308606440844175,1.0308606440844175,0.24086652390385513,1,0.0020840699210622625,1
621_left_LAD_mid_20mm_80ds_leaky_T3_stenosis_length_C_flowmatched,44.80585835989483,0.0,throat,651,0.7910035826171988,0.14334941219172215,1.0134982441978122,1.0231329683463528,1.0231329683463528,0.23815700685303884,1,0.0024508319069183313,1
621_left_LAD_mid_20mm_80ds_leaky_T3_stenosis_length_C_flowmatched,50.0,5.194141640105176,grid,662,0.6724990846908819,0.139626988774374,1.0563901989210014,1.0148955447000763,1.0148955447000763,0.23766707345652463,1,0.0019261831297411162,1
621_left_LAD_mid_20mm_80ds_leaky_T3_stenosis_length_C_flowmatched,55.0,10.194141640105174,grid,673,0.671012738958348,0.13633499418037937,1.1411228580974924,1.0070771131791854,1.0070771131791854,0.23751051942505388,1,0.0021643207227550173,1
621_left_LAD_mid_20mm_80ds_leaky_T3_stenosis_length_C_flowmatched,56.03585835989483,11.230000000000004,lesion_dist,676,0.6708965004434343,0.13536384467555038,1.0720484046575725,1.0047453675156959,1.0047453675156959,0.2374643000557324,1,0.0028274164410252685,1
621_left_LAD_mid_20mm_80ds_leaky_T3_stenosis_length_C_flowmatched,60.0,15.19414164010517,grid,682,0.6705342940062725,0.13295577926057423,1.0170031489662523,0.9989142574812052,0.9989142574812052,0.23734837827769123,1,0.002689446575768258,1
621_left_LAD_mid_20mm_80ds_leaky_T3_stenosis_length_C_flowmatched,65.0,20.194141640105176,grid,691,0.6699101337995477,0.12971143145209788,0.9455038596136514,0.990942578104578,0.990942578104578,0.23719005113817912,1,0.0024181137782929023,1
621_left_LAD_mid_20mm_80ds_leaky_T3_stenosis_length_C_flowmatched,70.0,25.19414164010518,grid,700,0.6691016320069386,0.12645068149898403,0.9040610588930621,0.982789608996676,0.982789608996676,0.2370299312621402,1,0.0028908185272981213,1
621_left_LAD_mid_20mm_80ds_leaky_T3_stenosis_length_C_flowmatched,75.23497995590162,30.429121596006787,measurement,709,0.6680684665712224,0.12307053537575353,0.879202204113203,0.9741801852139339,0.9741801852139339,0.23686445803879855,1,0.0031075199522438406,1
621_left_LAD_mid_20mm_80ds_leaky_T3_stenosis_length_C_flowmatched,80.0,35.19414164010517,grid,716,0.667531456244028,0.12027906009484016,0.9484807598763866,0.966943651747479,0.966943651747479,0.2367283170815663,1,0.003138694866069423,1
621_left_LAD_mid_20mm_80ds_leaky_T3_stenosis_length_C_flowmatched,85.0,40.19414164010518,grid,725,0.6669242800526032,0.11707042719490358,0.916181764981378,0.9584816661769016,0.9584816661769016,0.23656988415178623,1,0.0028598529171487102,1
621_left_LAD_mid_20mm_80ds_leaky_T3_stenosis_length_C_flowmatched,90.0,45.19414164010517,grid,734,0.665781212648322,0.11419636539629285,0.8319695785290472,0.9507630451862612,0.9507630451862612,0.2364280972411026,1,0.00272146778444888,1
621_left_LAD_mid_20mm_80ds_leaky_T3_stenosis_length_C_flowmatched,95.0,50.19414164010517,grid,743,0.6650860642283709,0.11121856934174791,0.8742314979512024,0.9426180784134561,0.9426180784134561,0.23628366263310796,1,0.002847608458215187,1
621_left_LAD_mid_20mm_80ds_leaky_T3_stenosis_length_C_flowmatched,100.0,55.19414164010518,grid,752,0.6645303331635791,0.1083814451086399,0.970315554375678,0.9347160256599406,0.9347160256599406,0.2361454356435228,1,0.0027024763613713644,1
621_left_LAD_mid_20mm_80ds_leaky_T3_stenosis_length_C_flowmatched,105.0,60.19414164010517,grid,762,0.6639973658317299,0.10537310879906513,0.959753143966306,0.9261811017311674,0.9261811017311674,0.23599659232315984,1,0.0028679539113541943,1
621_left_LAD_mid_20mm_80ds_leaky_T3_stenosis_length_C_flowmatched,110.0,65.19414164010517,grid,771,0.6634530496848713,0.10273669173829313,0.971918680250037,0.918563076215489,0.918563076215489,0.23586435294531427,1,0.0027761371025727664,1
621_left_LAD_mid_20mm_80ds_leaky_T3_stenosis_length_C_flowmatched,115.0,70.19414164010517,grid,781,0.6627820331246383,0.09992967397996591,0.8607130707918059,0.9103031041544561,0.9103031041544561,0.23572198190189836,1,0.0027338972585100162,1
621_left_LAD_mid_20mm_80ds_leaky_T3_stenosis_length_C_flowmatched,120.0,75.19414164010517,grid,791,0.6620106578625442,0.09716236517775545,0.7531885350259482,0.9020008535489008,0.9020008535489008,0.2355813558664903,1,0.002837795759339623,1
621_left_LAD_mid_20mm_80ds_leaky_T3_stenosis_length_C_flowmatched,125.0,80.19414164010517,grid,800,0.6609073623329033,0.09467789160685132,0.8756099063141816,0.8944016792511943,0.8944016792511943,0.23545853883684717,1,0.002812846314647494,1
621_left_LAD_mid_20mm_80ds_leaky_T3_stenosis_length_C_flowmatched,130.0,85.19414164010517,grid,809,0.6603901185727928,0.09190928066500005,0.921177015520069,0.8857668983432604,0.8857668983432604,0.2353231820552652,1,0.0036543156676383365,1
621_left_LAD_mid_20mm_80ds_leaky_T3_stenosis_length_C_flowmatched,135.0,90.19414164010519,grid,817,0.658940933540833,0.08950839616727035,0.6783295665819867,0.8781307011775241,0.8781307011775241,0.23520685570489727,1,0.0030991002452021377,1
621_left_LAD_mid_20mm_80ds_leaky_T3_stenosis_length_C_flowmatched,140.0,95.19414164010519,grid,827,0.6564537054546618,0.08689866956912141,0.5735789982475618,0.8696517228761712,0.8696517228761712,0.23509355689925768,1,0.0023595612164973474,1
621_left_LAD_mid_20mm_80ds_leaky_T3_stenosis_length_C_flowmatched,145.0,100.19414164010516,grid,839,0.6526291446557632,0.08464553225070964,0.5117307503358333,0.8621560865031879,0.8621560865031879,0.23502281789010668,1,0.002110425006169866,1
621_left_LAD_mid_20mm_80ds_leaky_T4_taper_A_fixed,0.0,-44.80585835989483,grid,55,0.9965595613953481,1.962550682824443,1.9172093010599178,1.8989792845345903,1.8989792845345903,0.5099456414248867,1,0.06387054157856224,1
621_left_LAD_mid_20mm_80ds_leaky_T4_taper_A_fixed,5.0,-39.80585835989483,grid,368,0.9957164114044516,1.0001480247100303,1.4811583280845635,1.5154553260255357,1.5154553260255357,0.511326794164694,1,0.04041658939275528,1
621_left_LAD_mid_20mm_80ds_leaky_T4_taper_A_fixed,10.0,-34.80585835989483,grid,378,0.9949292587740277,0.7204547078926722,1.326727726202874,1.289495191591557,1.289495191591557,0.5978760918316223,1,0.04552380142005724,1
621_left_LAD_mid_20mm_80ds_leaky_T4_taper_A_fixed,15.0,-29.805858359894827,grid,389,0.989698792552558,0.5184737785493504,0.6879873218868638,1.0561570928000215,1.0561570928000215,0.7830778174026808,2,-1.202420981175577,1
621_left_LAD_mid_20mm_80ds_leaky_T4_taper_A_fixed,20.0,-24.805858359894827,grid,599,0.9883418822912774,0.16454250854380673,1.0466176288917148,1.0289959338222874,1.0289959338222874,0.26872051471253655,1,0.0026413727041384475,1
621_left_LAD_mid_20mm_80ds_leaky_T4_taper_A_fixed,25.0,-19.805858359894824,grid,610,0.9878009769223146,0.1588792690482874,1.0920750962582007,1.018797585862631,1.018797585862631,0.2673420020057658,1,0.0027042395783204664,1
621_left_LAD_mid_20mm_80ds_leaky_T4_taper_A_fixed,30.0,-14.805858359894827,grid,621,0.9872232146447655,0.15330184608972278,0.9675146642982569,1.0085925652794812,1.0085925652794812,0.2658666000216192,1,0.002844234580764435,1
621_left_LAD_mid_20mm_80ds_leaky_T4_taper_A_fixed,34.80585835989483,-10.000000000000002,lesion_prox,630,0.9866587112710321,0.14826838509335952,1.0353312663276073,0.9992389265147826,0.9992389265147826,0.2644260328274345,1,0.0025635139181800883,1
621_left_LAD_mid_20mm_80ds_leaky_T4_taper_A_fixed,40.0,-4.805858359894826,grid,641,0.9846999761411797,0.1425327513870171,0.957185676178547,0.9884052319498635,0.9884052319498635,0.26264748484175854,1,0.0027348301020671028,1
621_left_LAD_mid_20mm_80ds_leaky_T4_taper_A_fixed,44.80585835989483,0.0,throat,651,0.7767311189098559,0.13759902734913343,0.9425533671039653,0.9786800795358163,0.9786800795358163,0.26119015471198714,1,0.0032235934610011455,1
621_left_LAD_mid_20mm_80ds_leaky_T4_taper_A_fixed,50.0,5.194141640105176,grid,662,0.6531678662822561,0.13399513860999068,0.9824428849965314,0.9683134177898385,0.9683134177898385,0.2626061406284824,1,0.0025401622628561937,1
621_left_LAD_mid_20mm_80ds_leaky_T4_taper_A_fixed,54.80585835989483,10.000000000000002,lesion_dist,673,0.6519441985588048,0.13080859597426453,1.061244258030668,0.9584740507205236,0.9584740507205236,0.26433756810196946,1,0.0028612145659233828,1
621_left_LAD_mid_20mm_80ds_leaky_T4_taper_A_fixed,60.0,15.19414164010517,grid,682,0.651334987496944,0.127537709894809,0.9458129285386148,0.9482012315071477,0.9482012315071477,0.2661955270975174,1,0.0035646027990690445,1
621_left_LAD_mid_20mm_80ds_leaky_T4_taper_A_fixed,65.0,20.194141640105176,grid,691,0.6505347113669395,0.12439825743842223,0.8793185894406957,0.9381690045398922,0.9381690045398922,0.2680616828551381,1,0.003213484962037045,1
621_left_LAD_mid_20mm_80ds_leaky_T4_taper_A_fixed,70.0,25.19414164010518,grid,700,0.6494983028414373,0.12124412985362275,0.8407767847705478,0.9279086274370065,0.9279086274370065,0.2700279798564634,1,0.003851981479706872,1
621_left_LAD_mid_20mm_80ds_leaky_T4_taper_A_fixed,75.23497995590162,30.429121596006787,measurement,709,0.6481742048695686,0.11797605275210475,0.8176580498252789,0.9170738096570797,0.9170738096570797,0.27217277014384006,1,0.004152835222355112,1
621_left_LAD_mid_20mm_80ds_leaky_T4_taper_A_fixed,80.0,35.19414164010517,grid,716,0.6474861133943618,0.11527832958103966,0.8820871066850395,0.907966751688282,0.907966751688282,0.2740321526596162,1,0.004205068050249687,1
621_left_LAD_mid_20mm_80ds_leaky_T4_taper_A_fixed,85.0,40.19414164010518,grid,725,0.6467082762304288,0.11217839321933658,0.8520490414326817,0.8973174824657172,0.8973174824657172,0.2762704988875943,1,0.0038431398395126844,1
621_left_LAD_mid_20mm_80ds_leaky_T4_taper_A_fixed,90.0,45.19414164010517,grid,734,0.6452442441642858,0.10940285809154943,0.773731708032014,0.887603725301905,0.887603725301905,0.27837805962397694,1,0.003667470349102,1
621_left_LAD_mid_20mm_80ds_leaky_T4_taper_A_fixed,95.0,50.19414164010517,grid,743,0.6443540734889139,0.10652866023774556,0.8130352930946183,0.8773534190057046,0.8773534190057046,0.28067674476371823,1,0.0038489622609978115,1
621_left_LAD_mid_20mm_80ds_leaky_T4_taper_A_fixed,100.0,55.19414164010518,grid,752,0.6436425650417461,0.10379121313305237,0.9023934655693806,0.8674088159948352,0.8674088159948352,0.2829780679222761,1,0.00366374958949495,1
621_left_LAD_mid_20mm_80ds_leaky_T4_taper_A_fixed,105.0,60.19414164010517,grid,762,0.6429603428678492,0.10088938255729292,0.8925704238886646,0.8566677550519227,0.8566677550519227,0.2855432428930505,1,0.0039007963245900872,1
621_left_LAD_mid_20mm_80ds_leaky_T4_taper_A_fixed,110.0,65.19414164010517,grid,771,0.6422637301623669,0.09834703258372329,0.9038843726325345,0.8470805956335817,0.8470805956335817,0.2879060193976916,1,0.0037872671106808932,1
621_left_LAD_mid_20mm_80ds_leaky_T4_taper_A_fixed,115.0,70.19414164010517,grid,781,0.6414051434659732,0.09564097548403092,0.8004631558363796,0.8366855570796691,0.8366855570796691,0.29054998995713727,1,0.0037420290650225863,1
621_left_LAD_mid_20mm_80ds_leaky_T4_taper_A_fixed,120.0,75.19414164010517,grid,791,0.6404183406004538,0.09297420663943512,0.7004653375741318,0.8262373116750474,0.8262373116750474,0.29329979269291545,1,0.003897418190006685,1
621_left_LAD_mid_20mm_80ds_leaky_T4_taper_A_fixed,125.0,80.19414164010517,grid,800,0.63900714593787,0.09058132599775393,0.814317212872189,0.8166738762034893,0.8166738762034893,0.2959077689890553,1,0.00387545985398976,1
621_left_LAD_mid_20mm_80ds_leaky_T4_taper_A_fixed,130.0,85.19414164010517,grid,809,0.6383456749671196,0.08791593310052782,0.8566946244336643,0.8058071468998872,0.8058071468998872,0.2989771030772321,1,0.005052877468050764,1
621_left_LAD_mid_20mm_80ds_leaky_T4_taper_A_fixed,135.0,90.19414164010519,grid,817,0.6364927713021599,0.08560549765032345,0.6308464969212476,0.7961971187597702,0.7961971187597702,0.30178909019127326,1,0.004299791436641858,1
621_left_LAD_mid_20mm_80ds_leaky_T4_taper_A_fixed,140.0,95.19414164010519,grid,827,0.6333425639945568,0.08309647644036715,0.5334284683702325,0.7855264644658947,0.7855264644658947,0.3050449431875916,1,0.003286463684324851,1
621_left_LAD_mid_20mm_80ds_leaky_T4_taper_A_fixed,145.0,100.19414164010516,grid,839,0.6284538864321937,0.08093396145327532,0.47590959781232495,0.7760933297642832,0.7760933297642832,0.30807228521015134,1,0.002949630876498462,1
621_left_LAD_mid_20mm_80ds_leaky_T4_taper_B_rederived,0.0,-44.80585835989483,grid,55,0.9965451355862693,1.968598986560244,1.9172093010599178,1.8989792845345903,1.8989792845345903,0.5115172217947993,1,0.06387054157856224,1
621_left_LAD_mid_20mm_80ds_leaky_T4_taper_B_rederived,5.0,-39.80585835989483,grid,368,0.9957005148840079,1.0008581037845716,1.4811583280845635,1.5154553260255357,1.5154553260255357,0.5116898228842617,1,0.04041658939275528,1
621_left_LAD_mid_20mm_80ds_leaky_T4_taper_B_rederived,10.0,-34.80585835989483,grid,378,0.9949135765909164,0.7196110129080908,1.326727726202874,1.289495191591557,1.289495191591557,0.5971759436411067,1,0.04552380142005724,1
621_left_LAD_mid_20mm_80ds_leaky_T4_taper_B_rederived,15.0,-29.805858359894827,grid,389,0.989711302650424,0.5165076803936508,0.6879873218868638,1.0561570928000215,1.0561570928000215,0.780108317466016,2,-1.202420981175577,1
621_left_LAD_mid_20mm_80ds_leaky_T4_taper_B_rederived,20.0,-24.805858359894827,grid,599,0.9883877102158328,0.1598022962028054,1.0466176288917148,1.0289959338222874,1.0289959338222874,0.26097909693913807,1,0.0026413727041384475,1
621_left_LAD_mid_20mm_80ds_leaky_T4_taper_B_rederived,25.0,-19.805858359894824,grid,610,0.9878645289507547,0.15310311699737364,1.0920750962582007,1.018797585862631,1.018797585862631,0.2576226216081151,1,0.0027042395783204664,1
621_left_LAD_mid_20mm_80ds_leaky_T4_taper_B_rederived,30.0,-14.805858359894827,grid,621,0.9873104400336605,0.14653599011748247,0.9675146642982569,1.0085925652794812,1.0085925652794812,0.2541327874847323,1,0.002844234580764435,1
621_left_LAD_mid_20mm_80ds_leaky_T4_taper_B_rederived,34.80585835989483,-10.000000000000002,lesion_prox,630,0.9867729924636807,0.14063605782190056,1.0353312663276073,0.9992389265147826,0.9992389265147826,0.25081432443550894,1,0.0025635139181800883,1
621_left_LAD_mid_20mm_80ds_leaky_T4_taper_B_rederived,40.0,-4.805858359894826,grid,641,0.9849276880191365,0.13394477715916028,0.957185676178547,0.9884052319498635,0.9884052319498635,0.24682228109817952,1,0.0027348301020671028,1
621_left_LAD_mid_20mm_80ds_leaky_T4_taper_B_rederived,44.80585835989483,0.0,throat,651,0.7961131783621126,0.12820713011510432,0.9425533671039653,0.9786800795358163,0.9786800795358163,0.2433624771560193,1,0.0032235934610011455,1
621_left_LAD_mid_20mm_80ds_leaky_T4_taper_B_rederived,50.0,5.194141640105176,grid,662,0.6812311681196365,0.12387465004125219,0.9824428849965314,0.9683134177898385,0.9683134177898385,0.24277182072791756,1,0.0025401622628561937,1
621_left_LAD_mid_20mm_80ds_leaky_T4_taper_B_rederived,54.80585835989483,10.000000000000002,lesion_dist,673,0.6801027422066549,0.12004023801537587,1.061244258030668,0.9584740507205236,0.9584740507205236,0.2425769067776622,1,0.0028612145659233828,1
621_left_LAD_mid_20mm_80ds_leaky_T4_taper_B_rederived,60.0,15.19414164010517,grid,682,0.6795462635884125,0.11612388079277233,0.9458129285386148,0.9482012315071477,0.9482012315071477,0.2423726886874222,1,0.0035646027990690445,1
621_left_LAD_mid_20mm_80ds_leaky_T4_taper_B_rederived,65.0,20.194141640105176,grid,691,0.6788209185735634,0.11238405168594678,0.8793185894406957,0.9381690045398922,0.9381690045398922,0.24217266898554565,1,0.003213484962037045,1
621_left_LAD_mid_20mm_80ds_leaky_T4_taper_B_rederived,70.0,25.19414164010518,grid,700,0.6778888585353912,0.10864602022597374,0.8407767847705478,0.9279086274370065,0.9279086274370065,0.24197019184749877,1,0.003851981479706872,1
621_left_LAD_mid_20mm_80ds_leaky_T4_taper_B_rederived,75.23497995590162,30.429121596006787,measurement,709,0.6767082820497052,0.10479379923209682,0.8176580498252789,0.9170738096570797,0.9170738096570797,0.2417610859623235,1,0.004152835222355112,1
621_left_LAD_mid_20mm_80ds_leaky_T4_taper_B_rederived,80.0,35.19414164010517,grid,716,0.676099548231553,0.10163037544699002,0.8820871066850395,0.907966751688282,0.907966751688282,0.24158912312973257,1,0.004205068050249687,1
621_left_LAD_mid_20mm_80ds_leaky_T4_taper_B_rederived,85.0,40.19414164010518,grid,725,0.6754171143744468,0.0980146300454252,0.8520490414326817,0.8973174824657172,0.8973174824657172,0.24138829202150658,1,0.0038431398395126844,1
621_left_LAD_mid_20mm_80ds_leaky_T4_taper_B_rederived,90.0,45.19414164010517,grid,734,0.6741442690966418,0.09479509476490028,0.773731708032014,0.887603725301905,0.887603725301905,0.24120827374035764,1,0.003667470349102,1
621_left_LAD_mid_20mm_80ds_leaky_T4_taper_B_rederived,95.0,50.19414164010517,grid,743,0.6733768073736688,0.09147918815417028,0.8130352930946183,0.8773534190057046,0.8773534190057046,0.24102509772898262,1,0.0038489622609978115,1
621_left_LAD_mid_20mm_80ds_leaky_T4_taper_B_rederived,100.0,55.19414164010518,grid,752,0.6727685272467049,0.08833909610457484,0.9023934655693806,0.8674088159948352,0.8674088159948352,0.24084916230459033,1,0.00366374958949495,1
621_left_LAD_mid_20mm_80ds_leaky_T4_taper_B_rederived,105.0,60.19414164010517,grid,762,0.6721909300524092,0.08503051460678794,0.8925704238886646,0.8566677550519227,0.8566677550519227,0.24065851401062047,1,0.0039007963245900872,1
621_left_LAD_mid_20mm_80ds_leaky_T4_taper_B_rederived,110.0,65.19414164010517,grid,771,0.6716066675292449,0.08214930607696941,0.9038843726325345,0.8470805956335817,0.8470805956335817,0.24048798512317504,1,0.0037872671106808932,1
621_left_LAD_mid_20mm_80ds_leaky_T4_taper_B_rederived,115.0,70.19414164010517,grid,781,0.6708938245023865,0.07910109015675704,0.8004631558363796,0.8366855570796691,0.8366855570796691,0.24030307966151795,1,0.0037420290650225863,1
621_left_LAD_mid_20mm_80ds_leaky_T4_taper_B_rederived,120.0,75.19414164010517,grid,791,0.6700828125880303,0.07611626727819318,0.7004653375741318,0.8262373116750474,0.8262373116750474,0.2401191278763058,1,0.003897418190006685,1
621_left_LAD_mid_20mm_80ds_leaky_T4_taper_B_rederived,125.0,80.19414164010517,grid,800,0.6689329528379175,0.07345425749103349,0.814317212872189,0.8166738762034893,0.8166738762034893,0.23995768683556576,1,0.00387545985398976,1
621_left_LAD_mid_20mm_80ds_leaky_T4_taper_B_rederived,130.0,85.19414164010517,grid,809,0.6683996288006427,0.07050821082820362,0.8566946244336643,0.8058071468998872,0.8058071468998872,0.23977838684224217,1,0.005052877468050764,1
621_left_LAD_mid_20mm_80ds_leaky_T4_taper_B_rederived,135.0,90.19414164010519,grid,817,0.6669234586883194,0.06797140766557096,0.6308464969212476,0.7961971187597702,0.7961971187597702,0.2396228027574032,1,0.004299791436641858,1
621_left_LAD_mid_20mm_80ds_leaky_T4_taper_B_rederived,140.0,95.19414164010519,grid,827,0.6644778565574976,0.0652334728697331,0.5334284683702325,0.7855264644658947,0.7855264644658947,0.23947033469893678,1,0.003286463684324851,1
621_left_LAD_mid_20mm_80ds_leaky_T4_taper_B_rederived,145.0,100.19414164010516,grid,839,0.6606639506830738,0.06288632770329429,0.47590959781232495,0.7760933297642832,0.7760933297642832,0.23937460042917857,1,0.002949630876498462,1
621_left_LAD_mid_20mm_80ds_leaky_T4_taper_C_flowmatched,0.0,-44.80585835989483,grid,55,0.9965507335653734,1.9654351516143205,1.9172093010599178,1.8989792845345903,1.8989792845345903,0.5106951366099522,1,0.06387054157856224,1
621_left_LAD_mid_20mm_80ds_leaky_T4_taper_C_flowmatched,5.0,-39.80585835989483,grid,368,0.9957074472680312,0.9992968674554424,1.4811583280845635,1.5154553260255357,1.5154553260255357,0.5108916390680825,1,0.04041658939275528,1
621_left_LAD_mid_20mm_80ds_leaky_T4_taper_C_flowmatched,10.0,-34.80585835989483,grid,378,0.9949217208564006,0.7185158985221769,1.326727726202874,1.289495191591557,1.289495191591557,0.5962671527039582,1,0.04552380142005724,1
621_left_LAD_mid_20mm_80ds_leaky_T4_taper_C_flowmatched,15.0,-29.805858359894827,grid,389,0.9897310654682436,0.5157488261162989,0.6879873218868638,1.0561570928000215,1.0561570928000215,0.7789621805236656,2,-1.202420981175577,1
621_left_LAD_mid_20mm_80ds_leaky_T4_taper_C_flowmatched,20.0,-24.805858359894827,grid,599,0.9884089722878344,0.15962328577116067,1.0466176288917148,1.0289959338222874,1.0289959338222874,0.2606867483189778,1,0.0026413727041384475,1
621_left_LAD_mid_20mm_80ds_leaky_T4_taper_C_flowmatched,25.0,-19.805858359894824,grid,610,0.9878863708641527,0.15293510795428997,1.0920750962582007,1.018797585862631,1.018797585862631,0.2573399171734704,1,0.0027042395783204664,1
621_left_LAD_mid_20mm_80ds_leaky_T4_taper_C_flowmatched,30.0,-14.805858359894827,grid,621,0.9873328820044623,0.14637876166805278,0.9675146642982569,1.0085925652794812,1.0085925652794812,0.2538601110992693,1,0.002844234580764435,1
621_left_LAD_mid_20mm_80ds_leaky_T4_taper_C_flowmatched,34.80585835989483,-10.000000000000002,lesion_prox,630,0.9867960045247876,0.14048851061757375,1.0353312663276073,0.9992389265147826,0.9992389265147826,0.2505511845768644,1,0.0025635139181800883,1
621_left_LAD_mid_20mm_80ds_leaky_T4_taper_C_flowmatched,40.0,-4.805858359894826,grid,641,0.9849525962984454,0.13380820385322,0.957185676178547,0.9884052319498635,0.9884052319498635,0.24657061518313425,1,0.0027348301020671028,1
621_left_LAD_mid_20mm_80ds_leaky_T4_taper_C_flowmatched,44.80585835989483,0.0,throat,651,0.7963957630944634,0.1280798173898401,0.9425533671039653,0.9786800795358163,0.9786800795358163,0.24312081243607772,1,0.0032235934610011455,1
621_left_LAD_mid_20mm_80ds_leaky_T4_taper_C_flowmatched,50.0,5.194141640105176,grid,662,0.6816275913188061,0.1237521398504668,0.9824428849965314,0.9683134177898385,0.9683134177898385,0.2425317229995705,1,0.0025401622628561937,1
621_left_LAD_mid_20mm_80ds_leaky_T4_taper_C_flowmatched,54.80585835989483,10.000000000000002,lesion_dist,673,0.6805002808865578,0.11992168030125909,1.061244258030668,0.9584740507205236,0.9584740507205236,0.2423373257501621,1,0.0028612145659233828,1
621_left_LAD_mid_20mm_80ds_leaky_T4_taper_C_flowmatched,60.0,15.19414164010517,grid,682,0.6799443514140125,0.11600935380459432,0.9458129285386148,0.9482012315071477,0.9482012315071477,0.24213364901821313,1,0.0035646027990690445,1
621_left_LAD_mid_20mm_80ds_leaky_T4_taper_C_flowmatched,65.0,20.194141640105176,grid,691,0.6792197211865795,0.11227336761832687,0.8793185894406957,0.9381690045398922,0.9381690045398922,0.2419341595558928,1,0.003213484962037045,1
621_left_LAD_mid_20mm_80ds_leaky_T4_taper_C_flowmatched,70.0,25.19414164010518,grid,700,0.6782885783798702,0.10853916912595954,0.8407767847705478,0.9279086274370065,0.9279086274370065,0.2417322191991148,1,0.003851981479706872,1
621_left_LAD_mid_20mm_80ds_leaky_T4_taper_C_flowmatched,75.23497995590162,30.429121596006787,measurement,709,0.6771091619862143,0.10469088788606666,0.8176580498252789,0.9170738096570797,0.9170738096570797,0.2415236677280729,1,0.004152835222355112,1
621_left_LAD_mid_20mm_80ds_leaky_T4_taper_C_flowmatched,80.0,35.19414164010517,grid,716,0.6765010255761893,0.10153069148512314,0.8820871066850395,0.907966751688282,0.907966751688282,0.2413521608944599,1,0.004205068050249687,1
621_left_LAD_mid_20mm_80ds_leaky_T4_taper_C_flowmatched,85.0,40.19414164010518,grid,725,0.6758192605692837,0.09791862886298627,0.8520490414326817,0.8973174824657172,0.8973174824657172,0.24115186240431333,1,0.0038431398395126844,1
621_left_LAD_mid_20mm_80ds_leaky_T4_taper_C_flowmatched,90.0,45.19414164010517,grid,734,0.6745476610348797,0.09470236535560567,0.773731708032014,0.887603725301905,0.887603725301905,0.24097232165025856,1,0.003667470349102,1
621_left_LAD_mid_20mm_80ds_leaky_T4_taper_C_flowmatched,95.0,50.19414164010517,grid,743,0.673780949503805,0.09138981887029089,0.8130352930946183,0.8773534190057046,0.8773534190057046,0.24078963170861636,1,0.0038489622609978115,1
621_left_LAD_mid_20mm_80ds_leaky_T4_taper_C_flowmatched,100.0,55.19414164010518,grid,752,0.6731732632537107,0.08825290272937021,0.9023934655693806,0.8674088159948352,0.8674088159948352,0.2406141632709839,1,0.00366374958949495,1
621_left_LAD_mid_20mm_80ds_leaky_T4_taper_C_flowmatched,105.0,60.19414164010517,grid,762,0.6725962292130288,0.08494766256653447,0.8925704238886646,0.8566677550519227,0.8566677550519227,0.24042402114670738,1,0.0039007963245900872,1
621_left_LAD_mid_20mm_80ds_leaky_T4_taper_C_flowmatched,110.0,65.19414164010517,grid,771,0.6720125356039627,0.08206935937362121,0.9038843726325345,0.8470805956335817,0.8470805956335817,0.2402539451473847,1,0.0037872671106808932,1
621_left_LAD_mid_20mm_80ds_leaky_T4_taper_C_flowmatched,115.0,70.19414164010517,grid,781,0.6713003857408857,0.07902421240778697,0.8004631558363796,0.8366855570796691,0.8366855570796691,0.24006953092283,1,0.0037420290650225863,1
621_left_LAD_mid_20mm_80ds_leaky_T4_taper_C_flowmatched,120.0,75.19414164010517,grid,791,0.6704901613918643,0.07604238877639877,0.7004653375741318,0.8262373116750474,0.8262373116750474,0.23988606808430565,1,0.003897418190006685,1
621_left_LAD_mid_20mm_80ds_leaky_T4_taper_C_flowmatched,125.0,80.19414164010517,grid,800,0.6693414170377663,0.07338304624029966,0.814317212872189,0.8166738762034893,0.8166738762034893,0.23972505652132092,1,0.00387545985398976,1
621_left_LAD_mid_20mm_80ds_leaky_T4_taper_C_flowmatched,130.0,85.19414164010517,grid,809,0.6688086096875946,0.0704399449171682,0.8566946244336643,0.8058071468998872,0.8058071468998872,0.23954623387974155,1,0.005052877468050764,1
621_left_LAD_mid_20mm_80ds_leaky_T4_taper_C_flowmatched,135.0,90.19414164010519,grid,817,0.6673338677065405,0.06790567274641664,0.6308464969212476,0.7961971187597702,0.7961971187597702,0.23939106435286267,1,0.004299791436641858,1
621_left_LAD_mid_20mm_80ds_leaky_T4_taper_C_flowmatched,140.0,95.19414164010519,grid,827,0.6648907590358147,0.0651704564749556,0.5334284683702325,0.7855264644658947,0.7855264644658947,0.23923900319863442,1,0.003286463684324851,1
621_left_LAD_mid_20mm_80ds_leaky_T4_taper_C_flowmatched,145.0,100.19414164010516,grid,839,0.6610805357557786,0.06282562156036865,0.47590959781232495,0.7760933297642832,0.7760933297642832,0.23914352462562738,1,0.002949630876498462,1
621_left_LAD_mid_20mm_80ds_discrete_clean_none,0.0,-44.80585835989483,grid,55,0.9968920423293335,1.489792681379412,1.9172093010599178,1.8989792845345903,1.8989792845345903,0.3871050521878854,1,0.06387054157856224,1
621_left_LAD_mid_20mm_80ds_discrete_clean_none,5.0,-39.80585835989483,grid,368,0.9959972972164911,1.1625372013402613,1.4811583280845635,1.5154553260255357,1.5154553260255357,0.5943484420027266,1,0.04041658939275528,1
621_left_LAD_mid_20mm_80ds_discrete_clean_none,10.0,-34.80585835989483,grid,378,0.9948968520975076,1.162537201344758,1.326727726202874,1.289495191591557,1.289495191591557,0.9647423924564309,1,0.04552380142005724,1
621_left_LAD_mid_20mm_80ds_discrete_clean_none,15.0,-29.805858359894827,grid,389,0.9896801523717762,1.1625372013436543,0.6879873218868638,1.0561570928000215,1.0561570928000215,1.75584018313273,2,-1.2941704734859485,1
621_left_LAD_mid_20mm_80ds_discrete_clean_none,20.0,-24.805858359894827,grid,599,0.9869396615881482,0.25071087312588547,1.0466176288917148,1.0631143064123694,1.0631143064123694,0.37127607670507734,1,0.002031908958701404,1
621_left_LAD_mid_20mm_80ds_discrete_clean_none,25.0,-19.805858359894824,grid,610,0.9861001436086428,0.25071087312390683,1.0920750962582007,1.055010626105792,1.055010626105792,0.3798974269949415,1,0.0020754864519158182,1
621_left_LAD_mid_20mm_80ds_discrete_clean_none,30.0,-14.805858359894827,grid,621,0.9851688092082385,0.25071087312391643,0.9675146642982569,1.0469016436848122,1.0469016436848122,0.3887936908413082,1,0.00217783226431438,1
621_left_LAD_mid_20mm_80ds_discrete_clean_none,34.80585835989483,-10.000000000000002,lesion_prox,630,0.9842294811284928,0.25071087312438267,1.0353312663276073,1.0394691753524727,1.0394691753524727,0.39719338611607974,1,0.0019585452734315546,1
621_left_LAD_mid_20mm_80ds_discrete_clean_none,40.0,-4.805858359894826,grid,641,0.9816382968246042,0.2507108731244333,1.0292319098694054,1.0308606440844175,1.0308606440844175,0.40722738461864844,1,0.0020840699210622625,1
621_left_LAD_mid_20mm_80ds_discrete_clean_none,44.80585835989483,0.0,throat,651,0.567374047270772,0.2507108731244523,1.0134982441978122,1.0231329683463528,1.0231329683463528,0.4165245620189537,1,0.0024508319069183313,1
621_left_LAD_mid_20mm_80ds_discrete_clean_none,50.0,5.194141640105176,grid,662,0.3812025068636468,0.2507108731244742,1.0563901989210014,1.0148955447000763,1.0148955447000763,0.4267492984147183,1,0.0019261831297411162,1
621_left_LAD_mid_20mm_80ds_discrete_clean_none,54.80585835989483,10.000000000000002,lesion_dist,673,0.37946188680078863,0.25071087312366175,1.1411228580974924,1.0070771131791854,1.0070771131791854,0.43676585061005063,1,0.0021643207227550173,1
621_left_LAD_mid_20mm_80ds_discrete_clean_none,60.0,15.19414164010517,grid,682,0.3785752456296707,0.25071087312377,1.0170031489662523,0.9989142574812052,0.9989142574812052,0.44756098218106,1,0.002689446575768258,1
621_left_LAD_mid_20mm_80ds_discrete_clean_none,65.0,20.194141640105176,grid,691,0.37738114218122437,0.2507108731232657,0.9455038596136514,0.990942578104578,0.990942578104578,0.45844937605954666,1,0.0024181137782929023,1
621_left_LAD_mid_20mm_80ds_discrete_clean_none,70.0,25.19414164010518,grid,700,0.37579594425121,0.2507108731233724,0.9040610588930621,0.982789608996676,0.982789608996676,0.4699538216690558,1,0.0028908185272981213,1
621_left_LAD_mid_20mm_80ds_discrete_clean_none,75.23497995590162,30.429121596006787,measurement,709,0.37371539003679843,0.2507108731234036,0.879202204113203,0.9741801852139339,0.9741801852139339,0.48252406561407135,1,0.0031075199522438406,1
621_left_LAD_mid_20mm_80ds_discrete_clean_none,80.0,35.19414164010517,grid,716,0.37260775898861287,0.2507108731236696,0.9484807598763866,0.966943651747479,0.966943651747479,0.4934388664312688,1,0.003138694866069423,1
621_left_LAD_mid_20mm_80ds_discrete_clean_none,85.0,40.19414164010518,grid,725,0.37132343948286506,0.2507108731234391,0.916181764981378,0.9584816661769016,0.9584816661769016,0.5066236079557684,1,0.0028598529171487102,1
621_left_LAD_mid_20mm_80ds_discrete_clean_none,90.0,45.19414164010517,grid,734,0.36883890405626,0.2507108731235879,0.8319695785290472,0.9507630451862612,0.9507630451862612,0.5190628833462824,1,0.00272146778444888,1
621_left_LAD_mid_20mm_80ds_discrete_clean_none,95.0,50.19414164010517,grid,743,0.3672900076623779,0.2507108731233871,0.8742314979512024,0.9426180784134561,0.9426180784134561,0.5326348263077498,1,0.002847608458215187,1
621_left_LAD_mid_20mm_80ds_discrete_clean_none,100.0,55.19414164010518,grid,752,0.36602089057491444,0.2507108731232567,0.970315554375678,0.9347160256599406,0.9347160256599406,0.5462579715089978,1,0.0027024763613713644,1
621_left_LAD_mid_20mm_80ds_discrete_clean_none,105.0,60.19414164010517,grid,762,0.3647691103883132,0.2507108731232068,0.959753143966306,0.9261811017311674,0.9261811017311674,0.56149915656627,1,0.0028679539113541943,1
621_left_LAD_mid_20mm_80ds_discrete_clean_none,110.0,65.19414164010517,grid,771,0.3634559965334351,0.2507108731234535,0.971918680250037,0.918563076215489,0.918563076215489,0.5755855757576158,1,0.0027761371025727664,1
621_left_LAD_mid_20mm_80ds_discrete_clean_none,115.0,70.19414164010517,grid,781,0.36179039414608305,0.25071087312342977,0.8607130707918059,0.9103031041544561,0.9103031041544561,0.5913965446225546,1,0.0027338972585100162,1
621_left_LAD_mid_20mm_80ds_discrete_clean_none,120.0,75.19414164010517,grid,791,0.35982097926110074,0.25071087312353824,0.7531885350259482,0.9020008535489008,0.9020008535489008,0.6078774154258311,1,0.002837795759339623,1
621_left_LAD_mid_20mm_80ds_discrete_clean_none,125.0,80.19414164010517,grid,800,0.35693702009158923,0.25071087312338497,0.8756099063141816,0.8944016792511943,0.8944016792511943,0.6235037013843956,1,0.002812846314647494,1
621_left_LAD_mid_20mm_80ds_discrete_clean_none,130.0,85.19414164010517,grid,809,0.355545922052624,0.25071087312328005,0.921177015520069,0.8857668983432604,0.8857668983432604,0.6419164638472813,1,0.0036543156676383365,1
621_left_LAD_mid_20mm_80ds_discrete_clean_none,135.0,90.19414164010519,grid,817,0.3515224405749241,0.2507108731233572,0.6783295665819867,0.8781307011775241,0.8781307011775241,0.6588087674833891,1,0.0030991002452021377,1
621_left_LAD_mid_20mm_80ds_discrete_clean_none,140.0,95.19414164010519,grid,827,0.3433748730981628,0.2507108731234439,0.5735789982475618,0.8696517228761712,0.8696517228761712,0.6782671266218426,1,0.0023595612164973474,1
621_left_LAD_mid_20mm_80ds_discrete_clean_none,145.0,100.19414164010516,grid,839,0.33216240598910096,0.25071087312341644,0.5117307503358333,0.8621560865031879,0.8621560865031879,0.6961120606180647,1,0.002110425006169866,1
621_left_LAD_mid_20mm_80ds_discrete_T2_truncation_A_fixed,0.0,-44.80585835989483,grid,55,0.9971255131989487,1.2409052937472127,1.9172093010599178,1.8989792845345903,1.8989792845345903,0.32243460080060793,1,0.06387054157856224,1
621_left_LAD_mid_20mm_80ds_discrete_T2_truncation_A_fixed,5.0,-39.80585835989483,grid,368,0.9963956557596996,0.9135359344300754,1.4811583280845635,1.5154553260255357,1.5154553260255357,0.467046266318236,1,0.04041658939275528,1
621_left_LAD_mid_20mm_80ds_discrete_T2_truncation_A_fixed,10.0,-34.80585835989483,grid,378,0.995530912542107,0.9135359344345009,1.326727726202874,1.289495191591557,1.289495191591557,0.7581063573378917,1,0.04552380142005724,1
621_left_LAD_mid_20mm_80ds_discrete_T2_truncation_A_fixed,15.0,-29.805858359894827,grid,389,0.9914315661701403,0.9135359344331806,0.6879873218868638,1.0561570928000215,1.0561570928000215,1.3797606653443553,2,-1.305561780158661,1
621_left_LAD_mid_20mm_80ds_discrete_T2_truncation_A_fixed,20.0,-24.805858359894827,grid,599,0.9914315661701095,4.0913785395597446e-12,1.0466176288917148,1.0664034504841582,1.0664034504841582,6.003005239281048e-12,1,0.00221957955237327,1
621_left_LAD_mid_20mm_80ds_discrete_T2_truncation_A_fixed,25.0,-19.805858359894824,grid,610,0.9914315661701006,1.6906305202943952e-12,1.0920750962582007,1.0575233565062836,1.0575233565062836,2.5435629204021967e-12,1,0.00226878843813632,1
621_left_LAD_mid_20mm_80ds_discrete_T2_truncation_A_fixed,30.0,-14.805858359894827,grid,621,0.9914315661700993,1.1277552195293292e-12,0.9675146642982569,1.0486374524183855,1.0486374524183855,1.7402131110136581e-12,1,0.0023823773056835715,1
621_left_LAD_mid_20mm_80ds_discrete_T2_truncation_A_fixed,34.80585835989483,-10.000000000000002,lesion_prox,630,0.9914315661700952,2.04001875507232e-12,1.0353312663276073,1.0404928792390626,1.0404928792390626,3.2224078540446254e-12,1,0.002143949232730404,1
621_left_LAD_mid_20mm_80ds_discrete_T2_truncation_A_fixed,40.0,-4.805858359894826,grid,641,0.9914315661700766,1.6141841061542692e-12,1.0292319098694054,1.0310595645252827,1.0310595645252827,2.6203872965162072e-12,1,0.0022831523025753464,1
621_left_LAD_mid_20mm_80ds_discrete_T2_truncation_A_fixed,44.80585835989483,0.0,throat,651,0.9914315661689196,1.528082747894244e-12,1.0134982441978122,1.0225915001164658,1.0225915001164658,2.542752098865971e-12,1,0.002686856376287746,1
621_left_LAD_mid_20mm_80ds_discrete_T2_truncation_A_fixed,50.0,5.194141640105176,grid,662,0.9914315661677817,1.5704212941991005e-12,1.0563901989210014,1.0135648488485065,1.0135648488485065,2.6836460677696623e-12,1,0.0021133698238049825,1
621_left_LAD_mid_20mm_80ds_discrete_T2_truncation_A_fixed,54.80585835989483,10.000000000000002,lesion_dist,673,0.9914315661677726,6.943644370383734e-13,1.1411228580974924,1.004997333344626,1.004997333344626,1.2171845353295262e-12,1,0.002376424042503172,1
621_left_LAD_mid_20mm_80ds_discrete_T2_truncation_A_fixed,60.0,15.19414164010517,grid,682,0.9914315661677693,9.878541190719207e-13,1.0170031489662523,0.996052394380652,0.996052394380652,1.7787296649359326e-12,1,0.002955327650709284,1
621_left_LAD_mid_20mm_80ds_discrete_T2_truncation_A_fixed,65.0,20.194141640105176,grid,691,0.991431566167768,-2.7234695098466916e-13,0.9455038596136514,0.9873169483428211,0.9873169483428211,-5.035196519667891e-13,1,0.002659309623954545,1
621_left_LAD_mid_20mm_80ds_discrete_T2_truncation_A_fixed,70.0,25.19414164010518,grid,700,0.9914315661677714,-9.736958894370042e-13,0.9040610588930621,0.978382843203195,0.978382843203195,-1.8499523231263127e-12,1,0.0031817467091057716,1
621_left_LAD_mid_20mm_80ds_discrete_T2_truncation_A_fixed,75.23497995590162,30.429121596006787,measurement,709,0.9914315661677771,-6.267897353353678e-13,0.879202204113203,0.9689485504628892,0.9689485504628892,-1.2259800637297785e-12,1,0.00342327616072422,1
621_left_LAD_mid_20mm_80ds_discrete_T2_truncation_A_fixed,80.0,35.19414164010517,grid,716,0.9914315661677778,2.3814108404319107e-13,0.9484807598763866,0.9610186846704296,0.9610186846704296,4.774220970127069e-13,1,0.0034602463972904975,1
621_left_LAD_mid_20mm_80ds_discrete_T2_truncation_B_rederived,0.0,-44.80585835989483,grid,55,0.9970901642895466,1.417334222255728,1.9172093010599178,1.8989792845345903,1.8989792845345903,0.368277576424911,1,0.06387054157856224,1
621_left_LAD_mid_20mm_80ds_discrete_T2_truncation_B_rederived,5.0,-39.80585835989483,grid,368,0.9962362730814657,1.1154645060754467,1.4811583280845635,1.5154553260255357,1.5154553260255357,0.570282473998213,1,0.04041658939275528,1
621_left_LAD_mid_20mm_80ds_discrete_T2_truncation_B_rederived,10.0,-34.80585835989483,grid,378,0.9951803864657961,1.1154645060830166,1.326727726202874,1.289495191591557,1.289495191591557,0.9256786751029961,1,0.04552380142005724,1
621_left_LAD_mid_20mm_80ds_discrete_T2_truncation_B_rederived,15.0,-29.805858359894827,grid,389,0.9901749179300612,1.1154645060835782,0.6879873218868638,1.0561570928000215,1.0561570928000215,1.6847438519611557,2,-1.305561780158661,1
621_left_LAD_mid_20mm_80ds_discrete_T2_truncation_B_rederived,20.0,-24.805858359894827,grid,599,0.9870774702255861,0.27549821861621393,1.0466176288917148,1.0664034504841582,1.0664034504841582,0.40422005291734453,1,0.00221957955237327,1
621_left_LAD_mid_20mm_80ds_discrete_T2_truncation_B_rederived,25.0,-19.805858359894824,grid,610,0.9861549505719026,0.27549821861517676,1.0920750962582007,1.0575233565062836,1.0575233565062836,0.4144885858232339,1,0.00226878843813632,1
621_left_LAD_mid_20mm_80ds_discrete_T2_truncation_B_rederived,30.0,-14.805858359894827,grid,621,0.9851315367683854,0.27549821861622803,0.9675146642982569,1.0486374524183855,1.0486374524183855,0.42511495739027155,1,0.0023823773056835715,1
621_left_LAD_mid_20mm_80ds_discrete_T2_truncation_B_rederived,34.80585835989483,-10.000000000000002,lesion_prox,630,0.9840993389644292,0.2754982186176862,1.0353312663276073,1.0404928792390626,1.0404928792390626,0.43517620670966,1,0.002143949232730404,1
621_left_LAD_mid_20mm_80ds_discrete_T2_truncation_B_rederived,40.0,-4.805858359894826,grid,641,0.9812522909570022,0.27549821861750345,1.0292319098694054,1.0310595645252827,1.0310595645252827,0.4472302939458859,1,0.0022831523025753464,1
621_left_LAD_mid_20mm_80ds_discrete_T2_truncation_B_rederived,44.80585835989483,0.0,throat,651,0.5007636557003905,0.2754982186174411,1.0134982441978122,1.0225915001164658,1.0225915001164658,0.45843307542649947,1,0.002686856376287746,1
621_left_LAD_mid_20mm_80ds_discrete_T2_truncation_B_rederived,50.0,5.194141640105176,grid,662,0.2957290860806312,0.2754982186174401,1.0563901989210014,1.0135648488485065,1.0135648488485065,0.4707906813294301,1,0.0021133698238049825,1
621_left_LAD_mid_20mm_80ds_discrete_T2_truncation_B_rederived,54.80585835989483,10.000000000000002,lesion_dist,673,0.29381552183905796,0.275498218617664,1.1411228580974924,1.004997333344626,1.004997333344626,0.48293396568885877,1,0.002376424042503172,1
621_left_LAD_mid_20mm_80ds_discrete_T2_truncation_B_rederived,60.0,15.19414164010517,grid,682,0.29284122000576485,0.27549821861805446,1.0170031489662523,0.996052394380652,0.996052394380652,0.496061963636213,1,0.002955327650709284,1
621_left_LAD_mid_20mm_80ds_discrete_T2_truncation_B_rederived,65.0,20.194141640105176,grid,691,0.2915290576380384,0.2754982186178836,0.9455038596136514,0.9873169483428211,0.9873169483428211,0.5093457688966594,1,0.002659309623954545,1
621_left_LAD_mid_20mm_80ds_discrete_T2_truncation_B_rederived,70.0,25.19414164010518,grid,700,0.2897871339614337,0.2754982186179196,0.9040610588930621,0.978382843203195,0.978382843203195,0.5234268472100343,1,0.0031817467091057716,1
621_left_LAD_mid_20mm_80ds_discrete_T2_truncation_B_rederived,75.23497995590162,30.429121596006787,measurement,709,0.28750087899104626,0.2754982186180166,0.879202204113203,0.9689485504628892,0.9689485504628892,0.538865435372898,1,0.00342327616072422,1
621_left_LAD_mid_20mm_80ds_discrete_T2_truncation_B_rederived,80.0,35.19414164010517,grid,716,0.2862837383985405,0.2754982186182813,0.9484807598763866,0.9610186846704296,0.9610186846704296,0.5523151865393789,1,0.0034602463972904975,1
621_left_LAD_mid_20mm_80ds_discrete_T2_truncation_C_flowmatched,0.0,-44.80585835989483,grid,55,0.9968934071269014,1.5058820866299032,1.9172093010599178,1.8989792845345903,1.8989792845345903,0.39128569432488164,1,0.06387054157856224,1
621_left_LAD_mid_20mm_80ds_discrete_T2_truncation_C_flowmatched,5.0,-39.80585835989483,grid,368,0.9959870975601676,1.1818522789967507,1.4811583280845635,1.5154553260255357,1.5154553260255357,0.6042232970173114,1,0.04041658939275528,1
621_left_LAD_mid_20mm_80ds_discrete_T2_truncation_C_flowmatched,10.0,-34.80585835989483,grid,378,0.9948683689979528,1.1818522789945798,1.326727726202874,1.289495191591557,1.289495191591557,0.9807711906753748,1,0.04552380142005724,1
621_left_LAD_mid_20mm_80ds_discrete_T2_truncation_C_flowmatched,15.0,-29.805858359894827,grid,389,0.9895649959510111,1.1818522789915111,0.6879873218868638,1.0561570928000215,1.0561570928000215,1.7850127458990979,2,-1.305561780158661,1
621_left_LAD_mid_20mm_80ds_discrete_T2_truncation_C_flowmatched,20.0,-24.805858359894827,grid,599,0.9864125019316607,0.27930883538817514,1.0466176288917148,1.0664034504841582,1.0664034504841582,0.40981111525141956,1,0.00221957955237327,1
621_left_LAD_mid_20mm_80ds_discrete_T2_truncation_C_flowmatched,25.0,-19.805858359894824,grid,610,0.9854772222358901,0.27930883538644435,1.0920750962582007,1.0575233565062836,1.0575233565062836,0.42022167972335533,1,0.00226878843813632,1
621_left_LAD_mid_20mm_80ds_discrete_T2_truncation_C_flowmatched,30.0,-14.805858359894827,grid,621,0.9844396528497257,0.2793088353854747,0.9675146642982569,1.0486374524183855,1.0486374524183855,0.4309950323817746,1,0.0023823773056835715,1
621_left_LAD_mid_20mm_80ds_discrete_T2_truncation_C_flowmatched,34.80585835989483,-10.000000000000002,lesion_prox,630,0.98339317796521,0.2793088353873402,1.0353312663276073,1.0404928792390626,1.0404928792390626,0.4411954461782951,1,0.002143949232730404,1
621_left_LAD_mid_20mm_80ds_discrete_T2_truncation_C_flowmatched,40.0,-4.805858359894826,grid,641,0.980506750360577,0.2793088353867255,1.0292319098694054,1.0310595645252827,1.0310595645252827,0.45341626228486964,1,0.0022831523025753464,1
621_left_LAD_mid_20mm_80ds_discrete_T2_truncation_C_flowmatched,44.80585835989483,0.0,throat,651,0.48955822816045846,0.27930883538668827,1.0134982441978122,1.0225915001164658,1.0225915001164658,0.4647739976058314,1,0.002686856376287746,1
621_left_LAD_mid_20mm_80ds_discrete_T2_truncation_C_flowmatched,50.0,5.194141640105176,grid,662,0.28168767588647614,0.27930883538668516,1.0563901989210014,1.0135648488485065,1.0135648488485065,0.4773025305678072,1,0.0021133698238049825,1
621_left_LAD_mid_20mm_80ds_discrete_T2_truncation_C_flowmatched,54.80585835989483,10.000000000000002,lesion_dist,673,0.2797476437424083,0.2793088353864425,1.1411228580974924,1.004997333344626,1.004997333344626,0.48961377754789887,1,0.002376424042503172,1
621_left_LAD_mid_20mm_80ds_discrete_T2_truncation_C_flowmatched,60.0,15.19414164010517,grid,682,0.2787598656299504,0.27930883538649454,1.0170031489662523,0.996052394380652,0.996052394380652,0.5029233584078364,1,0.002955327650709284,1
621_left_LAD_mid_20mm_80ds_discrete_T2_truncation_C_flowmatched,65.0,20.194141640105176,grid,691,0.277429553787623,0.2793088353862747,0.9455038596136514,0.9873169483428211,0.9873169483428211,0.5163909016659524,1,0.002659309623954545,1
621_left_LAD_mid_20mm_80ds_discrete_T2_truncation_C_flowmatched,70.0,25.19414164010518,grid,700,0.2756635362943524,0.279308835386147,0.9040610588930621,0.978382843203195,0.978382843203195,0.5306667456417739,1,0.0031817467091057716,1
621_left_LAD_mid_20mm_80ds_discrete_T2_truncation_C_flowmatched,75.23497995590162,30.429121596006787,measurement,709,0.27334565846422276,0.27930883538619666,0.879202204113203,0.9689485504628892,0.9689485504628892,0.5463188761759824,1,0.00342327616072422,1
621_left_LAD_mid_20mm_80ds_discrete_T2_truncation_C_flowmatched,80.0,35.19414164010517,grid,716,0.27211168271258457,0.27930883538663137,0.9484807598763866,0.9610186846704296,0.9610186846704296,0.5599546606593823,1,0.0034602463972904975,1
621_left_LAD_mid_20mm_80ds_discrete_T3_stenosis_length_A_fixed,0.0,-44.80585835989483,grid,55,0.9969012498020949,1.4799772219729985,1.9172093010599178,1.8989792845345903,1.8989792845345903,0.3845546208605884,1,0.06387054157856224,1
621_left_LAD_mid_20mm_80ds_discrete_T3_stenosis_length_A_fixed,5.0,-39.80585835989483,grid,368,0.9960130074224083,1.1527172508307626,1.4811583280845635,1.5154553260255357,1.5154553260255357,0.5893279813420823,1,0.04041658939275528,1
621_left_LAD_mid_20mm_80ds_discrete_T3_stenosis_length_A_fixed,10.0,-34.80585835989483,grid,378,0.9949218577621872,1.1527172508235215,1.326727726202874,1.289495191591557,1.289495191591557,0.9565932144785539,1,0.04552380142005724,1
621_left_LAD_mid_20mm_80ds_discrete_T3_stenosis_length_A_fixed,15.0,-29.805858359894827,grid,389,0.9897492234935731,1.1527172508219081,0.6879873218868638,1.0561570928000215,1.0561570928000215,1.7410086029454217,2,-1.2941704734859485,1
621_left_LAD_mid_20mm_80ds_discrete_T3_stenosis_length_A_fixed,20.0,-24.805858359894827,grid,599,0.9871438453438899,0.24082350026299018,1.0466176288917148,1.0631143064123694,1.0631143064123694,0.3566339315133418,1,0.002031908958701404,1
621_left_LAD_mid_20mm_80ds_discrete_T3_stenosis_length_A_fixed,25.0,-19.805858359894824,grid,610,0.9863374357301514,0.2408235002599451,1.0920750962582007,1.055010626105792,1.055010626105792,0.36491527857849737,1,0.0020754864519158182,1
621_left_LAD_mid_20mm_80ds_discrete_T3_stenosis_length_A_fixed,30.0,-14.805858359894827,grid,621,0.9854428306919953,0.24082350025942378,0.9675146642982569,1.0469016436848122,1.0469016436848122,0.37346069733842857,1,0.00217783226431438,1
621_left_LAD_mid_20mm_80ds_discrete_T3_stenosis_length_A_fixed,33.57585835989482,-11.230000000000004,lesion_prox,628,0.984690609860864,0.24082350025938654,1.050920087072953,1.0408742712880135,1.0408742712880135,0.37998611545118155,1,0.0021480317311238953,1
621_left_LAD_mid_20mm_80ds_discrete_T3_stenosis_length_A_fixed,35.0,-9.805858359894822,grid,631,0.984450840823722,0.24082350025991364,1.027883168614773,1.0387901160231003,1.0387901160231003,0.38227783933237075,1,0.0022757690718692588,1
621_left_LAD_mid_20mm_80ds_discrete_T3_stenosis_length_A_fixed,40.0,-4.805858359894826,grid,641,0.9807311065020311,0.2408235002596966,1.0292319098694054,1.0308606440844175,1.0308606440844175,0.3911674150518011,1,0.0020840699210622625,1
621_left_LAD_mid_20mm_80ds_discrete_T3_stenosis_length_A_fixed,44.80585835989483,0.0,throat,651,0.5697434124232008,0.2408235002597061,1.0134982441978122,1.0231329683463528,1.0231329683463528,0.4000979363976463,1,0.0024508319069183313,1
621_left_LAD_mid_20mm_80ds_discrete_T3_stenosis_length_A_fixed,50.0,5.194141640105176,grid,662,0.3690700848722661,0.24082350025969618,1.0563901989210014,1.0148955447000763,1.0148955447000763,0.4099194362686363,1,0.0019261831297411162,1
621_left_LAD_mid_20mm_80ds_discrete_T3_stenosis_length_A_fixed,55.0,10.194141640105174,grid,673,0.3664869296338319,0.2408235002593644,1.1411228580974924,1.0070771131791854,1.0070771131791854,0.41954096217354664,1,0.0021643207227550173,1
621_left_LAD_mid_20mm_80ds_discrete_T3_stenosis_length_A_fixed,56.03585835989483,11.230000000000004,lesion_dist,676,0.3662806058769008,0.24082350025984642,1.0720484046575725,1.0047453675156959,1.0047453675156959,0.42246867369381924,1,0.0028274164410252685,1
621_left_LAD_mid_20mm_80ds_discrete_T3_stenosis_length_A_fixed,60.0,15.19414164010517,grid,682,0.36562921868270615,0.24082350025989024,1.0170031489662523,0.9989142574812052,0.9989142574812052,0.4299103623455024,1,0.002689446575768258,1
621_left_LAD_mid_20mm_80ds_discrete_T3_stenosis_length_A_fixed,65.0,20.194141640105176,grid,691,0.36448220751185384,0.24082350025922036,0.9455038596136514,0.990942578104578,0.990942578104578,0.44036934680544637,1,0.0024181137782929023,1
621_left_LAD_mid_20mm_80ds_discrete_T3_stenosis_length_A_fixed,70.0,25.19414164010518,grid,700,0.36295952559002975,0.2408235002590461,0.9040610588930621,0.982789608996676,0.982789608996676,0.45142008754747864,1,0.0028908185272981213,1
621_left_LAD_mid_20mm_80ds_discrete_T3_stenosis_length_A_fixed,75.23497995590162,30.429121596006787,measurement,709,0.3609610229237858,0.24082350025909294,0.879202204113203,0.9741801852139339,0.9741801852139339,0.4634945943618168,1,0.0031075199522438406,1
621_left_LAD_mid_20mm_80ds_discrete_T3_stenosis_length_A_fixed,80.0,35.19414164010517,grid,716,0.35989707391073905,0.24082350025944735,0.9484807598763866,0.966943651747479,0.966943651747479,0.47397894434125837,1,0.003138694866069423,1
621_left_LAD_mid_20mm_80ds_discrete_T3_stenosis_length_A_fixed,85.0,40.19414164010518,grid,725,0.35866340456496154,0.2408235002593723,0.916181764981378,0.9584816661769016,0.9584816661769016,0.48664371457822364,1,0.0028598529171487102,1
621_left_LAD_mid_20mm_80ds_discrete_T3_stenosis_length_A_fixed,90.0,45.19414164010517,grid,734,0.35627685263564557,0.24082350025944768,0.8319695785290472,0.9507630451862612,0.9507630451862612,0.498592417890839,1,0.00272146778444888,1
621_left_LAD_mid_20mm_80ds_discrete_T3_stenosis_length_A_fixed,95.0,50.19414164010517,grid,743,0.3547890406135069,0.24082350025949464,0.8742314979512024,0.9426180784134561,0.9426180784134561,0.5116291193657638,1,0.002847608458215187,1
621_left_LAD_mid_20mm_80ds_discrete_T3_stenosis_length_A_fixed,100.0,55.19414164010518,grid,752,0.35356997414289754,0.24082350025928334,0.970315554375678,0.9347160256599406,0.9347160256599406,0.5247150037990498,1,0.0027024763613713644,1
621_left_LAD_mid_20mm_80ds_discrete_T3_stenosis_length_A_fixed,105.0,60.19414164010517,grid,762,0.35236756085169507,0.24082350025925656,0.959753143966306,0.9261811017311674,0.9261811017311674,0.5393551168818166,1,0.0028679539113541943,1
621_left_LAD_mid_20mm_80ds_discrete_T3_stenosis_length_A_fixed,110.0,65.19414164010517,grid,771,0.351106232729659,0.2408235002593453,0.971918680250037,0.918563076215489,0.918563076215489,0.5528860050057897,1,0.0027761371025727664,1
621_left_LAD_mid_20mm_80ds_discrete_T3_stenosis_length_A_fixed,115.0,70.19414164010517,grid,781,0.349506317289355,0.24082350025931665,0.8607130707918059,0.9103031041544561,0.9103031041544561,0.5680734311317706,1,0.0027338972585100162,1
621_left_LAD_mid_20mm_80ds_discrete_T3_stenosis_length_A_fixed,120.0,75.19414164010517,grid,791,0.3476145709117246,0.24082350025915683,0.7531885350259482,0.9020008535489008,0.9020008535489008,0.5839043400371539,1,0.002837795759339623,1
621_left_LAD_mid_20mm_80ds_discrete_T3_stenosis_length_A_fixed,125.0,80.19414164010517,grid,800,0.3448443474541083,0.24082350025916635,0.8756099063141816,0.8944016792511943,0.8944016792511943,0.5989143666618685,1,0.002812846314647494,1
621_left_LAD_mid_20mm_80ds_discrete_T3_stenosis_length_A_fixed,130.0,85.19414164010517,grid,809,0.3435081106376771,0.24082350025892807,0.921177015520069,0.8857668983432604,0.8857668983432604,0.6166009785364247,1,0.0036543156676383365,1
621_left_LAD_mid_20mm_80ds_discrete_T3_stenosis_length_A_fixed,135.0,90.19414164010519,grid,817,0.33964330461384695,0.24082350025899021,0.6783295665819867,0.8781307011775241,0.8781307011775241,0.6328270944539258,1,0.0030991002452021377,1
621_left_LAD_mid_20mm_80ds_discrete_T3_stenosis_length_A_fixed,140.0,95.19414164010519,grid,827,0.3318774900700273,0.24082350025899235,0.5735789982475618,0.8696517228761712,0.8696517228761712,0.6515180674403992,1,0.0023595612164973474,1
621_left_LAD_mid_20mm_80ds_discrete_T3_stenosis_length_A_fixed,145.0,100.19414164010516,grid,839,0.32110721296914724,0.24082350025895696,0.5117307503358333,0.8621560865031879,0.8621560865031879,0.6686592444995157,1,0.002110425006169866,1
621_left_LAD_mid_20mm_80ds_discrete_T3_stenosis_length_B_rederived,0.0,-44.80585835989483,grid,55,0.9969012498020949,1.4799772219729985,1.9172093010599178,1.8989792845345903,1.8989792845345903,0.3845546208605884,1,0.06387054157856224,1
621_left_LAD_mid_20mm_80ds_discrete_T3_stenosis_length_B_rederived,5.0,-39.80585835989483,grid,368,0.9960130074224083,1.1527172508307626,1.4811583280845635,1.5154553260255357,1.5154553260255357,0.5893279813420823,1,0.04041658939275528,1
621_left_LAD_mid_20mm_80ds_discrete_T3_stenosis_length_B_rederived,10.0,-34.80585835989483,grid,378,0.9949218577621872,1.1527172508235215,1.326727726202874,1.289495191591557,1.289495191591557,0.9565932144785539,1,0.04552380142005724,1
621_left_LAD_mid_20mm_80ds_discrete_T3_stenosis_length_B_rederived,15.0,-29.805858359894827,grid,389,0.9897492234935731,1.1527172508219081,0.6879873218868638,1.0561570928000215,1.0561570928000215,1.7410086029454217,2,-1.2941704734859485,1
621_left_LAD_mid_20mm_80ds_discrete_T3_stenosis_length_B_rederived,20.0,-24.805858359894827,grid,599,0.9871438453438899,0.24082350026299018,1.0466176288917148,1.0631143064123694,1.0631143064123694,0.3566339315133418,1,0.002031908958701404,1
621_left_LAD_mid_20mm_80ds_discrete_T3_stenosis_length_B_rederived,25.0,-19.805858359894824,grid,610,0.9863374357301514,0.2408235002599451,1.0920750962582007,1.055010626105792,1.055010626105792,0.36491527857849737,1,0.0020754864519158182,1
621_left_LAD_mid_20mm_80ds_discrete_T3_stenosis_length_B_rederived,30.0,-14.805858359894827,grid,621,0.9854428306919953,0.24082350025942378,0.9675146642982569,1.0469016436848122,1.0469016436848122,0.37346069733842857,1,0.00217783226431438,1
621_left_LAD_mid_20mm_80ds_discrete_T3_stenosis_length_B_rederived,33.57585835989482,-11.230000000000004,lesion_prox,628,0.984690609860864,0.24082350025938654,1.050920087072953,1.0408742712880135,1.0408742712880135,0.37998611545118155,1,0.0021480317311238953,1
621_left_LAD_mid_20mm_80ds_discrete_T3_stenosis_length_B_rederived,35.0,-9.805858359894822,grid,631,0.984450840823722,0.24082350025991364,1.027883168614773,1.0387901160231003,1.0387901160231003,0.38227783933237075,1,0.0022757690718692588,1
621_left_LAD_mid_20mm_80ds_discrete_T3_stenosis_length_B_rederived,40.0,-4.805858359894826,grid,641,0.9807311065020311,0.2408235002596966,1.0292319098694054,1.0308606440844175,1.0308606440844175,0.3911674150518011,1,0.0020840699210622625,1
621_left_LAD_mid_20mm_80ds_discrete_T3_stenosis_length_B_rederived,44.80585835989483,0.0,throat,651,0.5697434124232008,0.2408235002597061,1.0134982441978122,1.0231329683463528,1.0231329683463528,0.4000979363976463,1,0.0024508319069183313,1
621_left_LAD_mid_20mm_80ds_discrete_T3_stenosis_length_B_rederived,50.0,5.194141640105176,grid,662,0.3690700848722661,0.24082350025969618,1.0563901989210014,1.0148955447000763,1.0148955447000763,0.4099194362686363,1,0.0019261831297411162,1
621_left_LAD_mid_20mm_80ds_discrete_T3_stenosis_length_B_rederived,55.0,10.194141640105174,grid,673,0.3664869296338319,0.2408235002593644,1.1411228580974924,1.0070771131791854,1.0070771131791854,0.41954096217354664,1,0.0021643207227550173,1
621_left_LAD_mid_20mm_80ds_discrete_T3_stenosis_length_B_rederived,56.03585835989483,11.230000000000004,lesion_dist,676,0.3662806058769008,0.24082350025984642,1.0720484046575725,1.0047453675156959,1.0047453675156959,0.42246867369381924,1,0.0028274164410252685,1
621_left_LAD_mid_20mm_80ds_discrete_T3_stenosis_length_B_rederived,60.0,15.19414164010517,grid,682,0.36562921868270615,0.24082350025989024,1.0170031489662523,0.9989142574812052,0.9989142574812052,0.4299103623455024,1,0.002689446575768258,1
621_left_LAD_mid_20mm_80ds_discrete_T3_stenosis_length_B_rederived,65.0,20.194141640105176,grid,691,0.36448220751185384,0.24082350025922036,0.9455038596136514,0.990942578104578,0.990942578104578,0.44036934680544637,1,0.0024181137782929023,1
621_left_LAD_mid_20mm_80ds_discrete_T3_stenosis_length_B_rederived,70.0,25.19414164010518,grid,700,0.36295952559002975,0.2408235002590461,0.9040610588930621,0.982789608996676,0.982789608996676,0.45142008754747864,1,0.0028908185272981213,1
621_left_LAD_mid_20mm_80ds_discrete_T3_stenosis_length_B_rederived,75.23497995590162,30.429121596006787,measurement,709,0.3609610229237858,0.24082350025909294,0.879202204113203,0.9741801852139339,0.9741801852139339,0.4634945943618168,1,0.0031075199522438406,1
621_left_LAD_mid_20mm_80ds_discrete_T3_stenosis_length_B_rederived,80.0,35.19414164010517,grid,716,0.35989707391073905,0.24082350025944735,0.9484807598763866,0.966943651747479,0.966943651747479,0.47397894434125837,1,0.003138694866069423,1
621_left_LAD_mid_20mm_80ds_discrete_T3_stenosis_length_B_rederived,85.0,40.19414164010518,grid,725,0.35866340456496154,0.2408235002593723,0.916181764981378,0.9584816661769016,0.9584816661769016,0.48664371457822364,1,0.0028598529171487102,1
621_left_LAD_mid_20mm_80ds_discrete_T3_stenosis_length_B_rederived,90.0,45.19414164010517,grid,734,0.35627685263564557,0.24082350025944768,0.8319695785290472,0.9507630451862612,0.9507630451862612,0.498592417890839,1,0.00272146778444888,1
621_left_LAD_mid_20mm_80ds_discrete_T3_stenosis_length_B_rederived,95.0,50.19414164010517,grid,743,0.3547890406135069,0.24082350025949464,0.8742314979512024,0.9426180784134561,0.9426180784134561,0.5116291193657638,1,0.002847608458215187,1
621_left_LAD_mid_20mm_80ds_discrete_T3_stenosis_length_B_rederived,100.0,55.19414164010518,grid,752,0.35356997414289754,0.24082350025928334,0.970315554375678,0.9347160256599406,0.9347160256599406,0.5247150037990498,1,0.0027024763613713644,1
621_left_LAD_mid_20mm_80ds_discrete_T3_stenosis_length_B_rederived,105.0,60.19414164010517,grid,762,0.35236756085169507,0.24082350025925656,0.959753143966306,0.9261811017311674,0.9261811017311674,0.5393551168818166,1,0.0028679539113541943,1
621_left_LAD_mid_20mm_80ds_discrete_T3_stenosis_length_B_rederived,110.0,65.19414164010517,grid,771,0.351106232729659,0.2408235002593453,0.971918680250037,0.918563076215489,0.918563076215489,0.5528860050057897,1,0.0027761371025727664,1
621_left_LAD_mid_20mm_80ds_discrete_T3_stenosis_length_B_rederived,115.0,70.19414164010517,grid,781,0.349506317289355,0.24082350025931665,0.8607130707918059,0.9103031041544561,0.9103031041544561,0.5680734311317706,1,0.0027338972585100162,1
621_left_LAD_mid_20mm_80ds_discrete_T3_stenosis_length_B_rederived,120.0,75.19414164010517,grid,791,0.3476145709117246,0.24082350025915683,0.7531885350259482,0.9020008535489008,0.9020008535489008,0.5839043400371539,1,0.002837795759339623,1
621_left_LAD_mid_20mm_80ds_discrete_T3_stenosis_length_B_rederived,125.0,80.19414164010517,grid,800,0.3448443474541083,0.24082350025916635,0.8756099063141816,0.8944016792511943,0.8944016792511943,0.5989143666618685,1,0.002812846314647494,1
621_left_LAD_mid_20mm_80ds_discrete_T3_stenosis_length_B_rederived,130.0,85.19414164010517,grid,809,0.3435081106376771,0.24082350025892807,0.921177015520069,0.8857668983432604,0.8857668983432604,0.6166009785364247,1,0.0036543156676383365,1
621_left_LAD_mid_20mm_80ds_discrete_T3_stenosis_length_B_rederived,135.0,90.19414164010519,grid,817,0.33964330461384695,0.24082350025899021,0.6783295665819867,0.8781307011775241,0.8781307011775241,0.6328270944539258,1,0.0030991002452021377,1
621_left_LAD_mid_20mm_80ds_discrete_T3_stenosis_length_B_rederived,140.0,95.19414164010519,grid,827,0.3318774900700273,0.24082350025899235,0.5735789982475618,0.8696517228761712,0.8696517228761712,0.6515180674403992,1,0.0023595612164973474,1
621_left_LAD_mid_20mm_80ds_discrete_T3_stenosis_length_B_rederived,145.0,100.19414164010516,grid,839,0.32110721296914724,0.24082350025895696,0.5117307503358333,0.8621560865031879,0.8621560865031879,0.6686592444995157,1,0.002110425006169866,1
621_left_LAD_mid_20mm_80ds_discrete_T3_stenosis_length_C_flowmatched,0.0,-44.80585835989483,grid,55,0.9968915643146041,1.484341928118964,1.9172093010599178,1.8989792845345903,1.8989792845345903,0.38568873825929545,1,0.06387054157856224,1
621_left_LAD_mid_20mm_80ds_discrete_T3_stenosis_length_C_flowmatched,5.0,-39.80585835989483,grid,368,0.9960007379380605,1.1559903098751583,1.4811583280845635,1.5154553260255357,1.5154553260255357,0.5910013364324628,1,0.04041658939275528,1
621_left_LAD_mid_20mm_80ds_discrete_T3_stenosis_length_C_flowmatched,10.0,-34.80585835989483,grid,378,0.994906490035606,1.155990309875201,1.326727726202874,1.289495191591557,1.289495191591557,0.9593093932094503,1,0.04552380142005724,1
621_left_LAD_mid_20mm_80ds_discrete_T3_stenosis_length_C_flowmatched,15.0,-29.805858359894827,grid,389,0.98971916843807,1.1559903098741773,0.6879873218868638,1.0561570928000215,1.0561570928000215,1.745952073656809,2,-1.2941704734859485,1
621_left_LAD_mid_20mm_80ds_discrete_T3_stenosis_length_C_flowmatched,20.0,-24.805858359894827,grid,599,0.9871112879316212,0.24100810783731094,1.0466176288917148,1.0631143064123694,1.0631143064123694,0.35690731565129036,1,0.002031908958701404,1
621_left_LAD_mid_20mm_80ds_discrete_T3_stenosis_length_C_flowmatched,25.0,-19.805858359894824,grid,610,0.9863042601501265,0.24100810783345386,1.0920750962582007,1.055010626105792,1.055010626105792,0.3651950109303731,1,0.0020754864519158182,1
621_left_LAD_mid_20mm_80ds_discrete_T3_stenosis_length_C_flowmatched,30.0,-14.805858359894827,grid,621,0.9854089693364281,0.24100810783468912,0.9675146642982569,1.0469016436848122,1.0469016436848122,0.37374698033704906,1,0.00217783226431438,1
621_left_LAD_mid_20mm_80ds_discrete_T3_stenosis_length_C_flowmatched,33.57585835989482,-11.230000000000004,lesion_prox,628,0.9846561718769219,0.24100810783438154,1.050920087072953,1.0408742712880135,1.0408742712880135,0.3802774006257167,1,0.0021480317311238953,1
621_left_LAD_mid_20mm_80ds_discrete_T3_stenosis_length_C_flowmatched,35.0,-9.805858359894822,grid,631,0.9844162190405222,0.24100810783523063,1.027883168614773,1.0387901160231003,1.0387901160231003,0.3825708812694757,1,0.0022757690718692588,1
621_left_LAD_mid_20mm_80ds_discrete_T3_stenosis_length_C_flowmatched,40.0,-4.805858359894826,grid,641,0.9806936332897559,0.24100810783411947,1.0292319098694054,1.0308606440844175,1.0308606440844175,0.391467271451231,1,0.0020840699210622625,1
621_left_LAD_mid_20mm_80ds_discrete_T3_stenosis_length_C_flowmatched,44.80585835989483,0.0,throat,651,0.5692317963500294,0.2410081078341557,1.0134982441978122,1.0231329683463528,1.0231329683463528,0.400404638648469,1,0.0024508319069183313,1
621_left_LAD_mid_20mm_80ds_discrete_T3_stenosis_length_C_flowmatched,50.0,5.194141640105176,grid,662,0.3684046390598214,0.24100810783414056,1.0563901989210014,1.0148955447000763,1.0148955447000763,0.410233667366372,1,0.0019261831297411162,1
621_left_LAD_mid_20mm_80ds_discrete_T3_stenosis_length_C_flowmatched,55.0,10.194141640105174,grid,673,0.36581950365739774,0.24100810783444093,1.1411228580974924,1.0070771131791854,1.0070771131791854,0.4198625688256745,1,0.0021643207227550173,1
621_left_LAD_mid_20mm_80ds_discrete_T3_stenosis_length_C_flowmatched,56.03585835989483,11.230000000000004,lesion_dist,676,0.3656130217392889,0.24100810783471072,1.0720484046575725,1.0047453675156959,1.0047453675156959,0.4227925246353702,1,0.0028274164410252685,1
621_left_LAD_mid_20mm_80ds_discrete_T3_stenosis_length_C_flowmatched,60.0,15.19414164010517,grid,682,0.36496113521255247,0.2410081078349961,1.0170031489662523,0.9989142574812052,0.9989142574812052,0.4302399178474357,1,0.002689446575768258,1
621_left_LAD_mid_20mm_80ds_discrete_T3_stenosis_length_C_flowmatched,65.0,20.194141640105176,grid,691,0.3638132447797065,0.24100810783449939,0.9455038596136514,0.990942578104578,0.990942578104578,0.4407069198298956,1,0.0024181137782929023,1
621_left_LAD_mid_20mm_80ds_discrete_T3_stenosis_length_C_flowmatched,70.0,25.19414164010518,grid,700,0.3622893956187322,0.24100810783461615,0.9040610588930621,0.982789608996676,0.982789608996676,0.4517661317160756,1,0.0028908185272981213,1
621_left_LAD_mid_20mm_80ds_discrete_T3_stenosis_length_C_flowmatched,75.23497995590162,30.429121596006787,measurement,709,0.36028936096440617,0.24100810783488658,0.879202204113203,0.9741801852139339,0.9741801852139339,0.463849894460713,1,0.0031075199522438406,1
621_left_LAD_mid_20mm_80ds_discrete_T3_stenosis_length_C_flowmatched,80.0,35.19414164010517,grid,716,0.35922459636215043,0.24100810783517648,0.9484807598763866,0.966943651747479,0.966943651747479,0.4743422814066495,1,0.003138694866069423,1
621_left_LAD_mid_20mm_80ds_discrete_T3_stenosis_length_C_flowmatched,85.0,40.19414164010518,grid,725,0.3579899813249975,0.24100810783514692,0.916181764981378,0.9584816661769016,0.9584816661769016,0.48701676005060274,1,0.0028598529171487102,1
621_left_LAD_mid_20mm_80ds_discrete_T3_stenosis_length_C_flowmatched,90.0,45.19414164010517,grid,734,0.35560159994147233,0.2410081078352886,0.8319695785290472,0.9507630451862612,0.9507630451862612,0.4989746228563027,1,0.00272146778444888,1
621_left_LAD_mid_20mm_80ds_discrete_T3_stenosis_length_C_flowmatched,95.0,50.19414164010517,grid,743,0.35411264741032805,0.2410081078354317,0.8742314979512024,0.9426180784134561,0.9426180784134561,0.5120213178488984,1,0.002847608458215187,1
621_left_LAD_mid_20mm_80ds_discrete_T3_stenosis_length_C_flowmatched,100.0,55.19414164010518,grid,752,0.3528926464424384,0.2410081078353138,0.970315554375678,0.9347160256599406,0.9347160256599406,0.5251172335019395,1,0.0027024763613713644,1
621_left_LAD_mid_20mm_80ds_discrete_T3_stenosis_length_C_flowmatched,105.0,60.19414164010517,grid,762,0.3516893114197475,0.24100810783567406,0.959753143966306,0.9261811017311674,0.9261811017311674,0.5397685692269936,1,0.0028679539113541943,1
621_left_LAD_mid_20mm_80ds_discrete_T3_stenosis_length_C_flowmatched,110.0,65.19414164010517,grid,771,0.3504270164040014,0.24100810783578158,0.971918680250037,0.918563076215489,0.918563076215489,0.553309829696153,1,0.0027761371025727664,1
621_left_LAD_mid_20mm_80ds_discrete_T3_stenosis_length_C_flowmatched,115.0,70.19414164010517,grid,781,0.34882587451980207,0.24100810783553772,0.8607130707918059,0.9103031041544561,0.9103031041544561,0.568508898015708,1,0.0027338972585100162,1
621_left_LAD_mid_20mm_80ds_discrete_T3_stenosis_length_C_flowmatched,120.0,75.19414164010517,grid,791,0.3469326779900344,0.24100810783527568,0.7531885350259482,0.9020008535489008,0.9020008535489008,0.584351942388185,1,0.002837795759339623,1
621_left_LAD_mid_20mm_80ds_discrete_T3_stenosis_length_C_flowmatched,125.0,80.19414164010517,grid,800,0.3441603309679101,0.241008107835309,0.8756099063141816,0.8944016792511943,0.8944016792511943,0.5993734752182489,1,0.002812846314647494,1
621_left_LAD_mid_20mm_80ds_discrete_T3_stenosis_length_C_flowmatched,130.0,85.19414164010517,grid,809,0.3428230698351659,0.24100810783516055,0.921177015520069,0.8857668983432604,0.8857668983432604,0.6170736450827867,1,0.0036543156676383365,1
621_left_LAD_mid_20mm_80ds_discrete_T3_stenosis_length_C_flowmatched,135.0,90.19414164010519,grid,817,0.33895530117491746,0.24100810783511437,0.6783295665819867,0.8781307011775241,0.8781307011775241,0.633312199420373,1,0.0030991002452021377,1
621_left_LAD_mid_20mm_80ds_discrete_T3_stenosis_length_C_flowmatched,140.0,95.19414164010519,grid,827,0.3311824043673397,0.24100810783508717,0.5735789982475618,0.8696517228761712,0.8696517228761712,0.6520175003075521,1,0.0023595612164973474,1
621_left_LAD_mid_20mm_80ds_discrete_T3_stenosis_length_C_flowmatched,145.0,100.19414164010516,grid,839,0.320403871117257,0.24100810783507637,0.5117307503358333,0.8621560865031879,0.8621560865031879,0.6691718172436381,1,0.002110425006169866,1
621_left_LAD_mid_20mm_80ds_discrete_T4_taper_A_fixed,0.0,-44.80585835989483,grid,55,0.9969315905018435,1.4476330690655814,1.9172093010599178,1.8989792845345903,1.8989792845345903,0.3761503743129374,1,0.06387054157856224,1
621_left_LAD_mid_20mm_80ds_discrete_T4_taper_A_fixed,5.0,-39.80585835989483,grid,368,0.9960647760947737,1.1203582987436802,1.4811583280845635,1.5154553260255357,1.5154553260255357,0.5727844309631132,1,0.04041658939275528,1
621_left_LAD_mid_20mm_80ds_discrete_T4_taper_A_fixed,10.0,-34.80585835989483,grid,378,0.9950042570679898,1.1203582987472465,1.326727726202874,1.289495191591557,1.289495191591557,0.9297398348126497,1,0.04552380142005724,1
621_left_LAD_mid_20mm_80ds_discrete_T4_taper_A_fixed,15.0,-29.805858359894827,grid,389,0.9773465021759986,1.1203582987450282,0.6879873218868638,1.0561570928000215,1.0561570928000215,1.6921352006362456,2,-1.202420981175577,1
621_left_LAD_mid_20mm_80ds_discrete_T4_taper_A_fixed,20.0,-24.805858359894827,grid,599,0.975563331342364,0.2205712070597677,1.0466176288917148,1.0289959338222874,1.0289959338222874,0.3602230743679592,1,0.0026413727041384475,1
621_left_LAD_mid_20mm_80ds_discrete_T4_taper_A_fixed,25.0,-19.805858359894824,grid,610,0.9748247375519188,0.22057120705770566,1.0920750962582007,1.018797585862631,1.018797585862631,0.3711494169935632,1,0.0027042395783204664,1
621_left_LAD_mid_20mm_80ds_discrete_T4_taper_A_fixed,30.0,-14.805858359894827,grid,621,0.9740053652195163,0.22057120705676198,0.9675146642982569,1.0085925652794812,1.0085925652794812,0.3825297501539822,1,0.002844234580764435,1
621_left_LAD_mid_20mm_80ds_discrete_T4_taper_A_fixed,34.80585835989483,-10.000000000000002,lesion_prox,630,0.9731789601825493,0.2205712070572103,1.0353312663276073,0.9992389265147826,0.9992389265147826,0.3933729311300695,1,0.0025635139181800883,1
621_left_LAD_mid_20mm_80ds_discrete_T4_taper_A_fixed,40.0,-4.805858359894826,grid,641,0.9701792851532284,0.22057120705653296,0.957185676178547,0.9884052319498635,0.9884052319498635,0.40645025229749426,1,0.0027348301020671028,1
621_left_LAD_mid_20mm_80ds_discrete_T4_taper_A_fixed,44.80585835989483,0.0,throat,651,0.5599040047143671,0.22057120705648006,0.9425533671039653,0.9786800795358163,0.9786800795358163,0.41868775387426166,1,0.0032235934610011455,1
621_left_LAD_mid_20mm_80ds_discrete_T4_taper_A_fixed,50.0,5.194141640105176,grid,662,0.36032471450933357,0.22057120705647462,0.9824428849965314,0.9683134177898385,0.9683134177898385,0.4322795141655082,1,0.0025401622628561937,1
621_left_LAD_mid_20mm_80ds_discrete_T4_taper_A_fixed,54.80585835989483,10.000000000000002,lesion_dist,673,0.3582938502494436,0.22057120705643946,1.061244258030668,0.9584740507205236,0.9584740507205236,0.4457295488293922,1,0.0028612145659233828,1
621_left_LAD_mid_20mm_80ds_discrete_T4_taper_A_fixed,60.0,15.19414164010517,grid,682,0.3572510725189796,0.22057120705643482,0.9458129285386148,0.9482012315071477,0.9482012315071477,0.46037418088619075,1,0.0035646027990690445,1
621_left_LAD_mid_20mm_80ds_discrete_T4_taper_A_fixed,65.0,20.194141640105176,grid,691,0.3558466887264238,0.22057120705669275,0.8793185894406957,0.9381690045398922,0.9381690045398922,0.47530158517111215,1,0.003213484962037045,1
621_left_LAD_mid_20mm_80ds_discrete_T4_taper_A_fixed,70.0,25.19414164010518,grid,700,0.35398233913108307,0.22057120705656783,0.8407767847705478,0.9279086274370065,0.9279086274370065,0.4912435556912619,1,0.003851981479706872,1
621_left_LAD_mid_20mm_80ds_discrete_T4_taper_A_fixed,75.23497995590162,30.429121596006787,measurement,709,0.35153540153781365,0.22057120705670896,0.8176580498252789,0.9170738096570797,0.9170738096570797,0.5088615446792355,1,0.004152835222355112,1
621_left_LAD_mid_20mm_80ds_discrete_T4_taper_A_fixed,80.0,35.19414164010517,grid,716,0.3502327178430072,0.22057120705682645,0.8820871066850395,0.907966751688282,0.907966751688282,0.5243275375708906,1,0.004205068050249687,1
621_left_LAD_mid_20mm_80ds_discrete_T4_taper_A_fixed,85.0,40.19414164010518,grid,725,0.34872223104164646,0.22057120705705724,0.8520490414326817,0.8973174824657172,0.8973174824657172,0.5432179554822514,1,0.0038431398395126844,1
621_left_LAD_mid_20mm_80ds_discrete_T4_taper_A_fixed,90.0,45.19414164010517,grid,734,0.34580017157543996,0.2205712070571605,0.773731708032014,0.887603725301905,0.887603725301905,0.5612484509144067,1,0.003667470349102,1
621_left_LAD_mid_20mm_80ds_discrete_T4_taper_A_fixed,95.0,50.19414164010517,grid,743,0.3439785161780351,0.22057120705718639,0.8130352930946183,0.8773534190057046,0.8773534190057046,0.5811507273934464,1,0.0038489622609978115,1
621_left_LAD_mid_20mm_80ds_discrete_T4_taper_A_fixed,100.0,55.19414164010518,grid,752,0.3424859089246079,0.22057120705707592,0.9023934655693806,0.8674088159948352,0.8674088159948352,0.6013689610919384,1,0.00366374958949495,1
621_left_LAD_mid_20mm_80ds_discrete_T4_taper_A_fixed,105.0,60.19414164010517,grid,762,0.341013691581802,0.2205712070564888,0.8925704238886646,0.8566677550519227,0.8566677550519227,0.624273993509454,1,0.0039007963245900872,1
621_left_LAD_mid_20mm_80ds_discrete_T4_taper_A_fixed,110.0,65.19414164010517,grid,771,0.33946933977713173,0.22057120705653258,0.9038843726325345,0.8470805956335817,0.8470805956335817,0.6457111775419279,1,0.0037872671106808932,1
621_left_LAD_mid_20mm_80ds_discrete_T4_taper_A_fixed,115.0,70.19414164010517,grid,781,0.3375104265852456,0.22057120705657085,0.8004631558363796,0.8366855570796691,0.8366855570796691,0.670078506317837,1,0.0037420290650225863,1
621_left_LAD_mid_20mm_80ds_discrete_T4_taper_A_fixed,120.0,75.19414164010517,grid,791,0.33519419983882215,0.2205712070567551,0.7004653375741318,0.8262373116750474,0.8262373116750474,0.6958219020320479,1,0.003897418190006685,1
621_left_LAD_mid_20mm_80ds_discrete_T4_taper_A_fixed,125.0,80.19414164010517,grid,800,0.33180237853445677,0.22057120705677172,0.814317212872189,0.8166738762034893,0.8166738762034893,0.7205539669954789,1,0.00387545985398976,1
621_left_LAD_mid_20mm_80ds_discrete_T4_taper_A_fixed,130.0,85.19414164010517,grid,809,0.3301663096140265,0.22057120705688044,0.8566946244336643,0.8058071468998872,0.8058071468998872,0.7500999896424749,1,0.005052877468050764,1
621_left_LAD_mid_20mm_80ds_discrete_T4_taper_A_fixed,135.0,90.19414164010519,grid,817,0.3254342973379611,0.22057120705690975,0.6308464969212476,0.7961971187597702,0.7961971187597702,0.777590058199308,1,0.004299791436641858,1
621_left_LAD_mid_20mm_80ds_discrete_T4_taper_A_fixed,140.0,95.19414164010519,grid,827,0.31620721882549385,0.2205712070569154,0.5334284683702325,0.7855264644658947,0.7855264644658947,0.8097110034958058,1,0.003286463684324851,1
621_left_LAD_mid_20mm_80ds_discrete_T4_taper_A_fixed,145.0,100.19414164010516,grid,839,0.30302024821332196,0.22057120705692007,0.47590959781232495,0.7760933297642832,0.7760933297642832,0.8395965623011881,1,0.002949630876498462,1
621_left_LAD_mid_20mm_80ds_discrete_T4_taper_B_rederived,0.0,-44.80585835989483,grid,55,0.9967973752361924,1.4992234589437319,1.9172093010599178,1.8989792845345903,1.8989792845345903,0.38955552847686015,1,0.06387054157856224,1
621_left_LAD_mid_20mm_80ds_discrete_T4_taper_B_rederived,5.0,-39.80585835989483,grid,368,0.9959011082854621,1.155170203141597,1.4811583280845635,1.5154553260255357,1.5154553260255357,0.5905820559493901,1,0.04041658939275528,1
621_left_LAD_mid_20mm_80ds_discrete_T4_taper_B_rederived,10.0,-34.80585835989483,grid,378,0.9948076366871529,1.155170203144624,1.326727726202874,1.289495191591557,1.289495191591557,0.9586288199526022,1,0.04552380142005724,1
621_left_LAD_mid_20mm_80ds_discrete_T4_taper_B_rederived,15.0,-29.805858359894827,grid,389,0.9761965727042075,1.1551702031435724,0.6879873218868638,1.0561570928000215,1.0561570928000215,1.7447134239599311,2,-1.202420981175577,1
621_left_LAD_mid_20mm_80ds_discrete_T4_taper_B_rederived,20.0,-24.805858359894827,grid,599,0.9745050147133463,0.20923905933067158,1.0466176288917148,1.0289959338222874,1.0289959338222874,0.3417161207697011,1,0.0026413727041384475,1
621_left_LAD_mid_20mm_80ds_discrete_T4_taper_B_rederived,25.0,-19.805858359894824,grid,610,0.9738043671900345,0.2092390593299879,1.0920750962582007,1.018797585862631,1.018797585862631,0.3520811075866739,1,0.0027042395783204664,1
621_left_LAD_mid_20mm_80ds_discrete_T4_taper_B_rederived,30.0,-14.805858359894827,grid,621,0.9730270912329362,0.20923905932983894,0.9675146642982569,1.0085925652794812,1.0085925652794812,0.3628767605524321,1,0.002844234580764435,1
621_left_LAD_mid_20mm_80ds_discrete_T4_taper_B_rederived,34.80585835989483,-10.000000000000002,lesion_prox,630,0.9722431438860994,0.209239059331512,1.0353312663276073,0.9992389265147826,0.9992389265147826,0.3731628582636655,1,0.0025635139181800883,1
621_left_LAD_mid_20mm_80ds_discrete_T4_taper_B_rederived,40.0,-4.805858359894826,grid,641,0.9693975812679738,0.2092390593314531,0.957185676178547,0.9884052319498635,0.9884052319498635,0.38556831415426834,1,0.0027348301020671028,1
621_left_LAD_mid_20mm_80ds_discrete_T4_taper_B_rederived,44.80585835989483,0.0,throat,651,0.5903279660106435,0.20923905933142878,0.9425533671039653,0.9786800795358163,0.9786800795358163,0.3971770973344073,1,0.0032235934610011455,1
621_left_LAD_mid_20mm_80ds_discrete_T4_taper_B_rederived,50.0,5.194141640105176,grid,662,0.4010023350644328,0.20923905933142267,0.9824428849965314,0.9683134177898385,0.9683134177898385,0.4100705623335359,1,0.0025401622628561937,1
621_left_LAD_mid_20mm_80ds_discrete_T4_taper_B_rederived,54.80585835989483,10.000000000000002,lesion_dist,673,0.3990758092361529,0.20923905933116402,1.061244258030668,0.9584740507205236,0.9584740507205236,0.422829583052977,1,0.0028612145659233828,1
621_left_LAD_mid_20mm_80ds_discrete_T4_taper_B_rederived,60.0,15.19414164010517,grid,682,0.39808660563915804,0.20923905933099182,0.9458129285386148,0.9482012315071477,0.9482012315071477,0.436721827088955,1,0.0035646027990690445,1
621_left_LAD_mid_20mm_80ds_discrete_T4_taper_B_rederived,65.0,20.194141640105176,grid,691,0.39675437398655206,0.20923905933130388,0.8793185894406957,0.9381690045398922,0.9381690045398922,0.45088231554320396,1,0.003213484962037045,1
621_left_LAD_mid_20mm_80ds_discrete_T4_taper_B_rederived,70.0,25.19414164010518,grid,700,0.394985807903973,0.20923905933132905,0.8407767847705478,0.9279086274370065,0.9279086274370065,0.4660052455035805,1,0.003851981479706872,1
621_left_LAD_mid_20mm_80ds_discrete_T4_taper_B_rederived,75.23497995590162,30.429121596006787,measurement,709,0.3926645850794229,0.20923905933153572,0.8176580498252789,0.9170738096570797,0.9170738096570797,0.48271808618838014,1,0.004152835222355112,1
621_left_LAD_mid_20mm_80ds_discrete_T4_taper_B_rederived,80.0,35.19414164010517,grid,716,0.3914288285428148,0.20923905933163264,0.8820871066850395,0.907966751688282,0.907966751688282,0.4973894925222019,1,0.004205068050249687,1
621_left_LAD_mid_20mm_80ds_discrete_T4_taper_B_rederived,85.0,40.19414164010518,grid,725,0.38999594506873536,0.20923905933166578,0.8520490414326817,0.8973174824657172,0.8973174824657172,0.5153093893518697,1,0.0038431398395126844,1
621_left_LAD_mid_20mm_80ds_discrete_T4_taper_B_rederived,90.0,45.19414164010517,grid,734,0.3872240104079164,0.2092390593317075,0.773731708032014,0.887603725301905,0.887603725301905,0.532413543397237,1,0.003667470349102,1
621_left_LAD_mid_20mm_80ds_discrete_T4_taper_B_rederived,95.0,50.19414164010517,grid,743,0.3854959450504052,0.20923905933202747,0.8130352930946183,0.8773534190057046,0.8773534190057046,0.5512933131766459,1,0.0038489622609978115,1
621_left_LAD_mid_20mm_80ds_discrete_T4_taper_B_rederived,100.0,55.19414164010518,grid,752,0.38408002253800605,0.2092390593318878,0.9023934655693806,0.8674088159948352,0.8674088159948352,0.5704728074399645,1,0.00366374958949495,1
621_left_LAD_mid_20mm_80ds_discrete_T4_taper_B_rederived,105.0,60.19414164010517,grid,762,0.38268344237665675,0.20923905933127923,0.8925704238886646,0.8566677550519227,0.8566677550519227,0.5922010624598276,1,0.0039007963245900872,1
621_left_LAD_mid_20mm_80ds_discrete_T4_taper_B_rederived,110.0,65.19414164010517,grid,771,0.3812184337601762,0.20923905933074283,0.9038843726325345,0.8470805956335817,0.8470805956335817,0.6125368818133682,1,0.0037872671106808932,1
621_left_LAD_mid_20mm_80ds_discrete_T4_taper_B_rederived,115.0,70.19414164010517,grid,781,0.3793601624152866,0.20923905933070971,0.8004631558363796,0.8366855570796691,0.8366855570796691,0.6356523057141898,1,0.0037420290650225863,1
621_left_LAD_mid_20mm_80ds_discrete_T4_taper_B_rederived,120.0,75.19414164010517,grid,791,0.37716293498888953,0.20923905933080356,0.7004653375741318,0.8262373116750474,0.8262373116750474,0.6600730992304616,1,0.003897418190006685,1
621_left_LAD_mid_20mm_80ds_discrete_T4_taper_B_rederived,125.0,80.19414164010517,grid,800,0.3739453731474613,0.20923905933078363,0.814317212872189,0.8166738762034893,0.8166738762034893,0.683534520497923,1,0.00387545985398976,1
621_left_LAD_mid_20mm_80ds_discrete_T4_taper_B_rederived,130.0,85.19414164010517,grid,809,0.37239335950760666,0.20923905933102196,0.8566946244336643,0.8058071468998872,0.8058071468998872,0.7115625757831882,1,0.005052877468050764,1
621_left_LAD_mid_20mm_80ds_discrete_T4_taper_B_rederived,135.0,90.19414164010519,grid,817,0.3679044608403769,0.20923905933107945,0.6308464969212476,0.7961971187597702,0.7961971187597702,0.7376403044339491,1,0.004299791436641858,1
621_left_LAD_mid_20mm_80ds_discrete_T4_taper_B_rederived,140.0,95.19414164010519,grid,827,0.35922556492601965,0.20923905933109696,0.5334284683702325,0.7855264644658947,0.7855264644658947,0.7681109921921206,1,0.003286463684324851,1
621_left_LAD_mid_20mm_80ds_discrete_T4_taper_B_rederived,145.0,100.19414164010516,grid,839,0.34671609298208694,0.2092390593311122,0.47590959781232495,0.7760933297642832,0.7760933297642832,0.7964611395004132,1,0.002949630876498462,1
621_left_LAD_mid_20mm_80ds_discrete_T4_taper_C_flowmatched,0.0,-44.80585835989483,grid,55,0.9968901718922942,1.4581053691900911,1.9172093010599178,1.8989792845345903,1.8989792845345903,0.3788714779516478,1,0.06387054157856224,1
621_left_LAD_mid_20mm_80ds_discrete_T4_taper_C_flowmatched,5.0,-39.80585835989483,grid,368,0.9960181584490619,1.1246533970206019,1.4811583280845635,1.5154553260255357,1.5154553260255357,0.5749803047520929,1,0.04041658939275528,1
621_left_LAD_mid_20mm_80ds_discrete_T4_taper_C_flowmatched,10.0,-34.80585835989483,grid,378,0.9949535737287868,1.1246533970213668,1.326727726202874,1.289495191591557,1.289495191591557,0.9333041623713869,1,0.04552380142005724,1
621_left_LAD_mid_20mm_80ds_discrete_T4_taper_C_flowmatched,15.0,-29.805858359894827,grid,389,0.977179518313764,1.1246533970210737,0.6879873218868638,1.0561570928000215,1.0561570928000215,1.6986223101540043,2,-1.202420981175577,1
621_left_LAD_mid_20mm_80ds_discrete_T4_taper_C_flowmatched,20.0,-24.805858359894827,grid,599,0.9755009223897091,0.20763570273274345,1.0466176288917148,1.0289959338222874,1.0289959338222874,0.33909761924036363,1,0.0026413727041384475,1
621_left_LAD_mid_20mm_80ds_discrete_T4_taper_C_flowmatched,25.0,-19.805858359894824,grid,610,0.9748056437866802,0.207635702731144,1.0920750962582007,1.018797585862631,1.018797585862631,0.34938318125788514,1,0.0027042395783204664,1
621_left_LAD_mid_20mm_80ds_discrete_T4_taper_C_flowmatched,30.0,-14.805858359894827,grid,621,0.9740343239380623,0.20763570273013535,0.9675146642982569,1.0085925652794812,1.0085925652794812,0.3600961093165956,1,0.002844234580764435,1
621_left_LAD_mid_20mm_80ds_discrete_T4_taper_C_flowmatched,34.80585835989483,-10.000000000000002,lesion_prox,630,0.9732563838212175,0.2076357027312474,1.0353312663276073,0.9992389265147826,0.9992389265147826,0.3703033867401261,1,0.0025635139181800883,1
621_left_LAD_mid_20mm_80ds_discrete_T4_taper_C_flowmatched,40.0,-4.805858359894826,grid,641,0.9704326261740155,0.20763570273128704,0.957185676178547,0.9884052319498635,0.9884052319498635,0.38261378213099606,1,0.0027348301020671028,1
621_left_LAD_mid_20mm_80ds_discrete_T4_taper_C_flowmatched,44.80585835989483,0.0,throat,651,0.5956896380918916,0.2076357027311858,0.9425533671039653,0.9786800795358163,0.9786800795358163,0.39413360955296123,1,0.0032235934610011455,1
621_left_LAD_mid_20mm_80ds_discrete_T4_taper_C_flowmatched,50.0,5.194141640105176,grid,662,0.4078147711710145,0.20763570273118928,0.9824428849965314,0.9683134177898385,0.9683134177898385,0.4069282745370807,1,0.0025401622628561937,1
621_left_LAD_mid_20mm_80ds_discrete_T4_taper_C_flowmatched,54.80585835989483,10.000000000000002,lesion_dist,673,0.40590300792058304,0.20763570273117618,1.061244258030668,0.9584740507205236,0.9584740507205236,0.4195895254613153,1,0.0028612145659233828,1
621_left_LAD_mid_20mm_80ds_discrete_T4_taper_C_flowmatched,60.0,15.19414164010517,grid,682,0.40492138439071884,0.20763570273094129,0.9458129285386148,0.9482012315071477,0.9482012315071477,0.43337531604035806,1,0.0035646027990690445,1
621_left_LAD_mid_20mm_80ds_discrete_T4_taper_C_flowmatched,65.0,20.194141640105176,grid,691,0.4035993613598686,0.20763570273094487,0.8793185894406957,0.9381690045398922,0.9381690045398922,0.44742729553440774,1,0.003213484962037045,1
621_left_LAD_mid_20mm_80ds_discrete_T4_taper_C_flowmatched,70.0,25.19414164010518,grid,700,0.4018443474415497,0.20763570273090903,0.8407767847705478,0.9279086274370065,0.9279086274370065,0.4624343415404473,1,0.003851981479706872,1
621_left_LAD_mid_20mm_80ds_discrete_T4_taper_C_flowmatched,75.23497995590162,30.429121596006787,measurement,709,0.3995409116781191,0.20763570273113197,0.8176580498252789,0.9170738096570797,0.9170738096570797,0.4790191151067043,1,0.004152835222355112,1
621_left_LAD_mid_20mm_80ds_discrete_T4_taper_C_flowmatched,80.0,35.19414164010517,grid,716,0.3983146244939626,0.20763570273130386,0.8820871066850395,0.907966751688282,0.907966751688282,0.4935780974207468,1,0.004205068050249687,1
621_left_LAD_mid_20mm_80ds_discrete_T4_taper_C_flowmatched,85.0,40.19414164010518,grid,725,0.3968927209161938,0.2076357027315798,0.8520490414326817,0.8973174824657172,0.8973174824657172,0.5113606777052839,1,0.0038431398395126844,1
621_left_LAD_mid_20mm_80ds_discrete_T4_taper_C_flowmatched,90.0,45.19414164010517,grid,734,0.39414202703015033,0.20763570273159845,0.773731708032014,0.887603725301905,0.887603725301905,0.5283337660768844,1,0.003667470349102,1
621_left_LAD_mid_20mm_80ds_discrete_T4_taper_C_flowmatched,95.0,50.19414164010517,grid,743,0.3924272034880313,0.2076357027318432,0.8130352930946183,0.8773534190057046,0.8773534190057046,0.5470688639980793,1,0.0038489622609978115,1
621_left_LAD_mid_20mm_80ds_discrete_T4_taper_C_flowmatched,100.0,55.19414164010518,grid,752,0.3910221309035225,0.20763570273179552,0.9023934655693806,0.8674088159948352,0.8674088159948352,0.5661013896755058,1,0.00366374958949495,1
621_left_LAD_mid_20mm_80ds_discrete_T4_taper_C_flowmatched,105.0,60.19414164010517,grid,762,0.38963625245353906,0.20763570273108106,0.8925704238886646,0.8566677550519227,0.8566677550519227,0.5876631454706482,1,0.0039007963245900872,1
621_left_LAD_mid_20mm_80ds_discrete_T4_taper_C_flowmatched,110.0,65.19414164010517,grid,771,0.3881824699018373,0.20763570273094345,0.9038843726325345,0.8470805956335817,0.8470805956335817,0.6078431355538634,1,0.0037872671106808932,1
621_left_LAD_mid_20mm_80ds_discrete_T4_taper_C_flowmatched,115.0,70.19414164010517,grid,781,0.3863384381144886,0.20763570273096504,0.8004631558363796,0.8366855570796691,0.8366855570796691,0.6307814306358475,1,0.0037420290650225863,1
621_left_LAD_mid_20mm_80ds_discrete_T4_taper_C_flowmatched,120.0,75.19414164010517,grid,791,0.3841580475975396,0.20763570273126672,0.7004653375741318,0.8262373116750474,0.8262373116750474,0.6550150925503864,1,0.003897418190006685,1
621_left_LAD_mid_20mm_80ds_discrete_T4_taper_C_flowmatched,125.0,80.19414164010517,grid,800,0.3809651412818494,0.20763570273133827,0.814317212872189,0.8166738762034893,0.8166738762034893,0.6782967336913187,1,0.00387545985398976,1
621_left_LAD_mid_20mm_80ds_discrete_T4_taper_C_flowmatched,130.0,85.19414164010517,grid,809,0.3794250204086698,0.2076357027315175,0.8566946244336643,0.8058071468998872,0.8058071468998872,0.7061100156565558,1,0.005052877468050764,1
621_left_LAD_mid_20mm_80ds_discrete_T4_taper_C_flowmatched,135.0,90.19414164010519,grid,817,0.3749705192641833,0.20763570273170193,0.6308464969212476,0.7961971187597702,0.7961971187597702,0.7319879159465319,1,0.004299791436641858,1
621_left_LAD_mid_20mm_80ds_discrete_T4_taper_C_flowmatched,140.0,95.19414164010519,grid,827,0.3663685358999124,0.20763570273171988,0.5334284683702325,0.7855264644658947,0.7855264644658947,0.7622251129861904,1,0.003286463684324851,1
621_left_LAD_mid_20mm_80ds_discrete_T4_taper_C_flowmatched,145.0,100.19414164010516,grid,839,0.3539549215098239,0.20763570273172882,0.47590959781232495,0.7760933297642832,0.7760933297642832,0.7903580188485965,1,0.002949630876498462,1
