run_id,station_mm,s_from_lesion_mm,kind,node,ffr,Q_mls,r_mm,r_ref_mm,r_fit_mm,q_norm,n_children,orphan_frac,resolved
102_left_LAD_mid_20mm_80ds_leaky_negative_draw0,0.0,-45.10708780773706,grid,133,0.9980958978586969,1.8738951053261799,2.063555642098582,1.9788913723984103,1.9788913723984103,0.43027201071174576,1,0.04072813356377711,1
102_left_LAD_mid_20mm_80ds_leaky_negative_draw0,5.0,-40.10708780773707,grid,140,0.9975773482174529,1.511673634199127,1.688700858282976,1.7992594327137332,1.7992594327137332,0.46178557049577285,1,0.04137744095808671,1
102_left_LAD_mid_20mm_80ds_leaky_negative_draw0,10.0,-35.10708780773706,grid,148,0.9967305220777971,1.2164945674487475,1.655510957650119,1.620478529363344,1.620478529363344,0.5086792410817323,1,0.037391080024098425,1
102_left_LAD_mid_20mm_80ds_leaky_negative_draw0,15.0,-30.107087807737063,grid,389,0.9962340307206596,0.7664621991140235,1.6792826125693294,1.6459222523583688,1.6459222523583688,0.30586266970836906,1,0.012332205000922714,1
102_left_LAD_mid_20mm_80ds_leaky_negative_draw0,20.0,-25.107087807737063,grid,398,0.9957258219702315,0.6729657105525387,1.4393705194808097,1.582244495277828,1.582244495277828,0.3022983943814576,1,0.012544426633335682,1
102_left_LAD_mid_20mm_80ds_leaky_negative_draw0,25.0,-20.10708780773706,grid,407,0.9952500592072074,0.588338967220018,1.6205049058469,1.5197890033041244,1.5197890033041244,0.29822318553433086,2,-0.044766409282566956,1
102_left_LAD_mid_20mm_80ds_leaky_negative_draw0,30.0,-15.107087807737063,grid,415,0.994928937802729,0.26293808489084763,1.2616639878766875,1.2388157520572685,1.2388157520572685,0.2460917320765434,1,0.005648950413425449,1
102_left_LAD_mid_20mm_80ds_leaky_negative_draw0,35.10708780773706,-10.000000000000002,lesion_prox,424,0.9945151355627163,0.24465457334799043,1.2713646334518576,1.217272113365612,1.217272113365612,0.24135372411954611,1,0.006711019239400694,1
102_left_LAD_mid_20mm_80ds_leaky_negative_draw0,40.0,-5.107087807737061,grid,432,0.9933907090361944,0.22646927348310736,1.1684917762802793,1.1950478542306382,1.1950478542306382,0.236111468344363,1,0.007484682601073928,1
102_left_LAD_mid_20mm_80ds_leaky_negative_draw0,45.10708780773706,0.0,throat,440,0.8049103734865372,0.20973041544091137,1.0897435497045183,1.1734260389842086,1.1734260389842086,0.23097125698866752,1,0.006863446183445296,1
102_left_LAD_mid_20mm_80ds_leaky_negative_draw0,50.0,4.892912192262941,grid,447,0.7152052000818867,0.1985894589740529,1.0586890772294826,1.1534647204693063,1.1534647204693063,0.23025386530903752,1,0.006571661986427811,1
102_left_LAD_mid_20mm_80ds_leaky_negative_draw0,55.10708780773707,10.000000000000002,lesion_dist,456,0.7131405937151709,0.18685562511453474,0.8856064778866759,1.1306607846859997,1.1306607846859997,0.2300238521319914,1,0.0067101519262014655,1
102_left_LAD_mid_20mm_80ds_leaky_negative_draw0,60.0,14.892912192262935,grid,465,0.7113252046829595,0.1763366145411901,0.9933302756119631,1.1093485255040776,1.1093485255040776,0.22982758397197028,1,0.006728197460336308,1
102_left_LAD_mid_20mm_80ds_leaky_negative_draw0,65.0,19.89291219226294,grid,473,0.7107593499535079,0.16667414960940405,1.0056104414741374,1.0889870807757984,1.0889870807757984,0.2296485723225728,1,0.006373103695089537,1
102_left_LAD_mid_20mm_80ds_leaky_negative_draw0,70.0,24.892912192262944,grid,483,0.7101601642324082,0.15587658804089372,1.1336331832424902,1.0652712044111223,1.0652712044111223,0.22943729428081927,1,0.008773222484909398,1
102_left_LAD_mid_20mm_80ds_leaky_negative_draw0,75.15857149286241,30.051483685125348,measurement,490,0.7098232483206821,0.14679227229776504,1.139583885216608,1.0444525248219476,1.0444525248219476,0.22924547153167674,1,0.007444243482959171,1
102_left_LAD_mid_20mm_80ds_leaky_negative_draw0,80.0,34.89291219226294,grid,498,0.7094018730486621,0.137715472699212,1.0709190104098754,1.0227749746701797,1.0227749746701797,0.22903726138728056,1,0.007499074243952396,1
102_left_LAD_mid_20mm_80ds_leaky_negative_draw0,85.0,39.89291219226295,grid,506,0.7088938270589822,0.12960048541405042,0.8808794311853675,1.0025713206790405,1.0025713206790405,0.22883607030354122,1,0.007705262622390257,1
102_left_LAD_mid_20mm_80ds_leaky_negative_draw0,90.0,44.89291219226293,grid,515,0.7077071250857658,0.12086582550649984,0.8341449467814817,0.9798447648970726,0.9798447648970726,0.22861008080632078,1,0.008865731231813766,1
102_left_LAD_mid_20mm_80ds_leaky_negative_draw0,95.0,49.89291219226294,grid,523,0.7069281138428049,0.11361909475415717,0.8886548380602014,0.9601237322864773,0.9601237322864773,0.22841961496049606,1,0.007593355935523391,1
102_left_LAD_mid_20mm_80ds_leaky_negative_draw0,100.0,54.89291219226294,grid,532,0.7062579399252936,0.10554492205552644,0.9084642479319147,0.9371246817376684,0.9371246817376684,0.22819645784934733,1,0.0075614138964476135,1
102_left_LAD_mid_20mm_80ds_leaky_negative_draw0,105.0,59.89291219226293,grid,541,0.7055555300279751,0.0984745223897314,0.8854343517663047,0.9159921203316638,0.9159921203316638,0.2279881918944116,1,0.007255326395124227,1
102_left_LAD_mid_20mm_80ds_leaky_negative_draw0,110.0,64.89291219226294,grid,551,0.7048754940299219,0.09146192010056219,0.8629322622204071,0.8939980910315718,0.8939980910315718,0.22776879520841822,1,0.007564479185186445,1
102_left_LAD_mid_20mm_80ds_leaky_negative_draw0,115.0,69.89291219226294,grid,560,0.7039263339203266,0.08514757292333508,0.7507130482971387,0.8731990895601683,0.8731990895601683,0.2275601099636201,1,0.008719186446224483,1
102_left_LAD_mid_20mm_80ds_leaky_negative_draw0,120.0,74.89291219226294,grid,568,0.7028890180238598,0.07914845176046552,0.7566026122911647,0.852442418025418,0.852442418025418,0.22735837230812186,1,0.009416765220116436,1
102_left_LAD_mid_20mm_80ds_leaky_negative_draw0,125.0,79.89291219226294,grid,576,0.7021615163385667,0.0729632476522554,0.9452493122743029,0.8298929825316167,0.8298929825316167,0.22714415416017678,1,0.008852272015543932,1
102_left_LAD_mid_20mm_80ds_leaky_negative_draw0,130.0,84.89291219226294,grid,584,0.7018218844822052,0.06776740410303327,0.9701579346415694,0.809940178618792,0.809940178618792,0.22694765718127916,1,0.008848322733049616,1
102_left_LAD_mid_20mm_80ds_leaky_negative_draw0,135.0,89.89291219226294,grid,593,0.7013814759792178,0.06229392052107019,0.7233230509094735,0.7877875100603102,0.7877875100603102,0.22671595049116317,1,0.009710630655148303,1
102_left_LAD_mid_20mm_80ds_leaky_negative_draw0,140.0,94.89291219226295,grid,602,0.6995464780407948,0.05747023991759788,0.5619198976373382,0.7671443891984984,0.7671443891984984,0.2265037285977887,1,0.007611778103736553,1
102_left_LAD_mid_20mm_80ds_leaky_negative_draw1,0.0,-45.10708780773706,grid,133,0.9980835418566001,1.885873048552141,2.063555642098582,1.9788913723984103,1.9788913723984103,0.4330223107159332,1,0.04072813356377711,1
102_left_LAD_mid_20mm_80ds_leaky_negative_draw1,5.0,-40.10708780773707,grid,140,0.9975617018586784,1.5212201864585304,1.688700858282976,1.7992594327137332,1.7992594327137332,0.4647018481774378,1,0.04137744095808671,1
102_left_LAD_mid_20mm_80ds_leaky_negative_draw1,10.0,-35.10708780773706,grid,148,0.9967095707272334,1.2240611387883715,1.655510957650119,1.620478529363344,1.620478529363344,0.5118432155618674,1,0.037391080024098425,1
102_left_LAD_mid_20mm_80ds_leaky_negative_draw1,15.0,-30.107087807737063,grid,389,0.996210049057581,0.7710242179497914,1.6792826125693294,1.6459222523583688,1.6459222523583688,0.30768317861537164,1,0.012332205000922714,1
102_left_LAD_mid_20mm_80ds_leaky_negative_draw1,20.0,-25.107087807737063,grid,398,0.9956988462561811,0.6769013059844257,1.4393705194808097,1.582244495277828,1.582244495277828,0.3040662766989944,1,0.012544426633335682,1
102_left_LAD_mid_20mm_80ds_leaky_negative_draw1,25.0,-20.10708780773706,grid,407,0.9952203283307823,0.5917078589983422,1.6205049058469,1.5197890033041244,1.5197890033041244,0.2999308433537671,2,-0.044766409282566956,1
102_left_LAD_mid_20mm_80ds_leaky_negative_draw1,30.0,-15.107087807737063,grid,415,0.9948976826025178,0.2641733555397791,1.2616639878766875,1.2388157520572685,1.2388157520572685,0.24724785935915086,1,0.005648950413425449,1
102_left_LAD_mid_20mm_80ds_leaky_negative_draw1,35.10708780773706,-10.000000000000002,lesion_prox,424,0.9944819690356629,0.2457674822373537,1.2713646334518576,1.217272113365612,1.217272113365612,0.24245161777989274,1,0.006711019239400694,1
102_left_LAD_mid_20mm_80ds_leaky_negative_draw1,40.0,-5.107087807737061,grid,432,0.9933525721017228,0.2274605222349469,1.1684917762802793,1.1950478542306382,1.1950478542306382,0.23714492067408402,1,0.007484682601073928,1
102_left_LAD_mid_20mm_80ds_leaky_negative_draw1,45.10708780773706,0.0,throat,440,0.8036946682844172,0.21061105180647371,1.0897435497045183,1.1734260389842086,1.1734260389842086,0.23194108145535852,1,0.006863446183445296,1
102_left_LAD_mid_20mm_80ds_leaky_negative_draw1,50.0,4.892912192262941,grid,447,0.7136138993740038,0.19941914394001278,1.0586890772294826,1.1534647204693063,1.1534647204693063,0.231215840689745,1,0.006571661986427811,1
102_left_LAD_mid_20mm_80ds_leaky_negative_draw1,55.10708780773707,10.000000000000002,lesion_dist,456,0.7115406728586554,0.18763502267443277,0.8856064778866759,1.1306607846859997,1.1306607846859997,0.2309833096220195,1,0.0067101519262014655,1
102_left_LAD_mid_20mm_80ds_leaky_negative_draw1,60.0,14.892912192262935,grid,465,0.7097169121837984,0.17707112363824953,0.9933302756119631,1.1093485255040776,1.1093485255040776,0.23078490331045154,1,0.006728197460336308,1
102_left_LAD_mid_20mm_80ds_leaky_negative_draw1,65.0,19.89291219226294,grid,473,0.7091487021071265,0.1673675412345743,1.0056104414741374,1.0889870807757984,1.0889870807757984,0.2306039478091371,1,0.006373103695089537,1
102_left_LAD_mid_20mm_80ds_leaky_negative_draw1,70.0,24.892912192262944,grid,483,0.7085470255453115,0.15652409909516682,1.1336331832424902,1.0652712044111223,1.0652712044111223,0.23039037637080167,1,0.008773222484909398,1
102_left_LAD_mid_20mm_80ds_leaky_negative_draw1,75.15857149286241,30.051483685125348,measurement,490,0.70820871114745,0.14740122440155876,1.139583885216608,1.0444525248219476,1.0444525248219476,0.2301964719487234,1,0.007444243482959171,1
102_left_LAD_mid_20mm_80ds_leaky_negative_draw1,80.0,34.89291219226294,grid,498,0.7077855893265171,0.13828593167459416,1.0709190104098754,1.0227749746701797,1.0227749746701797,0.2299860027225457,1,0.007499074243952396,1
102_left_LAD_mid_20mm_80ds_leaky_negative_draw1,85.0,39.89291219226295,grid,506,0.7072754407557419,0.13013656561666045,0.8808794311853675,1.0025713206790405,1.0025713206790405,0.22978262915739803,1,0.007705262622390257,1
102_left_LAD_mid_20mm_80ds_leaky_negative_draw1,90.0,44.89291219226293,grid,515,0.7060838347177715,0.12136497419284295,0.8341449467814817,0.9798447648970726,0.9798447648970726,0.22955418904403874,1,0.008865731231813766,1
102_left_LAD_mid_20mm_80ds_leaky_negative_draw1,95.0,49.89291219226294,grid,523,0.7053016087359094,0.11408768044622425,0.8886548380602014,0.9601237322864773,0.9601237322864773,0.2293616587568276,1,0.007593355935523391,1
102_left_LAD_mid_20mm_80ds_leaky_negative_draw1,100.0,54.89291219226294,grid,532,0.704628673284895,0.1059795157092807,0.9084642479319147,0.9371246817376684,0.9371246817376684,0.22913608365473048,1,0.0075614138964476135,1
102_left_LAD_mid_20mm_80ds_leaky_negative_draw1,105.0,59.89291219226293,grid,541,0.703923373527772,0.09887939880925739,0.8854343517663047,0.9159921203316638,0.9159921203316638,0.22892556168903822,1,0.007255326395124227,1
102_left_LAD_mid_20mm_80ds_leaky_negative_draw1,110.0,64.89291219226294,grid,551,0.7032405439755118,0.0918373724630838,0.8629322622204071,0.8939980910315718,0.8939980910315718,0.228703789052585,1,0.007564479185186445,1
102_left_LAD_mid_20mm_80ds_leaky_negative_draw1,115.0,69.89291219226294,grid,560,0.7022874910489636,0.08549657994901005,0.7507130482971387,0.8731990895601683,0.8731990895601683,0.22849284444346468,1,0.008719186446224483,1
102_left_LAD_mid_20mm_80ds_leaky_negative_draw1,120.0,74.89291219226294,grid,568,0.7012459268032161,0.07947239705810363,0.7566026122911647,0.852442418025418,0.852442418025418,0.22828892336691922,1,0.009416765220116436,1
102_left_LAD_mid_20mm_80ds_leaky_negative_draw1,125.0,79.89291219226294,grid,576,0.7005154497497886,0.07326141474840658,0.9452493122743029,0.8298929825316167,0.8298929825316167,0.22807238741504016,1,0.008852272015543932,1
102_left_LAD_mid_20mm_80ds_leaky_negative_draw1,130.0,84.89291219226294,grid,584,0.7001744310754242,0.06804394320103435,0.9701579346415694,0.809940178618792,0.809940178618792,0.22787376466969572,1,0.008848322733049616,1
102_left_LAD_mid_20mm_80ds_leaky_negative_draw1,135.0,89.89291219226294,grid,593,0.6997322273950973,0.06254769501924388,0.7233230509094735,0.7877875100603102,0.7877875100603102,0.2276395514795519,1,0.009710630655148303,1
102_left_LAD_mid_20mm_80ds_leaky_negative_draw1,140.0,94.89291219226295,grid,602,0.6978897614277885,0.05770400052579312,0.5619198976373382,0.7671443891984984,0.7671443891984984,0.2274250341192451,1,0.007611778103736553,1
102_left_LAD_mid_20mm_80ds_leaky_negative_draw2,0.0,-45.10708780773706,grid,133,0.9982567202413979,1.7178473513610741,2.063555642098582,1.9788913723984103,1.9788913723984103,0.39444130670127203,1,0.04072813356377711,1
102_left_LAD_mid_20mm_80ds_leaky_negative_draw2,5.0,-40.10708780773707,grid,140,0.9977810611966488,1.3871864904274418,1.688700858282976,1.7992594327137332,1.7992594327137332,0.42375727827352155,1,0.04137744095808671,1
102_left_LAD_mid_20mm_80ds_leaky_negative_draw2,10.0,-35.10708780773706,grid,148,0.9970034552795742,1.1177101276495902,1.655510957650119,1.620478529363344,1.620478529363344,0.4673723621097171,1,0.037391080024098425,1
102_left_LAD_mid_20mm_80ds_leaky_negative_draw2,15.0,-30.107087807737063,grid,389,0.9965465836041075,0.706698816829319,1.6792826125693294,1.6459222523583688,1.6459222523583688,0.2820136296937001,1,0.012332205000922714,1
102_left_LAD_mid_20mm_80ds_leaky_negative_draw2,20.0,-25.107087807737063,grid,398,0.9960776300192736,0.621334933044047,1.4393705194808097,1.582244495277828,1.582244495277828,0.2791056805525933,1,0.012544426633335682,1
102_left_LAD_mid_20mm_80ds_leaky_negative_draw2,25.0,-20.10708780773706,grid,407,0.9956380411329242,0.5440657956541026,1.6205049058469,1.5197890033041244,1.5197890033041244,0.2757815541046083,2,-0.044766409282566956,1
102_left_LAD_mid_20mm_80ds_leaky_negative_draw2,30.0,-15.107087807737063,grid,415,0.9953372769974121,0.24642468039359752,1.2616639878766875,1.2388157520572685,1.2388157520572685,0.2306363357352494,1,0.005648950413425449,1
102_left_LAD_mid_20mm_80ds_leaky_negative_draw2,35.10708780773706,-10.000000000000002,lesion_prox,424,0.9949490680340721,0.2297298812590327,1.2713646334518576,1.217272113365612,1.217272113365612,0.226630394129373,1,0.006711019239400694,1
102_left_LAD_mid_20mm_80ds_leaky_negative_draw2,40.0,-5.107087807737061,grid,432,0.9938914898290582,0.2131242205921018,1.1684917762802793,1.1950478542306382,1.1950478542306382,0.22219823417900703,1,0.007484682601073928,1
102_left_LAD_mid_20mm_80ds_leaky_negative_draw2,45.10708780773706,0.0,throat,440,0.8210151764470259,0.19782258618272008,1.0897435497045183,1.1734260389842086,1.1734260389842086,0.21785743996795146,1,0.006863446183445296,1
102_left_LAD_mid_20mm_80ds_leaky_negative_draw2,50.0,4.892912192262941,grid,447,0.7363901661189489,0.18736504468591678,1.0586890772294826,1.1534647204693063,1.1534647204693063,0.21723975676055202,1,0.006571661986427811,1
102_left_LAD_mid_20mm_80ds_leaky_negative_draw2,55.10708780773707,10.000000000000002,lesion_dist,456,0.7344421850495975,0.1763098400358879,0.8856064778866759,1.1306607846859997,1.1306607846859997,0.21704173234801638,1,0.0067101519262014655,1
102_left_LAD_mid_20mm_80ds_leaky_negative_draw2,60.0,14.892912192262935,grid,465,0.7327394207151987,0.16639685600271234,0.9933302756119631,1.1093485255040776,1.1093485255040776,0.21687264153924318,1,0.006728197460336308,1
102_left_LAD_mid_20mm_80ds_leaky_negative_draw2,65.0,19.89291219226294,grid,473,0.732205441960492,0.15728966043087697,1.0056104414741374,1.0889870807757984,1.0889870807757984,0.216718345608497,1,0.006373103695089537,1
102_left_LAD_mid_20mm_80ds_leaky_negative_draw2,70.0,24.892912192262944,grid,483,0.7316399702157284,0.14711177915761212,1.1336331832424902,1.0652712044111223,1.0652712044111223,0.21653622901923525,1,0.008773222484909398,1
102_left_LAD_mid_20mm_80ds_leaky_negative_draw2,75.15857149286241,30.051483685125348,measurement,490,0.7313219858381086,0.1385483098404724,1.139583885216608,1.0444525248219476,1.0444525248219476,0.2163708764918378,1,0.007444243482959171,1
102_left_LAD_mid_20mm_80ds_leaky_negative_draw2,80.0,34.89291219226294,grid,498,0.7309242572272874,0.12999151194945846,1.0709190104098754,1.0227749746701797,1.0227749746701797,0.2161913931452256,1,0.007499074243952396,1
102_left_LAD_mid_20mm_80ds_leaky_negative_draw2,85.0,39.89291219226295,grid,506,0.7304446825164194,0.1223409922151952,0.8808794311853675,1.0025713206790405,1.0025713206790405,0.21601795553557593,1,0.007705262622390257,1
102_left_LAD_mid_20mm_80ds_leaky_negative_draw2,90.0,44.89291219226293,grid,515,0.7293243965839487,0.11410538311844055,0.8341449467814817,0.9798447648970726,0.9798447648970726,0.21582313069743664,1,0.008865731231813766,1
102_left_LAD_mid_20mm_80ds_leaky_negative_draw2,95.0,49.89291219226294,grid,523,0.728588928794601,0.10727174756085428,0.8886548380602014,0.9601237322864773,0.9601237322864773,0.21565892006980047,1,0.007593355935523391,1
102_left_LAD_mid_20mm_80ds_leaky_negative_draw2,100.0,54.89291219226294,grid,532,0.7279561651206174,0.09965709738367495,0.9084642479319147,0.9371246817376684,0.9371246817376684,0.2154665158645718,1,0.0075614138964476135,1
102_left_LAD_mid_20mm_80ds_leaky_negative_draw2,105.0,59.89291219226293,grid,541,0.7272929099147603,0.09298849552823349,0.8854343517663047,0.9159921203316638,0.9159921203316638,0.2152869437493634,1,0.007255326395124227,1
102_left_LAD_mid_20mm_80ds_leaky_negative_draw2,110.0,64.89291219226294,grid,551,0.7266507294582227,0.08637379321496821,0.8629322622204071,0.8939980910315718,0.8939980910315718,0.21509776742630876,1,0.007564479185186445,1
102_left_LAD_mid_20mm_80ds_leaky_negative_draw2,115.0,69.89291219226294,grid,560,0.725754329456296,0.08041712938628379,0.7507130482971387,0.8731990895601683,0.8731990895601683,0.2149178206474313,1,0.008719186446224483,1
102_left_LAD_mid_20mm_80ds_leaky_negative_draw2,120.0,74.89291219226294,grid,568,0.7247746003466149,0.07475706131142039,0.7566026122911647,0.852442418025418,0.852442418025418,0.21474385664221923,1,0.009416765220116436,1
102_left_LAD_mid_20mm_80ds_leaky_negative_draw2,125.0,79.89291219226294,grid,576,0.7240874356114394,0.06892068369427666,0.9452493122743029,0.8298929825316167,0.8298929825316167,0.2145591226488346,1,0.008852272015543932,1
102_left_LAD_mid_20mm_80ds_leaky_negative_draw2,130.0,84.89291219226294,grid,584,0.7237666077813751,0.0640175422395731,0.9701579346415694,0.809940178618792,0.809940178618792,0.21438966745259158,1,0.008848322733049616,1
102_left_LAD_mid_20mm_80ds_leaky_negative_draw2,135.0,89.89291219226294,grid,593,0.7233505445257642,0.058852168209735024,0.7233230509094735,0.7877875100603102,0.7877875100603102,0.21418984617644785,1,0.009710630655148303,1
102_left_LAD_mid_20mm_80ds_leaky_negative_draw2,140.0,94.89291219226295,grid,602,0.7216168398613045,0.05429943110822943,0.5619198976373382,0.7671443891984984,0.7671443891984984,0.2140068255219978,1,0.007611778103736553,1
102_left_LAD_mid_20mm_80ds_discrete_negative_draw0,0.0,-45.10708780773706,grid,133,0.9984232479937918,1.2419092041333852,2.063555642098582,1.9788913723984103,1.9788913723984103,0.2851593821154052,1,0.04072813356377711,1
102_left_LAD_mid_20mm_80ds_discrete_negative_draw0,5.0,-40.10708780773707,grid,140,0.998029560010806,1.2419092041224657,1.688700858282976,1.7992594327137332,1.7992594327137332,0.3793780200667968,1,0.04137744095808671,1
102_left_LAD_mid_20mm_80ds_discrete_negative_draw0,10.0,-35.10708780773706,grid,148,0.9972442539360707,1.2419092041167572,1.655510957650119,1.620478529363344,1.620478529363344,0.5193064139755363,1,0.037391080024098425,1
102_left_LAD_mid_20mm_80ds_discrete_negative_draw0,15.0,-30.107087807737063,grid,389,0.9967239289411328,0.7584251358320994,1.6792826125693294,1.6459222523583688,1.6459222523583688,0.30265541743308927,1,0.012332205000922714,1
102_left_LAD_mid_20mm_80ds_discrete_negative_draw0,20.0,-25.107087807737063,grid,398,0.9961802799832442,0.7584251358265331,1.4393705194808097,1.582244495277828,1.582244495277828,0.34068704723552273,1,0.012544426633335682,1
102_left_LAD_mid_20mm_80ds_discrete_negative_draw0,25.0,-20.10708780773706,grid,407,0.995608037390656,0.7584251358364169,1.6205049058469,1.5197890033041244,1.5197890033041244,0.3844381769699448,2,-0.044766409282566956,1
102_left_LAD_mid_20mm_80ds_discrete_negative_draw0,30.0,-15.107087807737063,grid,415,0.9952343398790546,0.3136761394966743,1.2616639878766875,1.2388157520572685,1.2388157520572685,0.2935790169456238,1,0.005648950413425449,1
102_left_LAD_mid_20mm_80ds_discrete_negative_draw0,35.10708780773706,-10.000000000000002,lesion_prox,424,0.9947211344369615,0.31367613949493717,1.2713646334518576,1.217272113365612,1.217272113365612,0.309444059837221,1,0.006711019239400694,1
102_left_LAD_mid_20mm_80ds_discrete_negative_draw0,40.0,-5.107087807737061,grid,432,0.9931929739512256,0.3136761394944008,1.1684917762802793,1.1950478542306382,1.1950478542306382,0.3270312689290215,1,0.007484682601073928,1
102_left_LAD_mid_20mm_80ds_discrete_negative_draw0,45.10708780773706,0.0,throat,440,0.6457798586624117,0.3136761394943394,1.0897435497045183,1.1734260389842086,1.1734260389842086,0.3454442793814616,1,0.006863446183445296,1
102_left_LAD_mid_20mm_80ds_discrete_negative_draw0,50.0,4.892912192262941,grid,447,0.5091871838219468,0.3136761394943422,1.0586890772294826,1.1534647204693063,1.1534647204693063,0.3636907212845867,1,0.006571661986427811,1
102_left_LAD_mid_20mm_80ds_discrete_negative_draw0,55.10708780773707,10.000000000000002,lesion_dist,456,0.5058479101453877,0.31367613949421375,0.8856064778866759,1.1306607846859997,1.1306607846859997,0.3861430122005915,1,0.0067101519262014655,1
102_left_LAD_mid_20mm_80ds_discrete_negative_draw0,60.0,14.892912192262935,grid,465,0.5024787451357512,0.31367613949451484,0.9933302756119631,1.1093485255040776,1.1093485255040776,0.4088284754544802,1,0.006728197460336308,1
102_left_LAD_mid_20mm_80ds_discrete_negative_draw0,65.0,19.89291219226294,grid,473,0.5014397798130524,0.31367613949442097,1.0056104414741374,1.0889870807757984,1.0889870807757984,0.43219226121964627,1,0.006373103695089537,1
102_left_LAD_mid_20mm_80ds_discrete_negative_draw0,70.0,24.892912192262944,grid,483,0.5002730323567186,0.31367613949468315,1.1336331832424902,1.0652712044111223,1.0652712044111223,0.46170502979723993,1,0.008773222484909398,1
102_left_LAD_mid_20mm_80ds_discrete_negative_draw0,75.15857149286241,30.051483685125348,measurement,490,0.4995715715751092,0.31367613949453255,1.139583885216608,1.0444525248219476,1.0444525248219476,0.48986798406386517,1,0.007444243482959171,1
102_left_LAD_mid_20mm_80ds_discrete_negative_draw0,80.0,34.89291219226294,grid,498,0.4986371090608086,0.3136761394939648,1.0709190104098754,1.0227749746701797,1.0227749746701797,0.5216808434383232,1,0.007499074243952396,1
102_left_LAD_mid_20mm_80ds_discrete_negative_draw0,85.0,39.89291219226295,grid,506,0.4974342520401567,0.3136761394942214,0.8808794311853675,1.0025713206790405,1.0025713206790405,0.5538591532316985,1,0.007705262622390257,1
102_left_LAD_mid_20mm_80ds_discrete_negative_draw0,90.0,44.89291219226293,grid,515,0.4944423821542641,0.31367613949408835,0.8341449467814817,0.9798447648970726,0.9798447648970726,0.59329862098118,1,0.008865731231813766,1
102_left_LAD_mid_20mm_80ds_discrete_negative_draw0,95.0,49.89291219226294,grid,523,0.4923505247247888,0.3136761394942054,0.8886548380602014,0.9601237322864773,0.9601237322864773,0.6306139224273276,1,0.007593355935523391,1
102_left_LAD_mid_20mm_80ds_discrete_negative_draw0,100.0,54.89291219226294,grid,532,0.4904244376677259,0.3136761394943265,0.9084642479319147,0.9371246817376684,0.9371246817376684,0.6781925889983171,1,0.0075614138964476135,1
102_left_LAD_mid_20mm_80ds_discrete_negative_draw0,105.0,59.89291219226293,grid,541,0.4882545918162613,0.31367613949416273,0.8854343517663047,0.9159921203316638,0.9159921203316638,0.7262229269887852,1,0.007255326395124227,1
102_left_LAD_mid_20mm_80ds_discrete_negative_draw0,110.0,64.89291219226294,grid,551,0.48599883522193893,0.31367613949436035,0.8629322622204071,0.8939980910315718,0.8939980910315718,0.7811517219374343,1,0.007564479185186445,1
102_left_LAD_mid_20mm_80ds_discrete_negative_draw0,115.0,69.89291219226294,grid,560,0.48260148916849316,0.31367613949483164,0.7507130482971387,0.8731990895601683,0.8731990895601683,0.8383113498804811,1,0.008719186446224483,1
102_left_LAD_mid_20mm_80ds_discrete_negative_draw0,120.0,74.89291219226294,grid,568,0.47862168918245995,0.3136761394951062,0.7566026122911647,0.852442418025418,0.852442418025418,0.901052325361156,1,0.009416765220116436,1
102_left_LAD_mid_20mm_80ds_discrete_negative_draw0,125.0,79.89291219226294,grid,576,0.47562361395155717,0.313676139495298,0.9452493122743029,0.8298929825316167,0.8298929825316167,0.9765149397607255,1,0.008852272015543932,1
102_left_LAD_mid_20mm_80ds_discrete_negative_draw0,130.0,84.89291219226294,grid,584,0.4741016810009221,0.31367613949542356,0.9701579346415694,0.809940178618792,0.809940178618792,1.0504764925615337,1,0.008848322733049616,1
102_left_LAD_mid_20mm_80ds_discrete_negative_draw0,135.0,89.89291219226294,grid,593,0.47194548015351284,0.31367613949517076,0.7233230509094735,0.7877875100603102,0.7877875100603102,1.1416103452341289,1,0.009710630655148303,1
102_left_LAD_mid_20mm_80ds_discrete_negative_draw0,140.0,94.89291219226295,grid,602,0.46222354368827173,0.3136761394953566,0.5619198976373382,0.7671443891984984,0.7671443891984984,1.2362714209951056,1,0.007611778103736553,1
102_left_LAD_mid_20mm_80ds_discrete_negative_draw1,0.0,-45.10708780773706,grid,133,0.9983676068212408,1.2808350840022638,2.063555642098582,1.9788913723984103,1.9788913723984103,0.29409729787829997,1,0.04072813356377711,1
102_left_LAD_mid_20mm_80ds_discrete_negative_draw1,5.0,-40.10708780773707,grid,140,0.9979615792476637,1.2808350839894123,1.688700858282976,1.7992594327137332,1.7992594327137332,0.3912690851980154,1,0.04137744095808671,1
102_left_LAD_mid_20mm_80ds_discrete_negative_draw1,10.0,-35.10708780773706,grid,148,0.9971516588695467,1.2808350839823865,1.655510957650119,1.620478529363344,1.620478529363344,0.5355833358445863,1,0.037391080024098425,1
102_left_LAD_mid_20mm_80ds_discrete_negative_draw1,15.0,-30.107087807737063,grid,389,0.9966159080082786,0.7784778213587599,1.6792826125693294,1.6459222523583688,1.6459222523583688,0.31065759671485493,1,0.012332205000922714,1
102_left_LAD_mid_20mm_80ds_discrete_negative_draw1,20.0,-25.107087807737063,grid,398,0.9960578850257511,0.778477821355592,1.4393705194808097,1.582244495277828,1.582244495277828,0.349694779046247,1,0.012544426633335682,1
102_left_LAD_mid_20mm_80ds_discrete_negative_draw1,25.0,-20.10708780773706,grid,407,0.9954705123956507,0.7784778213646187,1.6205049058469,1.5197890033041244,1.5197890033041244,0.3946026843201815,2,-0.044766409282566956,1
102_left_LAD_mid_20mm_80ds_discrete_negative_draw1,30.0,-15.107087807737063,grid,415,0.9950920017189038,0.31771623881472694,1.2616639878766875,1.2388157520572685,1.2388157520572685,0.2973602684876116,1,0.005648950413425449,1
102_left_LAD_mid_20mm_80ds_discrete_negative_draw1,35.10708780773706,-10.000000000000002,lesion_prox,424,0.9945721862714717,0.31771623881424976,1.2713646334518576,1.217272113365612,1.217272113365612,0.31342965063646594,1,0.006711019239400694,1
102_left_LAD_mid_20mm_80ds_discrete_negative_draw1,40.0,-5.107087807737061,grid,432,0.9930243433191347,0.3177162388142078,1.1684917762802793,1.1950478542306382,1.1950478542306382,0.3312433802145194,1,0.007484682601073928,1
102_left_LAD_mid_20mm_80ds_discrete_negative_draw1,45.10708780773706,0.0,throat,440,0.6384837900013026,0.3177162388141885,1.0897435497045183,1.1734260389842086,1.1734260389842086,0.34989354734435035,1,0.006863446183445296,1
102_left_LAD_mid_20mm_80ds_discrete_negative_draw1,50.0,4.892912192262941,grid,447,0.5001318230017053,0.31771623881418803,1.0586890772294826,1.1534647204693063,1.1534647204693063,0.36837500054811223,1,0.006571661986427811,1
102_left_LAD_mid_20mm_80ds_discrete_negative_draw1,55.10708780773707,10.000000000000002,lesion_dist,456,0.4967495400056261,0.31771623881398087,0.8856064778866759,1.1306607846859997,1.1306607846859997,0.3911164734381594,1,0.0067101519262014655,1
102_left_LAD_mid_20mm_80ds_discrete_negative_draw1,60.0,14.892912192262935,grid,465,0.49332963162400456,0.3177162388141733,0.9933302756119631,1.1093485255040776,1.1093485255040776,0.4140941218890556,1,0.006728197460336308,1
102_left_LAD_mid_20mm_80ds_discrete_negative_draw1,65.0,19.89291219226294,grid,473,0.49227728459143133,0.31771623881387995,1.0056104414741374,1.0889870807757984,1.0889870807757984,0.43775882953830536,1,0.006373103695089537,1
102_left_LAD_mid_20mm_80ds_discrete_negative_draw1,70.0,24.892912192262944,grid,483,0.4910955096114487,0.3177162388139124,1.1336331832424902,1.0652712044111223,1.0652712044111223,0.46765171793097404,1,0.008773222484909398,1
102_left_LAD_mid_20mm_80ds_discrete_negative_draw1,75.15857149286241,30.051483685125348,measurement,490,0.4903850141253495,0.3177162388130606,1.139583885216608,1.0444525248219476,1.0444525248219476,0.4961774066159737,1,0.007444243482959171,1
102_left_LAD_mid_20mm_80ds_discrete_negative_draw1,80.0,34.89291219226294,grid,498,0.489438515880906,0.317716238812414,1.0709190104098754,1.0227749746701797,1.0227749746701797,0.5284000106131785,1,0.007499074243952396,1
102_left_LAD_mid_20mm_80ds_discrete_negative_draw1,85.0,39.89291219226295,grid,506,0.4882201662511046,0.3177162388120274,0.8808794311853675,1.0025713206790405,1.0025713206790405,0.5609927719721612,1,0.007705262622390257,1
102_left_LAD_mid_20mm_80ds_discrete_negative_draw1,90.0,44.89291219226293,grid,515,0.48518976155187193,0.3177162388117989,0.8341449467814817,0.9798447648970726,0.9798447648970726,0.6009402138600347,1,0.008865731231813766,1
102_left_LAD_mid_20mm_80ds_discrete_negative_draw1,95.0,49.89291219226294,grid,523,0.4830709613278725,0.3177162388119734,0.8886548380602014,0.9601237322864773,0.9601237322864773,0.6387361305171168,1,0.007593355935523391,1
102_left_LAD_mid_20mm_80ds_discrete_negative_draw1,100.0,54.89291219226294,grid,532,0.48112006657259754,0.31771623881190103,0.9084642479319147,0.9371246817376684,0.9371246817376684,0.6869276028263159,1,0.0075614138964476135,1
102_left_LAD_mid_20mm_80ds_discrete_negative_draw1,105.0,59.89291219226293,grid,541,0.4789222734480049,0.3177162388120646,0.8854343517663047,0.9159921203316638,0.9159921203316638,0.7355765640129578,1,0.007255326395124227,1
102_left_LAD_mid_20mm_80ds_discrete_negative_draw1,110.0,64.89291219226294,grid,551,0.47663746306370414,0.31771623881220745,0.8629322622204071,0.8939980910315718,0.8939980910315718,0.7912128331970341,1,0.007564479185186445,1
102_left_LAD_mid_20mm_80ds_discrete_negative_draw1,115.0,69.89291219226294,grid,560,0.47319635972768537,0.31771623881231253,0.7507130482971387,0.8731990895601683,0.8731990895601683,0.8491086681525788,1,0.008719186446224483,1
102_left_LAD_mid_20mm_80ds_discrete_negative_draw1,120.0,74.89291219226294,grid,568,0.46916530054408373,0.3177162388123431,0.7566026122911647,0.852442418025418,0.852442418025418,0.9126577375239867,1,0.009416765220116436,1
102_left_LAD_mid_20mm_80ds_discrete_negative_draw1,125.0,79.89291219226294,grid,576,0.46612861057597904,0.3177162388122874,0.9452493122743029,0.8298929825316167,0.8298929825316167,0.9890922985215961,1,0.008852272015543932,1
102_left_LAD_mid_20mm_80ds_discrete_negative_draw1,130.0,84.89291219226294,grid,584,0.46458707536842825,0.31771623881289396,0.9701579346415694,0.809940178618792,0.809940178618792,1.064006464485581,1,0.008848322733049616,1
102_left_LAD_mid_20mm_80ds_discrete_negative_draw1,135.0,89.89291219226294,grid,593,0.4624031029933982,0.3177162388126416,0.7233230509094735,0.7877875100603102,0.7877875100603102,1.1563141068400353,1,0.009710630655148303,1
102_left_LAD_mid_20mm_80ds_discrete_negative_draw1,140.0,94.89291219226295,grid,602,0.4525559495163038,0.3177162388127462,0.5619198976373382,0.7671443891984984,0.7671443891984984,1.2521944023608733,1,0.007611778103736553,1
102_left_LAD_mid_20mm_80ds_discrete_negative_draw2,0.0,-45.10708780773706,grid,133,0.998369926362544,1.2792160336218628,2.063555642098582,1.9788913723984103,1.9788913723984103,0.2937255417108183,1,0.04072813356377711,1
102_left_LAD_mid_20mm_80ds_discrete_negative_draw2,5.0,-40.10708780773707,grid,140,0.9979644120315421,1.279216033611293,1.688700858282976,1.7992594327137332,1.7992594327137332,0.39077449821468335,1,0.04137744095808671,1
102_left_LAD_mid_20mm_80ds_discrete_negative_draw2,10.0,-35.10708780773706,grid,148,0.9971555154401001,1.2792160336077063,1.655510957650119,1.620478529363344,1.620478529363344,0.534906327218405,1,0.037391080024098425,1
102_left_LAD_mid_20mm_80ds_discrete_negative_draw2,15.0,-30.107087807737063,grid,389,0.9966204054523715,0.7776468709847553,1.6792826125693294,1.6459222523583688,1.6459222523583688,0.3103259995400927,1,0.012332205000922714,1
102_left_LAD_mid_20mm_80ds_discrete_negative_draw2,20.0,-25.107087807737063,grid,398,0.996062978105831,0.7776468709829372,1.4393705194808097,1.582244495277828,1.582244495277828,0.3493215134258367,1,0.012544426633335682,1
102_left_LAD_mid_20mm_80ds_discrete_negative_draw2,25.0,-20.10708780773706,grid,407,0.9954762324396506,0.7776468709921148,1.6205049058469,1.5197890033041244,1.5197890033041244,0.3941814838202724,2,-0.044766409282566956,1
102_left_LAD_mid_20mm_80ds_discrete_negative_draw2,30.0,-15.107087807737063,grid,415,0.9950979174916272,0.31755194703172845,1.2616639878766875,1.2388157520572685,1.2388157520572685,0.29720650282273725,1,0.005648950413425449,1
102_left_LAD_mid_20mm_80ds_discrete_negative_draw2,35.10708780773706,-10.000000000000002,lesion_prox,424,0.9945783708419348,0.3175519470292724,1.2713646334518576,1.217272113365612,1.217272113365612,0.31326757545592093,1,0.006711019239400694,1
102_left_LAD_mid_20mm_80ds_discrete_negative_draw2,40.0,-5.107087807737061,grid,432,0.9930313282826856,0.31755194702936657,1.1684917762802793,1.1950478542306382,1.1950478542306382,0.33107209351430095,1,0.007484682601073928,1
102_left_LAD_mid_20mm_80ds_discrete_negative_draw2,45.10708780773706,0.0,throat,440,0.6387819302454905,0.3175519470292899,1.0897435497045183,1.1734260389842086,1.1734260389842086,0.3497126166005135,1,0.006863446183445296,1
102_left_LAD_mid_20mm_80ds_discrete_negative_draw2,50.0,4.892912192262941,grid,447,0.5005015053606038,0.31755194702928197,1.0586890772294826,1.1534647204693063,1.1534647204693063,0.3681845130030604,1,0.006571661986427811,1
102_left_LAD_mid_20mm_80ds_discrete_negative_draw2,55.10708780773707,10.000000000000002,lesion_dist,456,0.49712097135070327,0.3175519470290877,0.8856064778866759,1.1306607846859997,1.1306607846859997,0.39091422622611216,1,0.0067101519262014655,1
102_left_LAD_mid_20mm_80ds_discrete_negative_draw2,60.0,14.892912192262935,grid,465,0.49370313010837535,0.3175519470292095,0.9933302756119631,1.1093485255040776,1.1093485255040776,0.41387999288299,1,0.006728197460336308,1
102_left_LAD_mid_20mm_80ds_discrete_negative_draw2,65.0,19.89291219226294,grid,473,0.4926513272468311,0.31755194702891554,1.0056104414741374,1.0889870807757984,1.0889870807757984,0.43753246345844343,1,0.006373103695089537,1
102_left_LAD_mid_20mm_80ds_discrete_negative_draw2,70.0,24.892912192262944,grid,483,0.49147016336536226,0.31755194702838724,1.1336331832424902,1.0652712044111223,1.0652712044111223,0.46740989417015655,1,0.008773222484909398,1
102_left_LAD_mid_20mm_80ds_discrete_negative_draw2,75.15857149286241,30.051483685125348,measurement,490,0.4907600352780841,0.31755194702813755,1.139583885216608,1.0444525248219476,1.0444525248219476,0.49592083215797317,1,0.007444243482959171,1
102_left_LAD_mid_20mm_80ds_discrete_negative_draw2,80.0,34.89291219226294,grid,498,0.4898140264700217,0.3175519470271723,1.0709190104098754,1.0227749746701797,1.0227749746701797,0.5281267737733184,1,0.007499074243952396,1
102_left_LAD_mid_20mm_80ds_discrete_negative_draw2,85.0,39.89291219226295,grid,506,0.488596306851567,0.3175519470271391,0.8808794311853675,1.0025713206790405,1.0025713206790405,0.5607026813423549,1,0.007705262622390257,1
102_left_LAD_mid_20mm_80ds_discrete_negative_draw2,90.0,44.89291219226293,grid,515,0.4855674691814491,0.3175519470271079,0.8341449467814817,0.9798447648970726,0.9798447648970726,0.6006294663181498,1,0.008865731231813766,1
102_left_LAD_mid_20mm_80ds_discrete_negative_draw2,95.0,49.89291219226294,grid,523,0.48344976459383143,0.31755194702711054,0.8886548380602014,0.9601237322864773,0.9601237322864773,0.6384058386210163,1,0.007593355935523391,1
102_left_LAD_mid_20mm_80ds_discrete_negative_draw2,100.0,54.89291219226294,grid,532,0.4814998786506404,0.3175519470273731,0.9084642479319147,0.9371246817376684,0.9371246817376684,0.6865723910117362,1,0.0075614138964476135,1
102_left_LAD_mid_20mm_80ds_discrete_negative_draw2,105.0,59.89291219226293,grid,541,0.47930322200983666,0.3175519470272937,0.8854343517663047,0.9159921203316638,0.9159921203316638,0.7351961957101313,1,0.007255326395124227,1
102_left_LAD_mid_20mm_80ds_discrete_negative_draw2,110.0,64.89291219226294,grid,551,0.47701959310614767,0.31755194702732936,0.8629322622204071,0.8939980910315718,0.8939980910315718,0.7908036952534705,1,0.007564479185186445,1
102_left_LAD_mid_20mm_80ds_discrete_negative_draw2,115.0,69.89291219226294,grid,560,0.473580269172437,0.31755194702769013,0.7507130482971387,0.8731990895601683,0.8731990895601683,0.8486695921426443,1,0.008719186446224483,1
102_left_LAD_mid_20mm_80ds_discrete_negative_draw2,120.0,74.89291219226294,grid,568,0.46955129445864224,0.31755194702787276,0.7566026122911647,0.852442418025418,0.852442418025418,0.9121858001471973,1,0.009416765220116436,1
102_left_LAD_mid_20mm_80ds_discrete_negative_draw2,125.0,79.89291219226294,grid,576,0.46651617476977564,0.3175519470280109,0.9452493122743029,0.8298929825316167,0.8298929825316167,0.9885808366613344,1,0.008852272015543932,1
102_left_LAD_mid_20mm_80ds_discrete_negative_draw2,130.0,84.89291219226294,grid,584,0.4649754366935617,0.31755194702820194,0.9701579346415694,0.809940178618792,0.809940178618792,1.0634562643396037,1,0.008848322733049616,1
102_left_LAD_mid_20mm_80ds_discrete_negative_draw2,135.0,89.89291219226294,grid,593,0.46279259365557807,0.31755194702823886,0.7233230509094735,0.7877875100603102,0.7877875100603102,1.1557161742047606,1,0.009710630655148303,1
102_left_LAD_mid_20mm_80ds_discrete_negative_draw2,140.0,94.89291219226295,grid,602,0.4529505321637788,0.31755194702836514,0.5619198976373382,0.7671443891984984,0.7671443891984984,1.2515468898084001,1,0.007611778103736553,1
280_left_LAD_prox_20mm_80ds_leaky_negative_draw0,0.0,-20.187353120514338,grid,33,0.9969978092216562,0.878673107030239,1.5574375297958263,1.551406788648322,1.551406788648322,0.41871060079498856,1,0.0619426907328915,1
280_left_LAD_prox_20mm_80ds_leaky_negative_draw0,5.0,-15.187353120514334,grid,123,0.9962600274276101,0.5536662045232982,1.2746817274506872,1.2964444640641941,1.2964444640641941,0.45211607317691604,1,0.010145795687685269,1
280_left_LAD_prox_20mm_80ds_leaky_negative_draw0,10.187353120514336,-10.0,lesion_prox,138,0.9952083467456266,0.4948043916003694,1.245868485998741,1.232429207872082,1.232429207872082,0.47033931579002125,1,0.010562683354223359,1
280_left_LAD_prox_20mm_80ds_leaky_negative_draw0,15.0,-5.187353120514337,grid,301,0.9939770981232305,0.26384186441519664,1.1733568888207417,1.2206933767866035,1.2206933767866035,0.25809977566626197,1,0.012086599171324404,1
280_left_LAD_prox_20mm_80ds_leaky_negative_draw0,20.187353120514338,0.0,throat,313,0.7958355537509325,0.21420655505633796,1.2105448227053623,1.1584701752474225,1.1584701752474225,0.24515562876124602,1,0.013143572819158005,1
280_left_LAD_prox_20mm_80ds_leaky_negative_draw0,25.0,4.812646879485665,grid,441,0.7008392603004722,0.12263821329002751,1.0651709023511193,0.9848859171917349,0.9848859171917349,0.22841873205980537,1,0.00679913061292891,1
280_left_LAD_prox_20mm_80ds_leaky_negative_draw0,30.187353120514334,9.999999999999998,lesion_dist,450,0.6998527800243708,0.11508757416725167,0.959844622361352,0.9647314332554764,0.9647314332554764,0.22807245277418792,1,0.0071318927153547615,1
280_left_LAD_prox_20mm_80ds_leaky_negative_draw0,35.0,14.812646879485667,grid,459,0.6987241348841671,0.10786778183677082,0.7775125005772442,0.944613510779705,0.944613510779705,0.22771569959879134,1,0.006587225344413634,1
280_left_LAD_prox_20mm_80ds_leaky_negative_draw0,40.0,19.812646879485666,grid,469,0.6970505271216507,0.10051687700957644,0.6101328706168563,0.9231657264685023,0.9231657264685023,0.22733361287094667,1,0.0074989285568306295,1
280_left_LAD_prox_20mm_80ds_leaky_negative_draw0,45.0,24.812646879485662,grid,480,0.693967409146244,0.0938385477320801,0.6542702927542781,0.9026916563296543,0.9026916563296543,0.22700042881276541,1,0.005236933682840234,1
280_left_LAD_prox_20mm_80ds_leaky_negative_draw0,50.57164524528136,30.384292124767025,measurement,492,0.6919114505458567,0.08650022528055283,0.7335063361396024,0.8789698092716568,0.8789698092716568,0.2266517351765822,1,0.007746166323861945,1
280_left_LAD_prox_20mm_80ds_leaky_negative_draw0,55.0,34.81264687948567,grid,499,0.6907100069091253,0.08132075181780848,0.6843269710392289,0.8613801582797448,0.8613801582797448,0.22640211443792996,1,0.008944537046472623,1
280_left_LAD_prox_20mm_80ds_leaky_negative_draw0,60.0,39.812646879485655,grid,508,0.6898448794603662,0.07534727422934538,0.9050871855438454,0.8401171285012259,0.8401171285012259,0.2261058049546612,1,0.008842658662035253,1
280_left_LAD_prox_20mm_80ds_leaky_negative_draw0,65.0,44.81264687948566,grid,518,0.6891534189087243,0.0694502259165293,0.7442486890607352,0.8179905903220505,0.8179905903220505,0.22578361579312228,1,0.009227147025381497,1
280_left_LAD_prox_20mm_80ds_leaky_negative_draw0,70.0,49.81264687948567,grid,527,0.6883767046188745,0.06418835614556974,0.764402672189459,0.7971567090042601,0.7971567090042601,0.22547002937099614,1,0.007593797455032359,1
280_left_LAD_prox_20mm_80ds_leaky_negative_draw0,75.0,54.812646879485655,grid,536,0.6874021891048969,0.05933089885165061,0.7211220414990789,0.7768794486827071,0.7768794486827071,0.22515609795258848,1,0.00885834252311668,1
280_left_LAD_prox_20mm_80ds_leaky_negative_draw0,80.0,59.81264687948566,grid,546,0.6863112091768911,0.05447190001718751,0.6535313722599999,0.7554433078874645,0.7554433078874645,0.22481773777954658,1,0.008048827933208847,1
280_left_LAD_prox_20mm_80ds_leaky_negative_draw1,0.0,-20.187353120514338,grid,33,0.9969042882269948,0.9052020436553191,1.5574375297958263,1.551406788648322,1.551406788648322,0.43135232944682167,1,0.0619426907328915,1
280_left_LAD_prox_20mm_80ds_leaky_negative_draw1,5.0,-15.187353120514334,grid,123,0.9961453394524312,0.5693061299706716,1.2746817274506872,1.2964444640641941,1.2964444640641941,0.4648874173916751,1,0.010145795687685269,1
280_left_LAD_prox_20mm_80ds_leaky_negative_draw1,10.187353120514336,-10.0,lesion_prox,138,0.9950643162305598,0.5084704123243409,1.245868485998741,1.232429207872082,1.232429207872082,0.4833296346837071,1,0.010562683354223359,1
280_left_LAD_prox_20mm_80ds_leaky_negative_draw1,15.0,-5.187353120514337,grid,301,0.9938030353525369,0.26983904856381774,1.1733568888207417,1.2206933767866035,1.2206933767866035,0.263966440862929,1,0.012086599171324404,1
280_left_LAD_prox_20mm_80ds_leaky_negative_draw1,20.187353120514338,0.0,throat,313,0.7895197536656685,0.21856189539741078,1.2105448227053623,1.1584701752474225,1.1584701752474225,0.25014023905715455,1,0.013143572819158005,1
280_left_LAD_prox_20mm_80ds_leaky_negative_draw1,25.0,4.812646879485665,grid,441,0.6926118200807206,0.125050990178203,1.0651709023511193,0.9848859171917349,0.9848859171917349,0.2329126285603757,1,0.00679913061292891,1
280_left_LAD_prox_20mm_80ds_leaky_negative_draw1,30.187353120514334,9.999999999999998,lesion_dist,450,0.6916059510644669,0.11734583982233222,0.959844622361352,0.9647314332554764,0.9647314332554764,0.2325477246764476,1,0.0071318927153547615,1
280_left_LAD_prox_20mm_80ds_leaky_negative_draw1,35.0,14.812646879485667,grid,459,0.6904551967367334,0.10997860793631194,0.7775125005772442,0.944613510779705,0.944613510779705,0.2321717867992842,1,0.006587225344413634,1
280_left_LAD_prox_20mm_80ds_leaky_negative_draw1,40.0,19.812646879485666,grid,469,0.6887489010122295,0.10247807866725002,0.6101328706168563,0.9231657264685023,0.9231657264685023,0.23176915714641144,1,0.0074989285568306295,1
280_left_LAD_prox_20mm_80ds_leaky_negative_draw1,45.0,24.812646879485662,grid,480,0.6856022239168478,0.09566476470939958,0.6542702927542781,0.9026916563296543,0.9026916563296543,0.2314181446339892,1,0.005236933682840234,1
280_left_LAD_prox_20mm_80ds_leaky_negative_draw1,50.57164524528136,30.384292124767025,measurement,492,0.6835063085485436,0.08817911136435155,0.7335063361396024,0.8789698092716568,0.8789698092716568,0.23105082711909009,1,0.007746166323861945,1
280_left_LAD_prox_20mm_80ds_leaky_negative_draw1,55.0,34.81264687948567,grid,499,0.6822815735070109,0.08289606484378433,0.6843269710392289,0.8613801582797448,0.8613801582797448,0.23078788549894516,1,0.008944537046472623,1
280_left_LAD_prox_20mm_80ds_leaky_negative_draw1,60.0,39.812646879485655,grid,508,0.6813997045569954,0.07680351871105619,0.9050871855438454,0.8401171285012259,0.8401171285012259,0.23047577499160998,1,0.008842658662035253,1
280_left_LAD_prox_20mm_80ds_leaky_negative_draw1,65.0,44.81264687948566,grid,518,0.6806949008774419,0.0707891300968383,0.7442486890607352,0.8179905903220505,0.8179905903220505,0.23013641123822315,1,0.009227147025381497,1
280_left_LAD_prox_20mm_80ds_leaky_negative_draw1,70.0,49.81264687948567,grid,527,0.6799032317919863,0.06542278297714518,0.764402672189459,0.7971567090042601,0.7971567090042601,0.22980611570635043,1,0.007593797455032359,1
280_left_LAD_prox_20mm_80ds_leaky_negative_draw1,75.0,54.812646879485655,grid,536,0.6789100007680724,0.060469095122422926,0.7211220414990789,0.7768794486827071,0.7768794486827071,0.2294754633421481,1,0.00885834252311668,1
280_left_LAD_prox_20mm_80ds_leaky_negative_draw1,80.0,59.81264687948566,grid,546,0.6777981249323383,0.05551408980473403,0.6535313722599999,0.7554433078874645,0.7554433078874645,0.22911908857324434,1,0.008048827933208847,1
280_left_LAD_prox_20mm_80ds_leaky_negative_draw2,0.0,-20.187353120514338,grid,33,0.9965792722257436,0.9970896405160415,1.5574375297958263,1.551406788648322,1.551406788648322,0.475139160498471,1,0.0619426907328915,1
280_left_LAD_prox_20mm_80ds_leaky_negative_draw2,5.0,-15.187353120514334,grid,123,0.9957474377309364,0.6230603152690023,1.2746817274506872,1.2964444640641941,1.2964444640641941,0.5087823327311987,1,0.010145795687685269,1
280_left_LAD_prox_20mm_80ds_leaky_negative_draw2,10.187353120514336,-10.0,lesion_prox,138,0.9945657167238413,0.555310781664479,1.245868485998741,1.232429207872082,1.232429207872082,0.52785403188143,1,0.010562683354223359,1
280_left_LAD_prox_20mm_80ds_leaky_negative_draw2,15.0,-5.187353120514337,grid,301,0.9932031469370504,0.2898596477666406,1.1733568888207417,1.2206933767866035,1.2206933767866035,0.2835513243097088,1,0.012086599171324404,1
280_left_LAD_prox_20mm_80ds_leaky_negative_draw2,20.187353120514338,0.0,throat,313,0.7681843685280395,0.2328386398436444,1.2105448227053623,1.1584701752474225,1.1584701752474225,0.2664797215742022,1,0.013143572819158005,1
280_left_LAD_prox_20mm_80ds_leaky_negative_draw2,25.0,4.812646879485665,grid,441,0.6650202315599634,0.1329193362392049,1.0651709023511193,0.9848859171917349,0.9848859171917349,0.2475677477311959,1,0.00679913061292891,1
280_left_LAD_prox_20mm_80ds_leaky_negative_draw2,30.187353120514334,9.999999999999998,lesion_dist,450,0.6639511436318521,0.12470719735475178,0.959844622361352,0.9647314332554764,0.9647314332554764,0.24713594482371362,1,0.0071318927153547615,1
280_left_LAD_prox_20mm_80ds_leaky_negative_draw2,35.0,14.812646879485667,grid,459,0.6627283385947421,0.11685633335095064,0.7775125005772442,0.944613510779705,0.944613510779705,0.2466910994964973,1,0.006587225344413634,1
280_left_LAD_prox_20mm_80ds_leaky_negative_draw2,40.0,19.812646879485666,grid,469,0.6609155679905846,0.10886525442303015,0.6101328706168563,0.9231657264685023,0.9231657264685023,0.2462146889197959,1,0.0074989285568306295,1
280_left_LAD_prox_20mm_80ds_leaky_negative_draw2,45.0,24.812646879485662,grid,480,0.657561011814583,0.10160987758252342,0.6542702927542781,0.9026916563296543,0.9026916563296543,0.2457996882976071,1,0.005236933682840234,1
280_left_LAD_prox_20mm_80ds_leaky_negative_draw2,50.57164524528136,30.384292124767025,measurement,492,0.6553350488426307,0.09364223639951512,0.7335063361396024,0.8789698092716568,0.8789698092716568,0.2453655501696996,1,0.007746166323861945,1
280_left_LAD_prox_20mm_80ds_leaky_negative_draw2,55.0,34.81264687948567,grid,499,0.6540345375411116,0.08802056681200589,0.6843269710392289,0.8613801582797448,0.8613801582797448,0.2450548229670838,1,0.008944537046472623,1
280_left_LAD_prox_20mm_80ds_leaky_negative_draw2,60.0,39.812646879485655,grid,508,0.6530982175172051,0.08153893276380526,0.9050871855438454,0.8401171285012259,0.8401171285012259,0.24468603829763733,1,0.008842658662035253,1
280_left_LAD_prox_20mm_80ds_leaky_negative_draw2,65.0,44.81264687948566,grid,518,0.6523500355920239,0.07514120912707692,0.7442486890607352,0.8179905903220505,0.8179905903220505,0.2442850785275952,1,0.009227147025381497,1
280_left_LAD_prox_20mm_80ds_leaky_negative_draw2,70.0,49.81264687948567,grid,527,0.6515097663570736,0.06943366386202977,0.764402672189459,0.7971567090042601,0.7971567090042601,0.24389486147306863,1,0.007593797455032359,1
280_left_LAD_prox_20mm_80ds_leaky_negative_draw2,75.0,54.812646879485655,grid,536,0.6504557387322487,0.06416582164352255,0.7211220414990789,0.7768794486827071,0.7768794486827071,0.24350424994067582,1,0.00885834252311668,1
280_left_LAD_prox_20mm_80ds_leaky_negative_draw2,80.0,59.81264687948566,grid,546,0.6492760130517501,0.05889752472051448,0.6535313722599999,0.7554433078874645,0.7554433078874645,0.24308328265221135,1,0.008048827933208847,1
280_left_LAD_prox_20mm_80ds_discrete_negative_draw0,0.0,-20.187353120514338,grid,33,0.9971701509322626,0.6868662567745607,1.5574375297958263,1.551406788648322,1.551406788648322,0.3273096453491249,1,0.0619426907328915,1
280_left_LAD_prox_20mm_80ds_discrete_negative_draw0,5.0,-15.187353120514334,grid,123,0.99656067259847,0.46282060151763776,1.2746817274506872,1.2964444640641941,1.2964444640641941,0.37793282529081557,1,0.010145795687685269,1
280_left_LAD_prox_20mm_80ds_discrete_negative_draw0,10.187353120514336,-10.0,lesion_prox,138,0.9956238475225565,0.46282060151978777,1.245868485998741,1.232429207872082,1.232429207872082,0.4399369301236019,1,0.010562683354223359,1
280_left_LAD_prox_20mm_80ds_discrete_negative_draw0,15.0,-5.187353120514337,grid,301,0.9944638454550078,0.25260068921454326,1.1733568888207417,1.2206933767866035,1.2206933767866035,0.2471032463476696,1,0.012086599171324404,1
280_left_LAD_prox_20mm_80ds_discrete_negative_draw0,20.187353120514338,0.0,throat,313,0.7438399758817805,0.2526006892145948,1.2105448227053623,1.1584701752474225,1.1584701752474225,0.28909703894748195,1,0.013143572819158005,1
280_left_LAD_prox_20mm_80ds_discrete_negative_draw0,25.0,4.812646879485665,grid,441,0.6326849230722031,0.12035957259969378,1.0651709023511193,0.9848859171917349,0.9848859171917349,0.22417466976190628,1,0.00679913061292891,1
280_left_LAD_prox_20mm_80ds_discrete_negative_draw0,30.187353120514334,9.999999999999998,lesion_dist,450,0.6316932183417533,0.1203595725994006,0.959844622361352,0.9647314332554764,0.9647314332554764,0.23852012813916249,1,0.0071318927153547615,1
280_left_LAD_prox_20mm_80ds_discrete_negative_draw0,35.0,14.812646879485667,grid,459,0.630464614966048,0.12035957259922553,0.7775125005772442,0.944613510779705,0.944613510779705,0.2540866587886132,1,0.006587225344413634,1
280_left_LAD_prox_20mm_80ds_discrete_negative_draw0,40.0,19.812646879485666,grid,469,0.6285097227287448,0.12035957259922206,0.6101328706168563,0.9231657264685023,0.9231657264685023,0.2722107699384387,1,0.0074989285568306295,1
280_left_LAD_prox_20mm_80ds_discrete_negative_draw0,45.0,24.812646879485662,grid,480,0.6246452514197715,0.12035957259919294,0.6542702927542781,0.9026916563296543,0.9026916563296543,0.29115619595631964,1,0.005236933682840234,1
280_left_LAD_prox_20mm_80ds_discrete_negative_draw0,50.57164524528136,30.384292124767025,measurement,492,0.6218973729000428,0.12035957259940248,0.7335063361396024,0.8789698092716568,0.8789698092716568,0.3153715020543359,1,0.007746166323861945,1
280_left_LAD_prox_20mm_80ds_discrete_negative_draw0,55.0,34.81264687948567,grid,499,0.6201614768021906,0.12035957259942233,0.6843269710392289,0.8613801582797448,0.8613801582797448,0.3350886596622356,1,0.008944537046472623,1
280_left_LAD_prox_20mm_80ds_discrete_negative_draw0,60.0,39.812646879485655,grid,508,0.6188358762395894,0.12035957259918191,0.9050871855438454,0.8401171285012259,0.8401171285012259,0.36118092293162235,1,0.008842658662035253,1
280_left_LAD_prox_20mm_80ds_discrete_negative_draw0,65.0,44.81264687948566,grid,518,0.6176735709990754,0.12035957259912672,0.7442486890607352,0.8179905903220505,0.8179905903220505,0.3912905845606166,1,0.009227147025381497,1
280_left_LAD_prox_20mm_80ds_discrete_negative_draw0,70.0,49.81264687948567,grid,527,0.6162705178090118,0.12035957259911424,0.764402672189459,0.7971567090042601,0.7971567090042601,0.42277880286354474,1,0.007593797455032359,1
280_left_LAD_prox_20mm_80ds_discrete_negative_draw0,75.0,54.812646879485655,grid,536,0.6143611162519786,0.12035957259893783,0.7211220414990789,0.7768794486827071,0.7768794486827071,0.45675511819528425,1,0.00885834252311668,1
280_left_LAD_prox_20mm_80ds_discrete_negative_draw0,80.0,59.81264687948566,grid,546,0.6120318123804998,0.12035957259878041,0.6535313722599999,0.7554433078874645,0.7554433078874645,0.49675092705106677,1,0.008048827933208847,1
280_left_LAD_prox_20mm_80ds_discrete_negative_draw1,0.0,-20.187353120514338,grid,33,0.9967421804147619,0.7814434925699429,1.5574375297958263,1.551406788648322,1.551406788648322,0.3723781593443426,1,0.0619426907328915,1
280_left_LAD_prox_20mm_80ds_discrete_negative_draw1,5.0,-15.187353120514334,grid,123,0.9960569314808947,0.518563289320492,1.2746817274506872,1.2964444640641941,1.2964444640641941,0.4234515239432863,1,0.010145795687685269,1
280_left_LAD_prox_20mm_80ds_discrete_negative_draw1,10.187353120514336,-10.0,lesion_prox,138,0.9950072740298371,0.5185632893251876,1.245868485998741,1.232429207872082,1.232429207872082,0.4929234801376195,1,0.010562683354223359,1
280_left_LAD_prox_20mm_80ds_discrete_negative_draw1,15.0,-5.187353120514337,grid,301,0.9937386507993577,0.2730860571049622,1.1733568888207417,1.2206933767866035,1.2206933767866035,0.26714278354801935,1,0.012086599171324404,1
280_left_LAD_prox_20mm_80ds_discrete_negative_draw1,20.187353120514338,0.0,throat,313,0.7106194165690878,0.2730860571051647,1.2105448227053623,1.1584701752474225,1.1584701752474225,0.31254218162435876,1,0.013143572819158005,1
280_left_LAD_prox_20mm_80ds_discrete_negative_draw1,25.0,4.812646879485665,grid,441,0.5905767714241744,0.12917978689541024,1.0651709023511193,0.9848859171917349,0.9848859171917349,0.24060268279205985,1,0.00679913061292891,1
280_left_LAD_prox_20mm_80ds_discrete_negative_draw1,30.187353120514334,9.999999999999998,lesion_dist,450,0.5895123923891249,0.12917978689520054,0.959844622361352,0.9647314332554764,0.9647314332554764,0.25599940792234405,1,0.0071318927153547615,1
280_left_LAD_prox_20mm_80ds_discrete_negative_draw1,35.0,14.812646879485667,grid,459,0.5881937542548703,0.12917978689496323,0.7775125005772442,0.944613510779705,0.944613510779705,0.2727066881872385,1,0.006587225344413634,1
280_left_LAD_prox_20mm_80ds_discrete_negative_draw1,40.0,19.812646879485666,grid,469,0.5860956032132549,0.129179786894929,0.6101328706168563,0.9231657264685023,0.9231657264685023,0.2921589740788041,1,0.0074989285568306295,1
280_left_LAD_prox_20mm_80ds_discrete_negative_draw1,45.0,24.812646879485662,grid,480,0.5819278792122635,0.12917978689495402,0.6542702927542781,0.9026916563296543,0.9026916563296543,0.31249276259921716,1,0.005236933682840234,1
280_left_LAD_prox_20mm_80ds_discrete_negative_draw1,50.57164524528136,30.384292124767025,measurement,492,0.5789786301087136,0.12917978689505627,0.7335063361396024,0.8789698092716568,0.8789698092716568,0.33848261960640397,1,0.007746166323861945,1
280_left_LAD_prox_20mm_80ds_discrete_negative_draw1,55.0,34.81264687948567,grid,499,0.5771155237254866,0.1291797868950451,0.6843269710392289,0.8613801582797448,0.8613801582797448,0.3596446939054821,1,0.008944537046472623,1
280_left_LAD_prox_20mm_80ds_discrete_negative_draw1,60.0,39.812646879485655,grid,508,0.5756927802370672,0.12917978689487583,0.9050871855438454,0.8401171285012259,0.8401171285012259,0.3876490556358014,1,0.008842658662035253,1
280_left_LAD_prox_20mm_80ds_discrete_negative_draw1,65.0,44.81264687948566,grid,518,0.5744452987112185,0.1291797868949366,0.7442486890607352,0.8179905903220505,0.8179905903220505,0.41996521951675964,1,0.009227147025381497,1
280_left_LAD_prox_20mm_80ds_discrete_negative_draw1,70.0,49.81264687948567,grid,527,0.5729394266963825,0.12917978689486553,0.764402672189459,0.7971567090042601,0.7971567090042601,0.4537609637372624,1,0.007593797455032359,1
280_left_LAD_prox_20mm_80ds_discrete_negative_draw1,75.0,54.812646879485655,grid,536,0.5708900999921762,0.12917978689464327,0.7211220414990789,0.7768794486827071,0.7768794486827071,0.490227138211233,1,0.00885834252311668,1
280_left_LAD_prox_20mm_80ds_discrete_negative_draw1,80.0,59.81264687948566,grid,546,0.5683900996080514,0.12917978689445817,0.6535313722599999,0.7554433078874645,0.7554433078874645,0.5331539279388532,1,0.008048827933208847,1
280_left_LAD_prox_20mm_80ds_discrete_negative_draw2,0.0,-20.187353120514338,grid,33,0.996991805396676,0.726488413425966,1.5574375297958263,1.551406788648322,1.551406788648322,0.3461906340621801,1,0.0619426907328915,1
280_left_LAD_prox_20mm_80ds_discrete_negative_draw2,5.0,-15.187353120514334,grid,123,0.9963503709755649,0.48638186959111296,1.2746817274506872,1.2964444640641941,1.2964444640641941,0.3971726270222936,1,0.010145795687685269,1
280_left_LAD_prox_20mm_80ds_discrete_negative_draw2,10.187353120514336,-10.0,lesion_prox,138,0.9953658540149828,0.4863818695902745,1.245868485998741,1.232429207872082,1.232429207872082,0.4623332364045054,1,0.010562683354223359,1
280_left_LAD_prox_20mm_80ds_discrete_negative_draw2,15.0,-5.187353120514337,grid,301,0.9941590755481475,0.2615357638515029,1.1733568888207417,1.2206933767866035,1.2206933767866035,0.2558438636279186,1,0.012086599171324404,1
280_left_LAD_prox_20mm_80ds_discrete_negative_draw2,20.187353120514338,0.0,throat,313,0.7295862648325627,0.261535763851811,1.2105448227053623,1.1584701752474225,1.1584701752474225,0.29932307446791356,1,0.013143572819158005,1
280_left_LAD_prox_20mm_80ds_discrete_negative_draw2,25.0,4.812646879485665,grid,441,0.614549970711346,0.12424191847169228,1.0651709023511193,0.9848859171917349,0.9848859171917349,0.23140569912632078,1,0.00679913061292891,1
280_left_LAD_prox_20mm_80ds_discrete_negative_draw2,30.187353120514334,9.999999999999998,lesion_dist,450,0.613526277326539,0.12424191847139626,0.959844622361352,0.9647314332554764,0.9647314332554764,0.24621388788647455,1,0.0071318927153547615,1
280_left_LAD_prox_20mm_80ds_discrete_negative_draw2,35.0,14.812646879485667,grid,459,0.6122580438396505,0.12424191847134289,0.7775125005772442,0.944613510779705,0.944613510779705,0.2622825361052664,1,0.006587225344413634,1
280_left_LAD_prox_20mm_80ds_discrete_negative_draw2,40.0,19.812646879485666,grid,469,0.6102400941517084,0.12424191847148536,0.6101328706168563,0.9231657264685023,0.9231657264685023,0.28099126272545727,1,0.0074989285568306295,1
280_left_LAD_prox_20mm_80ds_discrete_negative_draw2,45.0,24.812646879485662,grid,480,0.6062424791921389,0.12424191847139035,0.6542702927542781,0.9026916563296543,0.9026916563296543,0.3005477967332677,1,0.005236933682840234,1
280_left_LAD_prox_20mm_80ds_discrete_negative_draw2,50.57164524528136,30.384292124767025,measurement,492,0.6034059644750744,0.12424191847131462,0.7335063361396024,0.8789698092716568,0.8789698092716568,0.32554419727646455,1,0.007746166323861945,1
280_left_LAD_prox_20mm_80ds_discrete_negative_draw2,55.0,34.81264687948567,grid,499,0.6016140749160962,0.1242419184712864,0.6843269710392289,0.8613801582797448,0.8613801582797448,0.34589735602474153,1,0.008944537046472623,1
280_left_LAD_prox_20mm_80ds_discrete_negative_draw2,60.0,39.812646879485655,grid,508,0.6002457154788923,0.12424191847111857,0.9050871855438454,0.8401171285012259,0.8401171285012259,0.37283125729958755,1,0.008842658662035253,1
280_left_LAD_prox_20mm_80ds_discrete_negative_draw2,65.0,44.81264687948566,grid,518,0.5990459186549921,0.12424191847105022,0.7442486890607352,0.8179905903220505,0.8179905903220505,0.4039121430531105,1,0.009227147025381497,1
280_left_LAD_prox_20mm_80ds_discrete_negative_draw2,70.0,49.81264687948567,grid,527,0.5975976082606789,0.12424191847098193,0.764402672189459,0.7971567090042601,0.7971567090042601,0.4364160525194356,1,0.007593797455032359,1
280_left_LAD_prox_20mm_80ds_discrete_negative_draw2,75.0,54.812646879485655,grid,536,0.5956266166107883,0.12424191847078142,0.7211220414990789,0.7768794486827071,0.7768794486827071,0.4714883156408902,1,0.00885834252311668,1
280_left_LAD_prox_20mm_80ds_discrete_negative_draw2,80.0,59.81264687948566,grid,546,0.5932221781814639,0.12424191847055778,0.6535313722599999,0.7554433078874645,0.7554433078874645,0.5127742384445623,1,0.008048827933208847,1
306_left_LAD_prox_20mm_80ds_leaky_negative_draw0,0.0,-19.925891063238467,grid,9,0.9992853324636596,0.41818713211554004,1.5606885645481725,1.367733396761126,1.5606899275795372,0.29082383374142584,1,0.0,1
306_left_LAD_prox_20mm_80ds_leaky_negative_draw0,5.0,-14.925891063238467,grid,20,0.998956599132639,0.418187132123124,1.4838843566150703,1.367733396761126,1.4927617452389985,0.2908238337467,1,0.0,1
306_left_LAD_prox_20mm_80ds_leaky_negative_draw0,9.925891063238467,-10.0,lesion_prox,233,0.9983860972738332,0.31401755317942276,1.0258225201996631,1.3584786891011946,1.3584786891011946,0.22287385243160476,1,0.0011032599685118015,1
306_left_LAD_prox_20mm_80ds_leaky_negative_draw0,15.0,-4.925891063238468,grid,244,0.9971433485448394,0.31068755158244715,1.347557882583223,1.3533014208723788,1.3533014208723788,0.22305087107927724,1,0.001023902265532458,1
306_left_LAD_prox_20mm_80ds_leaky_negative_draw0,19.925891063238467,0.0,throat,255,0.8109235511513816,0.3073142611501916,1.3909396355987205,1.3479429058421797,1.3479429058421797,0.22327078881787496,1,0.001078902527902605,1
306_left_LAD_prox_20mm_80ds_leaky_negative_draw0,25.0,5.074108936761534,grid,543,0.7301574073833583,0.19208473948304558,1.075493010458073,1.02433316977431,1.1373425172371077,0.3180041874590594,1,0.0,1
306_left_LAD_prox_20mm_80ds_leaky_negative_draw0,29.925891063238467,9.999999999999998,lesion_dist,555,0.7290703514498085,0.1920847394824787,1.437300992127929,1.02433316977431,1.3872115301552423,0.3180041874581209,1,0.0,1
306_left_LAD_prox_20mm_80ds_leaky_negative_draw0,35.0,15.074108936761535,grid,651,0.7288785567720755,0.08965623353081434,0.9889260744549251,1.0308959182516584,1.0308959182516584,0.14561285408968305,1,0.003128226592783336,1
306_left_LAD_prox_20mm_80ds_leaky_negative_draw0,40.0,20.074108936761533,grid,663,0.728568461529449,0.08600649716158841,0.8981301134214855,1.0169676878181373,1.0169676878181373,0.14550351397699088,1,0.0033771909284660835,1
306_left_LAD_prox_20mm_80ds_leaky_negative_draw0,45.0,25.07410893676153,grid,674,0.7267033777299452,0.08256646226109884,0.6631505011551372,1.0034635929564004,1.0034635929564004,0.14539936177860124,1,0.003662108000193065,1
306_left_LAD_prox_20mm_80ds_leaky_negative_draw0,50.05603912628967,30.1301480630512,measurement,686,0.7255733486760658,0.07894827736048285,0.7703270540394656,0.9888179010943148,0.9888179010943148,0.14529724591658535,1,0.0035481715951733456,1
306_left_LAD_prox_20mm_80ds_leaky_negative_draw0,55.0,35.07410893676153,grid,698,0.7242121498281645,0.07561225727852589,0.7099700557808706,0.97489429808323,0.97489429808323,0.1452055769931073,1,0.0037272382831657486,1
306_left_LAD_prox_20mm_80ds_leaky_negative_draw0,60.0,40.074108936761526,grid,710,0.7222592643527151,0.07228538232511295,0.7878781588081163,0.9605645451949085,0.9605645451949085,0.1451224190199401,1,0.003788086666448031,1
306_left_LAD_prox_20mm_80ds_leaky_negative_draw0,65.0,45.07410893676153,grid,721,0.721521986552909,0.06925111901887442,0.7975717615828224,0.9470846897096364,0.9470846897096364,0.1450521037543496,1,0.003933047042147429,1
306_left_LAD_prox_20mm_80ds_leaky_negative_draw0,70.0,50.07410893676153,grid,732,0.7208556769828193,0.06613070217285089,0.7834673958213709,0.9327938336962717,0.9327938336962717,0.1449805753878675,1,0.004088067485303091,1
306_left_LAD_prox_20mm_80ds_leaky_negative_draw0,75.0,55.074108936761526,grid,742,0.7195417583347814,0.06317970820009071,0.657107870694973,0.9188453282104712,0.9188453282104712,0.1449152417168318,1,0.004464287775603766,1
306_left_LAD_prox_20mm_80ds_leaky_negative_draw0,80.0,60.07410893676153,grid,750,0.7188638996704352,0.06056759928721845,0.823417417897293,0.9061123768738156,0.9061123768738156,0.1448631273038946,1,0.004336742061313788,1
306_left_LAD_prox_20mm_80ds_leaky_negative_draw0,85.0,65.07410893676153,grid,761,0.7182455254018257,0.05762744471744107,0.8438839055525427,0.8913245809272132,0.8913245809272132,0.14480561293634872,1,0.005012671187613376,1
306_left_LAD_prox_20mm_80ds_leaky_negative_draw0,90.0,70.07410893676152,grid,769,0.7178506261381593,0.05515023380388229,0.8526985189678633,0.8784631905577897,0.8784631905577897,0.144757254391696,1,0.005750638956279833,1
306_left_LAD_prox_20mm_80ds_leaky_negative_draw0,95.0,75.07410893676153,grid,780,0.7172368470165003,0.052400265257656856,0.7935557027325351,0.863719167090633,0.863719167090633,0.1447036540461445,1,0.0035525395863905134,1
306_left_LAD_prox_20mm_80ds_leaky_negative_draw0,100.0,80.07410893676153,grid,793,0.7166601186506115,0.049807277658742787,0.7128379904857343,0.8493267580286048,0.8493267580286048,0.14465454018398644,1,0.0043621332300983065,1
306_left_LAD_prox_20mm_80ds_leaky_negative_draw0,105.0,85.07410893676152,grid,802,0.7161488463356659,0.04750885258203096,0.8968552501387879,0.8361362380044528,0.8361362380044528,0.14461291745650776,1,0.006191931216577329,1
306_left_LAD_prox_20mm_80ds_leaky_negative_draw0,110.0,90.07410893676153,grid,811,0.7157436779750523,0.04514195662588726,0.831931172194015,0.8220943321010393,0.8220943321010393,0.14457030644967198,1,0.005199837802976389,1
306_left_LAD_prox_20mm_80ds_leaky_negative_draw0,115.0,95.07410893676153,grid,820,0.7153636385006258,0.04294498840202242,0.8541837566828197,0.8086083988861489,0.8086083988861489,0.14453114069657844,1,0.005976666507889475,1
306_left_LAD_prox_20mm_80ds_leaky_negative_draw0,120.0,100.07410893676152,grid,829,0.7149241877309095,0.04062515484070919,0.8417830235040911,0.7938530763793261,0.7938530763793261,0.14449017509189938,1,0.005941712402934437,1
306_left_LAD_prox_20mm_80ds_leaky_negative_draw0,125.0,105.07410893676153,grid,838,0.714378164577412,0.038604209244342554,0.6971024731367939,0.7805269121331135,0.7805269121331135,0.14445570551940223,1,0.005820371192341837,1
306_left_LAD_prox_20mm_80ds_leaky_negative_draw0,130.0,110.07410893676153,grid,848,0.7138481832077761,0.036511500932159616,0.7399702260369557,0.7662171063199374,0.7662171063199374,0.14442349145421565,1,0.005904893578705413,1
306_left_LAD_prox_20mm_80ds_leaky_negative_draw0,135.0,115.07410893676153,grid,857,0.7134208900381028,0.03449610598384391,0.794905774178195,0.7519009567282283,0.7519009567282283,0.14439489711222117,1,0.005732885337890974,1
306_left_LAD_prox_20mm_80ds_leaky_negative_draw1,0.0,-19.925891063238467,grid,9,0.9991294242394634,0.4958506161668789,1.5606885645481725,1.367733396761126,1.5606899275795372,0.34483408522684483,1,0.0,1
306_left_LAD_prox_20mm_80ds_leaky_negative_draw1,5.0,-14.925891063238467,grid,20,0.9987396403072922,0.4958506161719701,1.4838843566150703,1.367733396761126,1.4927617452389985,0.34483408523038545,1,0.0,1
306_left_LAD_prox_20mm_80ds_leaky_negative_draw1,9.925891063238467,-10.0,lesion_prox,233,0.998077688922201,0.36341955141907695,1.0258225201996631,1.3584786891011946,1.3584786891011946,0.257936904015858,1,0.0011032599685118015,1
306_left_LAD_prox_20mm_80ds_leaky_negative_draw1,15.0,-4.925891063238468,grid,244,0.9966403556303611,0.3591794819367048,1.347557882583223,1.3533014208723788,1.3533014208723788,0.25786451987448017,1,0.001023902265532458,1
306_left_LAD_prox_20mm_80ds_leaky_negative_draw1,19.925891063238467,0.0,throat,255,0.7615337233786065,0.3548935293313741,1.3909396355987205,1.3479429058421797,1.3479429058421797,0.2578382075195996,1,0.001078902527902605,1
306_left_LAD_prox_20mm_80ds_leaky_negative_draw1,25.0,5.074108936761534,grid,543,0.6682783519457942,0.22142848330698534,1.075493010458073,1.02433316977431,1.1373425172371077,0.3665839623899169,1,0.0,1
306_left_LAD_prox_20mm_80ds_leaky_negative_draw1,29.925891063238467,9.999999999999998,lesion_dist,555,0.6670252323732362,0.22142848330645334,1.437300992127929,1.02433316977431,1.3872115301552423,0.36658396238903623,1,0.0,1
306_left_LAD_prox_20mm_80ds_leaky_negative_draw1,35.0,15.074108936761535,grid,651,0.6668044430369553,0.10316460113034476,0.9889260744549251,1.0308959182516584,1.0308959182516584,0.1675521201373046,1,0.003128226592783336,1
306_left_LAD_prox_20mm_80ds_leaky_negative_draw1,40.0,20.074108936761533,grid,663,0.666447664780534,0.09894436146925933,0.8981301134214855,1.0169676878181373,1.0169676878181373,0.1673914501475196,1,0.0033771909284660835,1
306_left_LAD_prox_20mm_80ds_leaky_negative_draw1,45.0,25.07410893676153,grid,674,0.6642802796250868,0.09496801157417122,0.6631505011551372,1.0034635929564004,1.0034635929564004,0.167238463343646,1,0.003662108000193065,1
306_left_LAD_prox_20mm_80ds_leaky_negative_draw1,50.05603912628967,30.1301480630512,measurement,686,0.6629806424885051,0.09078875188631666,0.7703270540394656,0.9888179010943148,0.9888179010943148,0.16708858065456497,1,0.0035481715951733456,1
306_left_LAD_prox_20mm_80ds_leaky_negative_draw1,55.0,35.07410893676153,grid,698,0.6614055026825698,0.08693724938004864,0.7099700557808706,0.97489429808323,0.97489429808323,0.16695406158716564,1,0.0037272382831657486,1
306_left_LAD_prox_20mm_80ds_leaky_negative_draw1,60.0,40.074108936761526,grid,710,0.659140986189363,0.08309899578687967,0.7878781588081163,0.9605645451949085,0.9605645451949085,0.16683217130235944,1,0.003788086666448031,1
306_left_LAD_prox_20mm_80ds_leaky_negative_draw1,65.0,45.07410893676153,grid,721,0.6582934807829268,0.079600251036312,0.7975717615828224,0.9470846897096364,0.9470846897096364,0.16672920287460605,1,0.003933047042147429,1
306_left_LAD_prox_20mm_80ds_leaky_negative_draw1,70.0,50.07410893676153,grid,732,0.6575276527478051,0.07600323200138559,0.7834673958213709,0.9327938336962717,0.9327938336962717,0.16662445649068236,1,0.004088067485303091,1
306_left_LAD_prox_20mm_80ds_leaky_negative_draw1,75.0,55.074108936761526,grid,742,0.6560103827099769,0.07260272112138107,0.657107870694973,0.9188453282104712,0.9188453282104712,0.16652879825408184,1,0.004464287775603766,1
306_left_LAD_prox_20mm_80ds_leaky_negative_draw1,80.0,60.07410893676153,grid,750,0.655231459669473,0.06959418967423037,0.823417417897293,0.9061123768738156,0.9061123768738156,0.16645256006567433,1,0.004336742061313788,1
306_left_LAD_prox_20mm_80ds_leaky_negative_draw1,85.0,65.07410893676153,grid,761,0.6545209672222108,0.06620867215835431,0.8438839055525427,0.8913245809272132,0.8913245809272132,0.16636842741511698,1,0.005012671187613376,1
306_left_LAD_prox_20mm_80ds_leaky_negative_draw1,90.0,70.07410893676152,grid,769,0.6540672871554155,0.06335680102039812,0.8526985189678633,0.8784631905577897,0.8784631905577897,0.1662976914180955,1,0.005750638956279833,1
306_left_LAD_prox_20mm_80ds_leaky_negative_draw1,95.0,75.07410893676153,grid,780,0.6533622174506922,0.06019153430911083,0.7935557027325351,0.863719167090633,0.863719167090633,0.16621929134031424,1,0.0035525395863905134,1
306_left_LAD_prox_20mm_80ds_leaky_negative_draw1,100.0,80.07410893676153,grid,793,0.6526997725064615,0.05720769307352197,0.7128379904857343,0.8493267580286048,0.8493267580286048,0.16614745726991878,1,0.0043621332300983065,1
306_left_LAD_prox_20mm_80ds_leaky_negative_draw1,105.0,85.07410893676152,grid,802,0.6521125567530387,0.05456347274065319,0.8968552501387879,0.8361362380044528,0.8361362380044528,0.16608658283127864,1,0.006191931216577329,1
306_left_LAD_prox_20mm_80ds_leaky_negative_draw1,110.0,90.07410893676153,grid,811,0.6516472467333226,0.05184093716533551,0.831931172194015,0.8220943321010393,0.8220943321010393,0.16602426506991128,1,0.005199837802976389,1
306_left_LAD_prox_20mm_80ds_leaky_negative_draw1,115.0,95.07410893676153,grid,820,0.6512108278618536,0.04931428842201431,0.8541837566828197,0.8086083988861489,0.8086083988861489,0.16596698761567588,1,0.005976666507889475,1
306_left_LAD_prox_20mm_80ds_leaky_negative_draw1,120.0,100.07410893676152,grid,829,0.6507062230588687,0.046646775731649416,0.8417830235040911,0.7938530763793261,0.7938530763793261,0.16590707947738437,1,0.005941712402934437,1
306_left_LAD_prox_20mm_80ds_leaky_negative_draw1,125.0,105.07410893676153,grid,838,0.65007929178659,0.0443233838342669,0.6971024731367939,0.7805269121331135,0.7805269121331135,0.16585667231934348,1,0.005820371192341837,1
306_left_LAD_prox_20mm_80ds_leaky_negative_draw1,130.0,110.07410893676153,grid,848,0.6494708133994851,0.04191808422364981,0.7399702260369557,0.7662171063199374,0.7662171063199374,0.16580956476974107,1,0.005904893578705413,1
306_left_LAD_prox_20mm_80ds_leaky_negative_draw1,135.0,115.07410893676153,grid,857,0.648980260890564,0.03960210524709937,0.794905774178195,0.7519009567282283,0.7519009567282283,0.1657677511560414,1,0.005732885337890974,1
306_left_LAD_prox_20mm_80ds_leaky_negative_draw2,0.0,-19.925891063238467,grid,9,0.999210825292527,0.45593374360891814,1.5606885645481725,1.367733396761126,1.5606899275795372,0.3170743168916807,1,0.0,1
306_left_LAD_prox_20mm_80ds_leaky_negative_draw2,5.0,-14.925891063238467,grid,20,0.998852419672771,0.4559337436141081,1.4838843566150703,1.367733396761126,1.4927617452389985,0.31707431689529,1,0.0,1
306_left_LAD_prox_20mm_80ds_leaky_negative_draw2,9.925891063238467,-10.0,lesion_prox,233,0.9982366726514015,0.33851905676140853,1.0258225201996631,1.3584786891011946,1.3584786891011946,0.24026378633305065,1,0.0011032599685118015,1
306_left_LAD_prox_20mm_80ds_leaky_negative_draw2,15.0,-4.925891063238468,grid,244,0.9968973568183226,0.3347629228982967,1.347557882583223,1.3533014208723788,1.3533014208723788,0.24033522159865178,1,0.001023902265532458,1
306_left_LAD_prox_20mm_80ds_leaky_negative_draw2,19.925891063238467,0.0,throat,255,0.7870525692089387,0.33096202445742023,1.3909396355987205,1.3479429058421797,1.3479429058421797,0.24045142582320725,1,0.001078902527902605,1
306_left_LAD_prox_20mm_80ds_leaky_negative_draw2,25.0,5.074108936761534,grid,543,0.7000781404825073,0.20669272090718863,1.075493010458073,1.02433316977431,1.1373425172371077,0.34218830159380914,1,0.0,1
306_left_LAD_prox_20mm_80ds_leaky_negative_draw2,29.925891063238467,9.999999999999998,lesion_dist,555,0.6989084143018203,0.2066927209098342,1.437300992127929,1.02433316977431,1.3872115301552423,0.342188301598189,1,0.0,1
306_left_LAD_prox_20mm_80ds_leaky_negative_draw2,35.0,15.074108936761535,grid,651,0.6987021671301189,0.09639228889047224,0.9889260744549251,1.0308959182516584,1.0308959182516584,0.15655304427611086,1,0.003128226592783336,1
306_left_LAD_prox_20mm_80ds_leaky_negative_draw2,40.0,20.074108936761533,grid,663,0.6983687906634087,0.0924593309004163,0.8981301134214855,1.0169676878181373,1.0169676878181373,0.15642024719011924,1,0.0033771909284660835,1
306_left_LAD_prox_20mm_80ds_leaky_negative_draw2,45.0,25.07410893676153,grid,674,0.6963536332323722,0.0887529625445615,0.6631505011551372,1.0034635929564004,1.0034635929564004,0.1562937754209599,1,0.003662108000193065,1
306_left_LAD_prox_20mm_80ds_leaky_negative_draw2,50.05603912628967,30.1301480630512,measurement,686,0.695138987793974,0.08485596806964507,0.7703270540394656,0.9888179010943148,0.9888179010943148,0.15616982247514521,1,0.0035481715951733456,1
306_left_LAD_prox_20mm_80ds_leaky_negative_draw2,55.0,35.07410893676153,grid,698,0.6936713594776858,0.08126368439975704,0.7099700557808706,0.97489429808323,0.97489429808323,0.15605856254742065,1,0.0037272382831657486,1
306_left_LAD_prox_20mm_80ds_leaky_negative_draw2,60.0,40.074108936761526,grid,710,0.6915635796158164,0.07768242357874383,0.7878781588081163,0.9605645451949085,0.9605645451949085,0.1559576896802603,1,0.003788086666448031,1
306_left_LAD_prox_20mm_80ds_leaky_negative_draw2,65.0,45.07410893676153,grid,721,0.6907712834885673,0.07441698734263988,0.7975717615828224,0.9470846897096364,0.9470846897096364,0.1558724353056117,1,0.003933047042147429,1
306_left_LAD_prox_20mm_80ds_leaky_negative_draw2,70.0,50.07410893676153,grid,732,0.6900552948117777,0.07105930098900874,0.7834673958213709,0.9327938336962717,0.9327938336962717,0.15578570929306707,1,0.004088067485303091,1
306_left_LAD_prox_20mm_80ds_leaky_negative_draw2,75.0,55.074108936761526,grid,742,0.6886400882544322,0.06788444867675535,0.657107870694973,0.9188453282104712,0.9188453282104712,0.1557065008538887,1,0.004464287775603766,1
306_left_LAD_prox_20mm_80ds_leaky_negative_draw2,80.0,60.07410893676153,grid,750,0.6879117677795015,0.06507483284497492,0.823417417897293,0.9061123768738156,0.9061123768738156,0.15564334571026375,1,0.004336742061313788,1
306_left_LAD_prox_20mm_80ds_leaky_negative_draw2,85.0,65.07410893676153,grid,761,0.6872473938129363,0.061912737026973585,0.8438839055525427,0.8913245809272132,0.8913245809272132,0.1555736485925518,1,0.005012671187613376,1
306_left_LAD_prox_20mm_80ds_leaky_negative_draw2,90.0,70.07410893676152,grid,769,0.6868231391772933,0.059248783725491354,0.8526985189678633,0.8784631905577897,0.8784631905577897,0.15551504801681867,1,0.005750638956279833,1
306_left_LAD_prox_20mm_80ds_leaky_negative_draw2,95.0,75.07410893676153,grid,780,0.6861637648320021,0.05629178031224234,0.7935557027325351,0.863719167090633,0.863719167090633,0.15545009674839433,1,0.0035525395863905134,1
306_left_LAD_prox_20mm_80ds_leaky_negative_draw2,100.0,80.07410893676153,grid,793,0.6855442212965747,0.05350389921136408,0.7128379904857343,0.8493267580286048,0.8493267580286048,0.15539058351067456,1,0.0043621332300983065,1
306_left_LAD_prox_20mm_80ds_leaky_negative_draw2,105.0,85.07410893676152,grid,802,0.6849950127143303,0.05103300837817504,0.8968552501387879,0.8361362380044528,0.8361362380044528,0.15534014877348581,1,0.006191931216577329,1
306_left_LAD_prox_20mm_80ds_leaky_negative_draw2,110.0,90.07410893676153,grid,811,0.6845597990565289,0.04848870896073714,0.831931172194015,0.8220943321010393,0.8220943321010393,0.15528851732985646,1,0.005199837802976389,1
306_left_LAD_prox_20mm_80ds_leaky_negative_draw2,115.0,95.07410893676153,grid,820,0.6841515918331549,0.04612726044763422,0.8541837566828197,0.8086083988861489,0.8086083988861489,0.15524106112905078,1,0.005976666507889475,1
306_left_LAD_prox_20mm_80ds_leaky_negative_draw2,120.0,100.07410893676152,grid,829,0.6836795870013584,0.04363394018298964,0.8417830235040911,0.7938530763793261,0.7938530763793261,0.15519142466558478,1,0.005941712402934437,1
306_left_LAD_prox_20mm_80ds_leaky_negative_draw2,125.0,105.07410893676153,grid,838,0.6830931354196871,0.04146205166482293,0.6971024731367939,0.7805269121331135,0.7805269121331135,0.1551496596553562,1,0.005820371192341837,1
306_left_LAD_prox_20mm_80ds_leaky_negative_draw2,130.0,110.07410893676153,grid,848,0.6825239283060045,0.03921330097995892,0.7399702260369557,0.7662171063199374,0.7662171063199374,0.15511062800440464,1,0.005904893578705413,1
306_left_LAD_prox_20mm_80ds_leaky_negative_draw2,135.0,115.07410893676153,grid,857,0.6820650220690094,0.03704782947071938,0.794905774178195,0.7519009567282283,0.7519009567282283,0.15507598240685666,1,0.005732885337890974,1
306_left_LAD_prox_20mm_80ds_discrete_negative_draw0,0.0,-19.925891063238467,grid,9,0.9992157030207526,0.473619876062794,1.5606885645481725,1.367733396761126,1.5606899275795372,0.32937395131198066,1,0.0,1
306_left_LAD_prox_20mm_80ds_discrete_negative_draw0,5.0,-14.925891063238467,grid,20,0.998843394483409,0.47361987606772055,1.4838843566150703,1.367733396761126,1.4927617452389985,0.3293739513154068,1,0.0,1
306_left_LAD_prox_20mm_80ds_discrete_negative_draw0,9.925891063238467,-10.0,lesion_prox,233,0.9982356795192263,0.3331635116523983,1.0258225201996631,1.3584786891011946,1.3584786891011946,0.23646268999868636,1,0.0011032599685118015,1
306_left_LAD_prox_20mm_80ds_discrete_negative_draw0,15.0,-4.925891063238468,grid,244,0.9969086744045792,0.33316351165180697,1.347557882583223,1.3533014208723788,1.3533014208723788,0.23918696165091183,1,0.001023902265532458,1
306_left_LAD_prox_20mm_80ds_discrete_negative_draw0,19.925891063238467,0.0,throat,255,0.7849438073232679,0.3331635116515373,1.3909396355987205,1.3479429058421797,1.3479429058421797,0.2420508562582392,1,0.001078902527902605,1
306_left_LAD_prox_20mm_80ds_discrete_negative_draw0,25.0,5.074108936761534,grid,543,0.696432761736556,0.23611409826321827,1.075493010458073,1.02433316977431,1.1373425172371077,0.3908966020304318,1,0.0,1
306_left_LAD_prox_20mm_80ds_discrete_negative_draw0,29.925891063238467,9.999999999999998,lesion_dist,555,0.6950965325691447,0.2361140982631042,1.437300992127929,1.02433316977431,1.3872115301552423,0.390896602030243,1,0.0,1
306_left_LAD_prox_20mm_80ds_discrete_negative_draw0,35.0,15.074108936761535,grid,651,0.6948170447133714,0.137766877481155,0.9889260744549251,1.0308959182516584,1.0308959182516584,0.22375051280912822,1,0.003128226592783336,1
306_left_LAD_prox_20mm_80ds_discrete_negative_draw0,40.0,20.074108936761533,grid,663,0.694330085864978,0.13776687748100655,0.8981301134214855,1.0169676878181373,1.0169676878181373,0.2330703545042947,1,0.0033771909284660835,1
306_left_LAD_prox_20mm_80ds_discrete_negative_draw0,45.0,25.07410893676153,grid,674,0.6911306637709752,0.13776687748126554,0.6631505011551372,1.0034635929564004,1.0034635929564004,0.2426071738021463,1,0.003662108000193065,1
306_left_LAD_prox_20mm_80ds_discrete_negative_draw0,50.05603912628967,30.1301480630512,measurement,686,0.6892036705098614,0.1377668774814849,0.7703270540394656,0.9888179010943148,0.9888179010943148,0.25354762061732933,1,0.0035481715951733456,1
306_left_LAD_prox_20mm_80ds_discrete_negative_draw0,55.0,35.07410893676153,grid,698,0.6866916094847324,0.13776687748183247,0.7099700557808706,0.97489429808323,0.97489429808323,0.26456714367882717,1,0.0037272382831657486,1
306_left_LAD_prox_20mm_80ds_discrete_negative_draw0,60.0,40.074108936761526,grid,710,0.682869451932796,0.1377668774816973,0.7878781588081163,0.9605645451949085,0.9605645451949085,0.2765851390402311,1,0.003788086666448031,1
306_left_LAD_prox_20mm_80ds_discrete_negative_draw0,65.0,45.07410893676153,grid,721,0.6814284974478976,0.13776687748200356,0.7975717615828224,0.9470846897096364,0.9470846897096364,0.2885639349883411,1,0.003933047042147429,1
306_left_LAD_prox_20mm_80ds_discrete_negative_draw0,70.0,50.07410893676153,grid,732,0.6800688727840468,0.13776687748229471,0.7834673958213709,0.9327938336962717,0.9327938336962717,0.30203098576764853,1,0.004088067485303091,1
306_left_LAD_prox_20mm_80ds_discrete_negative_draw0,75.0,55.074108936761526,grid,742,0.6771466233449457,0.13776687748218164,0.657107870694973,0.9188453282104712,0.9188453282104712,0.31599576699018117,1,0.004464287775603766,1
306_left_LAD_prox_20mm_80ds_discrete_negative_draw0,80.0,60.07410893676153,grid,750,0.6756394313995733,0.13776687748215327,0.823417417897293,0.9061123768738156,0.9061123768738156,0.3295052296247907,1,0.004336742061313788,1
306_left_LAD_prox_20mm_80ds_discrete_negative_draw0,85.0,65.07410893676153,grid,761,0.674196192705192,0.1377668774820322,0.8438839055525427,0.8913245809272132,0.8913245809272132,0.3461791032715146,1,0.005012671187613376,1
306_left_LAD_prox_20mm_80ds_discrete_negative_draw0,90.0,70.07410893676152,grid,769,0.6732286987975665,0.1377668774819843,0.8526985189678633,0.8784631905577897,0.8784631905577897,0.36160780390028646,1,0.005750638956279833,1
306_left_LAD_prox_20mm_80ds_discrete_negative_draw0,95.0,75.07410893676153,grid,780,0.6716488814910737,0.13776687748215058,0.7935557027325351,0.863719167090633,0.863719167090633,0.38044407752843745,1,0.0035525395863905134,1
306_left_LAD_prox_20mm_80ds_discrete_negative_draw0,100.0,80.07410893676153,grid,793,0.670087358297548,0.13776687748073327,0.7128379904857343,0.8493267580286048,0.8493267580286048,0.4001143056061197,1,0.0043621332300983065,1
306_left_LAD_prox_20mm_80ds_discrete_negative_draw0,105.0,85.07410893676152,grid,802,0.6686414926255216,0.1377668774807657,0.8968552501387879,0.8361362380044528,0.8361362380044528,0.41935068936819814,1,0.006191931216577329,1
306_left_LAD_prox_20mm_80ds_discrete_negative_draw0,110.0,90.07410893676153,grid,811,0.6674309226443349,0.13776687748085814,0.831931172194015,0.8220943321010393,0.8220943321010393,0.4412081616462411,1,0.005199837802976389,1
306_left_LAD_prox_20mm_80ds_discrete_negative_draw0,115.0,95.07410893676153,grid,820,0.6662390914887952,0.1377668774808367,0.8541837566828197,0.8086083988861489,0.8086083988861489,0.46365372755749523,1,0.005976666507889475,1
306_left_LAD_prox_20mm_80ds_discrete_negative_draw0,120.0,100.07410893676152,grid,829,0.664784563675015,0.13776687748114672,0.8417830235040911,0.7938530763793261,0.7938530763793261,0.48999100008765994,1,0.005941712402934437,1
306_left_LAD_prox_20mm_80ds_discrete_negative_draw0,125.0,105.07410893676153,grid,838,0.6628736741859769,0.13776687748124386,0.6971024731367939,0.7805269121331135,0.7805269121331135,0.5155192108144179,1,0.005820371192341837,1
306_left_LAD_prox_20mm_80ds_discrete_negative_draw0,130.0,110.07410893676153,grid,848,0.6609280956202179,0.13776687748143437,0.7399702260369557,0.7662171063199374,0.7662171063199374,0.5449453718592182,1,0.005904893578705413,1
306_left_LAD_prox_20mm_80ds_discrete_negative_draw0,135.0,115.07410893676153,grid,857,0.6592684879285343,0.13776687748163735,0.794905774178195,0.7519009567282283,0.7519009567282283,0.5766689755866857,1,0.005732885337890974,1
306_left_LAD_prox_20mm_80ds_discrete_negative_draw1,0.0,-19.925891063238467,grid,9,0.9992770555271858,0.44101756924642466,1.5606885645481725,1.367733396761126,1.5606899275795372,0.3067010206333506,1,0.0,1
306_left_LAD_prox_20mm_80ds_discrete_negative_draw1,5.0,-14.925891063238467,grid,20,0.9989303753846316,0.4410175692543964,1.4838843566150703,1.367733396761126,1.4927617452389985,0.30670102063889443,1,0.0,1
306_left_LAD_prox_20mm_80ds_discrete_negative_draw1,9.925891063238467,-10.0,lesion_prox,233,0.9983586349741248,0.31380210636239814,1.0258225201996631,1.3584786891011946,1.3584786891011946,0.22272093912590504,1,0.0011032599685118015,1
306_left_LAD_prox_20mm_80ds_discrete_negative_draw1,15.0,-4.925891063238468,grid,244,0.9971087471996086,0.31380210636148287,1.347557882583223,1.3533014208723788,1.3533014208723788,0.2252868929377317,1,0.001023902265532458,1
306_left_LAD_prox_20mm_80ds_discrete_negative_draw1,19.925891063238467,0.0,throat,255,0.804673120157408,0.31380210636130407,1.3909396355987205,1.3479429058421797,1.3479429058421797,0.22798435568129302,1,0.001078902527902605,1
306_left_LAD_prox_20mm_80ds_discrete_negative_draw1,25.0,5.074108936761534,grid,543,0.7212986187376558,0.22264789290033402,1.075493010458073,1.02433316977431,1.1373425172371077,0.368602745131098,1,0.0,1
306_left_LAD_prox_20mm_80ds_discrete_negative_draw1,29.925891063238467,9.999999999999998,lesion_dist,555,0.720038598218997,0.2226478929034798,1.437300992127929,1.02433316977431,1.3872115301552423,0.368602745136306,1,0.0,1
306_left_LAD_prox_20mm_80ds_discrete_negative_draw1,35.0,15.074108936761535,grid,651,0.7197745999435528,0.13018281386511577,0.9889260744549251,1.0308959182516584,1.0308959182516584,0.21143305193397735,1,0.003128226592783336,1
306_left_LAD_prox_20mm_80ds_discrete_negative_draw1,40.0,20.074108936761533,grid,663,0.7193144481691975,0.13018281386464103,0.8981301134214855,1.0169676878181373,1.0169676878181373,0.2202398365454832,1,0.0033771909284660835,1
306_left_LAD_prox_20mm_80ds_discrete_negative_draw1,45.0,25.07410893676153,grid,674,0.7163090494086408,0.1301828138644491,0.6631505011551372,1.0034635929564004,1.0034635929564004,0.22925165414712817,1,0.003662108000193065,1
306_left_LAD_prox_20mm_80ds_discrete_negative_draw1,50.05603912628967,30.1301480630512,measurement,686,0.7144881370847511,0.1301828138645701,0.7703270540394656,0.9888179010943148,0.9888179010943148,0.23958982960230368,1,0.0035481715951733456,1
306_left_LAD_prox_20mm_80ds_discrete_negative_draw1,55.0,35.07410893676153,grid,698,0.712123888693894,0.1301828138648182,0.7099700557808706,0.97489429808323,0.97489429808323,0.2500027281581475,1,0.0037272382831657486,1
306_left_LAD_prox_20mm_80ds_discrete_negative_draw1,60.0,40.074108936761526,grid,710,0.7085323917034435,0.13018281386480388,0.7878781588081163,0.9605645451949085,0.9605645451949085,0.26135913313582126,1,0.003788086666448031,1
306_left_LAD_prox_20mm_80ds_discrete_negative_draw1,65.0,45.07410893676153,grid,721,0.7071707617316826,0.1301828138649448,0.7975717615828224,0.9470846897096364,0.9470846897096364,0.2726784966265239,1,0.003933047042147429,1
306_left_LAD_prox_20mm_80ds_discrete_negative_draw1,70.0,50.07410893676153,grid,732,0.7058859843760827,0.1301828138655359,0.7834673958213709,0.9327938336962717,0.9327938336962717,0.2854041865532394,1,0.004088067485303091,1
306_left_LAD_prox_20mm_80ds_discrete_negative_draw1,75.0,55.074108936761526,grid,742,0.7031349507555905,0.13018281386534944,0.657107870694973,0.9188453282104712,0.9188453282104712,0.29860020687223354,1,0.004464287775603766,1
306_left_LAD_prox_20mm_80ds_discrete_negative_draw1,80.0,60.07410893676153,grid,750,0.7017107296941165,0.13018281386507155,0.823417417897293,0.9061123768738156,0.9061123768738156,0.3113659738812665,1,0.004336742061313788,1
306_left_LAD_prox_20mm_80ds_discrete_negative_draw1,85.0,65.07410893676153,grid,761,0.7003469412585567,0.13018281386476954,0.8438839055525427,0.8913245809272132,0.8913245809272132,0.327121951144941,1,0.005012671187613376,1
306_left_LAD_prox_20mm_80ds_discrete_negative_draw1,90.0,70.07410893676152,grid,769,0.6994327078695601,0.13018281386491817,0.8526985189678633,0.8784631905577897,0.8784631905577897,0.34170130213925204,1,0.005750638956279833,1
306_left_LAD_prox_20mm_80ds_discrete_negative_draw1,95.0,75.07410893676153,grid,780,0.6979398594715192,0.1301828138653026,0.7935557027325351,0.863719167090633,0.863719167090633,0.3595006393133806,1,0.0035525395863905134,1
306_left_LAD_prox_20mm_80ds_discrete_negative_draw1,100.0,80.07410893676153,grid,793,0.6964642980959196,0.1301828138644122,0.7128379904857343,0.8493267580286048,0.8493267580286048,0.3780880217633918,1,0.0043621332300983065,1
306_left_LAD_prox_20mm_80ds_discrete_negative_draw1,105.0,85.07410893676152,grid,802,0.6950980272977699,0.13018281386422356,0.8968552501387879,0.8361362380044528,0.8361362380044528,0.3962654430160535,1,0.006191931216577329,1
306_left_LAD_prox_20mm_80ds_discrete_negative_draw1,110.0,90.07410893676153,grid,811,0.6939540991677863,0.1301828138640869,0.831931172194015,0.8220943321010393,0.8220943321010393,0.41691966191865815,1,0.005199837802976389,1
306_left_LAD_prox_20mm_80ds_discrete_negative_draw1,115.0,95.07410893676153,grid,820,0.6928278782915058,0.13018281386392547,0.8541837566828197,0.8086083988861489,0.8086083988861489,0.43812959991292977,1,0.005976666507889475,1
306_left_LAD_prox_20mm_80ds_discrete_negative_draw1,120.0,100.07410893676152,grid,829,0.6914534222023229,0.13018281386415845,0.8417830235040911,0.7938530763793261,0.7938530763793261,0.46301700616139807,1,0.005941712402934437,1
306_left_LAD_prox_20mm_80ds_discrete_negative_draw1,125.0,105.07410893676153,grid,838,0.6896477271382084,0.13018281386412678,0.6971024731367939,0.7805269121331135,0.7805269121331135,0.4871398894409272,1,0.005820371192341837,1
306_left_LAD_prox_20mm_80ds_discrete_negative_draw1,130.0,110.07410893676153,grid,848,0.6878092526302942,0.13018281386428585,0.7399702260369557,0.7662171063199374,0.7662171063199374,0.514946140958395,1,0.005904893578705413,1
306_left_LAD_prox_20mm_80ds_discrete_negative_draw1,135.0,115.07410893676153,grid,857,0.6862410063060413,0.13018281386438657,0.794905774178195,0.7519009567282283,0.7519009567282283,0.5449233609883785,1,0.005732885337890974,1
306_left_LAD_prox_20mm_80ds_discrete_negative_draw2,0.0,-19.925891063238467,grid,9,0.9992679385730198,0.44591273692037564,1.5606885645481725,1.367733396761126,1.5606899275795372,0.31010531340186215,1,0.0,1
306_left_LAD_prox_20mm_80ds_discrete_negative_draw2,5.0,-14.925891063238467,grid,20,0.9989174103809915,0.44591273692135247,1.4838843566150703,1.367733396761126,1.4927617452389985,0.3101053134025415,1,0.0,1
306_left_LAD_prox_20mm_80ds_discrete_negative_draw2,9.925891063238467,-10.0,lesion_prox,233,0.998340193191461,0.3167550829067157,1.0258225201996631,1.3584786891011946,1.3584786891011946,0.2248168132320133,1,0.0011032599685118015,1
306_left_LAD_prox_20mm_80ds_discrete_negative_draw2,15.0,-4.925891063238468,grid,244,0.9970785435797648,0.3167550829056113,1.347557882583223,1.3533014208723788,1.3533014208723788,0.22740691347633935,1,0.001023902265532458,1
306_left_LAD_prox_20mm_80ds_discrete_negative_draw2,19.925891063238467,0.0,throat,255,0.8017218514606116,0.31675508290568216,1.3909396355987205,1.3479429058421797,1.3479429058421797,0.2301297601931317,1,0.001078902527902605,1
306_left_LAD_prox_20mm_80ds_discrete_negative_draw2,25.0,5.074108936761534,grid,543,0.7175638326835175,0.2247052395778833,1.075493010458073,1.02433316977431,1.1373425172371077,0.3720087671830133,1,0.0,1
306_left_LAD_prox_20mm_80ds_discrete_negative_draw2,29.925891063238467,9.999999999999998,lesion_dist,555,0.7162921691216949,0.22470523957538294,1.437300992127929,1.02433316977431,1.3872115301552423,0.3720087671788738,1,0.0,1
306_left_LAD_prox_20mm_80ds_discrete_negative_draw2,35.0,15.074108936761535,grid,651,0.7160257981096835,0.13134529357765032,0.9889260744549251,1.0308959182516584,1.0308959182516584,0.2133210633091745,1,0.003128226592783336,1
306_left_LAD_prox_20mm_80ds_discrete_negative_draw2,40.0,20.074108936761533,grid,663,0.715561537366671,0.13134529357543515,0.8981301134214855,1.0169676878181373,1.0169676878181373,0.22220648893140366,1,0.0033771909284660835,1
306_left_LAD_prox_20mm_80ds_discrete_negative_draw2,45.0,25.07410893676153,grid,674,0.7125265341552596,0.13134529357554253,0.6631505011551372,1.0034635929564004,1.0034635929564004,0.23129877840853896,1,0.003662108000193065,1
306_left_LAD_prox_20mm_80ds_discrete_negative_draw2,50.05603912628967,30.1301480630512,measurement,686,0.7106893618230831,0.13134529357567343,0.7703270540394656,0.9888179010943148,0.9888179010943148,0.24172926957622473,1,0.0035481715951733456,1
306_left_LAD_prox_20mm_80ds_discrete_negative_draw2,55.0,35.07410893676153,grid,698,0.7083025288277136,0.1313452935758717,0.7099700557808706,0.97489429808323,0.97489429808323,0.2522351510914362,1,0.0037272382831657486,1
306_left_LAD_prox_20mm_80ds_discrete_negative_draw2,60.0,40.074108936761526,grid,710,0.7046758294697589,0.13134529357578145,0.7878781588081163,0.9605645451949085,0.9605645451949085,0.26369296415797605,1,0.003788086666448031,1
306_left_LAD_prox_20mm_80ds_discrete_negative_draw2,65.0,45.07410893676153,grid,721,0.7033020406947798,0.13134529357597,0.7975717615828224,0.9470846897096364,0.9470846897096364,0.275113404972337,1,0.003933047042147429,1
306_left_LAD_prox_20mm_80ds_discrete_negative_draw2,70.0,50.07410893676153,grid,732,0.7020057907986459,0.13134529357645436,0.7834673958213709,0.9327938336962717,0.9327938336962717,0.2879527301468816,1,0.004088067485303091,1
306_left_LAD_prox_20mm_80ds_discrete_negative_draw2,75.0,55.074108936761526,grid,742,0.6992285915681722,0.1313452935761512,0.657107870694973,0.9188453282104712,0.9188453282104712,0.30126658557325947,1,0.004464287775603766,1
306_left_LAD_prox_20mm_80ds_discrete_negative_draw2,80.0,60.07410893676153,grid,750,0.697791652790445,0.131345293576023,0.823417417897293,0.9061123768738156,0.9061123768738156,0.3141463457027941,1,0.004336742061313788,1
306_left_LAD_prox_20mm_80ds_discrete_negative_draw2,85.0,65.07410893676153,grid,761,0.6964156862774622,0.13134529357571578,0.8438839055525427,0.8913245809272132,0.8913245809272132,0.33004301745102166,1,0.005012671187613376,1
306_left_LAD_prox_20mm_80ds_discrete_negative_draw2,90.0,70.07410893676152,grid,769,0.6954932891552184,0.13134529357582392,0.8526985189678633,0.8784631905577897,0.8784631905577897,0.3447525561345691,1,0.005750638956279833,1
306_left_LAD_prox_20mm_80ds_discrete_negative_draw2,95.0,75.07410893676153,grid,780,0.6939871102266525,0.13134529357618957,0.7935557027325351,0.863719167090633,0.863719167090633,0.3627108341681724,1,0.0035525395863905134,1
306_left_LAD_prox_20mm_80ds_discrete_negative_draw2,100.0,80.07410893676153,grid,793,0.6924983726866263,0.13134529357501565,0.7128379904857343,0.8493267580286048,0.8493267580286048,0.381464194401509,1,0.0043621332300983065,1
306_left_LAD_prox_20mm_80ds_discrete_negative_draw2,105.0,85.07410893676152,grid,802,0.6911199016445668,0.13134529357476873,0.8968552501387879,0.8361362380044528,0.8361362380044528,0.3998039326509203,1,0.006191931216577329,1
306_left_LAD_prox_20mm_80ds_discrete_negative_draw2,110.0,90.07410893676153,grid,811,0.6899657587004911,0.13134529357478153,0.831931172194015,0.8220943321010393,0.8220943321010393,0.4206425853490589,1,0.005199837802976389,1
306_left_LAD_prox_20mm_80ds_discrete_negative_draw2,115.0,95.07410893676153,grid,820,0.6888294811287102,0.13134529357445562,0.8541837566828197,0.8086083988861489,0.8086083988861489,0.4420419194838821,1,0.005976666507889475,1
306_left_LAD_prox_20mm_80ds_discrete_negative_draw2,120.0,100.07410893676152,grid,829,0.6874427517042873,0.13134529357504685,0.8417830235040911,0.7938530763793261,0.7938530763793261,0.4671515601741924,1,0.005941712402934437,1
306_left_LAD_prox_20mm_80ds_discrete_negative_draw2,125.0,105.07410893676153,grid,838,0.6856209325158446,0.13134529357507382,0.6971024731367939,0.7805269121331135,0.7805269121331135,0.4914898510146501,1,0.005820371192341837,1
306_left_LAD_prox_20mm_80ds_discrete_negative_draw2,130.0,110.07410893676153,grid,848,0.6837660411764686,0.13134529357521205,0.7399702260369557,0.7662171063199374,0.7662171063199374,0.5195444010767231,1,0.005904893578705413,1
306_left_LAD_prox_20mm_80ds_discrete_negative_draw2,135.0,115.07410893676153,grid,857,0.6821837910487984,0.13134529357526856,0.794905774178195,0.7519009567282283,0.7519009567282283,0.5497893055192327,1,0.005732885337890974,1
335_left_LAD_prox_10mm_70ds_leaky_negative_draw0,0.0,-20.02092138893202,grid,12,0.9987327017056004,3.355890175377829,1.98775352492731,1.9411608622143444,1.9411608622143444,0.8163696388488506,1,0.025993060842501144,1
335_left_LAD_prox_10mm_70ds_leaky_negative_draw0,5.0,-15.020921388932019,grid,24,0.9976561016132068,2.4525626203464688,1.8050147210462242,1.7444247349015594,1.7444247349015594,0.8221046052890302,1,0.025120835780234413,1
335_left_LAD_prox_10mm_70ds_leaky_negative_draw0,10.0,-10.020921388932019,grid,37,0.9957471909597907,1.7419091340600825,1.0366199196935755,1.5505978723751952,1.5505978723751952,0.8313647946619379,1,0.02665974623113244,1
335_left_LAD_prox_10mm_70ds_leaky_negative_draw0,15.020921388932019,-5.000000000000001,lesion_prox,50,0.9828680244468607,1.1661052525775355,1.2351620493672113,1.3451462010717128,1.3451462010717128,0.8524972126365504,1,0.03609213836125059,1
335_left_LAD_prox_10mm_70ds_leaky_negative_draw0,20.02092138893202,0.0,throat,61,0.7038004219596066,0.7750682406436048,1.2287155835808279,1.156356653050565,1.156356653050565,0.8919247506899735,1,0.04442778473618062,1
335_left_LAD_prox_10mm_70ds_leaky_negative_draw0,25.02092138893202,5.000000000000001,lesion_dist,308,0.6579861721160044,0.42926050137409183,0.9741692143410146,1.1547783144271107,1.1547783144271107,0.4960080830505889,1,0.005147825263881511,1
335_left_LAD_prox_10mm_70ds_leaky_negative_draw0,30.0,9.97907861106798,grid,321,0.6560206649196775,0.39989803392219087,1.0811726205837413,1.1286440069332817,1.1286440069332817,0.494927988215546,1,0.004736911910591433,1
335_left_LAD_prox_10mm_70ds_leaky_negative_draw0,35.0,14.979078611067985,grid,334,0.6549289129866437,0.373833282441067,1.074008578813295,1.1043234853468262,1.1043234853468262,0.49391557766569283,1,0.004815407835674546,1
335_left_LAD_prox_10mm_70ds_leaky_negative_draw0,40.0,19.979078611067983,grid,349,0.6537369634296911,0.34591786346771364,1.103851255844371,1.0769729758413564,1.0769729758413564,0.4927450349479576,1,0.005086897042974384,1
335_left_LAD_prox_10mm_70ds_leaky_negative_draw0,45.24575145722954,25.22483006829752,measurement,363,0.6527903707774354,0.32049190404538913,1.213700215589845,1.050743655162527,1.050743655162527,0.4915757143616279,1,0.005382332622710118,1
335_left_LAD_prox_10mm_70ds_leaky_negative_draw0,50.0,29.979078611067983,grid,376,0.6520426558120875,0.2975418561346464,1.126622228999845,1.0258554668557596,1.0258554668557596,0.4904031157673085,1,0.0061414556205575625,1
335_left_LAD_prox_10mm_70ds_leaky_negative_draw0,55.0,34.97907861106798,grid,388,0.6511906307316065,0.27532607669467163,0.9887904784510063,1.0005218891763705,1.0005218891763705,0.489137824103216,1,0.006249274698111521,1
335_left_LAD_prox_10mm_70ds_leaky_negative_draw0,60.0,39.979078611067976,grid,400,0.6498990369770237,0.2542733367415265,0.9928268919980748,0.9752217126421162,0.9752217126421162,0.4878141802485963,1,0.00764836016967533,1
335_left_LAD_prox_10mm_70ds_leaky_negative_draw0,65.0,44.979078611067976,grid,411,0.6486664632047705,0.23362953343556403,0.8997708051691484,0.9490139296786071,0.9490139296786071,0.48637771142824915,1,0.0071848838255211085,1
335_left_LAD_prox_10mm_70ds_leaky_negative_draw0,70.0,49.97907861106798,grid,422,0.6469206239680433,0.21346139209487472,0.8882405731290302,0.9218598821354421,0.9218598821354421,0.48482864925614194,1,0.00844713998417531,1
335_left_LAD_prox_10mm_70ds_leaky_negative_draw0,75.0,54.979078611067976,grid,432,0.6451382780184465,0.1956709868765962,0.7966889007925059,0.8964288532810311,0.8964288532810311,0.4833287617741316,1,0.009223259857904882,1
335_left_LAD_prox_10mm_70ds_leaky_negative_draw0,80.0,59.979078611067976,grid,441,0.6427256217722642,0.17968020381018598,0.7400078820069514,0.8721838205075806,0.8721838205075806,0.4818810388566486,1,0.010618948560166586,1
335_left_LAD_prox_10mm_70ds_leaky_negative_draw0,85.0,64.97907861106799,grid,450,0.6392269359867984,0.16319269448816748,0.6135743938260547,0.8455596210509824,0.8455596210509824,0.48032112884945344,1,0.008938294295450292,1
335_left_LAD_prox_10mm_70ds_leaky_negative_draw0,90.0,69.97907861106798,grid,461,0.633594256453483,0.14857418508271805,0.6316646186766428,0.8202492959274937,0.8202492959274937,0.47903742311681397,1,0.010028747753278121,1
335_left_LAD_prox_10mm_70ds_leaky_negative_draw0,95.0,74.97907861106798,grid,470,0.6303795007250071,0.134533918850322,0.6967762093431852,0.7941665147906422,0.7941665147906422,0.47792611584480366,1,0.011448655331961217,1
335_left_LAD_prox_10mm_70ds_leaky_negative_draw0,100.0,79.97907861106798,grid,479,0.6275922310846809,0.12162874817941303,0.6310542024148337,0.7684506765453055,0.7684506765453055,0.4769270218735963,1,0.010554569751390913,1
335_left_LAD_prox_10mm_70ds_leaky_negative_draw1,0.0,-20.02092138893202,grid,12,0.9990570545162609,2.5295985354969903,1.98775352492731,1.9411608622143444,1.9411608622143444,0.6153620455185956,1,0.025993060842501144,1
335_left_LAD_prox_10mm_70ds_leaky_negative_draw1,5.0,-15.020921388932019,grid,24,0.9982401259144041,1.8728736271391164,1.8050147210462242,1.7444247349015594,1.7444247349015594,0.6277915276136466,1,0.025120835780234413,1
335_left_LAD_prox_10mm_70ds_leaky_negative_draw1,10.0,-10.020921388932019,grid,37,0.996762628958545,1.3560809220462615,1.0366199196935755,1.5505978723751952,1.5505978723751952,0.6472197172961578,1,0.02665974623113244,1
335_left_LAD_prox_10mm_70ds_leaky_negative_draw1,15.020921388932019,-5.000000000000001,lesion_prox,50,0.9879231145042903,0.9359174658028482,1.2351620493672113,1.3451462010717128,1.3451462010717128,0.6842152791021247,1,0.03609213836125059,1
335_left_LAD_prox_10mm_70ds_leaky_negative_draw1,20.02092138893202,0.0,throat,61,0.785776062678685,0.6499334028818259,1.2287155835808279,1.156356653050565,1.156356653050565,0.7479234187806373,1,0.04442778473618062,1
335_left_LAD_prox_10mm_70ds_leaky_negative_draw1,25.02092138893202,5.000000000000001,lesion_dist,308,0.7473134023864163,0.3612226471800613,0.9741692143410146,1.1547783144271107,1.1547783144271107,0.4173907270962696,1,0.005147825263881511,1
335_left_LAD_prox_10mm_70ds_leaky_negative_draw1,30.0,9.97907861106798,grid,321,0.7456589222252562,0.33671190512961086,1.0811726205837413,1.1286440069332817,1.1286440069332817,0.4167265944759489,1,0.004736911910591433,1
335_left_LAD_prox_10mm_70ds_leaky_negative_draw1,35.0,14.979078611067985,grid,334,0.7447393925583093,0.31493935674133855,1.074008578813295,1.1043234853468262,1.1043234853468262,0.4161038131726064,1,0.004815407835674546,1
335_left_LAD_prox_10mm_70ds_leaky_negative_draw1,40.0,19.979078611067983,grid,349,0.7437349053451547,0.2916083781268454,1.103851255844371,1.0769729758413564,1.0769729758413564,0.41538352206156276,1,0.005086897042974384,1
335_left_LAD_prox_10mm_70ds_leaky_negative_draw1,45.24575145722954,25.22483006829752,measurement,363,0.74293668283418,0.27034774605562645,1.213700215589845,1.050743655162527,1.050743655162527,0.41466378624818345,1,0.005382332622710118,1
335_left_LAD_prox_10mm_70ds_leaky_negative_draw1,50.0,29.979078611067983,grid,376,0.7423057316060536,0.2511506115083477,1.126622228999845,1.0258554668557596,1.0258554668557596,0.41394190387393026,1,0.0061414556205575625,1
335_left_LAD_prox_10mm_70ds_leaky_negative_draw1,55.0,34.97907861106798,grid,388,0.7415862610588524,0.23256125118815102,0.9887904784510063,1.0005218891763705,1.0005218891763705,0.4131628421925468,1,0.006249274698111521,1
335_left_LAD_prox_10mm_70ds_leaky_negative_draw1,60.0,39.979078611067976,grid,400,0.7404948615560639,0.21493640967156563,0.9928268919980748,0.9752217126421162,0.9752217126421162,0.4123477114554571,1,0.00764836016967533,1
335_left_LAD_prox_10mm_70ds_leaky_negative_draw1,65.0,44.979078611067976,grid,411,0.7394524963579772,0.19764454175155408,0.8997708051691484,0.9490139296786071,0.9490139296786071,0.41146296223683093,1,0.0071848838255211085,1
335_left_LAD_prox_10mm_70ds_leaky_negative_draw1,70.0,49.97907861106798,grid,422,0.7379748741057202,0.18073966016401505,0.8882405731290302,0.9218598821354421,0.9218598821354421,0.4105087315526671,1,0.00844713998417531,1
335_left_LAD_prox_10mm_70ds_leaky_negative_draw1,75.0,54.979078611067976,grid,432,0.7364650124898414,0.16581641474761732,0.7966889007925059,0.8964288532810311,0.8964288532810311,0.40958469981211904,1,0.009223259857904882,1
335_left_LAD_prox_10mm_70ds_leaky_negative_draw1,80.0,59.979078611067976,grid,441,0.7344195055190916,0.1523903077132499,0.7400078820069514,0.8721838205075806,0.8721838205075806,0.40869276768029955,1,0.010618948560166586,1
335_left_LAD_prox_10mm_70ds_leaky_negative_draw1,85.0,64.97907861106799,grid,450,0.7314505828433441,0.1385299181797658,0.6135743938260547,0.8455596210509824,0.8455596210509824,0.4077317730932619,1,0.008938294295450292,1
335_left_LAD_prox_10mm_70ds_leaky_negative_draw1,90.0,69.97907861106798,grid,461,0.7267228065723123,0.12621290532194993,0.6316646186766428,0.8202492959274937,0.8202492959274937,0.4069395022819884,1,0.010028747753278121,1
335_left_LAD_prox_10mm_70ds_leaky_negative_draw1,95.0,74.97907861106798,grid,470,0.7239909873492981,0.11435801037731673,0.6967762093431852,0.7941665147906422,0.7941665147906422,0.40625204545017174,1,0.011448655331961217,1
335_left_LAD_prox_10mm_70ds_leaky_negative_draw1,100.0,79.97907861106798,grid,479,0.7216209289543251,0.10344712227405436,0.6310542024148337,0.7684506765453055,0.7684506765453055,0.40563377232808917,1,0.010554569751390913,1
335_left_LAD_prox_10mm_70ds_leaky_negative_draw2,0.0,-20.02092138893202,grid,12,0.9989254054697456,2.8670150253576403,1.98775352492731,1.9411608622143444,1.9411608622143444,0.6974435689218973,1,0.025993060842501144,1
335_left_LAD_prox_10mm_70ds_leaky_negative_draw2,5.0,-15.020921388932019,grid,24,0.9980020583727383,2.111294871806783,1.8050147210462242,1.7444247349015594,1.7444247349015594,0.7077108746729043,1,0.025120835780234413,1
335_left_LAD_prox_10mm_70ds_leaky_negative_draw2,10.0,-10.020921388932019,grid,37,0.9963456735675917,1.5166681494642564,1.0366199196935755,1.5505978723751952,1.5505978723751952,0.7238635357004571,1,0.02665974623113244,1
335_left_LAD_prox_10mm_70ds_leaky_negative_draw2,15.020921388932019,-5.000000000000001,lesion_prox,50,0.9859021662004633,1.0338789223682148,1.2351620493672113,1.3451462010717128,1.3451462010717128,0.7558313433323461,1,0.03609213836125059,1
335_left_LAD_prox_10mm_70ds_leaky_negative_draw2,20.02092138893202,0.0,throat,61,0.7510794512761659,0.7055766160701402,1.2287155835808279,1.156356653050565,1.156356653050565,0.8119559212727594,1,0.04442778473618062,1
335_left_LAD_prox_10mm_70ds_leaky_negative_draw2,25.02092138893202,5.000000000000001,lesion_dist,308,0.7093435708595313,0.3915932780312546,0.9741692143410146,1.1547783144271107,1.1547783144271107,0.45248381938246024,1,0.005147825263881511,1
335_left_LAD_prox_10mm_70ds_leaky_negative_draw2,30.0,9.97907861106798,grid,321,0.7075502074856665,0.3649353651878124,1.0811726205837413,1.1286440069332817,1.1286440069332817,0.451656949521919,1,0.004736911910591433,1
335_left_LAD_prox_10mm_70ds_leaky_negative_draw2,35.0,14.979078611067985,grid,334,0.7065537246426234,0.34126192962024215,1.074008578813295,1.1043234853468262,1.1043234853468262,0.4508816925102508,1,0.004815407835674546,1
335_left_LAD_prox_10mm_70ds_leaky_negative_draw2,40.0,19.979078611067983,grid,349,0.7054654214222996,0.31589949366947334,1.103851255844371,1.0769729758413564,1.0769729758413564,0.44998516551815815,1,0.005086897042974384,1
335_left_LAD_prox_10mm_70ds_leaky_negative_draw2,45.24575145722954,25.22483006829752,measurement,363,0.7046008138986362,0.29279217894929516,1.213700215589845,1.050743655162527,1.050743655162527,0.4490894238193099,1,0.005382332622710118,1
335_left_LAD_prox_10mm_70ds_leaky_negative_draw2,50.0,29.979078611067983,grid,376,0.7039175782793337,0.2719305794310629,1.126622228999845,1.0258554668557596,1.0258554668557596,0.4481910718640389,1,0.0061414556205575625,1
335_left_LAD_prox_10mm_70ds_leaky_negative_draw2,55.0,34.97907861106798,grid,388,0.7031387053508927,0.2517322666444736,0.9887904784510063,1.0005218891763705,1.0005218891763705,0.44722161678712996,1,0.006249274698111521,1
335_left_LAD_prox_10mm_70ds_leaky_negative_draw2,60.0,39.979078611067976,grid,400,0.7019575207833971,0.23258575612500837,0.9928268919980748,0.9752217126421162,0.9752217126421162,0.44620734291520964,1,0.00764836016967533,1
335_left_LAD_prox_10mm_70ds_leaky_negative_draw2,65.0,44.979078611067976,grid,411,0.7008297691618437,0.21380507908797444,0.8997708051691484,0.9490139296786071,0.9490139296786071,0.44510650485558456,1,0.0071848838255211085,1
335_left_LAD_prox_10mm_70ds_leaky_negative_draw2,70.0,49.97907861106798,grid,422,0.6992316271938946,0.19544972452427822,0.8882405731290302,0.9218598821354421,0.9218598821354421,0.44391927274827353,1,0.00844713998417531,1
335_left_LAD_prox_10mm_70ds_leaky_negative_draw2,75.0,54.979078611067976,grid,432,0.6975991995906331,0.17925102145534832,0.7966889007925059,0.8964288532810311,0.8964288532810311,0.4427696493471526,1,0.009223259857904882,1
335_left_LAD_prox_10mm_70ds_leaky_negative_draw2,80.0,59.979078611067976,grid,441,0.6953883818279845,0.16468287095847015,0.7400078820069514,0.8721838205075806,0.8721838205075806,0.4416599673005505,1,0.010618948560166586,1
335_left_LAD_prox_10mm_70ds_leaky_negative_draw2,85.0,64.97907861106799,grid,450,0.6921806736407891,0.14965104297033394,0.6135743938260547,0.8455596210509824,0.8455596210509824,0.44046431195007113,1,0.008938294295450292,1
335_left_LAD_prox_10mm_70ds_leaky_negative_draw2,90.0,69.97907861106798,grid,461,0.6870470993581627,0.13630519191149562,0.6316646186766428,0.8202492959274937,0.8202492959274937,0.4394793607945605,1,0.010028747753278121,1
335_left_LAD_prox_10mm_70ds_leaky_negative_draw2,95.0,74.97907861106798,grid,470,0.6840972291522962,0.12347100578211452,0.6967762093431852,0.7941665147906422,0.7941665147906422,0.4386255802044232,1,0.011448655331961217,1
335_left_LAD_prox_10mm_70ds_leaky_negative_draw2,100.0,79.97907861106798,grid,479,0.6815386486528471,0.11166509377298327,0.6310542024148337,0.7684506765453055,0.7684506765453055,0.43785783720989524,1,0.010554569751390913,1
335_left_LAD_prox_10mm_70ds_discrete_negative_draw0,0.0,-20.02092138893202,grid,12,0.9992244953045665,1.0658250579298212,1.98775352492731,1.9411608622143444,1.9411608622143444,0.259277619989534,1,0.025993060842501144,1
335_left_LAD_prox_10mm_70ds_discrete_negative_draw0,5.0,-15.020921388932019,grid,24,0.9988184576781389,1.0658250579310593,1.8050147210462242,1.7444247349015594,1.7444247349015594,0.35726699954099006,1,0.025120835780234413,1
335_left_LAD_prox_10mm_70ds_discrete_negative_draw0,10.0,-10.020921388932019,grid,37,0.9977531060672243,1.0658250579260469,1.0366199196935755,1.5505978723751952,1.5505978723751952,0.508688664122748,1,0.02665974623113244,1
335_left_LAD_prox_10mm_70ds_discrete_negative_draw0,15.020921388932019,-5.000000000000001,lesion_prox,50,0.9905442382707849,1.0658250579255122,1.2351620493672113,1.3451462010717128,1.3451462010717128,0.7791860031770798,1,0.03609213836125059,1
335_left_LAD_prox_10mm_70ds_discrete_negative_draw0,20.02092138893202,0.0,throat,61,0.4892636975222629,1.0658250579255535,1.2287155835808279,1.156356653050565,1.156356653050565,1.2265187750177744,1,0.04442778473618062,1
335_left_LAD_prox_10mm_70ds_discrete_negative_draw0,25.02092138893202,5.000000000000001,lesion_dist,308,0.423595713501846,0.48704857130632584,0.9741692143410146,1.1547783144271107,1.1547783144271107,0.5627818712247337,1,0.005147825263881511,1
335_left_LAD_prox_10mm_70ds_discrete_negative_draw0,30.0,9.97907861106798,grid,321,0.42128194651527484,0.48704857130540435,1.0811726205837413,1.1286440069332817,1.1286440069332817,0.6027885838677121,1,0.004736911910591433,1
335_left_LAD_prox_10mm_70ds_discrete_negative_draw0,35.0,14.979078611067985,grid,334,0.41990144584183114,0.48704857130586693,1.074008578813295,1.1043234853468262,1.1043234853468262,0.6434977508609361,1,0.004815407835674546,1
335_left_LAD_prox_10mm_70ds_discrete_negative_draw0,40.0,19.979078611067983,grid,349,0.41828724333500794,0.48704857130867507,1.103851255844371,1.0769729758413564,1.0769729758413564,0.693779624113704,1,0.005086897042974384,1
335_left_LAD_prox_10mm_70ds_discrete_negative_draw0,45.24575145722954,25.22483006829752,measurement,363,0.4169041630775496,0.4870485713090899,1.213700215589845,1.050743655162527,1.050743655162527,0.7470430495996819,1,0.005382332622710118,1
335_left_LAD_prox_10mm_70ds_discrete_negative_draw0,50.0,29.979078611067983,grid,376,0.41572002872405683,0.4870485713098674,1.126622228999845,1.0258554668557596,1.0258554668557596,0.8027446625603103,1,0.0061414556205575625,1
335_left_LAD_prox_10mm_70ds_discrete_negative_draw0,55.0,34.97907861106798,grid,388,0.41426109448966986,0.4870485713100733,0.9887904784510063,1.0005218891763705,1.0005218891763705,0.8652790221079695,1,0.006249274698111521,1
335_left_LAD_prox_10mm_70ds_discrete_negative_draw0,60.0,39.979078611067976,grid,400,0.41187786097728224,0.4870485713098984,0.9928268919980748,0.9752217126421162,0.9752217126421162,0.9343850306896387,1,0.00764836016967533,1
335_left_LAD_prox_10mm_70ds_discrete_negative_draw0,65.0,44.979078611067976,grid,411,0.40939928057109176,0.4870485713099826,0.8997708051691484,0.9490139296786071,0.9490139296786071,1.013953869549985,1,0.0071848838255211085,1
335_left_LAD_prox_10mm_70ds_discrete_negative_draw0,70.0,49.97907861106798,grid,422,0.4055778932222013,0.4870485713094242,0.8882405731290302,0.9218598821354421,0.9218598821354421,1.1062192494515806,1,0.00844713998417531,1
335_left_LAD_prox_10mm_70ds_discrete_negative_draw0,75.0,54.979078611067976,grid,432,0.40130106156003365,0.4870485713091499,0.7966889007925059,0.8964288532810311,0.8964288532810311,1.20306329851126,1,0.009223259857904882,1
335_left_LAD_prox_10mm_70ds_discrete_negative_draw0,80.0,59.979078611067976,grid,441,0.3949939239484188,0.48704857130919565,0.7400078820069514,0.8721838205075806,0.8721838205075806,1.3062066189776702,1,0.010618948560166586,1
335_left_LAD_prox_10mm_70ds_discrete_negative_draw0,85.0,64.97907861106799,grid,450,0.38493468471231157,0.48704857130936263,0.6135743938260547,0.8455596210509824,0.8455596210509824,1.433518334319731,1,0.008938294295450292,1
335_left_LAD_prox_10mm_70ds_discrete_negative_draw0,90.0,69.97907861106798,grid,461,0.36443128680305803,0.4870485713093095,0.6316646186766428,0.8202492959274937,0.8202492959274937,1.5703568719077312,1,0.010028747753278121,1
335_left_LAD_prox_10mm_70ds_discrete_negative_draw0,95.0,74.97907861106798,grid,470,0.35334005698161713,0.4870485713092841,0.6967762093431852,0.7941665147906422,0.7941665147906422,1.7302196643255656,1,0.011448655331961217,1
335_left_LAD_prox_10mm_70ds_discrete_negative_draw0,100.0,79.97907861106798,grid,479,0.3426405683002157,0.4870485713093178,0.6310542024148337,0.7684506765453055,0.7684506765453055,1.9098003399632113,1,0.010554569751390913,1
335_left_LAD_prox_10mm_70ds_discrete_negative_draw1,0.0,-20.02092138893202,grid,12,0.9992437648810191,1.0564813915866558,1.98775352492731,1.9411608622143444,1.9411608622143444,0.2570046357381244,1,0.025993060842501144,1
335_left_LAD_prox_10mm_70ds_discrete_negative_draw1,5.0,-15.020921388932019,grid,24,0.9988412868257205,1.0564813915967834,1.8050147210462242,1.7444247349015594,1.7444247349015594,0.35413498119415293,1,0.025120835780234413,1
335_left_LAD_prox_10mm_70ds_discrete_negative_draw1,10.0,-10.020921388932019,grid,37,0.9977852747306294,1.0564813915792541,1.0366199196935755,1.5505978723751952,1.5505978723751952,0.5042291919827259,1,0.02665974623113244,1
335_left_LAD_prox_10mm_70ds_discrete_negative_draw1,15.020921388932019,-5.000000000000001,lesion_prox,50,0.9906680885121897,1.0564813915783737,1.2351620493672113,1.3451462010717128,1.3451462010717128,0.7723551879490934,1,0.03609213836125059,1
335_left_LAD_prox_10mm_70ds_discrete_negative_draw1,20.02092138893202,0.0,throat,61,0.4976216680882807,1.0564813915786768,1.2287155835808279,1.156356653050565,1.156356653050565,1.2157663704681465,1,0.04442778473618062,1
335_left_LAD_prox_10mm_70ds_discrete_negative_draw1,25.02092138893202,5.000000000000001,lesion_dist,308,0.43252148296832493,0.4841982409289292,0.9741692143410146,1.1547783144271107,1.1547783144271107,0.5594883305844284,1,0.005147825263881511,1
335_left_LAD_prox_10mm_70ds_discrete_negative_draw1,30.0,9.97907861106798,grid,321,0.43022125672638617,0.4841982409281206,1.0811726205837413,1.1286440069332817,1.1286440069332817,0.5992609139125924,1,0.004736911910591433,1
335_left_LAD_prox_10mm_70ds_discrete_negative_draw1,35.0,14.979078611067985,grid,334,0.4288488350890722,0.48419824092966485,1.074008578813295,1.1043234853468262,1.1043234853468262,0.6397318406532972,1,0.004815407835674546,1
335_left_LAD_prox_10mm_70ds_discrete_negative_draw1,40.0,19.979078611067983,grid,349,0.4272440793001148,0.4841982409313242,1.103851255844371,1.0769729758413564,1.0769729758413564,0.6897194517730174,1,0.005086897042974384,1
335_left_LAD_prox_10mm_70ds_discrete_negative_draw1,45.24575145722954,25.22483006829752,measurement,363,0.42586909317516203,0.48419824093052716,1.213700215589845,1.050743655162527,1.050743655162527,0.7426711663342307,1,0.005382332622710118,1
335_left_LAD_prox_10mm_70ds_discrete_negative_draw1,50.0,29.979078611067983,grid,376,0.4246918886728578,0.48419824093109687,1.126622228999845,1.0258554668557596,1.0258554668557596,0.7980467994869459,1,0.0061414556205575625,1
335_left_LAD_prox_10mm_70ds_discrete_negative_draw1,55.0,34.97907861106798,grid,388,0.4232414924874761,0.4841982409303608,0.9887904784510063,1.0005218891763705,1.0005218891763705,0.8602151922788248,1,0.006249274698111521,1
335_left_LAD_prox_10mm_70ds_discrete_negative_draw1,60.0,39.979078611067976,grid,400,0.4208722062552616,0.48419824093062286,0.9928268919980748,0.9752217126421162,0.9752217126421162,0.9289167751689376,1,0.00764836016967533,1
335_left_LAD_prox_10mm_70ds_discrete_negative_draw1,65.0,44.979078611067976,grid,411,0.41840813112317526,0.4841982409306495,0.8997708051691484,0.9490139296786071,0.9490139296786071,1.0080199572302193,1,0.0071848838255211085,1
335_left_LAD_prox_10mm_70ds_discrete_negative_draw1,70.0,49.97907861106798,grid,422,0.41460910749136287,0.4841982409300785,0.8882405731290302,0.9218598821354421,0.9218598821354421,1.0997453769906642,1,0.00844713998417531,1
335_left_LAD_prox_10mm_70ds_discrete_negative_draw1,75.0,54.979078611067976,grid,432,0.4103573049206086,0.4841982409298009,0.7966889007925059,0.8964288532810311,0.8964288532810311,1.1960226703890806,1,0.009223259857904882,1
335_left_LAD_prox_10mm_70ds_discrete_negative_draw1,80.0,59.979078611067976,grid,441,0.40408707825997514,0.484198240929824,0.7400078820069514,0.8721838205075806,0.8721838205075806,1.2985623702782014,1,0.010618948560166586,1
335_left_LAD_prox_10mm_70ds_discrete_negative_draw1,85.0,64.97907861106799,grid,450,0.39408670821449177,0.48419824093004243,0.6135743938260547,0.8455596210509824,0.8455596210509824,1.4251290255355178,1,0.008938294295450292,1
335_left_LAD_prox_10mm_70ds_discrete_negative_draw1,90.0,69.97907861106798,grid,461,0.37372776853625267,0.48419824093001057,0.6316646186766428,0.8202492959274937,0.8202492959274937,1.5611667496858206,1,0.010028747753278121,1
335_left_LAD_prox_10mm_70ds_discrete_negative_draw1,95.0,74.97907861106798,grid,470,0.3627014473731381,0.48419824093000147,0.6967762093431852,0.7941665147906422,0.7941665147906422,1.720093984952763,1,0.011448655331961217,1
335_left_LAD_prox_10mm_70ds_discrete_negative_draw1,100.0,79.97907861106798,grid,479,0.35206457478267184,0.484198240930078,0.6310542024148337,0.7684506765453055,0.7684506765453055,1.8986237094422638,1,0.010554569751390913,1
335_left_LAD_prox_10mm_70ds_discrete_negative_draw2,0.0,-20.02092138893202,grid,12,0.9992547866439812,1.05095368517631,1.98775352492731,1.9411608622143444,1.9411608622143444,0.25565993986011687,1,0.025993060842501144,1
335_left_LAD_prox_10mm_70ds_discrete_negative_draw2,5.0,-15.020921388932019,grid,24,0.9988544144284529,1.0509536851604733,1.8050147210462242,1.7444247349015594,1.7444247349015594,0.3522820813414534,1,0.025120835780234413,1
335_left_LAD_prox_10mm_70ds_discrete_negative_draw2,10.0,-10.020921388932019,grid,37,0.9978039275843457,1.0509536851496393,1.0366199196935755,1.5505978723751952,1.5505978723751952,0.5015909714056876,1,0.02665974623113244,1
335_left_LAD_prox_10mm_70ds_discrete_negative_draw2,15.020921388932019,-5.000000000000001,lesion_prox,50,0.990740742918753,1.0509536851492083,1.2351620493672113,1.3451462010717128,1.3451462010717128,0.7683140824719329,1,0.03609213836125059,1
335_left_LAD_prox_10mm_70ds_discrete_negative_draw2,20.02092138893202,0.0,throat,61,0.502533647910835,1.050953685148811,1.2287155835808279,1.156356653050565,1.156356653050565,1.209405255509738,1,0.04442778473618062,1
335_left_LAD_prox_10mm_70ds_discrete_negative_draw2,25.02092138893202,5.000000000000001,lesion_dist,308,0.4377696228860803,0.4824668710390469,0.9741692143410146,1.1547783144271107,1.1547783144271107,0.5574877424628029,1,0.005147825263881511,1
335_left_LAD_prox_10mm_70ds_discrete_negative_draw2,30.0,9.97907861106798,grid,321,0.4354776216687679,0.48246687103793895,1.0811726205837413,1.1286440069332817,1.1286440069332817,0.597118109137585,1,0.004736911910591433,1
335_left_LAD_prox_10mm_70ds_discrete_negative_draw2,35.0,14.979078611067985,grid,334,0.4341101074625412,0.4824668710391629,1.074008578813295,1.1043234853468262,1.1043234853468262,0.6374443221262248,1,0.004815407835674546,1
335_left_LAD_prox_10mm_70ds_discrete_negative_draw2,40.0,19.979078611067983,grid,349,0.4325110898725688,0.4824668710401598,1.103851255844371,1.0769729758413564,1.0769729758413564,0.6872531902478757,1,0.005086897042974384,1
335_left_LAD_prox_10mm_70ds_discrete_negative_draw2,45.24575145722954,25.22483006829752,measurement,363,0.43114102034866036,0.48246687104050867,1.213700215589845,1.050743655162527,1.050743655162527,0.7400155629328121,1,0.005382332622710118,1
335_left_LAD_prox_10mm_70ds_discrete_negative_draw2,50.0,29.979078611067983,grid,376,0.42996802523056343,0.4824668710416029,1.126622228999845,1.0258554668557596,1.0258554668557596,0.7951931868914484,1,0.0061414556205575625,1
335_left_LAD_prox_10mm_70ds_discrete_negative_draw2,55.0,34.97907861106798,grid,388,0.4285228152934353,0.4824668710429361,0.9887904784510063,1.0005218891763705,1.0005218891763705,0.8571392813094766,1,0.006249274698111521,1
335_left_LAD_prox_10mm_70ds_discrete_negative_draw2,60.0,39.979078611067976,grid,400,0.426162001026815,0.482466871042337,0.9928268919980748,0.9752217126421162,0.9752217126421162,0.925595204792804,1,0.00764836016967533,1
335_left_LAD_prox_10mm_70ds_discrete_negative_draw2,65.0,44.979078611067976,grid,411,0.42370673680134846,0.4824668710425326,0.8997708051691484,0.9490139296786071,0.9490139296786071,1.0044155339733012,1,0.0071848838255211085,1
335_left_LAD_prox_10mm_70ds_discrete_negative_draw2,70.0,49.97907861106798,grid,422,0.4199212975128153,0.48246687104206465,0.8882405731290302,0.9218598821354421,0.9218598821354421,1.0958129669378174,1,0.00844713998417531,1
335_left_LAD_prox_10mm_70ds_discrete_negative_draw2,75.0,54.979078611067976,grid,432,0.4156846983077874,0.4824668710417272,0.7966889007925059,0.8964288532810311,0.8964288532810311,1.1917459971963225,1,0.009223259857904882,1
335_left_LAD_prox_10mm_70ds_discrete_negative_draw2,80.0,59.979078611067976,grid,441,0.4094368923846003,0.48246687104175984,0.7400078820069514,0.8721838205075806,0.8721838205075806,1.2939190411711905,1,0.010618948560166586,1
335_left_LAD_prox_10mm_70ds_discrete_negative_draw2,85.0,64.97907861106799,grid,450,0.3994722811215814,0.4824668710418819,0.6135743938260547,0.8455596210509824,0.8455596210509824,1.4200331262261434,1,0.008938294295450292,1
335_left_LAD_prox_10mm_70ds_discrete_negative_draw2,90.0,69.97907861106798,grid,461,0.37920094875616245,0.4824668710418531,0.6316646186766428,0.8202492959274937,0.8202492959274937,1.5555844140383241,1,0.010028747753278121,1
335_left_LAD_prox_10mm_70ds_discrete_negative_draw2,95.0,74.97907861106798,grid,470,0.3682140549160437,0.48246687104183544,0.6967762093431852,0.7941665147906422,0.7941665147906422,1.713943365890945,1,0.011448655331961217,1
335_left_LAD_prox_10mm_70ds_discrete_negative_draw2,100.0,79.97907861106798,grid,479,0.3576152170794247,0.48246687104194974,0.6310542024148337,0.7684506765453055,0.7684506765453055,1.8918347134452929,1,0.010554569751390913,1
368_left_LAD_mid_10mm_80ds_leaky_negative_draw0,0.0,-45.19147327975625,grid,28,0.9972477391976704,1.517682873922383,1.5265833846863286,1.4924765800713695,1.4924765800713695,0.8123106423788806,1,0.08029608225157683,1
368_left_LAD_mid_10mm_80ds_leaky_negative_draw0,5.0,-40.19147327975626,grid,140,0.99529019132977,0.6759506478375189,0.9529092527740987,0.9984824632965537,1.0268157035304784,1.2082515146259039,1,0.0,1
368_left_LAD_mid_10mm_80ds_leaky_negative_draw0,10.0,-35.19147327975625,grid,152,0.9922467925762519,0.6759506478362852,1.1194375295565393,0.9984824632965537,1.1024137676589734,1.2082515146236985,1,0.0,1
368_left_LAD_mid_10mm_80ds_leaky_negative_draw0,15.0,-30.191473279756256,grid,163,0.9909136888151624,0.6759506478334342,1.2364079899748872,0.9984824632965537,1.1782298421541366,1.2082515146186024,1,0.0,1
368_left_LAD_mid_10mm_80ds_leaky_negative_draw0,20.0,-25.191473279756256,grid,385,0.9894933277117073,0.2711941555669681,1.0870621084203396,1.0861994636715218,1.0861994636715218,0.37654358949714806,1,0.0028767629167520867,1
368_left_LAD_mid_10mm_80ds_leaky_negative_draw0,25.0,-20.191473279756256,grid,396,0.988461246715918,0.2586561956800476,0.9308751444351832,1.0740332675257018,1.0740332675257018,0.37147823153196197,1,0.0029053062793793108,1
368_left_LAD_mid_10mm_80ds_leaky_negative_draw0,30.0,-15.191473279756257,grid,408,0.9866641566802005,0.24543722706554388,0.9807079322410577,1.0608797716134908,1.0608797716134908,0.36576792152068555,1,0.0033934982074152386,1
368_left_LAD_mid_10mm_80ds_leaky_negative_draw0,35.0,-10.191473279756252,grid,417,0.9858006130949952,0.23420244257903639,0.9828284551602442,1.0494215719240787,1.0494215719240787,0.3605829127970257,1,0.0036213402678065025,1
368_left_LAD_mid_10mm_80ds_leaky_negative_draw0,40.19147327975626,-4.999999999999997,lesion_prox,427,0.9843838391515229,0.22164768456391118,1.00973263225145,1.036297438527183,1.036297438527183,0.3543835947650904,1,0.004039002682707263,1
368_left_LAD_mid_10mm_80ds_leaky_negative_draw0,45.19147327975625,0.0,throat,437,0.7569147462050273,0.20968577344162923,1.1482244893700027,1.0234014144841574,1.0234014144841574,0.34809245635578673,1,0.004363668573912416,1
368_left_LAD_mid_10mm_80ds_leaky_negative_draw0,50.19147327975625,4.999999999999997,lesion_dist,447,0.6904324016829848,0.20157723162323773,1.0598448380459953,1.0105841634656711,1.0105841634656711,0.34752631562524294,1,0.003786963685866629,1
368_left_LAD_mid_10mm_80ds_leaky_negative_draw0,55.0,9.808526720243744,grid,456,0.6897279988808138,0.19470405250010112,0.9533795077428379,0.9992497311182061,0.9992497311182061,0.3472294521281174,1,0.0039055107220591742,1
368_left_LAD_mid_10mm_80ds_leaky_negative_draw0,60.0,14.808526720243743,grid,465,0.6889092447977935,0.18728779434781534,1.0612931887404504,0.98670764307207,0.98670764307207,0.34690270211127594,1,0.0046752113903143645,1
368_left_LAD_mid_10mm_80ds_leaky_negative_draw0,65.0,19.808526720243748,grid,473,0.6880086416713341,0.18004267608208183,0.8862725892665265,0.9741241091186493,0.9741241091186493,0.3465742305662284,1,0.004627813360656647,1
368_left_LAD_mid_10mm_80ds_leaky_negative_draw0,70.63399512652039,25.442521846764127,measurement,483,0.6867871309454573,0.17197378005672243,0.9423415567003152,0.9596897402077347,0.9596897402077347,0.34620502413555176,1,0.004374778966194935,1
368_left_LAD_mid_10mm_80ds_leaky_negative_draw0,75.0,29.80852672024374,grid,490,0.6862648732362278,0.16635276051779152,1.0948354960200564,0.9493567691161546,0.9493567691161546,0.3459436334263268,1,0.004410041832125002,1
368_left_LAD_mid_10mm_80ds_leaky_negative_draw0,80.0,34.80852672024375,grid,500,0.6854657002003243,0.15907968225536298,0.8935728993702032,0.9356310721998241,0.9356310721998241,0.3455926445406224,1,0.004305556706112437,1
368_left_LAD_mid_10mm_80ds_leaky_negative_draw0,85.0,39.80852672024375,grid,509,0.6845338068044456,0.15262423611681022,0.9320286330274401,0.9230832557141988,0.9230832557141988,0.345274550312473,1,0.004251675722658033,1
368_left_LAD_mid_10mm_80ds_leaky_negative_draw0,90.0,44.80852672024374,grid,518,0.6838091846245407,0.14674323049025217,0.8961164258119215,0.9113316678467123,0.9113316678467123,0.3449787741309498,1,0.00437324536825383,1
368_left_LAD_mid_10mm_80ds_leaky_negative_draw0,95.0,49.80852672024375,grid,527,0.6827713104500414,0.14090802260151808,0.9543617541217173,0.8993465598009002,0.8993465598009002,0.34468165664985645,1,0.004629643039783579,1
368_left_LAD_mid_10mm_80ds_leaky_negative_draw0,100.0,54.80852672024375,grid,537,0.6817074058146125,0.1347296142485665,0.7535724489396011,0.8862790442579885,0.8862790442579885,0.3443620691584788,1,0.005217877121166554,1
368_left_LAD_mid_10mm_80ds_leaky_negative_draw0,105.0,59.80852672024374,grid,545,0.6799411258214006,0.12905418672957314,0.7664302080068933,0.8738966242288784,0.8738966242288784,0.3440769640764843,1,0.005504218432890521,1
368_left_LAD_mid_10mm_80ds_leaky_negative_draw0,110.0,64.80852672024375,grid,554,0.6786243624860038,0.12323061888102754,0.9199902837770061,0.860780428733945,0.860780428733945,0.34379943759422,1,0.004800283304579795,1
368_left_LAD_mid_10mm_80ds_leaky_negative_draw0,115.0,69.80852672024375,grid,562,0.6780493357918996,0.11819535786323736,0.9420339000500513,0.8490910297949883,0.8490910297949883,0.34355901261578276,1,0.005459272188747648,1
368_left_LAD_mid_10mm_80ds_leaky_negative_draw0,120.0,74.80852672024373,grid,573,0.6771095834554207,0.11259597328836117,0.8582083809990857,0.8356864052221871,0.8356864052221871,0.34328634771392635,1,0.003974691331401597,1
368_left_LAD_mid_10mm_80ds_leaky_negative_draw0,125.0,79.80852672024375,grid,584,0.6757829959533806,0.10772178198696056,0.7578931389060964,0.823635864376122,0.823635864376122,0.34305319286855035,1,0.003924585445679788,1
368_left_LAD_mid_10mm_80ds_leaky_negative_draw0,130.0,84.80852672024375,grid,597,0.6732832784461452,0.10278192828000082,0.526622448577105,0.8110208209326786,0.8110208209326786,0.3428344329381691,1,0.0036893328740756253,1
368_left_LAD_mid_10mm_80ds_leaky_negative_draw0,135.0,89.80852672024375,grid,610,0.6662288513505488,0.09792718853860183,0.49768109945878936,0.7981278393475245,0.7981278393475245,0.3427280040790346,0,,1
368_left_LAD_mid_10mm_80ds_leaky_negative_draw1,0.0,-45.19147327975625,grid,28,0.9962527635970616,2.0515364906982247,1.5265833846863286,1.4924765800713695,1.4924765800713695,1.0980455490782697,1,0.08029608225157683,1
368_left_LAD_mid_10mm_80ds_leaky_negative_draw1,5.0,-40.19147327975626,grid,140,0.9936545674897008,0.8874871875169292,0.9529092527740987,0.9984824632965537,1.0268157035304784,1.5863698658458396,1,0.0,1
368_left_LAD_mid_10mm_80ds_leaky_negative_draw1,10.0,-35.19147327975625,grid,152,0.98965874707161,0.8874871875137095,1.1194375295565393,0.9984824632965537,1.1024137676589734,1.5863698658400842,1,0.0,1
368_left_LAD_mid_10mm_80ds_leaky_negative_draw1,15.0,-30.191473279756256,grid,163,0.9879084528580006,0.8874871875095021,1.2364079899748872,0.9984824632965537,1.1782298421541366,1.5863698658325636,1,0.0,1
368_left_LAD_mid_10mm_80ds_leaky_negative_draw1,20.0,-25.191473279756256,grid,385,0.9860750208574839,0.3319566756551888,1.0870621084203396,1.0861994636715218,1.0861994636715218,0.46091022111971386,1,0.0028767629167520867,1
368_left_LAD_mid_10mm_80ds_leaky_negative_draw1,25.0,-20.191473279756256,grid,396,0.984816364255935,0.3146512424905122,0.9308751444351832,1.0740332675257018,1.0740332675257018,0.4518974958337966,1,0.0029053062793793108,1
368_left_LAD_mid_10mm_80ds_leaky_negative_draw1,30.0,-15.191473279756257,grid,408,0.9826386192493761,0.29641210543215385,0.9807079322410577,1.0608797716134908,1.0608797716134908,0.44173429195619224,1,0.0033934982074152386,1
368_left_LAD_mid_10mm_80ds_leaky_negative_draw1,35.0,-10.191473279756252,grid,417,0.9815995467957415,0.2809155416255038,0.9828284551602442,1.0494215719240787,1.0494215719240787,0.4325033639010608,1,0.0036213402678065025,1
368_left_LAD_mid_10mm_80ds_leaky_negative_draw1,40.19147327975626,-4.999999999999997,lesion_prox,427,0.9799075948905004,0.26360263206365503,1.00973263225145,1.036297438527183,1.036297438527183,0.42146367792676537,1,0.004039002682707263,1
368_left_LAD_mid_10mm_80ds_leaky_negative_draw1,45.19147327975625,0.0,throat,437,0.6787257651014093,0.24712510588597364,1.1482244893700027,1.0234014144841574,1.0234014144841574,0.41024426084385135,1,0.004363668573912416,1
368_left_LAD_mid_10mm_80ds_leaky_negative_draw1,50.19147327975625,4.999999999999997,lesion_dist,447,0.6003935642293212,0.23742019552555013,1.0598448380459953,1.0105841634656711,1.0105841634656711,0.4093208600078201,1,0.003786963685866629,1
368_left_LAD_mid_10mm_80ds_leaky_negative_draw1,55.0,9.808526720243744,grid,456,0.5995640714928815,0.22924959577404008,0.9533795077428379,0.9992497311182061,0.9992497311182061,0.4088369528989181,1,0.0039055107220591742,1
368_left_LAD_mid_10mm_80ds_leaky_negative_draw1,60.0,14.808526720243743,grid,465,0.5986002256837837,0.2204376634003344,1.0612931887404504,0.98670764307207,0.98670764307207,0.40830434971462903,1,0.0046752113903143645,1
368_left_LAD_mid_10mm_80ds_leaky_negative_draw1,65.0,19.808526720243748,grid,473,0.5975404592022058,0.2118328680540849,0.8862725892665265,0.9741241091186493,0.9741241091186493,0.4077689515179803,1,0.004627813360656647,1
368_left_LAD_mid_10mm_80ds_leaky_negative_draw1,70.63399512652039,25.442521846764127,measurement,483,0.596103583310601,0.20225609251466092,0.9423415567003152,0.9596897402077347,0.9596897402077347,0.4071671586651469,1,0.004374778966194935,1
368_left_LAD_mid_10mm_80ds_leaky_negative_draw1,75.0,29.80852672024374,grid,490,0.5954894547098174,0.19558823242206283,1.0948354960200564,0.9493567691161546,0.9493567691161546,0.4067410938593037,1,0.004410041832125002,1
368_left_LAD_mid_10mm_80ds_leaky_negative_draw1,80.0,34.80852672024375,grid,500,0.594550060011522,0.1869635580959138,0.8935728993702032,0.9356310721998241,0.9356310721998241,0.40616896865163843,1,0.004305556706112437,1
368_left_LAD_mid_10mm_80ds_leaky_negative_draw1,85.0,39.80852672024375,grid,509,0.5934550354505004,0.17931262612650012,0.9320286330274401,0.9230832557141988,0.9230832557141988,0.4056504256885637,1,0.004251675722658033,1
368_left_LAD_mid_10mm_80ds_leaky_negative_draw1,90.0,44.80852672024374,grid,518,0.5926038613746096,0.1723459472187047,0.8961164258119215,0.9113316678467123,0.9113316678467123,0.4051682207030029,1,0.00437324536825383,1
368_left_LAD_mid_10mm_80ds_leaky_negative_draw1,95.0,49.80852672024375,grid,527,0.5913851166961496,0.16543726010439075,0.9543617541217173,0.8993465598009002,0.8993465598009002,0.404683763433781,1,0.004629643039783579,1
368_left_LAD_mid_10mm_80ds_leaky_negative_draw1,100.0,54.80852672024375,grid,537,0.590136298968842,0.15812620860078866,0.7535724489396011,0.8862790442579885,0.8862790442579885,0.4041625791453061,1,0.005217877121166554,1
368_left_LAD_mid_10mm_80ds_leaky_negative_draw1,105.0,59.80852672024374,grid,545,0.5880636700593885,0.15141626009679743,0.7664302080068933,0.8738966242288784,0.8738966242288784,0.4036974576818031,1,0.005504218432890521,1
368_left_LAD_mid_10mm_80ds_leaky_negative_draw1,110.0,64.80852672024375,grid,554,0.5865189893778917,0.14453794182982949,0.9199902837770061,0.860780428733945,0.860780428733945,0.40324444982376045,1,0.004800283304579795,1
368_left_LAD_mid_10mm_80ds_leaky_negative_draw1,115.0,69.80852672024375,grid,562,0.5858446394867427,0.13859400132309432,0.9420339000500513,0.8490910297949883,0.8490910297949883,0.4028518472284492,1,0.005459272188747648,1
368_left_LAD_mid_10mm_80ds_leaky_negative_draw1,120.0,74.80852672024373,grid,573,0.5847428969819026,0.13198702485276512,0.8582083809990857,0.8356864052221871,0.8356864052221871,0.40240643056829906,1,0.003974691331401597,1
368_left_LAD_mid_10mm_80ds_leaky_negative_draw1,125.0,79.80852672024375,grid,584,0.5831880906229228,0.12623955159237857,0.7578931389060964,0.823635864376122,0.823635864376122,0.40202529554609245,1,0.003924585445679788,1
368_left_LAD_mid_10mm_80ds_leaky_negative_draw1,130.0,84.80852672024375,grid,597,0.5802591894166717,0.12042003318328279,0.526622448577105,0.8110208209326786,0.8110208209326786,0.4016672432756769,1,0.0036893328740756253,1
368_left_LAD_mid_10mm_80ds_leaky_negative_draw1,135.0,89.80852672024375,grid,610,0.5719072429324275,0.11471781287491412,0.49768109945878936,0.7981278393475245,0.7981278393475245,0.4014922477166099,0,,1
368_left_LAD_mid_10mm_80ds_leaky_negative_draw2,0.0,-45.19147327975625,grid,28,0.9973072798856539,1.4855726922205361,1.5265833846863286,1.4924765800713695,1.4924765800713695,0.7951242836386528,1,0.08029608225157683,1
368_left_LAD_mid_10mm_80ds_leaky_negative_draw2,5.0,-40.19147327975626,grid,140,0.9953888890630834,0.6628870405052641,0.9529092527740987,0.9984824632965537,1.0268157035304784,1.1849005149690932,1,0.0,1
368_left_LAD_mid_10mm_80ds_leaky_negative_draw2,10.0,-35.19147327975625,grid,152,0.9924043078673237,0.6628870405038043,1.1194375295565393,0.9984824632965537,1.1024137676589734,1.1849005149664837,1,0.0,1
368_left_LAD_mid_10mm_80ds_leaky_negative_draw2,15.0,-30.191473279756256,grid,163,0.9910969680345978,0.6628870405016051,1.2364079899748872,0.9984824632965537,1.1782298421541366,1.1849005149625527,1,0.0,1
368_left_LAD_mid_10mm_80ds_leaky_negative_draw2,20.0,-25.191473279756256,grid,385,0.9897025461141913,0.26711202242229304,1.0870621084203396,1.0861994636715218,1.0861994636715218,0.3708756905563036,1,0.0028767629167520867,1
368_left_LAD_mid_10mm_80ds_leaky_negative_draw2,25.0,-20.191473279756256,grid,396,0.9886857776111194,0.2548562794883878,0.9308751444351832,1.0740332675257018,1.0740332675257018,0.3660208476748455,1,0.0029053062793793108,1
368_left_LAD_mid_10mm_80ds_leaky_negative_draw2,30.0,-15.191473279756257,grid,408,0.9869146882038133,0.24193455738230457,0.9807079322410577,1.0608797716134908,1.0608797716134908,0.36054799532966064,1,0.0033934982074152386,1
368_left_LAD_mid_10mm_80ds_leaky_negative_draw2,35.0,-10.191473279756252,grid,417,0.9860632859800192,0.23095216786556844,0.9828284551602442,1.0494215719240787,1.0494215719240787,0.3555787227865937,1,0.0036213402678065025,1
368_left_LAD_mid_10mm_80ds_leaky_negative_draw2,40.19147327975626,-4.999999999999997,lesion_prox,427,0.9846658205517762,0.21867924557637838,1.00973263225145,1.036297438527183,1.036297438527183,0.34963747670248824,1,0.004039002682707263,1
368_left_LAD_mid_10mm_80ds_leaky_negative_draw2,45.19147327975625,0.0,throat,437,0.7621257903870087,0.20698496311316328,1.1482244893700027,1.0234014144841574,1.0234014144841574,0.3436089299536081,1,0.004363668573912416,1
368_left_LAD_mid_10mm_80ds_leaky_negative_draw2,50.19147327975625,4.999999999999997,lesion_dist,447,0.6964987407116475,0.19898821674746633,1.0598448380459953,1.0105841634656711,1.0105841634656711,0.343062761911213,1,0.003786963685866629,1
368_left_LAD_mid_10mm_80ds_leaky_negative_draw2,55.0,9.808526720243744,grid,456,0.6958033770926118,0.19220704654967552,0.9533795077428379,0.9992497311182061,0.9992497311182061,0.3427763655231199,1,0.0039055107220591742,1
368_left_LAD_mid_10mm_80ds_leaky_negative_draw2,60.0,14.808526720243743,grid,465,0.6949951144746643,0.18488985662860832,1.0612931887404504,0.98670764307207,0.98670764307207,0.342461136246377,1,0.0046752113903143645,1
368_left_LAD_mid_10mm_80ds_leaky_negative_draw2,65.0,19.808526720243748,grid,473,0.694106030163494,0.1777413329761218,0.8862725892665265,0.9741241091186493,0.9741241091186493,0.3421442463337491,1,0.004627813360656647,1
368_left_LAD_mid_10mm_80ds_leaky_negative_draw2,70.63399512652039,25.442521846764127,measurement,483,0.6929001173078596,0.16977969803074333,0.9423415567003152,0.9596897402077347,0.9596897402077347,0.3417880588254392,1,0.004374778966194935,1
368_left_LAD_mid_10mm_80ds_leaky_negative_draw2,75.0,29.80852672024374,grid,490,0.6923845181338182,0.16423322181542602,1.0948354960200564,0.9493567691161546,0.9493567691161546,0.34153588619326763,1,0.004410041832125002,1
368_left_LAD_mid_10mm_80ds_leaky_negative_draw2,80.0,34.80852672024375,grid,500,0.6915955162354472,0.15705645115570746,0.8935728993702032,0.9356310721998241,0.9356310721998241,0.34119727628030383,1,0.004305556706112437,1
368_left_LAD_mid_10mm_80ds_leaky_negative_draw2,85.0,39.80852672024375,grid,509,0.690675464403991,0.15068627945089327,0.9320286330274401,0.9230832557141988,0.9230832557141988,0.34089040311951063,1,0.004251675722658033,1
368_left_LAD_mid_10mm_80ds_leaky_negative_draw2,90.0,44.80852672024374,grid,518,0.6899600353286847,0.14488278998632742,0.8961164258119215,0.9113316678467123,0.9113316678467123,0.34060506311039157,1,0.00437324536825383,1
368_left_LAD_mid_10mm_80ds_leaky_negative_draw2,95.0,49.80852672024375,grid,527,0.6889353090989775,0.1391243091916326,0.9543617541217173,0.8993465598009002,0.8993465598009002,0.3403184324575296,1,0.004629643039783579,1
368_left_LAD_mid_10mm_80ds_leaky_negative_draw2,100.0,54.80852672024375,grid,537,0.6878848576798385,0.13302694359854006,0.7535724489396011,0.8862790442579885,0.8862790442579885,0.34001012922746426,1,0.005217877121166554,1
368_left_LAD_mid_10mm_80ds_leaky_negative_draw2,105.0,59.80852672024374,grid,545,0.6861408807313704,0.12742566771661734,0.7664302080068933,0.8738966242288784,0.8738966242288784,0.33973509891024356,1,0.005504218432890521,1
368_left_LAD_mid_10mm_80ds_leaky_negative_draw2,110.0,64.80852672024375,grid,554,0.684840721226711,0.1216778507922748,0.9199902837770061,0.860780428733945,0.860780428733945,0.33946739089612754,1,0.004800283304579795,1
368_left_LAD_mid_10mm_80ds_leaky_negative_draw2,115.0,69.80852672024375,grid,562,0.6842729350823027,0.11670792309353728,0.9420339000500513,0.8490910297949883,0.8490910297949883,0.3392354788489166,1,0.005459272188747648,1
368_left_LAD_mid_10mm_80ds_leaky_negative_draw2,120.0,74.80852672024373,grid,573,0.683344999376569,0.11118104782439375,0.8582083809990857,0.8356864052221871,0.8356864052221871,0.338972475906372,1,0.003974691331401597,1
368_left_LAD_mid_10mm_80ds_leaky_negative_draw2,125.0,79.80852672024375,grid,584,0.6820350702357975,0.10636978544338582,0.7578931389060964,0.823635864376122,0.823635864376122,0.33874759447920416,1,0.003924585445679788,1
368_left_LAD_mid_10mm_80ds_leaky_negative_draw2,130.0,84.80852672024375,grid,597,0.6795667001288592,0.10149344092610357,0.526622448577105,0.8110208209326786,0.8110208209326786,0.3385366167878633,1,0.0036893328740756253,1
368_left_LAD_mid_10mm_80ds_leaky_negative_draw2,135.0,89.80852672024375,grid,610,0.6726060715230093,0.09670027135211684,0.49768109945878936,0.7981278393475245,0.7981278393475245,0.3384340088692312,0,,1
368_left_LAD_mid_10mm_80ds_discrete_negative_draw0,0.0,-45.19147327975625,grid,28,0.9968848368714767,1.446591757314911,1.5265833846863286,1.4924765800713695,1.4924765800713695,0.7742604860576194,1,0.08029608225157683,1
368_left_LAD_mid_10mm_80ds_discrete_negative_draw0,5.0,-40.19147327975626,grid,140,0.9943532190911089,0.8591632792923937,0.9529092527740987,0.9984824632965537,1.0268157035304784,1.5357413101637,1,0.0,1
368_left_LAD_mid_10mm_80ds_discrete_negative_draw0,10.0,-35.19147327975625,grid,152,0.9904849241769271,0.8591632792919831,1.1194375295565393,0.9984824632965537,1.1024137676589734,1.535741310162966,1,0.0,1
368_left_LAD_mid_10mm_80ds_discrete_negative_draw0,15.0,-30.191473279756256,grid,163,0.9887904901192334,0.8591632792893368,1.2364079899748872,0.9984824632965537,1.1782298421541366,1.5357413101582358,1,0.0,1
368_left_LAD_mid_10mm_80ds_discrete_negative_draw0,20.0,-25.191473279756256,grid,385,0.9870061864615104,0.33123623305637767,1.0870621084203396,1.0861994636715218,1.0861994636715218,0.459909911796617,1,0.0028767629167520867,1
368_left_LAD_mid_10mm_80ds_discrete_negative_draw0,25.0,-20.191473279756256,grid,396,0.9857091119543321,0.3312362330572706,0.9308751444351832,1.0740332675257018,1.0740332675257018,0.47571661584178854,1,0.0029053062793793108,1
368_left_LAD_mid_10mm_80ds_discrete_negative_draw0,30.0,-15.191473279756257,grid,408,0.9833420132987174,0.3312362330566315,0.9807079322410577,1.0608797716134908,1.0608797716134908,0.4936316709001563,1,0.0033934982074152386,1
368_left_LAD_mid_10mm_80ds_discrete_negative_draw0,35.0,-10.191473279756252,grid,417,0.9821465630123632,0.3312362330566558,0.9828284551602442,1.0494215719240787,1.0494215719240787,0.5099781386745211,1,0.0036213402678065025,1
368_left_LAD_mid_10mm_80ds_discrete_negative_draw0,40.19147327975626,-4.999999999999997,lesion_prox,427,0.9800844793736807,0.3312362330562189,1.00973263225145,1.036297438527183,1.036297438527183,0.5296003304427154,1,0.004039002682707263,1
368_left_LAD_mid_10mm_80ds_discrete_negative_draw0,45.19147327975625,0.0,throat,437,0.4773393652249617,0.3312362330568892,1.1482244893700027,1.0234014144841574,1.0234014144841574,0.5498743768179724,1,0.004363668573912416,1
368_left_LAD_mid_10mm_80ds_discrete_negative_draw0,50.19147327975625,4.999999999999997,lesion_dist,447,0.37156461065902563,0.3312362330568154,1.0598448380459953,1.0105841634656711,1.0105841634656711,0.5710630449126037,1,0.003786963685866629,1
368_left_LAD_mid_10mm_80ds_discrete_negative_draw0,55.0,9.808526720243744,grid,456,0.37038299309855655,0.33123623305740585,0.9533795077428379,0.9992497311182061,0.9992497311182061,0.5907169072890494,1,0.0039055107220591742,1
368_left_LAD_mid_10mm_80ds_discrete_negative_draw0,60.0,14.808526720243743,grid,465,0.36896246650967535,0.3312362330578496,1.0612931887404504,0.98670764307207,0.98670764307207,0.6135303407521213,1,0.0046752113903143645,1
368_left_LAD_mid_10mm_80ds_discrete_negative_draw0,65.0,19.808526720243748,grid,473,0.3673296425775249,0.3312362330575738,0.8862725892665265,0.9741241091186493,0.9741241091186493,0.6376151760555254,1,0.004627813360656647,1
368_left_LAD_mid_10mm_80ds_discrete_negative_draw0,70.63399512652039,25.442521846764127,measurement,483,0.3650263935404513,0.3312362330575218,0.9423415567003152,0.9596897402077347,0.9596897402077347,0.6668205352142921,1,0.004374778966194935,1
368_left_LAD_mid_10mm_80ds_discrete_negative_draw0,75.0,29.80852672024374,grid,490,0.36400316456897425,0.33123623305724365,1.0948354960200564,0.9493567691161546,0.9493567691161546,0.6888317670809982,1,0.004410041832125002,1
368_left_LAD_mid_10mm_80ds_discrete_negative_draw0,80.0,34.80852672024375,grid,500,0.3623671709378698,0.3312362330577782,0.8935728993702032,0.9356310721998241,0.9356310721998241,0.7195941312376636,1,0.004305556706112437,1
368_left_LAD_mid_10mm_80ds_discrete_negative_draw0,85.0,39.80852672024375,grid,509,0.36038236641210325,0.3312362330576521,0.9320286330274401,0.9230832557141988,0.9230832557141988,0.749339975917375,1,0.004251675722658033,1
368_left_LAD_mid_10mm_80ds_discrete_negative_draw0,90.0,44.80852672024374,grid,518,0.35877479662032163,0.33123623305753597,0.8961164258119215,0.9113316678467123,0.9113316678467123,0.7787035166540988,1,0.00437324536825383,1
368_left_LAD_mid_10mm_80ds_discrete_negative_draw0,95.0,49.80852672024375,grid,527,0.3563827293800664,0.33123623305734173,0.9543617541217173,0.8993465598009002,0.8993465598009002,0.8102523294612785,1,0.004629643039783579,1
368_left_LAD_mid_10mm_80ds_discrete_negative_draw0,100.0,54.80852672024375,grid,537,0.3538083259693267,0.3312362330571632,0.7535724489396011,0.8862790442579885,0.8862790442579885,0.84662303259759,1,0.005217877121166554,1
368_left_LAD_mid_10mm_80ds_discrete_negative_draw0,105.0,59.80852672024374,grid,545,0.34936099437379164,0.3312362330571911,0.7664302080068933,0.8738966242288784,0.8738966242288784,0.8831232860447167,1,0.005504218432890521,1
368_left_LAD_mid_10mm_80ds_discrete_negative_draw0,110.0,64.80852672024375,grid,554,0.3459022481620214,0.3312362330571575,0.9199902837770061,0.860780428733945,0.860780428733945,0.9241114884428402,1,0.004800283304579795,1
368_left_LAD_mid_10mm_80ds_discrete_negative_draw0,115.0,69.80852672024375,grid,562,0.344320461495013,0.33123623305722694,0.9420339000500513,0.8490910297949883,0.8490910297949883,0.9628059445734584,1,0.005459272188747648,1
368_left_LAD_mid_10mm_80ds_discrete_negative_draw0,120.0,74.80852672024373,grid,573,0.3416132596618447,0.3312362330572233,0.8582083809990857,0.8356864052221871,0.8356864052221871,1.0098840425271847,1,0.003974691331401597,1
368_left_LAD_mid_10mm_80ds_discrete_negative_draw0,125.0,79.80852672024375,grid,584,0.33760970799379675,0.3312362330573574,0.7578931389060964,0.823635864376122,0.823635864376122,1.0548623059153677,1,0.003924585445679788,1
368_left_LAD_mid_10mm_80ds_discrete_negative_draw0,130.0,84.80852672024375,grid,597,0.3296669675397725,0.33123623305732636,0.526622448577105,0.8110208209326786,0.8110208209326786,1.1048555716859412,1,0.0036893328740756253,1
368_left_LAD_mid_10mm_80ds_discrete_negative_draw0,135.0,89.80852672024375,grid,610,0.3028987335448531,0.3312362330574019,0.49768109945878936,0.7981278393475245,0.7981278393475245,1.1592687866217195,0,,1
368_left_LAD_mid_10mm_80ds_discrete_negative_draw1,0.0,-45.19147327975625,grid,28,0.9973037515203681,1.265427257381807,1.5265833846863286,1.4924765800713695,1.4924765800713695,0.6772956630069547,1,0.08029608225157683,1
368_left_LAD_mid_10mm_80ds_discrete_negative_draw1,5.0,-40.19147327975626,grid,140,0.9950644523231039,0.7699832273207211,0.9529092527740987,0.9984824632965537,1.0268157035304784,1.3763333220007963,1,0.0,1
368_left_LAD_mid_10mm_80ds_discrete_negative_draw1,10.0,-35.19147327975625,grid,152,0.9915976814845006,0.769983227319087,1.1194375295565393,0.9984824632965537,1.1024137676589734,1.3763333219978755,1,0.0,1
368_left_LAD_mid_10mm_80ds_discrete_negative_draw1,15.0,-30.191473279756256,grid,163,0.9900791275196471,0.7699832273194696,1.2364079899748872,0.9984824632965537,1.1782298421541366,1.3763333219985592,1,0.0,1
368_left_LAD_mid_10mm_80ds_discrete_negative_draw1,20.0,-25.191473279756256,grid,385,0.9884498227119872,0.31989588441715655,1.0870621084203396,1.0861994636715218,1.0861994636715218,0.44416423477848904,1,0.0028767629167520867,1
368_left_LAD_mid_10mm_80ds_discrete_negative_draw1,25.0,-20.191473279756256,grid,396,0.9871971554152967,0.319895884417551,0.9308751444351832,1.0740332675257018,1.0740332675257018,0.459429773585553,1,0.0029053062793793108,1
368_left_LAD_mid_10mm_80ds_discrete_negative_draw1,30.0,-15.191473279756257,grid,408,0.9849110977852173,0.31989588441560557,0.9807079322410577,1.0608797716134908,1.0608797716134908,0.4767314809764807,1,0.0033934982074152386,1
368_left_LAD_mid_10mm_80ds_discrete_negative_draw1,35.0,-10.191473279756252,grid,417,0.9837565754580591,0.3198958844146743,0.9828284551602442,1.0494215719240787,1.0494215719240787,0.49251830392459317,1,0.0036213402678065025,1
368_left_LAD_mid_10mm_80ds_discrete_negative_draw1,40.19147327975626,-4.999999999999997,lesion_prox,427,0.9817650902173077,0.31989588441482686,1.00973263225145,1.036297438527183,1.036297438527183,0.511468701748588,1,0.004039002682707263,1
368_left_LAD_mid_10mm_80ds_discrete_negative_draw1,45.19147327975625,0.0,throat,437,0.5091905029960535,0.31989588441557615,1.1482244893700027,1.0234014144841574,1.0234014144841574,0.5310486369993168,1,0.004363668573912416,1
368_left_LAD_mid_10mm_80ds_discrete_negative_draw1,50.19147327975625,4.999999999999997,lesion_dist,447,0.40703709922002645,0.3198958844153442,1.0598448380459953,1.0105841634656711,1.0105841634656711,0.5515118805795092,1,0.003786963685866629,1
368_left_LAD_mid_10mm_80ds_discrete_negative_draw1,55.0,9.808526720243744,grid,456,0.4058959360354958,0.3198958844161943,0.9533795077428379,0.9992497311182061,0.9992497311182061,0.5704928647225616,1,0.0039055107220591742,1
368_left_LAD_mid_10mm_80ds_discrete_negative_draw1,60.0,14.808526720243743,grid,465,0.40452404321660884,0.31989588441613165,1.0612931887404504,0.98670764307207,0.98670764307207,0.5925252474923332,1,0.0046752113903143645,1
368_left_LAD_mid_10mm_80ds_discrete_negative_draw1,65.0,19.808526720243748,grid,473,0.4029471213592109,0.3198958844158837,0.8862725892665265,0.9741241091186493,0.9741241091186493,0.615785503833509,1,0.004627813360656647,1
368_left_LAD_mid_10mm_80ds_discrete_negative_draw1,70.63399512652039,25.442521846764127,measurement,483,0.40072272736419506,0.3198958844160279,0.9423415567003152,0.9596897402077347,0.9596897402077347,0.6439909755346768,1,0.004374778966194935,1
368_left_LAD_mid_10mm_80ds_discrete_negative_draw1,75.0,29.80852672024374,grid,490,0.39973453010760457,0.3198958844157466,1.0948354960200564,0.9493567691161546,0.9493567691161546,0.6652486212338862,1,0.004410041832125002,1
368_left_LAD_mid_10mm_80ds_discrete_negative_draw1,80.0,34.80852672024375,grid,500,0.3981545470704529,0.31989588441607975,0.8935728993702032,0.9356310721998241,0.9356310721998241,0.6949577916276434,1,0.004305556706112437,1
368_left_LAD_mid_10mm_80ds_discrete_negative_draw1,85.0,39.80852672024375,grid,509,0.39623769518108737,0.3198958844158947,0.9320286330274401,0.9230832557141988,0.9230832557141988,0.7236852445503809,1,0.004251675722658033,1
368_left_LAD_mid_10mm_80ds_discrete_negative_draw1,90.0,44.80852672024374,grid,518,0.3946851628522553,0.3198958844158123,0.8961164258119215,0.9113316678467123,0.9113316678467123,0.7520434822554469,1,0.00437324536825383,1
368_left_LAD_mid_10mm_80ds_discrete_negative_draw1,95.0,49.80852672024375,grid,527,0.39237499147293403,0.31989588441567895,0.9543617541217173,0.8993465598009002,0.8993465598009002,0.7825121761000379,1,0.004629643039783579,1
368_left_LAD_mid_10mm_80ds_discrete_negative_draw1,100.0,54.80852672024375,grid,537,0.38988872646406114,0.3198958844154507,0.7535724489396011,0.8862790442579885,0.8862790442579885,0.8176376759258647,1,0.005217877121166554,1
368_left_LAD_mid_10mm_80ds_discrete_negative_draw1,105.0,59.80852672024374,grid,545,0.38559365565942216,0.31989588441547967,0.7664302080068933,0.8738966242288784,0.8738966242288784,0.8528882907215096,1,0.005504218432890521,1
368_left_LAD_mid_10mm_80ds_discrete_negative_draw1,110.0,64.80852672024375,grid,554,0.38225332459669087,0.31989588441542083,0.9199902837770061,0.860780428733945,0.860780428733945,0.8924732030836185,1,0.004800283304579795,1
368_left_LAD_mid_10mm_80ds_discrete_negative_draw1,115.0,69.80852672024375,grid,562,0.38072569267028883,0.3198958844156212,0.9420339000500513,0.8490910297949883,0.8490910297949883,0.9298428988797612,1,0.005459272188747648,1
368_left_LAD_mid_10mm_80ds_discrete_negative_draw1,120.0,74.80852672024373,grid,573,0.37811117578389714,0.3198958844155555,0.8582083809990857,0.8356864052221871,0.8356864052221871,0.9753092104678652,1,0.003974691331401597,1
368_left_LAD_mid_10mm_80ds_discrete_negative_draw1,125.0,79.80852672024375,grid,584,0.3742446914629266,0.3198958844155949,0.7578931389060964,0.823635864376122,0.823635864376122,1.0187475783455056,1,0.003924585445679788,1
368_left_LAD_mid_10mm_80ds_discrete_negative_draw1,130.0,84.80852672024375,grid,597,0.36657388214725817,0.31989588441551264,0.526622448577105,0.8110208209326786,0.8110208209326786,1.0670292527892384,1,0.0036893328740756253,1
368_left_LAD_mid_10mm_80ds_discrete_negative_draw1,135.0,89.80852672024375,grid,610,0.3408825126601428,0.3198958844155819,0.49768109945878936,0.7981278393475245,0.7981278393475245,1.1195795530843011,0,,1
368_left_LAD_mid_10mm_80ds_discrete_negative_draw2,0.0,-45.19147327975625,grid,28,0.9974869612486839,1.186193827326572,1.5265833846863286,1.4924765800713695,1.4924765800713695,0.6348874896184594,1,0.08029608225157683,1
368_left_LAD_mid_10mm_80ds_discrete_negative_draw2,5.0,-40.19147327975626,grid,140,0.9953766802733489,0.7301077652462499,0.9529092527740987,0.9984824632965537,1.0268157035304784,1.305056539291848,1,0.0,1
368_left_LAD_mid_10mm_80ds_discrete_negative_draw2,10.0,-35.19147327975625,grid,152,0.9920894446300476,0.7301077652445802,1.1194375295565393,0.9984824632965537,1.1024137676589734,1.3050565392888638,1,0.0,1
368_left_LAD_mid_10mm_80ds_discrete_negative_draw2,15.0,-30.191473279756256,grid,163,0.9906495326912638,0.7301077652414486,1.2364079899748872,0.9984824632965537,1.1782298421541366,1.305056539283266,1,0.0,1
368_left_LAD_mid_10mm_80ds_discrete_negative_draw2,20.0,-25.191473279756256,grid,385,0.9890908065077251,0.313854036161627,1.0870621084203396,1.0861994636715218,1.0861994636715218,0.43577534002307694,1,0.0028767629167520867,1
368_left_LAD_mid_10mm_80ds_discrete_negative_draw2,25.0,-20.191473279756256,grid,396,0.9878617982391411,0.3138540361623011,0.9308751444351832,1.0740332675257018,1.0740332675257018,0.4507525598070708,1,0.0029053062793793108,1
368_left_LAD_mid_10mm_80ds_discrete_negative_draw2,30.0,-15.191473279756257,grid,408,0.9856189171986153,0.31385403616172775,0.9807079322410577,1.0608797716134908,1.0608797716134908,0.4677274912216009,1,0.0033934982074152386,1
368_left_LAD_mid_10mm_80ds_discrete_negative_draw2,35.0,-10.191473279756252,grid,417,0.9844862002432865,0.3138540361607915,0.9828284551602442,1.0494215719240787,1.0494215719240787,0.4832161496939536,1,0.0036213402678065025,1
368_left_LAD_mid_10mm_80ds_discrete_negative_draw2,40.19147327975626,-4.999999999999997,lesion_prox,427,0.9825323280266829,0.31385403616043295,1.00973263225145,1.036297438527183,1.036297438527183,0.5018086328530796,1,0.004039002682707263,1
368_left_LAD_mid_10mm_80ds_discrete_negative_draw2,45.19147327975625,0.0,throat,437,0.5256566917337765,0.31385403616128044,1.1482244893700027,1.0234014144841574,1.0234014144841574,0.5210187634163473,1,0.004363668573912416,1
368_left_LAD_mid_10mm_80ds_discrete_negative_draw2,50.19147327975625,4.999999999999997,lesion_dist,447,0.4254326512110533,0.3138540361611459,1.0598448380459953,1.0105841634656711,1.0105841634656711,0.5410955193345406,1,0.003786963685866629,1
368_left_LAD_mid_10mm_80ds_discrete_negative_draw2,55.0,9.808526720243744,grid,456,0.4243130410852834,0.3138540361621637,0.9533795077428379,0.9992497311182061,0.9992497311182061,0.5597180111324588,1,0.0039055107220591742,1
368_left_LAD_mid_10mm_80ds_discrete_negative_draw2,60.0,14.808526720243743,grid,465,0.42296705909750115,0.313854036162536,1.0612931887404504,0.98670764307207,0.98670764307207,0.5813342700331922,1,0.0046752113903143645,1
368_left_LAD_mid_10mm_80ds_discrete_negative_draw2,65.0,19.808526720243748,grid,473,0.42141992043843346,0.31385403616191215,0.8862725892665265,0.9741241091186493,0.9741241091186493,0.6041552117528499,1,0.004627813360656647,1
368_left_LAD_mid_10mm_80ds_discrete_negative_draw2,70.63399512652039,25.442521846764127,measurement,483,0.4192375383967738,0.3138540361621973,0.9423415567003152,0.9596897402077347,0.9596897402077347,0.6318279689423297,1,0.004374778966194935,1
368_left_LAD_mid_10mm_80ds_discrete_negative_draw2,75.0,29.80852672024374,grid,490,0.41826800514356743,0.31385403616168855,1.0948354960200564,0.9493567691161546,0.9493567691161546,0.6526841231689694,1,0.004410041832125002,1
368_left_LAD_mid_10mm_80ds_discrete_negative_draw2,80.0,34.80852672024375,grid,500,0.4167178631210069,0.3138540361620808,0.8935728993702032,0.9356310721998241,0.9356310721998241,0.6818321788126716,1,0.004305556706112437,1
368_left_LAD_mid_10mm_80ds_discrete_negative_draw2,85.0,39.80852672024375,grid,509,0.41483721466158724,0.3138540361614331,0.9320286330274401,0.9230832557141988,0.9230832557141988,0.7100170586043504,1,0.004251675722658033,1
368_left_LAD_mid_10mm_80ds_discrete_negative_draw2,90.0,44.80852672024374,grid,518,0.41331400488799297,0.3138540361612768,0.8961164258119215,0.9113316678467123,0.9113316678467123,0.7378396965177918,1,0.00437324536825383,1
368_left_LAD_mid_10mm_80ds_discrete_negative_draw2,95.0,49.80852672024375,grid,527,0.41104746553270166,0.31385403616117286,0.9543617541217173,0.8993465598009002,0.8993465598009002,0.7677329305528948,1,0.004629643039783579,1
368_left_LAD_mid_10mm_80ds_discrete_negative_draw2,100.0,54.80852672024375,grid,537,0.40860815841430564,0.3138540361608093,0.7535724489396011,0.8862790442579885,0.8862790442579885,0.802195017842755,1,0.005217877121166554,1
368_left_LAD_mid_10mm_80ds_discrete_negative_draw2,105.0,59.80852672024374,grid,545,0.40439420827207184,0.31385403616086344,0.7664302080068933,0.8738966242288784,0.8738966242288784,0.8367798570663093,1,0.005504218432890521,1
368_left_LAD_mid_10mm_80ds_discrete_negative_draw2,110.0,64.80852672024375,grid,554,0.40111696577779254,0.3138540361607762,0.9199902837770061,0.860780428733945,0.860780428733945,0.8756171323210277,1,0.004800283304579795,1
368_left_LAD_mid_10mm_80ds_discrete_negative_draw2,115.0,69.80852672024375,grid,562,0.3996181861146991,0.3138540361606579,0.9420339000500513,0.8490910297949883,0.8490910297949883,0.9122810296289282,1,0.005459272188747648,1
368_left_LAD_mid_10mm_80ds_discrete_negative_draw2,120.0,74.80852672024373,grid,573,0.3970530494018493,0.3138540361604479,0.8582083809990857,0.8356864052221871,0.8356864052221871,0.9568886225874633,1,0.003974691331401597,1
368_left_LAD_mid_10mm_80ds_discrete_negative_draw2,125.0,79.80852672024375,grid,584,0.39325959106428754,0.31385403616050195,0.7578931389060964,0.823635864376122,0.823635864376122,0.9995065734483919,1,0.003924585445679788,1
368_left_LAD_mid_10mm_80ds_discrete_negative_draw2,130.0,84.80852672024375,grid,597,0.3857336597171557,0.3138540361606727,0.526622448577105,0.8110208209326786,0.8110208209326786,1.0468763557283496,1,0.0036893328740756253,1
368_left_LAD_mid_10mm_80ds_discrete_negative_draw2,135.0,89.80852672024375,grid,610,0.3606113722172488,0.31385403616072827,0.49768109945878936,0.7981278393475245,0.7981278393475245,1.0984341426601252,0,,1
621_left_LAD_mid_20mm_80ds_leaky_negative_draw0,0.0,-44.80585835989483,grid,55,0.9967317913868388,1.8699261516911536,1.9172093010599178,1.8989792845345903,1.8989792845345903,0.4858782497626914,1,0.06387054157856224,1
621_left_LAD_mid_20mm_80ds_leaky_negative_draw0,5.0,-39.80585835989483,grid,368,0.9959253074754354,0.9594969254430699,1.4811583280845635,1.5154553260255357,1.5154553260255357,0.4905438742829374,1,0.04041658939275528,1
621_left_LAD_mid_20mm_80ds_leaky_negative_draw0,10.0,-34.80585835989483,grid,378,0.9951680085475865,0.6949218398786841,1.326727726202874,1.289495191591557,1.289495191591557,0.5766874020025179,1,0.04552380142005724,1
621_left_LAD_mid_20mm_80ds_leaky_negative_draw0,15.0,-29.805858359894827,grid,389,0.9927188241309258,0.5038510020748699,0.6879873218868638,1.0561570928000215,1.0561570928000215,0.7609922802747631,2,-1.2941704734859485,1
621_left_LAD_mid_20mm_80ds_leaky_negative_draw0,20.0,-24.805858359894827,grid,599,0.9910002519591741,0.16784625695493918,1.0466176288917148,1.0631143064123694,1.0631143064123694,0.2485624137273525,1,0.002031908958701404,1
621_left_LAD_mid_20mm_80ds_leaky_negative_draw0,25.0,-19.805858359894824,grid,610,0.9904477641898669,0.16247515955005493,1.0920750962582007,1.055010626105792,1.055010626105792,0.2461955251264797,1,0.0020754864519158182,1
621_left_LAD_mid_20mm_80ds_leaky_negative_draw0,30.0,-14.805858359894827,grid,621,0.9898560022360873,0.15718550988771404,0.9675146642982569,1.0469016436848122,1.0469016436848122,0.24375781462741622,1,0.00217783226431438,1
621_left_LAD_mid_20mm_80ds_leaky_negative_draw0,34.80585835989483,-10.000000000000002,lesion_prox,630,0.9892764389186911,0.1524118266358041,1.0353312663276073,1.0394691753524727,1.0394691753524727,0.24146128467104158,1,0.0019585452734315546,1
621_left_LAD_mid_20mm_80ds_leaky_negative_draw0,40.0,-4.805858359894826,grid,641,0.9877427090303316,0.14697159704706286,1.0292319098694054,1.0308606440844175,1.0308606440844175,0.23872462463562952,1,0.0020840699210622625,1
621_left_LAD_mid_20mm_80ds_leaky_negative_draw0,44.80585835989483,0.0,throat,651,0.8072175163620572,0.14227013551456308,1.0134982441978122,1.0231329683463528,1.0231329683463528,0.23636392448828714,1,0.0024508319069183313,1
621_left_LAD_mid_20mm_80ds_leaky_negative_draw0,50.0,5.194141640105176,grid,662,0.7023306121950701,0.13862506024964916,1.0563901989210014,1.0148955447000763,1.0148955447000763,0.23596163368177772,1,0.0019261831297411162,1
621_left_LAD_mid_20mm_80ds_leaky_negative_draw0,54.80585835989483,10.000000000000002,lesion_dist,673,0.7013759177755665,0.13536233348272556,1.1411228580974924,1.0070771131791854,1.0070771131791854,0.23581603776307913,1,0.0021643207227550173,1
621_left_LAD_mid_20mm_80ds_leaky_negative_draw0,60.0,15.19414164010517,grid,682,0.7009042584248791,0.13201218866174153,1.0170031489662523,0.9989142574812052,0.9989142574812052,0.23566391070782283,1,0.002689446575768258,1
621_left_LAD_mid_20mm_80ds_leaky_negative_draw0,65.0,20.194141640105176,grid,691,0.7002845145754117,0.12879559656864448,0.9455038596136514,0.990942578104578,0.990942578104578,0.23551535739369864,1,0.0024181137782929023,1
621_left_LAD_mid_20mm_80ds_leaky_negative_draw0,70.0,25.19414164010518,grid,700,0.6994817044689006,0.1255625387318907,0.9040610588930621,0.982789608996676,0.982789608996676,0.23536512078789384,1,0.0028908185272981213,1
621_left_LAD_mid_20mm_80ds_leaky_negative_draw0,75.23497995590162,30.429121596006787,measurement,709,0.6984557728575855,0.12221083578354694,0.879202204113203,0.9741801852139339,0.9741801852139339,0.2352098599064148,1,0.0031075199522438406,1
621_left_LAD_mid_20mm_80ds_leaky_negative_draw0,80.0,35.19414164010517,grid,716,0.6979225046293663,0.11944264547671721,0.9484807598763866,0.966943651747479,0.966943651747479,0.23508212010617804,1,0.003138694866069423,1
621_left_LAD_mid_20mm_80ds_leaky_negative_draw0,85.0,40.19414164010518,grid,725,0.6973195386298824,0.11626061795940924,0.916181764981378,0.9584816661769016,0.9584816661769016,0.23493346339535562,1,0.0028598529171487102,1
621_left_LAD_mid_20mm_80ds_leaky_negative_draw0,90.0,45.19414164010517,grid,734,0.6961843555755411,0.1134101887710594,0.8319695785290472,0.9507630451862612,0.9507630451862612,0.23480042509099222,1,0.00272146778444888,1
621_left_LAD_mid_20mm_80ds_leaky_negative_draw0,95.0,50.19414164010517,grid,743,0.6954939798112245,0.11045661977598012,0.8742314979512024,0.9426180784134561,0.9426180784134561,0.23466490206815133,1,0.002847608458215187,1
621_left_LAD_mid_20mm_80ds_leaky_negative_draw0,100.0,55.19414164010518,grid,752,0.6949420470474321,0.10764241208479174,0.970315554375678,0.9347160256599406,0.9347160256599406,0.23453520360429655,1,0.0027024763613713644,1
621_left_LAD_mid_20mm_80ds_leaky_negative_draw0,105.0,60.19414164010517,grid,762,0.6944127039546648,0.10465823643337667,0.959753143966306,0.9261811017311674,0.9261811017311674,0.23439554397058462,1,0.0028679539113541943,1
621_left_LAD_mid_20mm_80ds_leaky_negative_draw0,110.0,65.19414164010517,grid,771,0.6938720714018409,0.10204286867100382,0.971918680250037,0.918563076215489,0.918563076215489,0.23427146411411073,1,0.0027761371025727664,1
621_left_LAD_mid_20mm_80ds_leaky_negative_draw0,115.0,70.19414164010517,grid,781,0.6932055728000911,0.09925812456926933,0.8607130707918059,0.9103031041544561,0.9103031041544561,0.23413787828452653,1,0.0027338972585100162,1
621_left_LAD_mid_20mm_80ds_leaky_negative_draw0,120.0,75.19414164010517,grid,791,0.6924393655740951,0.09651260225378373,0.7531885350259482,0.9020008535489008,0.9020008535489008,0.23400593074853446,1,0.002837795759339623,1
621_left_LAD_mid_20mm_80ds_leaky_negative_draw0,125.0,80.19414164010517,grid,800,0.691343432218698,0.09404746146681171,0.8756099063141816,0.8944016792511943,0.8944016792511943,0.23389069488623587,1,0.002812846314647494,1
621_left_LAD_mid_20mm_80ds_leaky_negative_draw0,130.0,85.19414164010517,grid,809,0.6908296240609441,0.09130019780584543,0.921177015520069,0.8857668983432604,0.8857668983432604,0.23376369518392287,1,0.0036543156676383365,1
621_left_LAD_mid_20mm_80ds_leaky_negative_draw0,135.0,90.19414164010519,grid,817,0.6893900161482117,0.08891766452527783,0.6783295665819867,0.8781307011775241,0.8781307011775241,0.23365455292629764,1,0.0030991002452021377,1
621_left_LAD_mid_20mm_80ds_leaky_negative_draw0,140.0,95.19414164010519,grid,827,0.6869204216974202,0.08632747280838804,0.5735789982475618,0.8696517228761712,0.8696517228761712,0.23354825501102416,1,0.0023595612164973474,1
621_left_LAD_mid_20mm_80ds_leaky_negative_draw0,145.0,100.19414164010516,grid,839,0.6831209588831181,0.08409055287271164,0.5117307503358333,0.8621560865031879,0.8621560865031879,0.23348188815855672,1,0.002110425006169866,1
621_left_LAD_mid_20mm_80ds_leaky_negative_draw1,0.0,-44.80585835989483,grid,55,0.996465060463959,2.021068926208132,1.9172093010599178,1.8989792845345903,1.8989792845345903,0.5251509165897587,1,0.06387054157856224,1
621_left_LAD_mid_20mm_80ds_leaky_negative_draw1,5.0,-39.80585835989483,grid,368,0.9955946093123118,1.0345414321988275,1.4811583280845635,1.5154553260255357,1.5154553260255357,0.5289104621389874,1,0.04041658939275528,1
621_left_LAD_mid_20mm_80ds_leaky_negative_draw1,10.0,-34.80585835989483,grid,378,0.9947789026735002,0.7478340795153059,1.326727726202874,1.289495191591557,1.289495191591557,0.6205971199867807,1,0.04552380142005724,1
621_left_LAD_mid_20mm_80ds_leaky_negative_draw1,15.0,-29.805858359894827,grid,389,0.9921482061484447,0.5407970966259908,0.6879873218868638,1.0561570928000215,1.0561570928000215,0.8167938815892857,2,-1.2941704734859485,1
621_left_LAD_mid_20mm_80ds_leaky_negative_draw1,20.0,-24.805858359894827,grid,599,0.9903142181112303,0.17709131323191163,1.0466176288917148,1.0631143064123694,1.0631143064123694,0.26225335652786075,1,0.002031908958701404,1
621_left_LAD_mid_20mm_80ds_leaky_negative_draw1,25.0,-19.805858359894824,grid,610,0.9897315682235837,0.17127306935086803,1.0920750962582007,1.055010626105792,1.055010626105792,0.2595268308437656,1,0.0020754864519158182,1
621_left_LAD_mid_20mm_80ds_leaky_negative_draw1,30.0,-14.805858359894827,grid,621,0.9891081057532175,0.16554323229327478,0.9675146642982569,1.0469016436848122,1.0469016436848122,0.2567186794698397,1,0.00217783226431438,1
621_left_LAD_mid_20mm_80ds_leaky_negative_draw1,34.80585835989483,-10.000000000000002,lesion_prox,630,0.9884980072580636,0.16037248747829352,1.0353312663276073,1.0394691753524727,1.0394691753524727,0.25407311038225183,1,0.0019585452734315546,1
621_left_LAD_mid_20mm_80ds_leaky_negative_draw1,40.0,-4.805858359894826,grid,641,0.9868854514335575,0.1544799912770846,1.0292319098694054,1.0308606440844175,1.0308606440844175,0.25092044090347815,1,0.0020840699210622625,1
621_left_LAD_mid_20mm_80ds_leaky_negative_draw1,44.80585835989483,0.0,throat,651,0.7934978777671221,0.14939354167509253,1.0134982441978122,1.0231329683463528,1.0231329683463528,0.24819856729464362,1,0.0024508319069183313,1
621_left_LAD_mid_20mm_80ds_leaky_negative_draw1,50.0,5.194141640105176,grid,662,0.6833673474025515,0.1455450773493359,1.0563901989210014,1.0148955447000763,1.0148955447000763,0.24774059007687185,1,0.0019261831297411162,1
621_left_LAD_mid_20mm_80ds_leaky_negative_draw1,54.80585835989483,10.000000000000002,lesion_dist,673,0.6823650135062397,0.1421120553988261,1.1411228580974924,1.0070771131791854,1.0070771131791854,0.2475747939643423,1,0.0021643207227550173,1
621_left_LAD_mid_20mm_80ds_leaky_negative_draw1,60.0,15.19414164010517,grid,682,0.6818698512849872,0.13858728306380946,1.0170031489662523,0.9989142574812052,0.9989142574812052,0.24740155763097782,1,0.002689446575768258,1
621_left_LAD_mid_20mm_80ds_leaky_negative_draw1,65.0,20.194141640105176,grid,691,0.681219260383978,0.13520325463637656,0.9455038596136514,0.990942578104578,0.990942578104578,0.2472323874792282,1,0.0024181137782929023,1
621_left_LAD_mid_20mm_80ds_leaky_negative_draw1,70.0,25.19414164010518,grid,700,0.6803765356550373,0.13180221152258506,0.9040610588930621,0.982789608996676,0.982789608996676,0.2470612950998402,1,0.0028908185272981213,1
621_left_LAD_mid_20mm_80ds_leaky_negative_draw1,75.23497995590162,30.429121596006787,measurement,709,0.6792996564557873,0.1282767559477432,0.879202204113203,0.9741801852139339,0.9741801852139339,0.24688447306879516,1,0.0031075199522438406,1
621_left_LAD_mid_20mm_80ds_leaky_negative_draw1,80.0,35.19414164010517,grid,716,0.6787399335222308,0.12536537160311925,0.9484807598763866,0.966943651747479,0.966943651747479,0.24673898695675572,1,0.003138694866069423,1
621_left_LAD_mid_20mm_80ds_leaky_negative_draw1,85.0,40.19414164010518,grid,725,0.6781070871368228,0.12201898356771274,0.916181764981378,0.9584816661769016,0.9584816661769016,0.2465696717658269,1,0.0028598529171487102,1
621_left_LAD_mid_20mm_80ds_leaky_negative_draw1,90.0,45.19414164010517,grid,734,0.6769157132808367,0.11902162180122501,0.8319695785290472,0.9507630451862612,0.9507630451862612,0.24641813664874554,1,0.00272146778444888,1
621_left_LAD_mid_20mm_80ds_leaky_negative_draw1,95.0,50.19414164010517,grid,743,0.676191198365274,0.1159161941323212,0.8742314979512024,0.9426180784134561,0.9426180784134561,0.24626375856279095,1,0.002847608458215187,1
621_left_LAD_mid_20mm_80ds_leaky_negative_draw1,100.0,55.19414164010518,grid,752,0.6756119988174059,0.11295754382466938,0.970315554375678,0.9347160256599406,0.9347160256599406,0.24611600600970815,1,0.0027024763613713644,1
621_left_LAD_mid_20mm_80ds_leaky_negative_draw1,105.0,60.19414164010517,grid,762,0.6750565333094563,0.10982041140373623,0.959753143966306,0.9261811017311674,0.9261811017311674,0.24595689691788963,1,0.0028679539113541943,1
621_left_LAD_mid_20mm_80ds_leaky_negative_draw1,110.0,65.19414164010517,grid,771,0.6744892486128959,0.1070711783106405,0.971918680250037,0.918563076215489,0.918563076215489,0.24581552864932818,1,0.0027761371025727664,1
621_left_LAD_mid_20mm_80ds_leaky_negative_draw1,115.0,70.19414164010517,grid,781,0.6737899283999361,0.10414410746011755,0.8607130707918059,0.9103031041544561,0.9103031041544561,0.24566331937423141,1,0.0027338972585100162,1
621_left_LAD_mid_20mm_80ds_leaky_negative_draw1,120.0,75.19414164010517,grid,791,0.6729860289111965,0.10125852281567348,0.7531885350259482,0.9020008535489008,0.9020008535489008,0.2455129622906259,1,0.002837795759339623,1
621_left_LAD_mid_20mm_80ds_leaky_negative_draw1,125.0,80.19414164010517,grid,800,0.6718362286952634,0.09866796601182566,0.8756099063141816,0.8944016792511943,0.8944016792511943,0.2453816272506324,1,0.002812846314647494,1
621_left_LAD_mid_20mm_80ds_leaky_negative_draw1,130.0,85.19414164010517,grid,809,0.6712971906300286,0.09578122973573668,0.921177015520069,0.8857668983432604,0.8857668983432604,0.24523686399781847,1,0.0036543156676383365,1
621_left_LAD_mid_20mm_80ds_leaky_negative_draw1,135.0,90.19414164010519,grid,817,0.6697869676848702,0.09327798299876697,0.6783295665819867,0.8781307011775241,0.8781307011775241,0.2451124366772789,1,0.0030991002452021377,1
621_left_LAD_mid_20mm_80ds_leaky_negative_draw1,140.0,95.19414164010519,grid,827,0.6671865241706757,0.09055718503724841,0.5735789982475618,0.8696517228761712,0.8696517228761712,0.24499121607675275,1,0.0023595612164973474,1
621_left_LAD_mid_20mm_80ds_leaky_negative_draw1,145.0,100.19414164010516,grid,839,0.6632009665932834,0.08820847596922578,0.5117307503358333,0.8621560865031879,0.8621560865031879,0.24491552043971465,1,0.002110425006169866,1
621_left_LAD_mid_20mm_80ds_leaky_negative_draw2,0.0,-44.80585835989483,grid,55,0.9966106344427182,1.9385952303133511,1.9172093010599178,1.8989792845345903,1.8989792845345903,0.5037210997081799,1,0.06387054157856224,1
621_left_LAD_mid_20mm_80ds_leaky_negative_draw2,5.0,-39.80585835989483,grid,368,0.9957750709090732,0.9936272110553521,1.4811583280845635,1.5154553260255357,1.5154553260255357,0.5079930209041221,1,0.04041658939275528,1
621_left_LAD_mid_20mm_80ds_leaky_negative_draw2,10.0,-34.80585835989483,grid,378,0.994991196151693,0.7190072919483631,1.326727726202874,1.289495191591557,1.289495191591557,0.5966749401442809,1,0.04552380142005724,1
621_left_LAD_mid_20mm_80ds_leaky_negative_draw2,15.0,-29.805858359894827,grid,389,0.9924593140531147,0.5206898341835828,0.6879873218868638,1.0561570928000215,1.0561570928000215,0.7864248410731026,2,-1.2941704734859485,1
621_left_LAD_mid_20mm_80ds_leaky_negative_draw2,20.0,-24.805858359894827,grid,599,0.9906878559729582,0.1721052671059816,1.0466176288917148,1.0631143064123694,1.0631143064123694,0.25486955374011194,1,0.002031908958701404,1
621_left_LAD_mid_20mm_80ds_leaky_negative_draw2,25.0,-19.805858359894824,grid,610,0.9901214677608436,0.16653119443704678,1.0920750962582007,1.055010626105792,1.055010626105792,0.2523415577981795,1,0.0020754864519158182,1
621_left_LAD_mid_20mm_80ds_leaky_negative_draw2,30.0,-14.805858359894827,grid,621,0.9895150841995884,0.16104172624534543,0.9675146642982569,1.0469016436848122,1.0469016436848122,0.24973790065912616,1,0.00217783226431438,1
621_left_LAD_mid_20mm_80ds_leaky_negative_draw2,34.80585835989483,-10.000000000000002,lesion_prox,630,0.9889214262859721,0.15608779869296135,1.0353312663276073,1.0394691753524727,1.0394691753524727,0.24728501210039008,1,0.0019585452734315546,1
621_left_LAD_mid_20mm_80ds_leaky_negative_draw2,40.0,-4.805858359894826,grid,641,0.9873512701970374,0.1504422619394378,1.0292319098694054,1.0308606440844175,1.0308606440844175,0.24436199396626931,1,0.0020840699210622625,1
621_left_LAD_mid_20mm_80ds_leaky_negative_draw2,44.80585835989483,0.0,throat,651,0.8009204674420124,0.14556596911548336,1.0134982441978122,1.0231329683463528,1.0231329683463528,0.24183953721302615,1,0.0024508319069183313,1
621_left_LAD_mid_20mm_80ds_leaky_negative_draw2,50.0,5.194141640105176,grid,662,0.6936072954746494,0.1418272187379964,1.0563901989210014,1.0148955447000763,1.0148955447000763,0.24141221056057333,1,0.0019261831297411162,1
621_left_LAD_mid_20mm_80ds_leaky_negative_draw2,54.80585835989483,10.000000000000002,lesion_dist,673,0.6926305560668254,0.13848584242269862,1.1411228580974924,1.0070771131791854,1.0070771131791854,0.241257533068241,1,0.0021643207227550173,1
621_left_LAD_mid_20mm_80ds_leaky_negative_draw2,60.0,15.19414164010517,grid,682,0.6921480201719052,0.13505504267021845,1.0170031489662523,0.9989142574812052,0.9989142574812052,0.24109591575690256,1,0.002689446575768258,1
621_left_LAD_mid_20mm_80ds_leaky_negative_draw2,65.0,20.194141640105176,grid,691,0.6915140003551998,0.13176111250677522,0.9455038596136514,0.990942578104578,0.990942578104578,0.24093809361009816,1,0.0024181137782929023,1
621_left_LAD_mid_20mm_80ds_leaky_negative_draw2,70.0,25.19414164010518,grid,700,0.6906927169095306,0.1284504569807961,0.9040610588930621,0.982789608996676,0.982789608996676,0.24077848081026926,1,0.0028908185272981213,1
621_left_LAD_mid_20mm_80ds_leaky_negative_draw2,75.23497995590162,30.429121596006787,measurement,709,0.6896432044217904,0.12501848439226748,0.879202204113203,0.9741801852139339,0.9741801852139339,0.24061352670641312,1,0.0031075199522438406,1
621_left_LAD_mid_20mm_80ds_leaky_negative_draw2,80.0,35.19414164010517,grid,716,0.6890976911803167,0.1221841356933967,0.9484807598763866,0.966943651747479,0.966943651747479,0.24047780880526154,1,0.003138694866069423,1
621_left_LAD_mid_20mm_80ds_leaky_negative_draw2,85.0,40.19414164010518,grid,725,0.6884808938719207,0.11892616570637432,0.916181764981378,0.9584816661769016,0.9584816661769016,0.24031986487017684,1,0.0028598529171487102,1
621_left_LAD_mid_20mm_80ds_leaky_negative_draw2,90.0,45.19414164010517,grid,734,0.6873196993753476,0.11600784066132373,0.8319695785290472,0.9507630451862612,0.9507630451862612,0.24017851126368828,1,0.00272146778444888,1
621_left_LAD_mid_20mm_80ds_leaky_negative_draw2,95.0,50.19414164010517,grid,743,0.6866135194551469,0.11298409178129087,0.8742314979512024,0.9426180784134561,0.9426180784134561,0.24003451207259596,1,0.002847608458215187,1
621_left_LAD_mid_20mm_80ds_leaky_negative_draw2,100.0,55.19414164010518,grid,752,0.6860489634368784,0.11010312647916617,0.970315554375678,0.9347160256599406,0.9347160256599406,0.23989669765036106,1,0.0027024763613713644,1
621_left_LAD_mid_20mm_80ds_leaky_negative_draw2,105.0,60.19414164010517,grid,762,0.6855075262887839,0.10704825403044614,0.959753143966306,0.9261811017311674,0.9261811017311674,0.23974829492316718,1,0.0028679539113541943,1
621_left_LAD_mid_20mm_80ds_leaky_negative_draw2,110.0,65.19414164010517,grid,771,0.6849545538583465,0.10437100981886145,0.971918680250037,0.918563076215489,0.918563076215489,0.23961644355732292,1,0.0027761371025727664,1
621_left_LAD_mid_20mm_80ds_leaky_negative_draw2,115.0,70.19414164010517,grid,781,0.6842728581903529,0.10152047401477945,0.8607130707918059,0.9103031041544561,0.9103031041544561,0.2394744862590229,1,0.0027338972585100162,1
621_left_LAD_mid_20mm_80ds_leaky_negative_draw2,120.0,75.19414164010517,grid,791,0.6834891978636047,0.09871020156982843,0.7531885350259482,0.9020008535489008,0.9020008535489008,0.2393342636434567,1,0.002837795759339623,1
621_left_LAD_mid_20mm_80ds_leaky_negative_draw2,125.0,80.19414164010517,grid,800,0.6823683209325841,0.09618707473551621,0.8756099063141816,0.8944016792511943,0.8944016792511943,0.23921179155806582,1,0.002812846314647494,1
621_left_LAD_mid_20mm_80ds_leaky_negative_draw2,130.0,85.19414164010517,grid,809,0.6818428293046362,0.09337532003420497,0.921177015520069,0.8857668983432604,0.8857668983432604,0.23907680787937605,1,0.0036543156676383365,1
621_left_LAD_mid_20mm_80ds_leaky_negative_draw2,135.0,90.19414164010519,grid,817,0.6803705193923363,0.09093696494422983,0.6783295665819867,0.8781307011775241,0.8781307011775241,0.23896079594485986,1,0.0030991002452021377,1
621_left_LAD_mid_20mm_80ds_leaky_negative_draw2,140.0,95.19414164010519,grid,827,0.6778404400042334,0.08828636400121616,0.5735789982475618,0.8696517228761712,0.8696517228761712,0.23884779182078258,1,0.0023595612164973474,1
621_left_LAD_mid_20mm_80ds_leaky_negative_draw2,145.0,100.19414164010516,grid,839,0.6739547904473359,0.085997717771329,0.5117307503358333,0.8621560865031879,0.8621560865031879,0.23877723283577557,1,0.002110425006169866,1
621_left_LAD_mid_20mm_80ds_discrete_negative_draw0,0.0,-44.80585835989483,grid,55,0.9971263800289962,1.3839750354885714,1.9172093010599178,1.8989792845345903,1.8989792845345903,0.35960958530383175,1,0.06387054157856224,1
621_left_LAD_mid_20mm_80ds_discrete_negative_draw0,5.0,-39.80585835989483,grid,368,0.9962943191355847,1.0830503790002364,1.4811583280845635,1.5154553260255357,1.5154553260255357,0.5537107153449681,1,0.04041658939275528,1
621_left_LAD_mid_20mm_80ds_discrete_negative_draw0,10.0,-34.80585835989483,grid,378,0.99526911538141,1.0830503790022066,1.326727726202874,1.289495191591557,1.289495191591557,0.8987795079424489,1,0.04552380142005724,1
621_left_LAD_mid_20mm_80ds_discrete_negative_draw0,15.0,-29.805858359894827,grid,389,0.990409100055827,1.0830503790015484,0.6879873218868638,1.0561570928000215,1.0561570928000215,1.6357871159822834,2,-1.2941704734859485,1
621_left_LAD_mid_20mm_80ds_discrete_negative_draw0,20.0,-24.805858359894827,grid,599,0.9877387499809446,0.24559834683704712,1.0466176288917148,1.0631143064123694,1.0631143064123694,0.3637049702791571,1,0.002031908958701404,1
621_left_LAD_mid_20mm_80ds_discrete_negative_draw0,25.0,-19.805858359894824,grid,610,0.9869163515530813,0.24559834683524717,1.0920750962582007,1.055010626105792,1.055010626105792,0.3721505129568499,1,0.0020754864519158182,1
621_left_LAD_mid_20mm_80ds_discrete_negative_draw0,30.0,-14.805858359894827,grid,621,0.9860040090358203,0.2455983468357805,0.9675146642982569,1.0469016436848122,1.0469016436848122,0.38086536312133284,1,0.00217783226431438,1
621_left_LAD_mid_20mm_80ds_discrete_negative_draw0,34.80585835989483,-10.000000000000002,lesion_prox,630,0.9850838358472886,0.24559834683660148,1.0353312663276073,1.0394691753524727,1.0394691753524727,0.38909377080005864,1,0.0019585452734315546,1
621_left_LAD_mid_20mm_80ds_discrete_negative_draw0,40.0,-4.805858359894826,grid,641,0.9825454912854694,0.24559834683682996,1.0292319098694054,1.0308606440844175,1.0308606440844175,0.39892315479826296,1,0.0020840699210622625,1
621_left_LAD_mid_20mm_80ds_discrete_negative_draw0,44.80585835989483,0.0,throat,651,0.5812188048204577,0.24559834683694198,1.0134982441978122,1.0231329683463528,1.0231329683463528,0.40803074303863957,1,0.0024508319069183313,1
621_left_LAD_mid_20mm_80ds_discrete_negative_draw0,50.0,5.194141640105176,grid,662,0.3988436968634131,0.24559834683696263,1.0563901989210014,1.0148955447000763,1.0148955447000763,0.4180469753796932,1,0.0019261831297411162,1
621_left_LAD_mid_20mm_80ds_discrete_negative_draw0,54.80585835989483,10.000000000000002,lesion_dist,673,0.3971385717342881,0.245598346836681,1.1411228580974924,1.0070771131791854,1.0070771131791854,0.4278592688384734,1,0.0021643207227550173,1
621_left_LAD_mid_20mm_80ds_discrete_negative_draw0,60.0,15.19414164010517,grid,682,0.39627001105659937,0.24559834683742396,1.0170031489662523,0.9989142574812052,0.9989142574812052,0.43843426478889524,1,0.002689446575768258,1
621_left_LAD_mid_20mm_80ds_discrete_negative_draw0,65.0,20.194141640105176,grid,691,0.3951002579093305,0.24559834683660228,0.9455038596136514,0.990942578104578,0.990942578104578,0.4491006212288916,1,0.0024181137782929023,1
621_left_LAD_mid_20mm_80ds_discrete_negative_draw0,70.0,25.19414164010518,grid,700,0.3935473855262135,0.2455983468365072,0.9040610588930621,0.982789608996676,0.982789608996676,0.4603704667991077,1,0.0028908185272981213,1
621_left_LAD_mid_20mm_80ds_discrete_negative_draw0,75.23497995590162,30.429121596006787,measurement,709,0.39150925822364485,0.24559834683668993,0.879202204113203,0.9741801852139339,0.9741801852139339,0.47268437681760794,1,0.0031075199522438406,1
621_left_LAD_mid_20mm_80ds_discrete_negative_draw0,80.0,35.19414164010517,grid,716,0.39042421412104766,0.2455983468374381,0.9484807598763866,0.966943651747479,0.966943651747479,0.4833766017043867,1,0.003138694866069423,1
621_left_LAD_mid_20mm_80ds_discrete_negative_draw0,85.0,40.19414164010518,grid,725,0.38916608461316915,0.24559834683754725,0.916181764981378,0.9584816661769016,0.9584816661769016,0.4962924783942198,1,0.0028598529171487102,1
621_left_LAD_mid_20mm_80ds_discrete_negative_draw0,90.0,45.19414164010517,grid,734,0.3867322141318804,0.24559834683760978,0.8319695785290472,0.9507630451862612,0.9507630451862612,0.5084780905843213,1,0.00272146778444888,1
621_left_LAD_mid_20mm_80ds_discrete_negative_draw0,95.0,50.19414164010517,grid,743,0.38521490301959854,0.24559834683764883,0.8742314979512024,0.9426180784134561,0.9426180784134561,0.5217732728526757,1,0.002847608458215187,1
621_left_LAD_mid_20mm_80ds_discrete_negative_draw0,100.0,55.19414164010518,grid,752,0.3839716659204608,0.24559834683741463,0.970315554375678,0.9347160256599406,0.9347160256599406,0.5351186132378569,1,0.0027024763613713644,1
621_left_LAD_mid_20mm_80ds_discrete_negative_draw0,105.0,60.19414164010517,grid,762,0.3827454121860179,0.2455983468374589,0.959753143966306,0.9261811017311674,0.9261811017311674,0.5500489982160992,1,0.0028679539113541943,1
621_left_LAD_mid_20mm_80ds_discrete_negative_draw0,110.0,65.19414164010517,grid,771,0.3814590755068403,0.24559834683734935,0.971918680250037,0.918563076215489,0.918563076215489,0.5638481654518642,1,0.0027761371025727664,1
621_left_LAD_mid_20mm_80ds_discrete_negative_draw0,115.0,70.19414164010517,grid,781,0.379827438283749,0.24559834683730009,0.8607130707918059,0.9103031041544561,0.9103031041544561,0.5793367151375345,1,0.0027338972585100162,1
621_left_LAD_mid_20mm_80ds_discrete_negative_draw0,120.0,75.19414164010517,grid,791,0.37789818394403046,0.2455983468370977,0.7531885350259482,0.9020008535489008,0.9020008535489008,0.5954815060399357,1,0.002837795759339623,1
621_left_LAD_mid_20mm_80ds_discrete_negative_draw0,125.0,80.19414164010517,grid,800,0.375073034816857,0.24559834683709164,0.8756099063141816,0.8944016792511943,0.8944016792511943,0.6107891388956753,1,0.002812846314647494,1
621_left_LAD_mid_20mm_80ds_discrete_negative_draw0,130.0,85.19414164010517,grid,809,0.3737103042164576,0.24559834683694412,0.921177015520069,0.8857668983432604,0.8857668983432604,0.6288264260911712,1,0.0036543156676383365,1
621_left_LAD_mid_20mm_80ds_discrete_negative_draw0,135.0,90.19414164010519,grid,817,0.3697688700570926,0.2455983468370448,0.6783295665819867,0.8781307011775241,0.8781307011775241,0.6453742598393801,1,0.0030991002452021377,1
621_left_LAD_mid_20mm_80ds_discrete_negative_draw0,140.0,95.19414164010519,grid,827,0.3618193175620077,0.24559834683713394,0.5735789982475618,0.8696517228761712,0.8696517228761712,0.6644358217773705,1,0.0023595612164973474,1
621_left_LAD_mid_20mm_80ds_discrete_negative_draw0,145.0,100.19414164010516,grid,839,0.35083549643114,0.24559834683713738,0.5117307503358333,0.8621560865031879,0.8621560865031879,0.6819168597328051,1,0.002110425006169866,1
621_left_LAD_mid_20mm_80ds_discrete_negative_draw1,0.0,-44.80585835989483,grid,55,0.9969154600829628,1.4792219590586824,1.9172093010599178,1.8989792845345903,1.8989792845345903,0.38435837470263895,1,0.06387054157856224,1
621_left_LAD_mid_20mm_80ds_discrete_negative_draw1,5.0,-39.80585835989483,grid,368,0.9960269753745369,1.1546020623088598,1.4811583280845635,1.5154553260255357,1.5154553260255357,0.5902915933143997,1,0.04041658939275528,1
621_left_LAD_mid_20mm_80ds_discrete_negative_draw1,10.0,-34.80585835989483,grid,378,0.9949340415721868,1.1546020623088618,1.326727726202874,1.289495191591557,1.289495191591557,0.9581573429551249,1,0.04552380142005724,1
621_left_LAD_mid_20mm_80ds_discrete_negative_draw1,15.0,-29.805858359894827,grid,389,0.9897529495135269,1.154602062309338,0.6879873218868638,1.0561570928000215,1.0561570928000215,1.7438553314143557,2,-1.2941704734859485,1
621_left_LAD_mid_20mm_80ds_discrete_negative_draw1,20.0,-24.805858359894827,grid,599,0.9870190806340742,0.2502300484156026,1.0466176288917148,1.0631143064123694,1.0631143064123694,0.37056402656624254,1,0.002031908958701404,1
621_left_LAD_mid_20mm_80ds_discrete_negative_draw1,25.0,-19.805858359894824,grid,610,0.9861811727203184,0.25023004841248253,1.0920750962582007,1.055010626105792,1.055010626105792,0.3791688424368422,1,0.0020754864519158182,1
621_left_LAD_mid_20mm_80ds_discrete_negative_draw1,30.0,-14.805858359894827,grid,621,0.9852516244753755,0.25023004841161595,0.9675146642982569,1.0469016436848122,1.0469016436848122,0.38804804462256354,1,0.00217783226431438,1
621_left_LAD_mid_20mm_80ds_discrete_negative_draw1,34.80585835989483,-10.000000000000002,lesion_prox,630,0.9843140978817321,0.25023004841202295,1.0353312663276073,1.0394691753524727,1.0394691753524727,0.39643163057971065,1,0.0019585452734315546,1
621_left_LAD_mid_20mm_80ds_discrete_negative_draw1,40.0,-4.805858359894826,grid,641,0.9817278830689204,0.25023004841247465,1.0292319098694054,1.0308606440844175,1.0308606440844175,0.40644638542435435,1,0.0020840699210622625,1
621_left_LAD_mid_20mm_80ds_discrete_negative_draw1,44.80585835989483,0.0,throat,651,0.5686883534737942,0.25023004841256186,1.0134982441978122,1.0231329683463528,1.0231329683463528,0.41572573227522486,1,0.0024508319069183313,1
621_left_LAD_mid_20mm_80ds_discrete_negative_draw1,50.0,5.194141640105176,grid,662,0.3828738613117763,0.25023004841257723,1.0563901989210014,1.0148955447000763,1.0148955447000763,0.42593085920661655,1,0.0019261831297411162,1
621_left_LAD_mid_20mm_80ds_discrete_negative_draw1,54.80585835989483,10.000000000000002,lesion_dist,673,0.3811365794892179,0.250230048411904,1.1411228580974924,1.0070771131791854,1.0070771131791854,0.43592820120295195,1,0.0021643207227550173,1
621_left_LAD_mid_20mm_80ds_discrete_negative_draw1,60.0,15.19414164010517,grid,682,0.3802516387588521,0.2502300484120225,1.0170031489662523,0.9989142574812052,0.9989142574812052,0.4467026293798219,1,0.002689446575768258,1
621_left_LAD_mid_20mm_80ds_discrete_negative_draw1,65.0,20.194141640105176,grid,691,0.37905982541629263,0.2502300484115898,0.9455038596136514,0.990942578104578,0.990942578104578,0.4575701410015863,1,0.0024181137782929023,1
621_left_LAD_mid_20mm_80ds_discrete_negative_draw1,70.0,25.19414164010518,grid,700,0.37747766765094404,0.2502300484114754,0.9040610588930621,0.982789608996676,0.982789608996676,0.46905252286181287,1,0.0028908185272981213,1
621_left_LAD_mid_20mm_80ds_discrete_negative_draw1,75.23497995590162,30.429121596006787,measurement,709,0.3754011036180046,0.25023004841134394,0.879202204113203,0.9741801852139339,0.9741801852139339,0.4815986590211288,1,0.0031075199522438406,1
621_left_LAD_mid_20mm_80ds_discrete_negative_draw1,80.0,35.19414164010517,grid,716,0.3742955968350059,0.2502300484117855,0.9484807598763866,0.966943651747479,0.966943651747479,0.4924925269373802,1,0.003138694866069423,1
621_left_LAD_mid_20mm_80ds_discrete_negative_draw1,85.0,40.19414164010518,grid,725,0.37301374045560143,0.2502300484118745,0.916181764981378,0.9584816661769016,0.9584816661769016,0.5056519821657406,1,0.0028598529171487102,1
621_left_LAD_mid_20mm_80ds_discrete_negative_draw1,90.0,45.19414164010517,grid,734,0.37053396998400373,0.25023004841189844,0.8319695785290472,0.9507630451862612,0.9507630451862612,0.5180674009480751,1,0.00272146778444888,1
621_left_LAD_mid_20mm_80ds_discrete_negative_draw1,95.0,50.19414164010517,grid,743,0.36898804413404995,0.2502300484118168,0.8742314979512024,0.9426180784134561,0.9426180784134561,0.5316133150205004,1,0.002847608458215187,1
621_left_LAD_mid_20mm_80ds_discrete_negative_draw1,100.0,55.19414164010518,grid,752,0.3677213610170406,0.25023004841146623,0.970315554375678,0.9347160256599406,0.9347160256599406,0.5452103331339962,1,0.0027024763613713644,1
621_left_LAD_mid_20mm_80ds_discrete_negative_draw1,105.0,60.19414164010517,grid,762,0.36647198155139726,0.2502300484115552,0.959753143966306,0.9261811017311674,0.9261811017311674,0.5604222879538908,1,0.0028679539113541943,1
621_left_LAD_mid_20mm_80ds_discrete_negative_draw1,110.0,65.19414164010517,grid,771,0.3651613860459746,0.2502300484115393,0.971918680250037,0.918563076215489,0.918563076215489,0.5744816915694364,1,0.0027761371025727664,1
621_left_LAD_mid_20mm_80ds_discrete_negative_draw1,115.0,70.19414164010517,grid,781,0.3634989780266133,0.25023004841160235,0.8607130707918059,0.9103031041544561,0.9103031041544561,0.5902623374395902,1,0.0027338972585100162,1
621_left_LAD_mid_20mm_80ds_discrete_negative_draw1,120.0,75.19414164010517,grid,791,0.3615333401750449,0.25023004841137514,0.7531885350259482,0.9020008535489008,0.9020008535489008,0.6067116004786727,1,0.002837795759339623,1
621_left_LAD_mid_20mm_80ds_discrete_negative_draw1,125.0,80.19414164010517,grid,800,0.3586549119935609,0.2502300484112923,0.8756099063141816,0.8944016792511943,0.8944016792511943,0.6223079176356816,1,0.002812846314647494,1
621_left_LAD_mid_20mm_80ds_discrete_negative_draw1,130.0,85.19414164010517,grid,809,0.3572664818656671,0.2502300484111119,0.921177015520069,0.8857668983432604,0.8857668983432604,0.6406853672653089,1,0.0036543156676383365,1
621_left_LAD_mid_20mm_80ds_discrete_negative_draw1,135.0,90.19414164010519,grid,817,0.3532507168036923,0.25023004841109137,0.6783295665819867,0.8781307011775241,0.8781307011775241,0.6575452740731629,1,0.0030991002452021377,1
621_left_LAD_mid_20mm_80ds_discrete_negative_draw1,140.0,95.19414164010519,grid,827,0.3451218288350999,0.2502300484111494,0.5735789982475618,0.8696517228761712,0.8696517228761712,0.6769663150856144,1,0.0023595612164973474,1
621_left_LAD_mid_20mm_80ds_discrete_negative_draw1,145.0,100.19414164010516,grid,839,0.33393086550529044,0.2502300484111294,0.5117307503358333,0.8621560865031879,0.8621560865031879,0.6947770252560306,1,0.002110425006169866,1
621_left_LAD_mid_20mm_80ds_discrete_negative_draw2,0.0,-44.80585835989483,grid,55,0.9970330284203951,1.4261406737064786,1.9172093010599178,1.8989792845345903,1.8989792845345903,0.3705658289388624,1,0.06387054157856224,1
621_left_LAD_mid_20mm_80ds_discrete_negative_draw2,5.0,-39.80585835989483,grid,368,0.9961759853295062,1.1147385434096444,1.4811583280845635,1.5154553260255357,1.5154553260255357,0.5699113247748812,1,0.04041658939275528,1
621_left_LAD_mid_20mm_80ds_discrete_negative_draw2,10.0,-34.80585835989483,grid,378,0.9951207859022344,1.114738543412048,1.326727726202874,1.289495191591557,1.289495191591557,0.9250762281763824,1,0.04552380142005724,1
621_left_LAD_mid_20mm_80ds_discrete_negative_draw2,15.0,-29.805858359894827,grid,389,0.9901185750078608,1.1147385434111399,0.6879873218868638,1.0561570928000215,1.0561570928000215,1.6836473929142983,2,-1.2941704734859485,1
621_left_LAD_mid_20mm_80ds_discrete_negative_draw2,20.0,-24.805858359894827,grid,599,0.9874192212195454,0.24771766493097713,1.0466176288917148,1.0631143064123694,1.0631143064123694,0.36684345445175753,1,0.002031908958701404,1
621_left_LAD_mid_20mm_80ds_discrete_negative_draw2,25.0,-19.805858359894824,grid,610,0.9865897261483577,0.24771766492931474,1.0920750962582007,1.055010626105792,1.055010626105792,0.37536187543542165,1,0.0020754864519158182,1
621_left_LAD_mid_20mm_80ds_discrete_negative_draw2,30.0,-14.805858359894827,grid,621,0.9856695108419301,0.24771766492922875,0.9675146642982569,1.0469016436848122,1.0469016436848122,0.3841519278137674,1,0.00217783226431438,1
621_left_LAD_mid_20mm_80ds_discrete_negative_draw2,34.80585835989483,-10.000000000000002,lesion_prox,630,0.9847413972917768,0.2477176649299085,1.0353312663276073,1.0394691753524727,1.0394691753524727,0.3924513400959067,1,0.0019585452734315546,1
621_left_LAD_mid_20mm_80ds_discrete_negative_draw2,40.0,-4.805858359894826,grid,641,0.9821811488383888,0.24771766493080033,1.0292319098694054,1.0308606440844175,1.0308606440844175,0.4023655438491526,1,0.0020840699210622625,1
621_left_LAD_mid_20mm_80ds_discrete_negative_draw2,44.80585835989483,0.0,throat,651,0.5755140803375106,0.24771766493090386,1.0134982441978122,1.0231329683463528,1.0231329683463528,0.41155172332108675,1,0.0024508319069183313,1
621_left_LAD_mid_20mm_80ds_discrete_negative_draw2,50.0,5.194141640105176,grid,662,0.39156522047553854,0.2477176649309549,1.0563901989210014,1.0148955447000763,1.0148955447000763,0.4216543877685439,1,0.0019261831297411162,1
621_left_LAD_mid_20mm_80ds_discrete_negative_draw2,54.80585835989483,10.000000000000002,lesion_dist,673,0.3898453814748221,0.247717664930105,1.1411228580974924,1.0070771131791854,1.0070771131791854,0.4315513535025919,1,0.0021643207227550173,1
621_left_LAD_mid_20mm_80ds_discrete_negative_draw2,60.0,15.19414164010517,grid,682,0.38896932581036675,0.24771766493054614,1.0170031489662523,0.9989142574812052,0.9989142574812052,0.4422176032436403,1,0.002689446575768258,1
621_left_LAD_mid_20mm_80ds_discrete_negative_draw2,65.0,20.194141640105176,grid,691,0.38778947862524377,0.24771766493027325,0.9455038596136514,0.990942578104578,0.990942578104578,0.4529760018440653,1,0.0024181137782929023,1
621_left_LAD_mid_20mm_80ds_discrete_negative_draw2,70.0,25.19414164010518,grid,700,0.386223206190451,0.24771766493069963,0.9040610588930621,0.982789608996676,0.982789608996676,0.46434309720516115,1,0.0028908185272981213,1
621_left_LAD_mid_20mm_80ds_discrete_negative_draw2,75.23497995590162,30.429121596006787,measurement,709,0.38416749147279594,0.24771766493075997,0.879202204113203,0.9741801852139339,0.9741801852139339,0.4767632664578542,1,0.0031075199522438406,1
621_left_LAD_mid_20mm_80ds_discrete_negative_draw2,80.0,35.19414164010517,grid,716,0.3830730843039199,0.24771766493132208,0.9484807598763866,0.966943651747479,0.966943651747479,0.48754775672779704,1,0.003138694866069423,1
621_left_LAD_mid_20mm_80ds_discrete_negative_draw2,85.0,40.19414164010518,grid,725,0.3818040981405928,0.24771766493110087,0.916181764981378,0.9584816661769016,0.9584816661769016,0.5005750871442337,1,0.0028598529171487102,1
621_left_LAD_mid_20mm_80ds_discrete_negative_draw2,90.0,45.19414164010517,grid,734,0.37934922529583226,0.24771766493112315,0.8319695785290472,0.9507630451862612,0.9507630451862612,0.5128658514605906,1,0.00272146778444888,1
621_left_LAD_mid_20mm_80ds_discrete_negative_draw2,95.0,50.19414164010517,grid,743,0.3778188209973167,0.2477176649312675,0.8742314979512024,0.9426180784134561,0.9426180784134561,0.5262757605614153,1,0.002847608458215187,1
621_left_LAD_mid_20mm_80ds_discrete_negative_draw2,100.0,55.19414164010518,grid,752,0.3765648557523556,0.24771766493086786,0.970315554375678,0.9347160256599406,0.9347160256599406,0.5397362606030868,1,0.0027024763613713644,1
621_left_LAD_mid_20mm_80ds_discrete_negative_draw2,105.0,60.19414164010517,grid,762,0.37532802042499874,0.2477176649308306,0.959753143966306,0.9261811017311674,0.9261811017311674,0.5547954829101995,1,0.0028679539113541943,1
621_left_LAD_mid_20mm_80ds_discrete_negative_draw2,110.0,65.19414164010517,grid,771,0.3740305836849549,0.24771766493077554,0.971918680250037,0.918563076215489,0.918563076215489,0.5687137259671339,1,0.0027761371025727664,1
621_left_LAD_mid_20mm_80ds_discrete_negative_draw2,115.0,70.19414164010517,grid,781,0.3723848667323638,0.24771766493095274,0.8607130707918059,0.9103031041544561,0.9103031041544561,0.5843359294991916,1,0.0027338972585100162,1
621_left_LAD_mid_20mm_80ds_discrete_negative_draw2,120.0,75.19414164010517,grid,791,0.37043896446450664,0.247717664930505,0.7531885350259482,0.9020008535489008,0.9020008535489008,0.6006200370858183,1,0.002837795759339623,1
621_left_LAD_mid_20mm_80ds_discrete_negative_draw2,125.0,80.19414164010517,grid,800,0.3675894365508362,0.24771766493036684,0.8756099063141816,0.8944016792511943,0.8944016792511943,0.616059762618954,1,0.002812846314647494,1
621_left_LAD_mid_20mm_80ds_discrete_negative_draw2,130.0,85.19414164010517,grid,809,0.3662149466708854,0.24771766493032243,0.921177015520069,0.8857668983432604,0.8857668983432604,0.634252697234984,1,0.0036543156676383365,1
621_left_LAD_mid_20mm_80ds_discrete_negative_draw2,135.0,90.19414164010519,grid,817,0.3622395010744123,0.24771766493032973,0.6783295665819867,0.8781307011775241,0.8781307011775241,0.6509433256064453,1,0.0030991002452021377,1
621_left_LAD_mid_20mm_80ds_discrete_negative_draw2,140.0,95.19414164010519,grid,827,0.35420802555918074,0.24771766493036834,0.5735789982475618,0.8696517228761712,0.8696517228761712,0.6701693736396704,1,0.0023595612164973474,1
621_left_LAD_mid_20mm_80ds_discrete_negative_draw2,145.0,100.19414164010516,grid,839,0.3431294228015012,0.24771766493038713,0.5117307503358333,0.8621560865031879,0.8621560865031879,0.6878012590275696,1,0.002110425006169866,1
