scan,side,vessel,err,bed,meas_lost,clean,nout_clean,nout_bad,A,B,C,r_branch,branch_before_meas
3,left,LAD,T1,leaky,False,0.844036637216716,6.0,5.0,0.9052442987505016,0.8877709671168736,0.906999383983053,0.8795800767261762,True
3,left,LAD,T1,share,False,0.8150905101663416,3.0,2.0,0.9184093703623554,0.8335237045025582,0.9128718862090878,0.8795800767261762,True
3,left,LAD,T1,leaf3,False,0.7186440669735743,3.0,2.0,0.8602563474114052,0.7964580642849076,0.877862139739785,0.8795800767261762,True
3,left,LAD,T1,apport,False,0.75012812071316,3.0,2.0,0.8829911697334821,0.8036468596894274,0.8847859586910316,0.8795800767261762,True
3,left,LAD,T4,leaky,False,0.844036637216716,6.0,6.0,0.8427116374535003,0.864127173998008,0.8553174318341511,,
3,left,LAD,T4,share,True,,,,,,,,
3,left,LAD,T4,leaf3,True,,,,,,,,
3,left,LAD,T4,apport,True,,,,,,,,
3,left,LCX,T4,leaky,False,0.9357113414993022,6.0,6.0,0.927529879908145,0.9466332911289165,0.9975928708895214,,
3,left,LCX,T4,share,False,0.846885655225746,3.0,3.0,0.8626752692761003,0.7836163698969958,0.7756706425989297,,
3,left,LCX,T4,leaf3,False,0.9113693160443661,3.0,3.0,0.9094517174772456,0.8818340446601859,0.8815427233228779,,
3,left,LCX,T4,apport,False,0.8879603076497393,3.0,3.0,0.8912209616369625,0.8534875949811923,0.8560260454158057,,
3,right,RCA,T4,leaky,False,0.7881117500281126,2.0,2.0,0.7813759548870406,0.8180829669801744,0.9973355573926598,,
3,right,RCA,T4,share,False,0.7439851746793656,1.0,1.0,0.7575785890238455,0.7489967110334929,0.9959193119618385,,
3,right,RCA,T4,leaf3,False,0.7439851746793656,1.0,1.0,0.7575785890244253,0.7489967110334929,0.9959193119618385,,
3,right,RCA,T4,apport,False,0.7439851746793656,1.0,1.0,0.7575785890238455,0.7489967110334929,0.9959193119618385,,
9,right,RCA,T4,leaky,False,0.8333921527859107,2.0,2.0,0.8384136445763072,0.8792783888513288,0.9969853515949586,,
9,right,RCA,T4,share,False,0.8331459554068689,1.0,1.0,0.8415339517876812,0.8713279996998501,0.9967333397360825,,
9,right,RCA,T4,leaf3,False,0.8331459554068689,1.0,1.0,0.8415339517876812,0.8713279996998501,0.9967333397360825,,
9,right,RCA,T4,apport,False,0.8331459554068689,1.0,1.0,0.8415339517876812,0.8713279996998501,0.9967333397360825,,
14,left,LAD,T4,leaky,False,0.9730632825584061,7.0,6.0,0.9709631480723515,0.9768855527078772,0.9994008110722009,,
14,left,LAD,T4,share,True,,,,,,,,
14,left,LAD,T4,leaf3,True,,,,,,,,
14,left,LAD,T4,apport,True,,,,,,,,
14,right,RCA,T4,leaky,False,0.7961648288046496,3.0,3.0,0.79857044536942,0.774423116718779,0.9965462220308207,,
14,right,RCA,T4,share,False,0.7538413695584995,1.0,1.0,0.80739127327866,0.7203920222405693,0.9944301265924412,,
14,right,RCA,T4,leaf3,False,0.7538413695584995,1.0,1.0,0.80739127327866,0.7203920222405744,0.9944301265924412,,
14,right,RCA,T4,apport,False,0.7538413695584995,1.0,1.0,0.80739127327866,0.7203920222405693,0.9944301265924412,,
30,right,RCA,T1,leaky,False,0.7524249717706364,4.0,3.0,0.7970151886975126,0.7573337547571197,0.8209953176947153,1.0365602940824963,False
30,right,RCA,T1,share,False,0.7283005454439382,3.0,2.0,0.7975514219821771,0.7250283317701797,0.8314183937419223,1.0365602940824963,False
30,right,RCA,T1,leaf3,False,0.7333611566906757,3.0,2.0,0.8288691152281435,0.7260991367469106,0.8660195634595651,1.0365602940824963,False
30,right,RCA,T1,apport,False,0.7300889627295587,3.0,2.0,0.8094132856132893,0.7256681690719141,0.8459901574073002,1.0365602940824963,False
30,right,RCA,T4,leaky,False,0.7524249717706364,4.0,4.0,0.7438533455133609,0.7587894862727702,0.9973568009285515,,
30,right,RCA,T4,share,False,0.7283005454439382,3.0,2.0,0.7374954825713529,0.7073123076033475,0.9963553297247347,,
30,right,RCA,T4,leaf3,False,0.7333611566906757,3.0,2.0,0.7462202659656096,0.7227802414164137,0.9963746146340225,,
30,right,RCA,T4,apport,False,0.7300889627295587,3.0,2.0,0.7407706249990783,0.7150132202521788,0.9963698241846335,,
41,right,RCA,T4,leaky,False,0.7717776571448421,2.0,2.0,0.7618962860402829,0.7958916846656735,0.9968889359151345,,
41,right,RCA,T4,share,False,0.8464766696015037,1.0,1.0,0.9019692813448613,0.7330134751042718,0.9936509977058942,,
41,right,RCA,T4,leaf3,False,0.8464766696015037,1.0,1.0,0.9019692813448613,0.7330134751043097,0.9936509977058942,,
41,right,RCA,T4,apport,False,0.8464766696015037,1.0,1.0,0.9019692813446042,0.7330134751045585,0.9936509977059323,,
42,right,RCA,T1,leaky,False,0.8204584939007193,3.0,2.0,0.8859595583768004,0.8255458643464639,0.9028953760906601,0.9609154096326558,False
42,right,RCA,T1,share,False,0.8118590931663551,2.0,1.0,0.9121921561400825,0.8060305123702133,0.9301740952310232,0.9609154096326558,False
42,right,RCA,T1,leaf3,False,0.8122048788038361,2.0,1.0,0.9149563080065809,0.8060305123702133,0.93266085012881,0.9609154096326558,False
42,right,RCA,T1,apport,False,0.8119690695326764,2.0,1.0,0.9130822413090608,0.8060305123702133,0.9309778540858796,0.9609154096326558,False
42,right,RCA,T4,leaky,False,0.8204584939007193,3.0,3.0,0.8233561162963007,0.8225124196552727,0.9966638883366437,,
42,right,RCA,T4,share,False,0.8118590931663551,2.0,2.0,0.8245383064046469,0.7986491739190029,0.9957608759033422,,
42,right,RCA,T4,leaf3,False,0.8122048788038361,2.0,2.0,0.825095230706163,0.7985860155239017,0.995760793071983,,
42,right,RCA,T4,apport,False,0.8119690695326764,2.0,2.0,0.8247151576262883,0.7986159798542894,0.9957608328883051,,
43,left,LAD,T1,leaky,False,0.8583846184821088,8.0,7.0,0.9089571348250566,0.8761301231645161,0.8849167830093704,1.058415353403922,True
43,left,LAD,T1,share,False,0.8330140267719346,7.0,6.0,0.9156906861241525,0.8715826699104358,0.8822992427608131,1.058415353403922,True
43,left,LAD,T1,leaf3,False,0.894607074199765,7.0,6.0,0.9608905646680134,0.952640647588736,0.9614977198095327,1.058415353403922,True
43,left,LAD,T1,apport,False,0.8156941300725369,7.0,6.0,0.918541187040174,0.8749523944863443,0.8931700036579862,1.058415353403922,True
43,left,LAD,T4,leaky,False,0.8583846184821088,8.0,8.0,0.8579715182014473,0.8935105968599981,0.9959222878741038,,
43,left,LAD,T4,share,False,0.8330140267719346,7.0,7.0,0.8605875784634475,0.819028119552723,0.8185805328957932,,
43,left,LAD,T4,leaf3,False,0.894607074199765,7.0,7.0,0.903053563777223,0.8916038692006326,0.8915841079613793,,
43,left,LAD,T4,apport,False,0.8156941300725369,7.0,7.0,0.8440071515923931,0.8043964538695092,0.8042464655540116,,
43,left,LCX,T1,leaky,False,0.8180729234834703,8.0,7.0,0.8538858969851517,0.8424919326800703,0.8591345523839798,0.8942709757388136,False
43,left,LCX,T1,share,False,0.7474490406175525,7.0,6.0,0.8057187906569907,0.7472133527038219,0.7918207463519528,0.8942709757388136,False
43,left,LCX,T1,leaf3,False,0.6998538380047142,7.0,6.0,0.7740637025917169,0.7362582126489967,0.7893373392709628,0.8942709757388136,False
43,left,LCX,T1,apport,False,0.7692203028495795,7.0,6.0,0.824033952294343,0.7956419487209163,0.8291441778880314,0.8942709757388136,False
43,left,LCX,T4,leaky,False,0.8180729234834703,8.0,8.0,0.8169774741139996,0.8505727123235529,0.9978250549934727,,
43,left,LCX,T4,share,False,0.7474490406175525,7.0,6.0,0.7502492383603964,0.7321145824183599,0.7220019711871268,,
43,left,LCX,T4,leaf3,False,0.6998538380047142,7.0,6.0,0.7049537650229903,0.7339219973537808,0.7746253457165458,,
43,left,LCX,T4,apport,False,0.7692203028495795,7.0,6.0,0.7709143807151805,0.7774425405820856,0.7861354406358915,,
43,right,RCA,T4,leaky,False,0.8178659273201992,3.0,3.0,0.8192161568862281,0.8425281795145027,0.9974565309940799,,
43,right,RCA,T4,share,False,0.7725762445857864,1.0,1.0,0.7923918175273053,0.7928312217325959,0.9962824455462108,,
43,right,RCA,T4,leaf3,False,0.772576244585834,1.0,1.0,0.7923918175273053,0.7928312217325959,0.9962824455462108,,
43,right,RCA,T4,apport,False,0.772576244585834,1.0,1.0,0.7923918175273053,0.7928312217330139,0.9962824455462108,,
45,left,LAD,T4,leaky,False,0.8376887948711214,9.0,9.0,0.8344713434838122,0.8576370415038351,0.997479231961396,,
45,left,LAD,T4,share,True,,,,,,,,
45,left,LAD,T4,leaf3,True,,,,,,,,
45,left,LAD,T4,apport,True,,,,,,,,
45,left,LCX,T1,leaky,False,0.7833318450859249,9.0,7.0,0.8604699444032884,0.7945869117260608,0.8182582672552179,1.1083188338636354,True
45,left,LCX,T1,share,False,0.7565383521239699,6.0,5.0,0.8621129758047944,0.7529670551647945,0.8807843687869921,1.1083188338636354,True
45,left,LCX,T1,leaf3,False,0.6912108058590276,6.0,5.0,0.774342203350491,0.7008813078476384,0.8072082176251955,1.1083188338636354,True
45,left,LCX,T1,apport,False,0.7312559068722129,6.0,5.0,0.818063745301682,0.7355675910300442,0.8401165144939416,1.1083188338636354,True
45,left,LCX,T4,leaky,False,0.7833318450859249,9.0,9.0,0.7808330969843562,0.8111953748874905,0.99753680151542,,
45,left,LCX,T4,share,False,0.7565383521239699,6.0,3.0,0.7554242329074453,0.7557841206315105,0.7623287363688058,,
45,left,LCX,T4,leaf3,False,0.6912108058590276,6.0,3.0,0.6946893652685451,0.7251190328018696,0.8493184855049346,,
45,left,LCX,T4,apport,False,0.7312559068722129,6.0,3.0,0.7328855220502072,0.7587507666778533,0.8303550794350736,,
52,left,LAD,T1,leaky,False,0.8877835542207998,8.0,7.0,0.9191837808422577,0.8876174251879846,0.8875805148284762,0.8244338260652109,False
52,left,LAD,T1,share,False,0.7960559256883034,7.0,6.0,0.8669075630737324,0.8036692906271659,0.8332892872136995,0.8244338260652109,False
52,left,LAD,T1,leaf3,False,0.7691364161067483,7.0,6.0,0.8424765095234211,0.8150347158581016,0.8487864381367112,0.8244338260652109,False
52,left,LAD,T1,apport,False,0.7657699895900136,7.0,6.0,0.8419345961421777,0.7786755876848438,0.8096069125227361,0.8244338260652109,False
52,left,LAD,T4,leaky,False,0.8877835542207998,8.0,8.0,0.8861126366354803,0.8835879467177146,0.9976456981869529,,
52,left,LAD,T4,share,False,0.7960559256883034,7.0,6.0,0.8011463091375741,0.7925974517073942,0.8047149614456851,,
52,left,LAD,T4,leaf3,False,0.7691364161067483,7.0,6.0,0.7769919922835928,0.8354782646442763,0.8716546892503215,,
52,left,LAD,T4,apport,False,0.7657699895900136,7.0,6.0,0.7737034416705681,0.7781048797973025,0.7987408051173926,,
52,left,LCX,T1,leaky,False,0.842051458219576,8.0,7.0,0.8802466229380881,0.8655194593777875,0.8768280704929455,0.8455382586773934,False
52,left,LCX,T1,share,False,0.7560198348656737,7.0,6.0,0.8366906064027148,0.7578390841780094,0.7980991159294196,0.8455382586773934,False
52,left,LCX,T1,leaf3,False,0.7895338172597729,7.0,6.0,0.8703830778409698,0.8455298309158208,0.8766892212790276,0.8455382586773934,False
52,left,LCX,T1,apport,False,0.7945101498825126,7.0,6.0,0.8646960076663185,0.823790162677249,0.8544428929530231,0.8455382586773934,False
52,left,LCX,T4,leaky,False,0.842051458219576,8.0,8.0,0.8400584797663941,0.865411838480748,0.997707421857983,,
52,left,LCX,T4,share,False,0.7560198348656737,7.0,5.0,0.7581433406713595,0.7445984790187878,0.7409068236821199,,
52,left,LCX,T4,leaf3,False,0.7895338172597729,7.0,5.0,0.7905919854055807,0.9173563395614113,0.9446283383282131,,
52,left,LCX,T4,apport,False,0.7945101498825126,7.0,5.0,0.7951129529160416,0.8242832881100869,0.841787838612064,,
52,right,RCA,T1,leaky,False,0.8218716423085862,2.0,1.0,0.8784793475514128,0.8195269832555706,0.816942275527582,0.8383097922150478,False
52,right,RCA,T1,share,False,0.8000181511964967,2.0,1.0,0.9020950470259087,0.7922853176279301,0.9220361975157289,0.8383097922150478,False
52,right,RCA,T1,leaf3,False,0.8016003298153556,2.0,1.0,0.9108302944662666,0.7922853176279301,0.9298538231422492,0.8383097922150478,False
52,right,RCA,T1,apport,False,0.8007422871906346,2.0,1.0,0.9062118460819009,0.7922853176279301,0.9257527612934947,0.8383097922150478,False
52,right,RCA,T4,leaky,False,0.8218716423085862,2.0,2.0,0.8266371657051128,0.8609757858864123,0.9977884379948073,,
52,right,RCA,T4,share,False,0.8000181511964967,2.0,2.0,0.8177542919589298,0.8212454619877891,0.9971285522153617,,
52,right,RCA,T4,leaf3,False,0.8016003298153556,2.0,2.0,0.8201421213086539,0.8212419300073461,0.9971286644104873,,
52,right,RCA,T4,apport,False,0.8007422871906346,2.0,2.0,0.8188405628107157,0.8212432767061619,0.9971286220316619,,
69,left,LAD,T4,leaky,False,0.8909828539401737,4.0,4.0,0.8831764032229314,0.8932649605793838,0.9969967158239741,,
69,left,LAD,T4,share,False,0.7974121828873305,4.0,4.0,0.7996261606782548,0.7914156890042138,0.7930926532276116,,
69,left,LAD,T4,leaf3,False,0.8750082027067545,4.0,4.0,0.8700093513537822,0.867194501395533,0.8672003977003231,,
69,left,LAD,T4,apport,False,0.8089346959583833,4.0,4.0,0.8097128441523922,0.8049004029405064,0.8064301140612692,,
69,left,LCX,T1,leaky,False,0.8788416560705226,4.0,3.0,0.9239494468715798,0.8782866308116092,0.8780496665159288,0.9896024291234939,True
69,left,LCX,T1,share,False,0.8195797788790792,4.0,3.0,0.9244967039625519,0.8226491392470006,0.8958687219224349,0.9896024291234939,True
69,left,LCX,T1,leaf3,False,0.8231956913079008,4.0,3.0,0.9266916099411175,0.8923726100335123,0.931130280285977,0.9896024291234939,True
69,left,LCX,T1,apport,False,0.8425439054250677,4.0,3.0,0.9350621030372943,0.8446188663821184,0.9096998429302235,0.9896024291234939,True
69,left,LCX,T4,leaky,False,0.8788416560705226,4.0,4.0,0.8761281052995327,0.9078092977899715,0.9987129713841747,,
69,left,LCX,T4,share,False,0.8195797788790792,4.0,4.0,0.8268461605173831,0.7914173181760197,0.7672158618781526,,
69,left,LCX,T4,leaf3,False,0.8231956913079008,4.0,4.0,0.8300351632669726,0.81278219212482,0.8116051538915872,,
69,left,LCX,T4,apport,False,0.8425439054250677,4.0,4.0,0.8471730021962989,0.8141774672648361,0.7941108997977804,,
69,right,RCA,T1,leaky,False,0.7702367186305024,2.0,1.0,0.8140238402068305,0.7691733208175696,0.7674263187401666,1.019806287764926,False
69,right,RCA,T1,share,False,0.79391109992075,2.0,1.0,0.8816719234051728,0.7852272038842136,0.9064360845130927,1.019806287764926,False
69,right,RCA,T1,leaf3,False,0.7982034529826922,2.0,1.0,0.8942846491507209,0.7852272038842136,0.9178635537010184,1.019806287764926,False
69,right,RCA,T1,apport,False,0.7961758710873879,2.0,1.0,0.8885812692363976,0.7852272038842136,0.9127736934794765,1.019806287764926,False
69,right,RCA,T4,leaky,False,0.7702367186305024,2.0,2.0,0.7929167911357746,0.8304079617393783,0.9982051479837528,,
69,right,RCA,T4,share,False,0.79391109992075,2.0,2.0,0.8474411630112716,0.8387928527778276,0.9980288875917926,,
69,right,RCA,T4,leaf3,False,0.7982034529826922,2.0,2.0,0.8503092378866827,0.8444599739241119,0.9980573197876688,,
69,right,RCA,T4,apport,False,0.7961758710873879,2.0,2.0,0.8488987563545127,0.8420955682019632,0.9980488438298066,,
80,left,LAD,T4,leaky,False,0.9042386854954247,3.0,3.0,0.8970050965020265,0.906133455634445,0.9044364346818254,,
80,left,LAD,T4,share,True,,,,,,,,
80,left,LAD,T4,leaf3,True,,,,,,,,
80,left,LAD,T4,apport,True,,,,,,,,
80,right,RCA,T4,leaky,False,0.8203966353188965,2.0,1.0,0.8091998096058214,0.8378080516027826,0.996510885642359,,
80,right,RCA,T4,share,False,0.8080763847627673,1.0,1.0,0.8093611849201027,0.8028369593573818,0.9952377674978776,,
80,right,RCA,T4,leaf3,False,0.8080763847627673,1.0,1.0,0.8093611849201027,0.8028369593573818,0.9952377674978776,,
80,right,RCA,T4,apport,False,0.8080763847627453,1.0,1.0,0.8093611849202318,0.8028369593573818,0.9952377674978776,,
85,right,RCA,T4,leaky,False,0.7626624533809669,2.0,1.0,0.7553707266488638,0.8026143023570084,0.5175601873920176,,
85,right,RCA,T4,share,False,0.8080687191778679,1.0,1.0,0.8958093526421974,0.6901875693262141,0.9949314831590579,,
85,right,RCA,T4,leaf3,False,0.8080687191773556,1.0,1.0,0.8958093526417239,0.6901875693262791,0.9949314831590579,,
85,right,RCA,T4,apport,False,0.8080687191771665,1.0,1.0,0.8958093526416877,0.6901875693262141,0.9949314831590579,,
87,right,RCA,T4,leaky,False,0.8271660720816442,2.0,1.0,0.8234032114843796,0.8449186249543538,0.32681974102657396,,
87,right,RCA,T4,share,False,0.8033714805961772,1.0,1.0,0.810991279300007,0.7854971562137621,0.9959905518812566,,
87,right,RCA,T4,leaf3,False,0.8033714805960199,1.0,1.0,0.8109912792999466,0.7854971562137621,0.9959905518812566,,
87,right,RCA,T4,apport,False,0.8033714805961772,1.0,1.0,0.810991279300007,0.7854971562137621,0.9959905518812566,,
88,left,LAD,T1,leaky,False,0.9225291745761203,6.0,5.0,0.9618439301960038,0.9578652169393875,0.9622752505007383,0.8639962288652067,True
88,left,LAD,T4,leaky,False,0.9225291745761203,6.0,6.0,0.9199185812698245,0.9472145618181096,0.9974134192805325,,
88,right,RCA,T4,leaky,False,0.8236344692971898,2.0,2.0,0.8239855170608761,0.8361246006000238,0.9967910992737993,,
88,right,RCA,T4,share,False,0.7963224027347184,1.0,1.0,0.8125125865925866,0.792875613154358,0.9956460539351376,,
88,right,RCA,T4,leaf3,False,0.7963224027357475,1.0,1.0,0.8125125865923497,0.792875613154358,0.9956460539351376,,
88,right,RCA,T4,apport,False,0.7963224027347184,1.0,1.0,0.8125125865925866,0.792875613154358,0.9956460539351376,,
95,left,LAD,T1,leaky,False,0.9261847206674162,6.0,5.0,0.9474280872588601,0.9388310118886855,0.9464858006690295,0.8614063804602594,False
95,left,LAD,T1,share,False,0.9186917890851444,6.0,5.0,0.9559232009112387,0.9195469522615013,0.950928593260868,0.8614063804602594,False
95,left,LAD,T1,leaf3,False,0.9117503998098537,6.0,5.0,0.9503989054428698,0.9367438129008806,0.9516860601916124,0.8614063804602594,False
95,left,LAD,T1,apport,False,0.9230688246341746,6.0,5.0,0.9599345710766771,0.9360193665125748,0.9537176441847682,0.8614063804602594,False
95,left,LAD,T4,leaky,False,0.9261847206674162,6.0,6.0,0.9201125837702319,0.9259720170944439,0.9986472356751757,,
95,left,LAD,T4,share,False,0.9186917890851444,6.0,5.0,0.9124139729076112,0.9139783293556355,0.9197248583848865,,
95,left,LAD,T4,leaf3,False,0.9117503998098537,6.0,5.0,0.9051771797719489,0.9320207109042236,0.9471256443403918,,
95,left,LAD,T4,apport,False,0.9230688246341746,6.0,5.0,0.9164524288228689,0.9315668097168868,0.9451766071960076,,
95,left,LCX,T1,leaky,False,0.8915492631704005,6.0,5.0,0.9306639604380263,0.9044953838760735,0.9116261786142974,0.9032138351730148,True
95,left,LCX,T1,share,False,0.8236504104081147,6.0,5.0,0.8952225748515665,0.8219426298230922,0.8894711941526875,0.9032138351730148,True
95,left,LCX,T1,leaf3,False,0.8343096430937054,6.0,5.0,0.8979508778760978,0.8717641625111303,0.9021438685292333,0.9032138351730148,True
95,left,LCX,T1,apport,False,0.8142162532282341,6.0,5.0,0.8906439329328046,0.8224247522547304,0.8722625639575087,0.9032138351730148,True
95,left,LCX,T4,leaky,False,0.8915492631704005,6.0,6.0,0.8886467044018044,0.9114861477467163,0.9980509462561501,,
95,left,LCX,T4,share,True,,,,,,,,
95,left,LCX,T4,leaf3,True,,,,,,,,
95,left,LCX,T4,apport,True,,,,,,,,
95,right,RCA,T4,leaky,False,0.8068392023463172,2.0,2.0,0.8075134459144757,0.8956472163200029,0.9982313051340665,,
95,right,RCA,T4,share,False,0.7488206867256758,1.0,1.0,0.7639731051743445,0.8585925736592603,0.7600924526037782,,
95,right,RCA,T4,leaf3,False,0.7488206867256562,1.0,1.0,0.7639731051742993,0.8585925736592603,0.7600924526038877,,
95,right,RCA,T4,apport,False,0.7488206867256562,1.0,1.0,0.7639731051742993,0.8585925736592603,0.7600924526040845,,
100,left,LCX,T1,leaky,False,0.9439197201940829,7.0,6.0,0.9622992076591838,0.9567234391341931,0.9626408832541746,0.9437204357147259,False
100,left,LCX,T1,share,False,0.9230659144204213,6.0,5.0,0.9469766969545752,0.9232036351085674,0.9468257461836108,0.9437204357147259,False
100,left,LCX,T1,leaf3,False,0.9242244818049992,6.0,5.0,0.9537833961137865,0.9425651329811573,0.9546046657740461,0.9437204357147259,False
100,left,LCX,T1,apport,False,0.9167919691432025,6.0,5.0,0.9520096616424331,0.9284869712426186,0.946599939329674,0.9437204357147259,False
100,left,LCX,T4,leaky,False,0.9439197201940829,7.0,7.0,0.9391057393178286,0.9530033673693232,0.9988541906504638,,
100,left,LCX,T4,share,True,,,,,,,,
100,left,LCX,T4,leaf3,True,,,,,,,,
100,left,LCX,T4,apport,True,,,,,,,,
100,right,RCA,T4,leaky,False,0.839686544672166,2.0,2.0,0.8464788921281823,0.8478711263693905,0.9953959071088135,,
100,right,RCA,T4,share,False,0.8445163690217069,1.0,1.0,0.8813075327489523,0.8313643406563392,0.9956641276285049,,
100,right,RCA,T4,leaf3,False,0.8445163690218093,1.0,1.0,0.8813075327490331,0.8313643406562681,0.9956641276285049,,
100,right,RCA,T4,apport,False,0.8445163690218093,1.0,1.0,0.8813075327492075,0.8313643406563392,0.9956641276285049,,
102,left,LAD,T1,leaky,False,0.9409615405985388,6.0,5.0,0.9700508941183518,0.9427206395678043,0.9433946252561716,1.1908345198559909,True
102,left,LAD,T1,share,False,0.8878062555593601,6.0,5.0,0.9504790336730038,0.8960031680979976,0.9194061456291384,1.1908345198559909,True
102,left,LAD,T1,leaf3,False,0.9015534094265024,6.0,5.0,0.9602865797796875,0.9497865086527043,0.9610325149282999,1.1908345198559909,True
102,left,LAD,T1,apport,False,0.8801172493447488,6.0,5.0,0.9494098775549702,0.9023533977922151,0.9261200622778901,1.1908345198559909,True
102,left,LAD,T4,leaky,False,0.9409615405985388,6.0,6.0,0.9398253812678014,0.9425773932184691,0.9987087492689899,,
102,left,LAD,T4,share,False,0.8878062555593601,6.0,6.0,0.9035134861811042,0.8839061863155621,0.8836832393784907,,
102,left,LAD,T4,leaf3,False,0.9015534094265024,6.0,6.0,0.9139444978793936,0.89846960679727,0.8986419027935885,,
102,left,LAD,T4,apport,False,0.8801172493447488,6.0,6.0,0.8980691244883788,0.878361238004442,0.8792869888119337,,
102,left,LCX,T1,leaky,False,0.913588440264905,6.0,5.0,0.9451884119013187,0.9424505695297194,0.9457152334598037,0.9043442657950433,True
102,left,LCX,T1,share,False,0.8315625466440665,6.0,5.0,0.9274570744144058,0.8340634785870372,0.887351859856271,0.9043442657950433,True
102,left,LCX,T1,leaf3,False,0.7258495470464201,6.0,5.0,0.8744652128873326,0.8443185863672388,0.8823388306166634,0.9043442657950433,True
102,left,LCX,T1,apport,False,0.8276403851792675,6.0,5.0,0.9256558821154687,0.8581633822688105,0.8962507445644188,0.9043442657950433,True
102,left,LCX,T4,leaky,False,0.913588440264905,6.0,6.0,0.9099174296830683,0.9315260513929874,0.9985277238200346,,
102,left,LCX,T4,share,True,,,,,,,,
102,left,LCX,T4,leaf3,True,,,,,,,,
102,left,LCX,T4,apport,True,,,,,,,,
102,right,RCA,T1,leaky,False,0.7864931908470224,2.0,1.0,0.8332438354325161,0.7934239640861127,0.8555196881232363,0.9348949374131656,False
102,right,RCA,T1,share,False,0.7672803662881996,2.0,1.0,0.8778703597489753,0.7861496341994239,0.9087090898033551,0.9348949374131656,False
102,right,RCA,T1,leaf3,False,0.7673534596189312,2.0,1.0,0.9033649587714819,0.7861496341994239,0.9317513908594931,0.9348949374131656,False
102,right,RCA,T1,apport,False,0.7670814650811746,2.0,1.0,0.8923158495517507,0.7861496341982425,0.9221584792951824,0.9348949374131656,False
102,right,RCA,T4,leaky,False,0.7864931908470224,2.0,2.0,0.7867908520592329,0.8356132536228291,0.9977405445442171,,
102,right,RCA,T4,share,False,0.7672803662881996,2.0,2.0,0.7989069839151464,0.8087519813279809,0.9967431528684912,,
102,right,RCA,T4,leaf3,False,0.7673534596189312,2.0,2.0,0.7972232819925653,0.8078587543760645,0.9967696393291735,,
102,right,RCA,T4,apport,False,0.7670814650811746,2.0,2.0,0.7975307954792233,0.808088461701155,0.9967610269334721,,
103,right,RCA,T1,leaky,False,0.8180135044195641,2.0,1.0,0.8569111023330392,0.8166890197192829,0.8141381803258668,0.7564864525379545,False
103,right,RCA,T1,share,False,0.7828859754814218,2.0,1.0,0.8819016813789697,0.7951673134905557,0.9059658904186475,0.7564864525379545,False
103,right,RCA,T1,leaf3,False,0.7805697653968888,2.0,1.0,0.9103048792658504,0.7951673134905557,0.9327240483718464,0.7564864525379545,False
103,right,RCA,T1,apport,False,0.7814753491557545,2.0,1.0,0.898291028361333,0.7951673134905526,0.9218429350490005,0.7564864525379545,False
103,right,RCA,T4,leaky,False,0.8180135044195641,2.0,2.0,0.8206304036388871,0.846180920063392,0.9977668896232804,,
103,right,RCA,T4,share,False,0.7828859754814218,2.0,1.0,0.7979402836212321,0.7874116968816802,0.9967447586434892,,
103,right,RCA,T4,leaf3,False,0.7805697653968888,2.0,1.0,0.7918286365120694,0.7874116968818525,0.9967447586434892,,
103,right,RCA,T4,apport,False,0.7814753491557545,2.0,1.0,0.7942265169917196,0.7874116968816802,0.9967447586434892,,
109,right,RCA,T4,leaky,False,0.8421358993500234,2.0,1.0,0.8477854477154037,0.8693006141707135,0.997071340081566,,
109,right,RCA,T4,share,False,0.8303988378090346,1.0,1.0,0.8551124992766513,0.8305425606514689,0.9962538858222244,,
109,right,RCA,T4,leaf3,False,0.8303988378090346,1.0,1.0,0.8551124992766513,0.8305425606514689,0.9962538858222244,,
109,right,RCA,T4,apport,False,0.8303988378090346,1.0,1.0,0.8551124992766513,0.8305425606514689,0.9962538858222244,,
112,left,LAD,T1,leaky,False,0.9336590225504487,6.0,5.0,0.956690645686352,0.9465309026528608,0.9534468819173086,0.7994393750710885,False
112,left,LAD,T1,share,False,0.8964898490612597,4.0,4.0,0.9599527673831666,0.8964589009456044,0.8963974104042143,0.7994393750710885,False
112,left,LAD,T1,leaf3,False,0.92559231263425,4.0,4.0,0.9706686785898078,0.9224978186688626,0.9196449363623962,0.7994393750710885,False
112,left,LAD,T1,apport,False,0.9087697984517582,4.0,4.0,0.9650151713881181,0.9090980551524752,0.9087561304244914,0.7994393750710885,False
112,left,LAD,T4,leaky,False,0.9336590225504487,6.0,6.0,0.9266726393766186,0.9407878890252185,0.9984371625587889,,
112,left,LAD,T4,share,True,,,,,,,,
112,left,LAD,T4,leaf3,True,,,,,,,,
112,left,LAD,T4,apport,True,,,,,,,,
112,left,LCX,T1,leaky,False,0.931628037533484,6.0,5.0,0.9622464132419972,0.945808483278208,0.9535886608019477,0.8844619226734418,True
112,left,LCX,T1,share,False,0.9381885452786504,4.0,3.0,0.969043402243478,0.9377488120859351,0.9595216861936959,0.8844619226734418,True
112,left,LCX,T1,leaf3,False,0.9077525272759178,4.0,3.0,0.9530070870795545,0.9356228987834049,0.9540406234706944,0.8844619226734418,True
112,left,LCX,T1,apport,False,0.9257907290024746,4.0,3.0,0.9632998644732176,0.9417564755316231,0.9577226082244605,0.8844619226734418,True
112,left,LCX,T4,leaky,False,0.931628037533484,6.0,6.0,0.9290342179175617,0.9386314397653976,0.9984809874820572,,
112,left,LCX,T4,share,False,0.9381885452786504,4.0,4.0,0.9358131250475149,0.9290388963617401,0.9246623946570525,,
112,left,LCX,T4,leaf3,False,0.9077525272759178,4.0,4.0,0.9051358820213236,0.9097594213696872,0.9159245157370065,,
112,left,LCX,T4,apport,False,0.9257907290024746,4.0,4.0,0.9232952700135417,0.9175774969060612,0.9134220027740626,,
112,right,RCA,T4,leaky,False,0.8170405996835909,2.0,2.0,0.8188742732485857,0.8773294553840506,0.9979038612059178,,
112,right,RCA,T4,share,False,0.7632106823477643,1.0,1.0,0.7967475029638255,0.8301575021032345,0.9969520081065745,,
112,right,RCA,T4,leaf3,False,0.7632106823477643,1.0,1.0,0.7967475029638255,0.8301575021032345,0.9969520081065745,,
112,right,RCA,T4,apport,False,0.7632106823477643,1.0,1.0,0.7967475029638255,0.8301575021032345,0.9969520081065745,,
114,left,LCX,T1,leaky,False,0.767885433708371,9.0,7.0,0.8600378034717381,0.8058490405217325,0.8410129592999891,1.0964540690415805,True
114,left,LCX,T1,share,False,0.6401383656856272,4.0,3.0,0.8036859053932551,0.6489232859659515,0.8346426676130775,1.0964540690415805,True
114,left,LCX,T1,leaf3,False,0.6259876778687063,4.0,3.0,0.7331728360304512,0.6637486372752118,0.7693133686838455,1.0964540690415805,True
114,left,LCX,T1,apport,False,0.6098495838999594,4.0,3.0,0.7383910874794716,0.6438947121396389,0.7779315449570624,1.0964540690415805,True
114,left,LCX,T4,leaky,False,0.767885433708371,9.0,8.0,0.7696070923986246,0.8072303609747444,0.9968912543428227,,
114,left,LCX,T4,share,False,0.6401383656856272,4.0,3.0,0.6476819411373584,0.6397803612792373,0.6299141367581472,,
114,left,LCX,T4,leaf3,False,0.6259876778687063,4.0,3.0,0.635942285479517,0.6648245465922423,0.7376379676134548,,
114,left,LCX,T4,apport,False,0.6098495838999594,4.0,3.0,0.6202002357756888,0.6437058035104519,0.7194809170100839,,
125,left,LAD,T1,leaky,False,0.7768292378547677,5.0,4.0,0.8526651955275487,0.8281782601237501,0.8387957580741051,0.910614721656695,True
125,left,LAD,T1,share,False,0.43609734091134766,5.0,4.0,0.6392682575873466,0.533237941368029,0.5707766968418757,0.910614721656695,True
125,left,LAD,T1,leaf3,False,0.5053448374921732,5.0,4.0,0.7425524966163666,0.6906244491545951,0.7726954986329798,0.910614721656695,True
125,left,LAD,T1,apport,False,0.4548692155274975,5.0,4.0,0.6913872172159934,0.5788927591777275,0.6510076291636295,0.910614721656695,True
125,left,LAD,T4,leaky,False,0.7768292378547677,5.0,5.0,0.7765013706991335,0.8326412010488486,0.9968556140680345,,
125,left,LAD,T4,share,False,0.43609734091134766,5.0,5.0,0.4894604079577424,0.3968500726264557,0.3887152346652144,,
125,left,LAD,T4,leaf3,False,0.5053448374921732,5.0,5.0,0.5433630819810066,0.48036650919588597,0.47746283700114783,,
125,left,LAD,T4,apport,False,0.4548692155274975,5.0,5.0,0.5000286459229443,0.43247375604559174,0.43402563941503225,,
125,left,LCX,T1,leaky,False,0.7630269671008635,5.0,3.0,0.9281328387084957,0.8164966000010075,0.8381384359604398,1.3048237230318025,True
125,left,LCX,T1,share,False,0.5327813202827323,5.0,3.0,0.8300830245192811,0.50293822786839,0.8690196698831382,1.3048237230318025,True
125,left,LCX,T1,leaf3,False,0.4540014848320663,5.0,3.0,0.7373985535897868,0.5861227404378292,0.8222387381737056,1.3048237230318025,True
125,left,LCX,T1,apport,False,0.5024943738386045,5.0,3.0,0.7974880305304561,0.5361112906423415,0.8414444690983055,1.3048237230318025,True
125,left,LCX,T4,leaky,False,0.7630269671008635,5.0,5.0,0.7488705872023137,0.795885164951481,0.9969499633470545,,
125,left,LCX,T4,share,True,,,,,,,,
125,left,LCX,T4,leaf3,True,,,,,,,,
125,left,LCX,T4,apport,True,,,,,,,,
125,right,RCA,T1,leaky,False,0.7948368540079488,3.0,2.0,0.8464210088642057,0.7951691355819971,0.8651808647124462,1.013214029499143,False
125,right,RCA,T1,share,False,0.794708088873411,3.0,2.0,0.8834739499808472,0.7953265411174514,0.9060992408032177,1.013214029499143,False
125,right,RCA,T1,leaf3,False,0.7947454024566502,3.0,2.0,0.8702966967763156,0.795404103403337,0.8918258446525305,1.013214029499143,False
125,right,RCA,T1,apport,False,0.7947635796932091,3.0,2.0,0.8894355155437932,0.7953225776612656,0.9050193160430333,1.013214029499143,False
125,right,RCA,T4,leaky,False,0.7948368540079488,3.0,3.0,0.7971915922497387,0.8144807295855573,0.9968345193835367,,
125,right,RCA,T4,share,False,0.794708088873411,3.0,3.0,0.8028970752101892,0.8036499012716313,0.9964530735552953,,
125,right,RCA,T4,leaf3,False,0.7947454024566502,3.0,3.0,0.8020694514400964,0.802899496049694,0.9964717341964107,,
125,right,RCA,T4,apport,False,0.7947635796932091,3.0,3.0,0.8036338967015471,0.8036220689749619,0.9964495045483839,,
129,left,LAD,T1,leaky,False,0.913856009439371,6.0,5.0,0.9342365334857746,0.9285298551165271,0.9333853217373334,0.8472218468085806,False
129,left,LAD,T1,share,False,0.8869021457621717,6.0,5.0,0.9400661412491084,0.8933431882680837,0.9114149291876151,0.8472218468085806,False
129,left,LAD,T1,leaf3,False,0.888780376904229,6.0,5.0,0.9565587193475388,0.9449054623223908,0.9576692812245909,0.8472218468085806,False
129,left,LAD,T1,apport,False,0.8548615613521751,6.0,5.0,0.9367865382430659,0.890076884112907,0.9177725212571943,0.8472218468085806,False
129,left,LAD,T4,leaky,False,0.913856009439371,6.0,6.0,0.909559572739816,0.9058136816768253,0.9985579146087196,,
129,left,LAD,T4,share,False,0.8869021457621717,6.0,5.0,0.8883729420191978,0.882652500013151,0.8800416860377901,,
129,left,LAD,T4,leaf3,False,0.888780376904229,6.0,5.0,0.888619641734283,0.9401280352288872,0.9523943204057429,,
129,left,LAD,T4,apport,False,0.8548615613521751,6.0,5.0,0.8584192698556072,0.8717738638713776,0.8830600258775605,,
129,left,LCX,T1,leaky,False,0.9321657030103543,6.0,5.0,0.9597818510082856,0.9318884454475782,0.9318190857763339,0.9520548943604674,True
129,left,LCX,T1,share,False,0.8196664421796526,6.0,5.0,0.941725029782426,0.7939446671547926,0.9049655610226571,0.9520548943604674,True
129,left,LCX,T1,leaf3,False,0.8561077704653565,6.0,5.0,0.9308152404876413,0.9131716923906843,0.9326239166506619,0.9520548943604674,True
129,left,LCX,T1,apport,False,0.8638971358791582,6.0,5.0,0.9417139415336598,0.848663592749649,0.9046847584945876,0.9520548943604674,True
129,left,LCX,T4,leaky,False,0.9321657030103543,6.0,6.0,0.9275905073433841,0.9335867986785509,0.9987708570388825,,
129,left,LCX,T4,share,True,,,,,,,,
129,left,LCX,T4,leaf3,True,,,,,,,,
129,left,LCX,T4,apport,True,,,,,,,,
129,right,RCA,T1,leaky,False,0.7866353863386275,2.0,1.0,0.8201093322621797,0.7863330477376982,0.22668426985492832,0.8055128864186774,False
129,right,RCA,T1,share,False,0.7997337416496539,2.0,1.0,0.899367718472129,0.8307603372055332,0.9186907689501981,0.8055128864186774,False
129,right,RCA,T1,leaf3,False,0.7942659228305958,2.0,1.0,0.9239453693560207,0.8307603372055332,0.9419937406259019,0.8055128864186774,False
129,right,RCA,T1,apport,False,0.7959945508495343,2.0,1.0,0.9149910107399244,0.8307603372055332,0.9338683181618666,0.8055128864186774,False
129,right,RCA,T4,leaky,False,0.7866353863386275,2.0,2.0,0.79592083615639,0.8301403667023783,0.9979122777364292,,
129,right,RCA,T4,share,False,0.7997337416496539,2.0,1.0,0.8406724970158681,0.850496781919627,0.9972920170339671,,
129,right,RCA,T4,leaf3,False,0.7942659228305958,2.0,1.0,0.8302706319607039,0.850496781919627,0.9972920170339671,,
129,right,RCA,T4,apport,False,0.7959945508495343,2.0,1.0,0.8334437005125112,0.850496781919627,0.9972920170339671,,
138,left,LAD,T1,leaky,False,0.9313555088021553,5.0,4.0,0.9475971864302959,0.9311662626482636,0.9310997645676049,0.7692178122133988,True
138,left,LAD,T1,share,False,0.8841255574263339,5.0,4.0,0.925077346315491,0.8890184119870473,0.9031859833402593,0.7692178122133988,True
138,left,LAD,T1,leaf3,False,0.909565574933203,5.0,4.0,0.9542614266180199,0.9407732564891673,0.9550144092444928,0.7692178122133988,True
138,left,LAD,T1,apport,False,0.9127863112313057,5.0,4.0,0.9486620775421049,0.9171738715928124,0.9310013369940433,0.7692178122133988,True
138,left,LAD,T4,leaky,False,0.9313555088021553,5.0,5.0,0.9300465297912761,0.951942328967029,0.9990090346045523,,
138,left,LAD,T4,share,False,0.8841255574263339,5.0,4.0,0.8902791764924706,0.8780389359995112,0.8770828231445356,,
138,left,LAD,T4,leaf3,False,0.909565574933203,5.0,4.0,0.9111469459033977,0.9577088071822342,0.971473953443829,,
138,left,LAD,T4,apport,False,0.9127863112313057,5.0,4.0,0.9149021009984403,0.9078112728543352,0.9073573517391185,,
138,right,RCA,T4,leaky,False,0.81758698059706,2.0,2.0,0.8197476800554732,0.8272274313081209,0.9972426716874293,,
138,right,RCA,T4,share,False,0.789353821053792,1.0,1.0,0.824285560840066,0.7818508105393557,0.9959991973875837,,
138,right,RCA,T4,leaf3,False,0.789353821053792,1.0,1.0,0.824285560840066,0.7818508105393557,0.9959991973875837,,
138,right,RCA,T4,apport,False,0.7893538210535663,1.0,1.0,0.824285560840066,0.7818508105393557,0.9959991973875837,,
139,right,RCA,T1,leaky,False,0.8425328425851327,2.0,1.0,0.9249904170160225,0.8413012211682114,0.8941242023205044,0.8689349645416757,False
139,right,RCA,T1,share,False,0.8411727206026881,2.0,1.0,0.9270527631333048,0.8408939964527872,0.9381847521616535,0.8689349645416757,False
139,right,RCA,T1,leaf3,False,0.8412827837974403,2.0,1.0,0.9292914796299852,0.8408939964527872,0.9402760265031901,0.8689349645416757,False
139,right,RCA,T1,apport,False,0.8411772518156387,2.0,1.0,0.9271474689605687,0.8408939964527872,0.9382735666299632,0.8689349645416757,False
139,right,RCA,T4,leaky,False,0.8425328425851327,2.0,2.0,0.8473476761638212,0.8650610465595356,0.9969784697922907,,
139,right,RCA,T4,share,False,0.8411727206026881,2.0,1.0,0.8465456024728312,0.8476468574751866,0.9966093595423656,,
139,right,RCA,T4,leaf3,False,0.8412827837974403,2.0,1.0,0.8467097724239757,0.8476468574749263,0.9966093595423656,,
139,right,RCA,T4,apport,False,0.8411772518156387,2.0,1.0,0.846552242077935,0.8476468574751866,0.9966093595423656,,
148,right,RCA,T1,leaky,False,0.8259186220755859,2.0,1.0,0.8740584914824231,0.8298731027987719,0.879700961876061,0.777300993937829,False
148,right,RCA,T1,share,False,0.812054369407577,2.0,1.0,0.8949023411236435,0.81994705244953,0.9134162136388354,0.777300993937829,False
148,right,RCA,T1,leaf3,False,0.8111992116793607,2.0,1.0,0.9165904158710737,0.81994705244953,0.9342296105168093,0.777300993937829,False
148,right,RCA,T1,apport,False,0.8116361260356214,2.0,1.0,0.9037005783140253,0.8199470524493695,0.9221207977306133,0.777300993937829,False
148,right,RCA,T4,leaky,False,0.8259186220755859,2.0,2.0,0.8309978634107813,0.8576136819893994,0.9971805503559019,,
148,right,RCA,T4,share,False,0.812054369407577,2.0,1.0,0.8305441786546168,0.8302522967779113,0.9964425598301516,,
148,right,RCA,T4,leaf3,False,0.8111992116793607,2.0,1.0,0.8285448525037244,0.8302522967778968,0.9964425598301516,,
148,right,RCA,T4,apport,False,0.8116361260356214,2.0,1.0,0.8295805469689318,0.8302522967778968,0.9964425598301516,,
151,left,LAD,T1,leaky,False,0.8293376254498926,7.0,6.0,0.8524170707988817,0.8458870160938056,0.8534160698412078,0.8879073820943026,False
151,left,LAD,T1,share,False,0.773951119264023,7.0,6.0,0.8709125419233719,0.8140334801778516,0.83015413766674,0.8879073820943026,False
151,left,LAD,T1,leaf3,False,0.8119006551192554,7.0,6.0,0.911996505910316,0.893355328213307,0.9148555513789038,0.8879073820943026,False
151,left,LAD,T1,apport,False,0.7662855458931297,7.0,6.0,0.8833924675670259,0.834809569518118,0.8619156854341031,0.8879073820943026,False
151,left,LAD,T4,leaky,False,0.8293376254498926,7.0,7.0,0.829293778624307,0.8643381933974618,0.9937250336038745,,
151,left,LAD,T4,share,False,0.773951119264023,7.0,7.0,0.8177527534757809,0.7759507234775046,0.7831085052849595,,
151,left,LAD,T4,leaf3,False,0.8119006551192554,7.0,7.0,0.8399371302941316,0.8450695622291248,0.8601910538358879,,
151,left,LAD,T4,apport,False,0.7662855458931297,7.0,7.0,0.8071630410863139,0.7797966635651442,0.7924572189069029,,
151,left,LCX,T1,leaky,False,0.7809693641525114,7.0,6.0,0.826682189273533,0.7905623675561418,0.7970236531415398,1.0464090073116163,False
151,left,LCX,T1,share,False,0.6335577642606901,7.0,6.0,0.751743529515584,0.640732859064479,0.7332851646689695,1.0464090073116163,False
151,left,LCX,T1,leaf3,False,0.6253682296561007,7.0,6.0,0.7126119602698302,0.6707853713097944,0.7363833143091453,1.0464090073116163,False
151,left,LCX,T1,apport,False,0.6458456676376916,7.0,6.0,0.7445297563967478,0.6716467377119479,0.7422345800889513,1.0464090073116163,False
151,left,LCX,T4,leaky,False,0.7809693641525114,7.0,7.0,0.7821925639754674,0.8414724131788844,0.9982642180448825,,
151,left,LCX,T4,share,False,0.6335577642606901,7.0,6.0,0.6708801243270333,0.6187471622769054,0.5971436376437694,,
151,left,LCX,T4,leaf3,False,0.6253682296561007,7.0,6.0,0.6628459843945822,0.6672343951505628,0.7047753124582813,,
151,left,LCX,T4,apport,False,0.6458456676376916,7.0,6.0,0.6803882650442695,0.6852721619971377,0.7178111756296294,,
151,right,RCA,T4,leaky,False,0.7660256165017206,2.0,2.0,0.7729321883301374,0.8444327301716954,0.9982470930985093,,
151,right,RCA,T4,share,False,0.717308586321663,1.0,1.0,0.8052543299511196,0.8103887133665805,0.9969214055042586,,
151,right,RCA,T4,leaf3,False,0.717308586321663,1.0,1.0,0.8052543299511196,0.8103887133665805,0.9969214055042586,,
151,right,RCA,T4,apport,False,0.717308586321663,1.0,1.0,0.8052543299511196,0.8103887133665805,0.9969214055042586,,
175,right,RCA,T4,leaky,False,0.8326400274437303,2.0,2.0,0.834547534190969,0.88746794472541,0.9974930350905673,,
175,right,RCA,T4,share,False,0.7974366911693103,1.0,1.0,0.8141533554141059,0.8564645506114191,0.9968679481691042,,
175,right,RCA,T4,leaf3,False,0.7974366911689115,1.0,1.0,0.8141533554141059,0.8564645506114191,0.9968679481691042,,
175,right,RCA,T4,apport,False,0.7974366911693103,1.0,1.0,0.8141533554141059,0.8564645506114191,0.9968679481691042,,
196,left,LCX,T1,leaky,False,0.8696457284875333,3.0,2.0,0.9144548544451421,0.8691357166763879,0.9210192580409935,0.8269898191538665,True
196,left,LCX,T1,share,False,0.8690395225541729,3.0,2.0,0.9165484201273464,0.8682916602847598,0.9231485456836676,0.8269898191538665,True
196,left,LCX,T1,leaf3,False,0.869125519553437,3.0,2.0,0.9213062787613121,0.86829460849722,0.9280489961921331,0.8269898191538665,True
196,left,LCX,T1,apport,False,0.8689975307644691,3.0,2.0,0.9141063714398423,0.8682927936943994,0.9206012668928315,0.8269898191538665,True
196,left,LCX,T4,leaky,False,0.8696457284875333,3.0,3.0,0.868035139783532,0.8609512868405017,0.9973847195072807,,
196,left,LCX,T4,share,False,0.8690395225541729,3.0,1.0,0.8667982943991386,0.8386820207754029,0.9969055933020583,,
196,left,LCX,T4,leaf3,False,0.869125519553437,3.0,1.0,0.8668689719012689,0.8386820207754029,0.9969055933020583,,
196,left,LCX,T4,apport,False,0.8689975307644691,3.0,1.0,0.866765947692717,0.8386820207754029,0.9969055933020583,,
211,left,LAD,T4,leaky,False,0.9096701935211238,5.0,5.0,0.9091291025364766,0.927470453331443,0.9981753302514822,,
211,left,LAD,T4,share,False,0.7067426627426057,2.0,2.0,0.7333263378017362,0.6982437634393724,0.7018648200229441,,
211,left,LAD,T4,leaf3,False,0.7639501669333454,2.0,2.0,0.7803090957937042,0.7373865490133168,0.7118291287041252,,
211,left,LAD,T4,apport,False,0.7224483643889044,2.0,2.0,0.7460686199779263,0.7116261521395032,0.7096878911787807,,
211,right,RCA,T4,leaky,False,0.8308388370847162,2.0,2.0,0.8388377857494818,0.875309880928908,0.7306256766401016,,
211,right,RCA,T4,share,False,0.8195187196921275,1.0,1.0,0.840372864843758,0.8586131548917576,0.9971426776071092,,
211,right,RCA,T4,leaf3,False,0.8195187196924457,1.0,1.0,0.840372864843758,0.8586131548917525,0.9971426776071092,,
211,right,RCA,T4,apport,False,0.8195187196924457,1.0,1.0,0.840372864843758,0.8586131548917576,0.9971426776071092,,
218,left,LAD,T4,leaky,False,0.9386237157414662,6.0,6.0,0.9331691504402788,0.9315229646488916,0.9283530446844305,,
218,left,LAD,T4,share,False,0.8579009399377018,4.0,4.0,0.8536863316092672,0.8496963181683993,0.8490198049998038,,
218,left,LAD,T4,leaf3,False,0.902796124701423,4.0,4.0,0.8970728060370565,0.8952789988826595,0.8951707804578645,,
218,left,LAD,T4,apport,False,0.8631047228793263,4.0,4.0,0.8584910570285545,0.8549590805884896,0.8544224780735028,,
218,left,LCX,T1,leaky,False,0.9362750228364828,6.0,4.0,0.9855537720019121,0.9627248430458536,0.9719422500773818,1.0662021996464213,True
218,left,LCX,T1,share,False,0.9472331278065901,4.0,3.0,0.9828844545405431,0.9475496901515998,0.9772106065387666,1.0662021996464213,True
218,left,LCX,T1,leaf3,False,0.9164478352924013,4.0,3.0,0.9652665155008808,0.9495734793687172,0.9662018109565483,1.0662021996464213,True
218,left,LCX,T1,apport,False,0.9480448872193618,4.0,3.0,0.9831086184167153,0.9614642576874936,0.978584519778609,1.0662021996464213,True
218,left,LCX,T4,leaky,False,0.9362750228364828,6.0,6.0,0.9318603115250725,0.9484130085250427,0.9988619049796116,,
218,left,LCX,T4,share,False,0.9472331278065901,4.0,4.0,0.9433608103414906,0.9332608667797362,0.9255266554449983,,
218,left,LCX,T4,leaf3,False,0.9164478352924013,4.0,4.0,0.9112998702506381,0.9113453538606479,0.9110736462601186,,
218,left,LCX,T4,apport,False,0.9480448872193618,4.0,4.0,0.9442144514756621,0.949141233583997,0.9514575134861438,,
218,right,RCA,T4,leaky,False,0.8191121497533127,2.0,2.0,0.8215800758643592,0.8292669904040887,0.9973465183228999,,
218,right,RCA,T4,share,False,0.7947208409098857,1.0,1.0,0.8245549943117748,0.7801228266822412,0.9962157176200757,,
218,right,RCA,T4,leaf3,False,0.7947208409098857,1.0,1.0,0.8245549943117748,0.7801228266820412,0.9962157176200757,,
218,right,RCA,T4,apport,False,0.7947208409103339,1.0,1.0,0.8245549943117748,0.7801228266822412,0.9962157176200757,,
244,left,LAD,T4,leaky,False,0.8144980637893514,4.0,4.0,0.8095387184580984,0.8279141100692575,0.9974743546295698,,
244,left,LAD,T4,share,True,,,,,,,,
244,left,LAD,T4,leaf3,True,,,,,,,,
244,left,LAD,T4,apport,True,,,,,,,,
244,right,RCA,T1,leaky,False,0.7775626860061204,2.0,1.0,0.8239363956761621,0.7842152994134751,0.8455505712414366,0.9727411215144125,False
244,right,RCA,T1,share,False,0.7574482286312388,2.0,1.0,0.8528863454772299,0.7769880794233782,0.8841944137073611,0.9727411215144125,False
244,right,RCA,T1,leaf3,False,0.7517702635287121,2.0,1.0,0.9013182067917868,0.7769880794233782,0.9310542437365761,0.9727411215144125,False
244,right,RCA,T1,apport,False,0.7542318462956524,2.0,1.0,0.8762087920198002,0.7769880794233782,0.9082955137498778,0.9727411215144125,False
244,right,RCA,T4,leaky,False,0.7775626860061204,2.0,2.0,0.7803926809728974,0.8134880085249692,0.9969738935547837,,
244,right,RCA,T4,share,False,0.7574482286312388,2.0,2.0,0.795042053006777,0.779389664994921,0.9968954553594856,,
244,right,RCA,T4,leaf3,False,0.7517702635287121,2.0,2.0,0.781144424459242,0.7746963379567723,0.9969498910556128,,
244,right,RCA,T4,apport,False,0.7542318462956524,2.0,2.0,0.7869904717309435,0.7762149812031152,0.9969316781044653,,
251,right,RCA,T4,leaky,False,0.8389813664886684,2.0,2.0,0.8411691639883397,0.8639223787424501,0.9972965619478624,,
251,right,RCA,T4,share,False,0.8268896001027247,1.0,1.0,0.8277704365499522,0.8306983429601967,0.8229779232443862,,
251,right,RCA,T4,leaf3,False,0.8268896001030367,1.0,1.0,0.8277704365499522,0.8306983429601967,0.8229779232450499,,
251,right,RCA,T4,apport,False,0.8268896001027247,1.0,1.0,0.8277704365499522,0.8306983429603687,0.822977923244984,,
252,left,LAD,T4,leaky,False,0.9255302052840222,5.0,5.0,0.9220415892092815,0.9355291513326193,0.998654110913508,,
252,left,LAD,T4,share,False,0.8789874746380414,3.0,3.0,0.8833750295772665,0.8680738317622975,0.8679437424315397,,
252,left,LAD,T4,leaf3,False,0.8707617797148581,3.0,3.0,0.8763739999990903,0.8545095299658715,0.8520570516463375,,
252,left,LAD,T4,apport,False,0.8790624654010815,3.0,3.0,0.8834383758670906,0.8681573921904073,0.8680285906447396,,
252,right,RCA,T4,leaky,False,0.8160498724687255,2.0,2.0,0.8193510137868674,0.8317773604264078,0.9975095660841183,,
252,right,RCA,T4,share,False,0.8166860981835574,1.0,1.0,0.8655003765363107,0.7898919544192649,0.9950620121973788,,
252,right,RCA,T4,leaf3,False,0.8166860981835574,1.0,1.0,0.8655003765363107,0.7898919544192649,0.9950620121973788,,
252,right,RCA,T4,apport,False,0.8166860981835574,1.0,1.0,0.8655003765366356,0.7898919544192649,0.9950620121973788,,
265,right,RCA,T4,leaky,False,0.8274960482830804,2.0,1.0,0.8286999759485751,0.8652946344760887,0.667340901543998,,
265,right,RCA,T4,share,False,0.8025566321064188,1.0,1.0,0.8052722928042869,0.8281372324395407,0.9959717342802867,,
265,right,RCA,T4,leaf3,False,0.8025566321064188,1.0,1.0,0.8052722928042869,0.8281372324395407,0.9959717342802867,,
265,right,RCA,T4,apport,False,0.8025566321064188,1.0,1.0,0.8052722928042869,0.8281372324399126,0.9959717342802867,,
271,left,LAD,T4,leaky,False,0.9632356877085727,7.0,7.0,0.9576414812713611,0.9620878367496711,0.9990579441690253,,
271,left,LAD,T4,share,True,,,,,,,,
271,left,LAD,T4,leaf3,True,,,,,,,,
271,left,LAD,T4,apport,True,,,,,,,,
272,left,LAD,T4,leaky,False,0.8807196622539579,6.0,6.0,0.8700475932116739,0.8676441750701153,0.9965645016646414,,
272,left,LAD,T4,share,False,0.4196897564886118,3.0,3.0,0.47648866558209163,0.3910038479324785,0.3801528040413736,,
272,left,LAD,T4,leaf3,False,0.5769608049465327,3.0,3.0,0.6012591625262601,0.547206570386776,0.542715685347603,,
272,left,LAD,T4,apport,False,0.462176900331367,3.0,3.0,0.5095566555351183,0.4324561882486103,0.4237829725841507,,
272,right,RCA,T1,leaky,False,0.789015916688185,4.0,3.0,0.8394174025448767,0.7894128250953315,0.8328807498629297,0.967758924843296,False
272,right,RCA,T1,share,False,0.7862910096649268,3.0,2.0,0.843705730808949,0.7872278127541723,0.8642536185153897,0.967758924843296,False
272,right,RCA,T1,leaf3,False,0.7934340743423789,3.0,2.0,0.8758039282519936,0.7993272644129857,0.8973871442896555,0.967758924843296,False
272,right,RCA,T1,apport,False,0.7877652950968002,3.0,2.0,0.8483494308038506,0.790710374639901,0.8721311573783234,0.967758924843296,False
272,right,RCA,T4,leaky,False,0.789015916688185,4.0,3.0,0.7958751014238636,0.8065129591589735,0.9978530109989084,,
272,right,RCA,T4,share,False,0.7862910096649268,3.0,3.0,0.8070373960979725,0.7797520626493886,0.9973971919441381,,
272,right,RCA,T4,leaf3,False,0.7934340743423789,3.0,3.0,0.8161029395742625,0.7841895643839845,0.9974085729462965,,
272,right,RCA,T4,apport,False,0.7877652950968002,3.0,3.0,0.8084345791365718,0.7815583956109505,0.9974033130392362,,
273,left,LAD,T1,leaky,False,0.8653112606511734,7.0,6.0,0.9198112861385255,0.864329334025744,0.8639690578122128,0.9050415709408967,True
273,left,LAD,T1,share,False,0.8664971237615148,6.0,5.0,0.9312606140458658,0.8804250547373091,0.8989002713887587,0.9050415709408967,True
273,left,LAD,T1,leaf3,False,0.8754837954568288,6.0,5.0,0.9493574859920121,0.9383584318481581,0.950522366505551,0.9050415709408967,True
273,left,LAD,T1,apport,False,0.8703294682217222,6.0,5.0,0.935160385068973,0.8837692756878524,0.9031129214466627,0.9050415709408967,True
273,left,LAD,T4,leaky,False,0.8653112606511734,7.0,7.0,0.8651115797468398,0.8951005885244985,0.9982166006423698,,
273,left,LAD,T4,share,False,0.8664971237615148,6.0,6.0,0.8753756703417542,0.8361639696823525,0.823074999400894,,
273,left,LAD,T4,leaf3,False,0.8754837954568288,6.0,6.0,0.8815076254114936,0.8705167248806631,0.8701418154538598,,
273,left,LAD,T4,apport,False,0.8703294682217222,6.0,6.0,0.8783644734180888,0.8405989337227736,0.8276894951702966,,
273,left,LCX,T1,leaky,False,0.8651356850239946,7.0,5.0,0.9558966902491902,0.8638873009476453,0.8632114552758274,1.1437860392448558,False
273,left,LCX,T1,share,False,0.8343307179652405,6.0,4.0,0.9591714765811568,0.855549407978923,0.9382934374742748,1.1437860392448558,False
273,left,LCX,T1,leaf3,False,0.7820385829062722,6.0,4.0,0.919954009951009,0.8772581773658383,0.9251110619448936,1.1437860392448558,False
273,left,LCX,T1,apport,False,0.8249757079876661,6.0,4.0,0.9513331335194517,0.8536968460788908,0.9260968835240008,1.1437860392448558,False
273,left,LCX,T4,leaky,False,0.8651356850239946,7.0,7.0,0.8666789606857699,0.8836800124071944,0.9982251413243026,,
273,left,LCX,T4,share,False,0.8343307179652405,6.0,5.0,0.8395383527938013,0.8313137024912686,0.8255003545772281,,
273,left,LCX,T4,leaf3,False,0.7820385829062722,6.0,5.0,0.7937925581596089,0.8513943910749446,0.8891498747612586,,
273,left,LCX,T4,apport,False,0.8249757079876661,6.0,5.0,0.8311982650210231,0.826358355197045,0.8267611768495111,,
274,left,LAD,T4,leaky,False,0.9544511780151119,6.0,6.0,0.9525021720463247,0.9535352712616388,0.99908979507484,,
274,left,LAD,T4,share,False,0.9340813518116404,4.0,4.0,0.937965474854734,0.935072259670645,0.934885053084013,,
274,left,LAD,T4,leaf3,False,0.9704339817950547,4.0,4.0,0.9697218186821999,0.9689885500533415,0.9689118049630915,,
274,left,LAD,T4,apport,False,0.929393164226259,4.0,4.0,0.9341433177224858,0.9308579080073481,0.930621646021939,,
280,left,LAD,T4,leaky,False,0.9434801766663983,6.0,6.0,0.9355675739425868,0.9423421471824617,0.9986199475777252,,
280,left,LAD,T4,share,False,0.9033812383978685,6.0,6.0,0.8900249716144818,0.8918618850797715,0.8962968465852078,,
280,left,LAD,T4,leaf3,False,0.9116037003922932,6.0,6.0,0.9008563611865629,0.9002998351561368,0.9002919696924486,,
280,left,LAD,T4,apport,False,0.8904966121220784,6.0,6.0,0.8773514216313061,0.8805633572131311,0.8836861320346184,,
280,right,RCA,T1,leaky,False,0.8120725234609889,2.0,1.0,0.8734556600950352,0.813491574287496,0.8352108725447043,0.904957144953016,False
280,right,RCA,T1,share,False,0.7967181033840239,2.0,1.0,0.906411021126849,0.8173316829625489,0.9271081378587767,0.904957144953016,False
280,right,RCA,T1,leaf3,False,0.7959340541472057,2.0,1.0,0.9146686437658359,0.8173316829625489,0.9347041726218612,0.904957144953016,False
280,right,RCA,T1,apport,False,0.7963513085205913,2.0,1.0,0.9100804063730888,0.8173316829625489,0.9305229758134483,0.904957144953016,False
280,right,RCA,T4,leaky,False,0.8120725234609889,2.0,2.0,0.8167816333621395,0.8540311935046021,0.9977759082494339,,
280,right,RCA,T4,share,False,0.7967181033840239,2.0,2.0,0.8202423601960513,0.8260894311470823,0.9971842964701989,,
280,right,RCA,T4,leaf3,False,0.7959340541472057,2.0,2.0,0.8192089910459048,0.8251050158972039,0.9971856755746739,,
280,right,RCA,T4,apport,False,0.7963513085205913,2.0,2.0,0.8197421555693591,0.8254861110245245,0.9971852128152046,,
284,left,LAD,T4,leaky,False,0.9549796146099128,6.0,6.0,0.9517263481805774,0.9582848042763259,0.9587124401625183,,
284,left,LAD,T4,share,True,,,,,,,,
284,left,LAD,T4,leaf3,True,,,,,,,,
284,left,LAD,T4,apport,True,,,,,,,,
284,right,RCA,T1,leaky,False,0.8046661370532198,3.0,2.0,0.8421353212807624,0.8123020204752284,0.8583332445055258,0.7867472281760389,False
284,right,RCA,T1,share,False,0.757745736632928,2.0,1.0,0.8722276897340866,0.7575696199243825,0.9095830639274595,0.7867472281760389,False
284,right,RCA,T1,leaf3,False,0.7577804759384745,2.0,1.0,0.8833002332137592,0.7575696199243825,0.9196207973219745,0.7867472281760389,False
284,right,RCA,T1,apport,False,0.7577689891623589,2.0,1.0,0.879740847530235,0.7575696199243825,0.9164580312210396,0.7867472281760389,False
284,right,RCA,T4,leaky,False,0.8046661370532198,3.0,3.0,0.8056833503016202,0.804546130955121,0.9968470729616539,,
284,right,RCA,T4,share,False,0.757745736632928,2.0,1.0,0.7837086801596855,0.7326994675536819,0.9950910219527145,,
284,right,RCA,T4,leaf3,False,0.7577804759384745,2.0,1.0,0.7838815990578726,0.732699467553745,0.9950910219527145,,
284,right,RCA,T4,apport,False,0.7577689891623589,2.0,1.0,0.7838227730583307,0.7326994675536819,0.9950910219527145,,
300,right,RCA,T4,leaky,False,0.8247558557341008,2.0,1.0,0.82594748764506,0.8689526718931803,0.9975803869096986,,
300,right,RCA,T4,share,False,0.7939597345809052,1.0,1.0,0.8002384976224912,0.8310170573518514,0.7931065717538897,,
300,right,RCA,T4,leaf3,False,0.7939597345812416,1.0,1.0,0.8002384976224912,0.8310170573518514,0.7931065754977241,,
300,right,RCA,T4,apport,False,0.7939597345812416,1.0,1.0,0.8002384976224912,0.8310170573512946,0.7931065717538994,,
306,left,LAD,T1,leaky,False,0.9502824395028969,6.0,5.0,0.9694906177179259,0.9611309346501297,0.9698332680604016,1.0645663033940767,True
306,left,LAD,T1,share,False,0.9632443237328742,6.0,5.0,0.9751286897949886,0.9607393599302805,0.9734272444979453,1.0645663033940767,True
306,left,LAD,T1,leaf3,False,0.9526353310718108,6.0,5.0,0.9710701577825399,0.9634408314367867,0.9713720575805775,1.0645663033940767,True
306,left,LAD,T1,apport,False,0.9485109712201151,6.0,5.0,0.9700042992722315,0.9587933571056586,0.9690090515838355,1.0645663033940767,True
306,left,LAD,T4,leaky,False,0.9502824395028969,6.0,6.0,0.9466831547475913,0.9572636602038902,0.9977773952782193,,
306,left,LAD,T4,share,False,0.9632443237328742,6.0,6.0,0.9607680954095053,0.9601889174483788,0.9589299677729419,,
306,left,LAD,T4,leaf3,False,0.9526353310718108,6.0,6.0,0.9492311483475712,0.9482975104999571,0.9479879710529016,,
306,left,LAD,T4,apport,False,0.9485109712201151,6.0,6.0,0.9450019232284063,0.9548710234115644,0.9617989484313502,,
306,left,LCX,T1,leaky,False,0.957824770327461,6.0,5.0,0.9862698886799824,0.9654309453508785,0.9684370248380983,1.1345083220060845,False
306,left,LCX,T1,share,False,0.9402336122934645,6.0,5.0,0.9847908322786478,0.9398719405521144,0.9747804347045552,1.1345083220060845,False
306,left,LCX,T1,leaf3,False,0.9567963817188817,6.0,5.0,0.9808140538954286,0.976204639135445,0.9809454917609133,1.1345083220060845,False
306,left,LCX,T1,apport,False,0.9547281054208332,6.0,5.0,0.9869039288701433,0.962136482193934,0.9790775591848677,1.1345083220060845,False
306,left,LCX,T4,leaky,False,0.957824770327461,6.0,6.0,0.9538199251530868,0.9625334925128396,0.999015565066992,,
306,left,LCX,T4,share,False,0.9402336122934645,6.0,6.0,0.9356098059017088,0.9339749601187424,0.9327782913699786,,
306,left,LCX,T4,leaf3,False,0.9567963817188817,6.0,6.0,0.9527115015622033,0.9532430721168555,0.9533207870591501,,
306,left,LCX,T4,apport,False,0.9547281054208332,6.0,6.0,0.9507442711187529,0.9509973428288111,0.9510701656250015,,
306,right,RCA,T4,leaky,False,0.7897649625115047,2.0,2.0,0.7846579245754258,0.7916922324140071,0.9960964583987295,,
306,right,RCA,T4,share,False,0.6522118938419498,1.0,1.0,0.6866823308433104,0.5962304352280297,0.9902677467469123,,
306,right,RCA,T4,leaf3,False,0.6522118938419498,1.0,1.0,0.6866823308433104,0.5962304352280297,0.9902677467469123,,
306,right,RCA,T4,apport,False,0.6522118938419498,1.0,1.0,0.6866823308433104,0.5962304352280297,0.9902677467469123,,
316,right,RCA,T1,leaky,False,0.793775058744837,4.0,3.0,0.8224620065660482,0.7974976499348743,0.834998939101243,0.7865659806919146,False
316,right,RCA,T1,share,False,0.7619676626557056,2.0,1.0,0.8342915230761512,0.7615837092125527,0.8615632151725731,0.7865659806919146,False
316,right,RCA,T1,leaf3,False,0.7621828046624931,2.0,1.0,0.847867541316803,0.7615837092125527,0.8766202899068398,0.7865659806919146,False
316,right,RCA,T1,apport,False,0.7620833912633196,2.0,1.0,0.8419232453232729,0.7615837092125527,0.8701436909528896,0.7865659806919146,False
316,right,RCA,T4,leaky,False,0.793775058744837,4.0,4.0,0.7948897410941053,0.8253677696171626,0.9974896288246249,,
316,right,RCA,T4,share,False,0.7619676626557056,2.0,1.0,0.7709049897207069,0.7728875888698197,0.8600197257508251,,
316,right,RCA,T4,leaf3,False,0.7621828046624931,2.0,1.0,0.7715955080241618,0.7728875888698197,0.8749658707140883,,
316,right,RCA,T4,apport,False,0.7620833912633196,2.0,1.0,0.7712610415185839,0.7728875888698197,0.8685339141395596,,
324,left,LAD,T1,leaky,False,0.8066614719440648,6.0,5.0,0.8640697538918283,0.8525872213649236,0.8689982422819503,0.8548586986728787,True
324,left,LAD,T1,share,False,0.6669093642406828,4.0,3.0,0.8158012675688296,0.7179742758441261,0.7686407134774199,0.8548586986728787,True
324,left,LAD,T1,leaf3,False,0.6319834410178492,4.0,3.0,0.8270455965405589,0.7736033197481174,0.8463644573361409,0.8548586986728787,True
324,left,LAD,T1,apport,False,0.6714127394150686,4.0,3.0,0.8373213733401108,0.7448656962370636,0.809851094540825,0.8548586986728787,True
324,left,LAD,T4,leaky,False,0.8066614719440648,6.0,6.0,0.8054152810711894,0.8403618421123823,0.9971327482575584,,
324,left,LAD,T4,share,False,0.6669093642406828,4.0,3.0,0.689249748382041,0.6789184384357192,0.6758576608359455,,
324,left,LAD,T4,leaf3,False,0.6319834410178492,4.0,3.0,0.6519683123179292,0.7484955617467859,0.8074396309827082,,
324,left,LAD,T4,apport,False,0.6714127394150686,4.0,3.0,0.6896116306704234,0.713016720268103,0.7300807371154684,,
324,left,LCX,T1,leaky,False,0.8413655685182719,6.0,5.0,0.9078522991404611,0.8967097519135327,0.909785089825766,0.9283636166107762,True
324,left,LCX,T1,share,False,0.6180881352723078,4.0,3.0,0.7553511294669462,0.6336262351586303,0.7086348214441262,0.9283636166107762,True
324,left,LCX,T1,leaf3,False,0.6487884301279804,4.0,3.0,0.8379888468701688,0.7699527796453935,0.8618678661905125,0.9283636166107762,True
324,left,LCX,T1,apport,False,0.6125223398444191,4.0,3.0,0.7860234633782309,0.6528514131373756,0.7638061774964915,0.9283636166107762,True
324,left,LCX,T4,leaky,False,0.8413655685182719,6.0,6.0,0.8395251905616258,0.8803838641432989,0.9880025482527249,,
324,left,LCX,T4,share,False,0.6180881352723078,4.0,4.0,0.6382262598573719,0.6156217832764348,0.6095953560495236,,
324,left,LCX,T4,leaf3,False,0.6487884301279804,4.0,4.0,0.6632942183878446,0.6489680203983882,0.6471579434307578,,
324,left,LCX,T4,apport,False,0.6125223398444191,4.0,4.0,0.6308042433182107,0.62801869912241,0.6434034524692573,,
324,right,RCA,T1,leaky,False,0.764653173928515,5.0,2.0,0.8206751568323525,0.7675518664001442,0.8110199279054651,0.8690319326135597,False
324,right,RCA,T1,share,False,0.7540607466109629,2.0,1.0,0.8628864913915198,0.7844213554054099,0.9045987853841513,0.8690319326135597,False
324,right,RCA,T1,leaf3,False,0.7489636456659826,2.0,1.0,0.8890083521355846,0.7844213554054099,0.9296105553262489,0.8690319326135597,False
324,right,RCA,T1,apport,False,0.7490937355414392,2.0,1.0,0.8882329199923763,0.7844213554054099,0.9289364955604958,0.8690319326135597,False
324,right,RCA,T4,leaky,False,0.764653173928515,5.0,5.0,0.7785281841314693,0.8815710140555404,0.998342265932254,,
324,right,RCA,T4,share,False,0.7540607466109629,2.0,2.0,0.8051693728570294,0.8743240580658767,0.9978912740285476,,
324,right,RCA,T4,leaf3,False,0.7489636456659826,2.0,2.0,0.7973782649981578,0.8735982750768753,0.9978970164375424,,
324,right,RCA,T4,apport,False,0.7490937355414392,2.0,2.0,0.7975707027414718,0.8729030142713358,0.9979023289818929,,
328,left,LAD,T1,leaky,False,0.958955155926233,5.0,4.0,0.9691593807196058,0.9633529167266416,0.9678862655860953,0.7860892684797222,True
328,left,LAD,T1,share,False,0.9544933784576562,4.0,3.0,0.967130187117346,0.9562964550296473,0.9614939033714619,0.7860892684797222,True
328,left,LAD,T1,leaf3,False,0.9618194206022931,4.0,3.0,0.9815375938082205,0.974893613159207,0.981706107979328,0.7860892684797222,True
328,left,LAD,T1,apport,False,0.9609137761294523,4.0,3.0,0.9712484056079198,0.9660682175716625,0.970572518064007,0.7860892684797222,True
328,left,LAD,T4,leaky,False,0.958955155926233,5.0,5.0,0.9573605046305289,0.9596135153718832,0.9990497983691762,,
328,left,LAD,T4,share,False,0.9544933784576562,4.0,3.0,0.9565455594497502,0.9490085163411276,0.9468541787399818,,
328,left,LAD,T4,leaf3,False,0.9618194206022931,4.0,3.0,0.961586553153103,0.9539556619940197,0.9472213088282456,,
328,left,LAD,T4,apport,False,0.9609137761294523,4.0,3.0,0.9621018565618051,0.9611112005924257,0.9646212682622833,,
328,right,RCA,T1,leaky,False,0.7912456231191586,4.0,3.0,0.830740968780954,0.7943055715025342,0.8495079451594643,0.9465523414970332,False
328,right,RCA,T1,share,False,0.7872072828871735,3.0,2.0,0.8558579586932009,0.7955411320534046,0.8807693747258891,0.9465523414970332,False
328,right,RCA,T1,leaf3,False,0.7859048729548338,3.0,2.0,0.8687255754838699,0.7933323424399875,0.8954599154666029,0.9465523414970332,False
328,right,RCA,T1,apport,False,0.7863936307261825,3.0,2.0,0.8590500590547342,0.7940175031974859,0.8847916776368582,0.9465523414970332,False
328,right,RCA,T4,leaky,False,0.7912456231191586,4.0,4.0,0.8009536668813597,0.7926357776238576,0.9973591421148754,,
328,right,RCA,T4,share,False,0.7872072828871735,3.0,3.0,0.8173149892975653,0.7709884407648985,0.9965384802590683,,
328,right,RCA,T4,leaf3,False,0.7859048729548338,3.0,3.0,0.8149746368363048,0.7722109991399942,0.9965477695776841,,
328,right,RCA,T4,apport,False,0.7863936307261825,3.0,3.0,0.8160313453618018,0.7712623674540457,0.9965408160285012,,
335,left,LAD,T4,leaky,False,0.7817146638478344,4.0,4.0,0.7794732863773342,0.8260542207678949,0.9972418982484615,,
335,left,LAD,T4,share,False,0.4539389203681945,4.0,4.0,0.5027606195161007,0.41495326482183753,0.41924032179861476,,
335,left,LAD,T4,leaf3,False,0.49250250552052316,4.0,4.0,0.5194134533203743,0.4699259523970954,0.4671427357066764,,
335,left,LAD,T4,apport,False,0.45343584278837284,4.0,4.0,0.4866844827778347,0.4332996709239806,0.4389175897001688,,
335,left,LCX,T1,leaky,False,0.8172278102636841,4.0,3.0,0.8930752904257654,0.8524292622243826,0.8681933966800058,1.1829509709343777,True
335,left,LCX,T1,share,False,0.7526690186304182,4.0,3.0,0.8783312423551963,0.8025349899234163,0.8489649267292724,1.1829509709343777,True
335,left,LCX,T1,leaf3,False,0.7052125739740986,4.0,3.0,0.8790040820243634,0.8298718378154355,0.8931364295317412,1.1829509709343777,True
335,left,LCX,T1,apport,False,0.7437999372565446,4.0,3.0,0.8836511252146951,0.8197676063232361,0.8714373159429396,1.1829509709343777,True
335,left,LCX,T4,leaky,False,0.8172278102636841,4.0,4.0,0.8172676327579286,0.8561292880940834,0.9980784229969367,,
335,left,LCX,T4,share,False,0.7526690186304182,4.0,4.0,0.7935482471211003,0.7560326197141714,0.7453909372000495,,
335,left,LCX,T4,leaf3,False,0.7052125739740986,4.0,4.0,0.7584259387318522,0.7272835339787465,0.729082912496156,,
335,left,LCX,T4,apport,False,0.7437999372565446,4.0,4.0,0.7863339433479142,0.7531783612682055,0.747119257747383,,
335,right,RCA,T1,leaky,False,0.7824263404152036,2.0,1.0,0.8080705916104153,0.7823292496249792,0.19598708572853749,0.7645764407247806,False
335,right,RCA,T1,share,False,0.7559396119200529,2.0,1.0,0.8874129045061941,0.7551931707250051,0.9235550418798484,0.7645764407247806,False
335,right,RCA,T1,leaf3,False,0.7559480792575183,2.0,1.0,0.890534444078633,0.7551931707250051,0.9262325489069129,0.7645764407247806,False
335,right,RCA,T1,apport,False,0.7559464691599671,2.0,1.0,0.8899310743635177,0.7551931707245715,0.9257183464714435,0.7645764407247806,False
335,right,RCA,T4,leaky,False,0.7824263404152036,2.0,2.0,0.787804022953003,0.8173091401409561,0.9978977731026192,,
335,right,RCA,T4,share,False,0.7559396119200529,2.0,1.0,0.8050786779991495,0.772605338771925,0.9966834883459804,,
335,right,RCA,T4,leaf3,False,0.7559480792575183,2.0,1.0,0.8050695847879797,0.772605338771925,0.9966834883459804,,
335,right,RCA,T4,apport,False,0.7559464691599671,2.0,1.0,0.8050712951894499,0.7726053387717733,0.9966834883459804,,
341,left,LAD,T4,leaky,False,0.7779982996532182,5.0,5.0,0.7749703204571943,0.7762748392557121,0.9981619427568557,,
341,left,LAD,T4,share,False,0.7763315075771219,5.0,5.0,0.7811826610227176,0.7732564773324331,0.7837774059475547,,
341,left,LAD,T4,leaf3,False,0.7359324411322091,5.0,5.0,0.7400258133501808,0.7297610944278194,0.7295795867261629,,
341,left,LAD,T4,apport,False,0.7472562389762546,5.0,5.0,0.753102835572888,0.7431004807506529,0.7487322732803874,,
341,right,RCA,T1,leaky,False,0.775137070076072,3.0,2.0,0.8371279256359103,0.7746720155219642,0.18987913417830987,1.0463585484473577,False
341,right,RCA,T1,share,False,0.7559125148072475,2.0,1.0,0.8730725600177492,0.7571301386836136,0.905024582959723,1.0463585484473577,False
341,right,RCA,T1,leaf3,False,0.7568435767775644,2.0,1.0,0.8904484152217305,0.7571301386845368,0.9207247116419641,1.0463585484473577,False
341,right,RCA,T1,apport,False,0.756297452991115,2.0,1.0,0.8810536653164468,0.7571301386845368,0.9123877664519955,1.0463585484473577,False
341,right,RCA,T4,leaky,False,0.775137070076072,3.0,3.0,0.7794843075223201,0.7978454392055516,0.9978484619638773,,
341,right,RCA,T4,share,False,0.7559125148072475,2.0,2.0,0.7873999578922642,0.7573895575648801,0.9970402097422724,,
341,right,RCA,T4,leaf3,False,0.7568435767775644,2.0,2.0,0.7871979612592638,0.7604988937806215,0.9970389774193958,,
341,right,RCA,T4,apport,False,0.756297452991115,2.0,2.0,0.7871554001252724,0.7593760502606136,0.9970403251359814,,
363,right,RCA,T4,leaky,False,0.8352033151943398,2.0,1.0,0.8325309814478095,0.8491159016706741,0.996947842691947,,
363,right,RCA,T4,share,False,0.8054535649980691,1.0,1.0,0.8107957142494867,0.8000425398832628,0.995757720622896,,
363,right,RCA,T4,leaf3,False,0.8054535649980691,1.0,1.0,0.8107957142494773,0.8000425398832628,0.995757720622896,,
363,right,RCA,T4,apport,False,0.8054535649980691,1.0,1.0,0.8107957142494773,0.8000425398832628,0.995757720622896,,
368,left,LAD,T4,leaky,False,0.894909367736592,6.0,6.0,0.8912420529939593,0.9176988974690659,0.9168321512184708,,
368,left,LAD,T4,share,False,0.8819496857765174,5.0,5.0,0.8866954289506055,0.8877276877955459,0.8925271853197719,,
368,left,LAD,T4,leaf3,False,0.8076513125057705,5.0,5.0,0.8265833931482295,0.8118003793884887,0.8185044387641719,,
368,left,LAD,T4,apport,False,0.7942824283616843,5.0,5.0,0.8150613515777244,0.8042525929127327,0.8133611173852149,,
368,left,LCX,T1,leaky,False,0.8886014221381715,6.0,5.0,0.9356311488440742,0.88967252966761,0.8902187839604332,0.9867002319933742,True
368,left,LCX,T1,share,False,0.7772329770990111,5.0,4.0,0.8852072252435425,0.7819158568459232,0.8338386525295706,0.9867002319933742,True
368,left,LCX,T1,leaf3,False,0.8142272591059551,5.0,4.0,0.9189476123740417,0.8925950120010567,0.9229697171326917,0.9867002319933742,True
368,left,LCX,T1,apport,False,0.8320405169010904,5.0,4.0,0.9200798423262697,0.8488125604647079,0.8907420282084727,0.9867002319933742,True
368,left,LCX,T4,leaky,False,0.8886014221381715,6.0,6.0,0.8834896342575973,0.9140099588430525,0.9984503354054088,,
368,left,LCX,T4,share,False,0.7772329770990111,5.0,5.0,0.7813617362877087,0.7549595818410206,0.7409818632388929,,
368,left,LCX,T4,leaf3,False,0.8142272591059551,5.0,5.0,0.8157814547820058,0.8093885416778531,0.8095323772805131,,
368,left,LCX,T4,apport,False,0.8320405169010904,5.0,5.0,0.8320426147681336,0.815907345494599,0.8090484381585471,,
368,right,RCA,T1,leaky,False,0.7943617645882607,3.0,2.0,0.8332731295217561,0.7951479425784882,0.8508354104797178,0.8431442945059938,False
368,right,RCA,T1,share,False,0.7949492550094476,3.0,2.0,0.8395967286469115,0.7979373342190199,0.8579863874830705,0.8431442945059938,False
368,right,RCA,T1,leaf3,False,0.7931003005638906,3.0,2.0,0.8652115778667121,0.7954580738300889,0.8887014091717191,0.8431442945059938,False
368,right,RCA,T1,apport,False,0.7941022057240662,3.0,2.0,0.842169484267727,0.7966159273800336,0.8617804132699826,0.8431442945059938,False
368,right,RCA,T4,leaky,False,0.7943617645882607,3.0,3.0,0.7959650794667676,0.8397637504893312,0.9951183331832926,,
368,right,RCA,T4,share,False,0.7949492550094476,3.0,1.0,0.8049205138495269,0.8297480013864788,0.9963318227008673,,
368,right,RCA,T4,leaf3,False,0.7931003005638906,3.0,1.0,0.8018211078615386,0.8297480013856322,0.9963318227008673,,
368,right,RCA,T4,apport,False,0.7941022057240662,3.0,1.0,0.8034955403245637,0.8297480013864788,0.9963318227008673,,
377,left,LAD,T4,leaky,False,0.9334357870998709,7.0,7.0,0.9271734251578488,0.9388141232786613,0.9984578277342293,,
377,left,LAD,T4,share,False,0.9113469065562873,5.0,5.0,0.9085355925862557,0.9079282410574718,0.9107133580368797,,
377,left,LAD,T4,leaf3,False,0.9277956003128573,5.0,5.0,0.9236811094921417,0.9198869147494458,0.9197722102667609,,
377,left,LAD,T4,apport,False,0.9122441827225368,5.0,5.0,0.9093367439285206,0.9134249461708801,0.9158680561168554,,
377,right,RCA,T1,leaky,False,0.7606534040048253,2.0,1.0,0.8074628307936619,0.7634394877262719,0.7905667755424132,0.8412211413206532,False
377,right,RCA,T1,share,False,0.7249083331540306,2.0,1.0,0.853041874450246,0.7396088641417581,0.8934207829466942,0.8412211413206532,False
377,right,RCA,T1,leaf3,False,0.7251319679713083,2.0,1.0,0.8667591657163664,0.7396088641417016,0.9060362387182691,0.8412211413206532,False
377,right,RCA,T1,apport,False,0.7250163128902019,2.0,1.0,0.8619984240862395,0.7396088641417016,0.9017545755213919,0.8412211413206532,False
377,right,RCA,T4,leaky,False,0.7606534040048253,2.0,2.0,0.7641306353137187,0.8218338336039791,0.9953756048799907,,
377,right,RCA,T4,share,False,0.7249083331540306,2.0,1.0,0.7639403397986676,0.7890664181708594,0.9959610540672061,,
377,right,RCA,T4,leaf3,False,0.7251319679713083,2.0,1.0,0.7652283309704597,0.7890664181704884,0.9959610540672061,,
377,right,RCA,T4,apport,False,0.7250163128902019,2.0,1.0,0.764705586063996,0.7890664181704884,0.9959610540672061,,
406,left,LCX,T4,leaky,False,0.8790177853180307,4.0,4.0,0.8735041257250162,0.8956346531952905,0.9979175091286652,,
406,left,LCX,T4,share,False,0.7436095898130543,4.0,4.0,0.7346100265713904,0.7348629254844629,0.7551552130835584,,
406,left,LCX,T4,leaf3,False,0.7310559189664192,4.0,4.0,0.7223910569642581,0.7175962152683474,0.7166615900718959,,
406,left,LCX,T4,apport,False,0.7496015088548756,4.0,4.0,0.7407944699294405,0.7514835653065275,0.7640209756237334,,
417,left,LAD,T1,leaky,False,0.867779358844578,6.0,5.0,0.9039644993533011,0.8935539019821839,0.9050844003152487,0.8862766753774912,False
417,left,LAD,T1,share,False,0.8642288016165777,5.0,4.0,0.9195998838740707,0.8695654658510209,0.8918396823197945,0.8862766753774912,False
417,left,LAD,T1,leaf3,False,0.8260261606800742,5.0,4.0,0.9136116383863951,0.887732804907908,0.9168650332764422,0.8862766753774912,False
417,left,LAD,T1,apport,False,0.8505727790328511,5.0,4.0,0.9172819550256639,0.8788129581664474,0.9024904685378214,0.8862766753774912,False
417,left,LAD,T4,leaky,False,0.867779358844578,6.0,6.0,0.8605143423441477,0.8705929753276963,0.9906027293909462,,
417,left,LAD,T4,share,False,0.8642288016165777,5.0,5.0,0.8619678481905891,0.8513854300041707,0.8486039817958013,,
417,left,LAD,T4,leaf3,False,0.8260261606800742,5.0,5.0,0.8247771148904619,0.8354688327391897,0.8485805090800417,,
417,left,LAD,T4,apport,False,0.8505727790328511,5.0,5.0,0.848584528472046,0.8366495800184882,0.8340733027064823,,
417,right,RCA,T1,leaky,False,0.7958756560042641,3.0,2.0,0.8420859194386892,0.8056741768665934,0.8594892915398124,0.8028271488368187,False
417,right,RCA,T1,share,False,0.748968767761508,2.0,1.0,0.8490754771834352,0.7501966429169892,0.8828658463787824,0.8028271488368187,False
417,right,RCA,T1,leaf3,False,0.7490417295554679,2.0,1.0,0.8785848048029766,0.7501966429169892,0.911262676023982,0.8028271488368187,False
417,right,RCA,T1,apport,False,0.7489835472977886,2.0,1.0,0.8638844504325565,0.7501966429169892,0.8975967584803098,0.8028271488368187,False
417,right,RCA,T4,leaky,False,0.7958756560042641,3.0,3.0,0.8010749648458494,0.813405259284615,0.9963626983557337,,
417,right,RCA,T4,share,False,0.748968767761508,2.0,1.0,0.7702552718001195,0.7360718765643879,0.9943310679113413,,
417,right,RCA,T4,leaf3,False,0.7490417295554679,2.0,1.0,0.7705004086008767,0.7360718765643879,0.9943310679113413,,
417,right,RCA,T4,apport,False,0.7489835472977886,2.0,1.0,0.77023760488059,0.7360718765643879,0.9943310679113413,,
423,right,RCA,T4,leaky,False,0.8065656002664712,2.0,2.0,0.8152490302531389,0.8336745533762577,0.9978793058513057,,
423,right,RCA,T4,share,False,0.804106304211587,1.0,1.0,0.8633565270516663,0.803286848894534,0.9972279614417995,,
423,right,RCA,T4,leaf3,False,0.804106304211133,1.0,1.0,0.8633565270515392,0.803286848894534,0.9972279614417995,,
423,right,RCA,T4,apport,False,0.804106304211587,1.0,1.0,0.8633565270516663,0.803286848894534,0.9972279614417995,,
431,right,RCA,T4,leaky,False,0.8162106332886857,2.0,2.0,0.8137806444127206,0.8585548980107595,0.6905770680790961,,
431,right,RCA,T4,share,False,0.7829328908204645,1.0,1.0,0.7938605478809954,0.8245507487446319,0.9957415358737302,,
431,right,RCA,T4,leaf3,False,0.7829328908204645,1.0,1.0,0.7938605478809526,0.8245507487446319,0.9957415358737302,,
431,right,RCA,T4,apport,False,0.7829328908204645,1.0,1.0,0.7938605478809526,0.8245507487446319,0.9957415358737302,,
436,right,RCA,T4,leaky,False,0.8378945444270939,2.0,2.0,0.836915579044804,0.8585069598742514,0.9968954934962587,,
436,right,RCA,T4,share,False,0.8082391814841909,1.0,1.0,0.8102957418198551,0.8162535443720293,0.9959103025868156,,
436,right,RCA,T4,leaf3,False,0.8082391814841909,1.0,1.0,0.8102957418198551,0.8162535443720293,0.9959103025868156,,
436,right,RCA,T4,apport,False,0.8082391814841909,1.0,1.0,0.8102957418198551,0.8162535443720293,0.9959103025868156,,
448,left,LAD,T1,leaky,False,0.9079908986806474,5.0,4.0,0.9597233720956418,0.9496641162918542,0.9539424947239171,0.9644788529254888,True
448,left,LAD,T1,share,False,0.796324541732154,5.0,4.0,0.9144146094674233,0.7985686500754064,0.8777666906782836,0.9644788529254888,True
448,left,LAD,T1,leaf3,False,0.7086383962546017,5.0,4.0,0.8573925736075719,0.8215027127575364,0.8671685536126906,0.9644788529254888,True
448,left,LAD,T1,apport,False,0.7295660010665601,5.0,4.0,0.8745366806814673,0.8155275521130905,0.8674552388897335,0.9644788529254888,True
448,left,LAD,T4,leaky,False,0.9079908986806474,5.0,5.0,0.9052520549879237,0.938671090154934,0.9984766870823533,,
448,left,LAD,T4,share,True,,,,,,,,
448,left,LAD,T4,leaf3,True,,,,,,,,
448,left,LAD,T4,apport,True,,,,,,,,
448,right,RCA,T1,leaky,False,0.7536090765570145,2.0,1.0,0.7748477888690791,0.7579454521050429,0.23803601364765795,0.7737335200959399,False
448,right,RCA,T1,share,False,0.7127100269243132,2.0,1.0,0.8184275539340303,0.7380237289043202,0.8696791901784067,0.7737335200959399,False
448,right,RCA,T1,leaf3,False,0.7017538023059329,2.0,1.0,0.8779789105085792,0.7380237289043202,0.9273160120104359,0.7737335200959399,False
448,right,RCA,T1,apport,False,0.7039857432049735,2.0,1.0,0.8636454277395209,0.7380237289043202,0.9154092196594981,0.7737335200959399,False
448,right,RCA,T4,leaky,False,0.7536090765570145,2.0,2.0,0.739612174676244,0.7664668655338625,0.9972416678305698,,
448,right,RCA,T4,share,False,0.7127100269243132,2.0,1.0,0.7714994037303222,0.6886156301048134,0.992709121738692,,
448,right,RCA,T4,leaf3,False,0.7017538023059329,2.0,1.0,0.7359343724191981,0.6886156301048134,0.992709121738692,,
448,right,RCA,T4,apport,False,0.7039857432049735,2.0,1.0,0.7429752155433289,0.6886156301053401,0.992709121738692,,
454,left,LAD,T4,leaky,False,0.9437791164344568,4.0,4.0,0.9418943247323834,0.9540695360880278,0.9546870773957844,,
454,left,LAD,T4,share,False,0.9380120431981736,4.0,4.0,0.9421057467565319,0.93966053416274,0.9444112551334765,,
454,left,LAD,T4,leaf3,False,0.9585525019756839,4.0,4.0,0.9592197082911497,0.95541206476988,0.9552469357469631,,
454,left,LAD,T4,apport,False,0.9429763938917665,4.0,4.0,0.9461338681188423,0.9502549341424826,0.9546105797142509,,
454,right,RCA,T1,leaky,False,0.8147308037724232,2.0,1.0,0.8919946438961561,0.8162820489044713,0.8542549123813913,0.9631708975486721,False
454,right,RCA,T1,share,False,0.8048148028268105,2.0,1.0,0.9141263741492314,0.8184039704115077,0.9316220863344568,0.9631708975486721,False
454,right,RCA,T1,leaf3,False,0.8047857792101369,2.0,1.0,0.9159898035194601,0.8184039704115077,0.9333234127296178,0.9631708975486721,False
454,right,RCA,T1,apport,False,0.8048049491794417,2.0,1.0,0.9147040738423103,0.8184039704115077,0.9321510263338344,0.9631708975486721,False
454,right,RCA,T4,leaky,False,0.8147308037724232,2.0,2.0,0.8146266075674768,0.8395442121902629,0.9973662468739729,,
454,right,RCA,T4,share,False,0.8048148028268105,2.0,2.0,0.8199107747921557,0.8061020723718358,0.9966200419545155,,
454,right,RCA,T4,leaf3,False,0.8047857792101369,2.0,2.0,0.819982926614116,0.8061224557707524,0.9966197622705886,,
454,right,RCA,T4,apport,False,0.8048049491794417,2.0,2.0,0.8199310509844975,0.8061132076736868,0.9966198897009495,,
461,left,LAD,T1,leaky,False,0.8659944608921007,6.0,5.0,0.8989210559464612,0.8809549477663039,0.9012708821687628,1.159039065653122,False
461,left,LAD,T1,share,False,0.8231678872089184,5.0,4.0,0.8875887636775692,0.8220186539565343,0.8680985617745738,1.159039065653122,False
461,left,LAD,T1,leaf3,False,0.874744664168893,5.0,4.0,0.9280949314173828,0.9008116338660339,0.9315118012832607,1.159039065653122,False
461,left,LAD,T1,apport,False,0.8136442178788105,5.0,4.0,0.88256260294623,0.8180863234244531,0.8717060020598133,1.159039065653122,False
461,left,LAD,T4,leaky,False,0.8659944608921007,6.0,6.0,0.8638988775676939,0.8814123507867959,0.9987906676239903,,
461,left,LAD,T4,share,False,0.8231678872089184,5.0,4.0,0.8460762510691147,0.8160622475669571,0.8113966710869297,,
461,left,LAD,T4,leaf3,False,0.874744664168893,5.0,4.0,0.8871460462990494,0.8998799889806364,0.9235775724865677,,
461,left,LAD,T4,apport,False,0.8136442178788105,5.0,4.0,0.8390799545724876,0.8176819984604533,0.8208081543166882,,
461,left,LCX,T1,leaky,False,0.9253865306441541,6.0,5.0,0.9520624388701083,0.9250044221831306,0.9249245424045353,0.901871543684855,True
461,left,LCX,T1,share,False,0.8891706267389965,5.0,4.0,0.9482072334621727,0.8802718962169445,0.9241904778110872,0.901871543684855,True
461,left,LCX,T1,leaf3,False,0.7700728831304808,5.0,4.0,0.8896912943831305,0.8546664484336999,0.8963832591135812,0.901871543684855,True
461,left,LCX,T1,apport,False,0.9152987015813404,5.0,4.0,0.9599923456631083,0.9074984731859357,0.9418127827650754,0.901871543684855,True
461,left,LCX,T4,leaky,False,0.9253865306441541,6.0,6.0,0.9208197720317075,0.9274321500672894,0.9979179552441322,,
461,left,LCX,T4,share,True,,,,,,,,
461,left,LCX,T4,leaf3,True,,,,,,,,
461,left,LCX,T4,apport,True,,,,,,,,
461,right,RCA,T1,leaky,False,0.7704326876014861,2.0,1.0,0.8044139415237836,0.7694345113260656,0.3606233751185716,0.8924193805119068,False
461,right,RCA,T1,share,False,0.8546790895349993,2.0,1.0,0.942187761782796,0.9290961359152705,0.9504667165715606,0.8924193805119068,False
461,right,RCA,T1,leaf3,False,0.8406293941806805,2.0,1.0,0.9529188709641552,0.9290961359152705,0.9616154957067534,0.8924193805119068,False
461,right,RCA,T1,apport,False,0.8442676527031342,2.0,1.0,0.9482843704028022,0.9290961359136009,0.9571117978583223,0.8924193805119068,False
461,right,RCA,T4,leaky,False,0.7704326876014861,2.0,2.0,0.7765101226688567,0.7699304338667028,0.9976247242017469,,
461,right,RCA,T4,share,False,0.8546790895349993,2.0,2.0,0.9144316970572777,0.7457043059126527,0.9951725929955147,,
461,right,RCA,T4,leaf3,False,0.8406293941806805,2.0,2.0,0.9071328236881314,0.7494270424916042,0.9957826187802753,,
461,right,RCA,T4,apport,False,0.8442676527031342,2.0,2.0,0.9089277150305165,0.7474115537165523,0.9956803990133768,,
465,left,LAD,T4,leaky,False,0.8224526998442375,6.0,6.0,0.8193400745427103,0.8404996601886439,0.8469072990923723,,
465,left,LAD,T4,share,True,,,,,,,,
465,left,LAD,T4,leaf3,True,,,,,,,,
465,left,LAD,T4,apport,True,,,,,,,,
465,right,RCA,T1,leaky,False,0.8330618779095647,3.0,1.0,0.897592432205702,0.8411941539569211,0.9143178999548061,0.8328865376212555,False
465,right,RCA,T1,share,False,0.8178098659548623,2.0,1.0,0.9169811174731067,0.8220297189527462,0.9353873583669655,0.8328865376212555,False
465,right,RCA,T1,leaf3,False,0.8177545557852519,2.0,1.0,0.9189458564125192,0.8220297189527462,0.937176596106201,0.8328865376212555,False
465,right,RCA,T1,apport,False,0.8177869630701872,2.0,1.0,0.9177898952847313,0.8220297189527462,0.9361259605153336,0.8328865376212555,False
465,right,RCA,T4,leaky,False,0.8330618779095647,3.0,3.0,0.8404540038370639,0.8641796835470092,0.9971788405589039,,
465,right,RCA,T4,share,False,0.8178098659548623,2.0,1.0,0.836667846186342,0.8453107728590421,0.9967380297186506,,
465,right,RCA,T4,leaf3,False,0.8177545557852519,2.0,1.0,0.8364939975386247,0.8453107728590421,0.9967380297186506,,
465,right,RCA,T4,apport,False,0.8177869630701872,2.0,1.0,0.8365957737550374,0.8453107728590421,0.9967380297186506,,
466,left,LCX,T4,leaky,False,0.9380030530523922,5.0,5.0,0.9361768954835878,0.9376501089645676,0.9322300468479788,,
466,left,LCX,T4,share,False,0.8844438314943365,4.0,4.0,0.8861593145101302,0.8818582279310245,0.879767310951351,,
466,left,LCX,T4,leaf3,False,0.8591534959759796,4.0,4.0,0.863903337443193,0.8972439385179493,0.9108940801857047,,
466,left,LCX,T4,apport,False,0.8989280751767987,4.0,4.0,0.8992765614627188,0.8990644744381759,0.8998845020746773,,
466,right,RCA,T4,leaky,False,0.8062069055427562,3.0,2.0,0.811460560328021,0.850072797552619,0.997509824690454,,
466,right,RCA,T4,share,False,0.7857926652681018,1.0,1.0,0.8215420009361195,0.8247467043491338,0.9966873352997557,,
466,right,RCA,T4,leaf3,False,0.7857926652681018,1.0,1.0,0.8215420009361195,0.824746704349285,0.9966873352997557,,
466,right,RCA,T4,apport,False,0.78579266526659,1.0,1.0,0.8215420009361195,0.8247467043491338,0.9966873352997557,,
471,left,LAD,T4,leaky,False,0.9287672124352273,6.0,6.0,0.9267615159179698,0.9381942295697222,0.9987146238957766,,
471,left,LAD,T4,share,False,0.9092242602799397,4.0,4.0,0.9151956294739573,0.8935854392696377,0.8900042523618731,,
471,left,LAD,T4,leaf3,False,0.9209423540988901,4.0,4.0,0.9246267012207177,0.9109341728374658,0.9101389614610956,,
471,left,LAD,T4,apport,False,0.8885934238341734,4.0,4.0,0.8990995711064653,0.8671526912794808,0.8621771904511073,,
471,right,RCA,T4,leaky,False,0.8146680768851755,2.0,2.0,0.8127373913288083,0.8283619074390376,0.9957956310160673,,
471,right,RCA,T4,share,False,0.7942223614356574,1.0,1.0,0.8043619438500511,0.7977646340266815,0.994596771756679,,
471,right,RCA,T4,leaf3,False,0.7942223614355579,1.0,1.0,0.8043619438501322,0.7977646340266815,0.994596771756679,,
471,right,RCA,T4,apport,False,0.7942223614356574,1.0,1.0,0.8043619438501322,0.7977646340266815,0.994596771756679,,
473,left,LCX,T1,leaky,False,0.8651834891296898,6.0,5.0,0.9109429111842684,0.8970574115445961,0.9139301863642498,1.1392813486704403,True
473,left,LCX,T1,share,False,0.840390554391747,5.0,4.0,0.9012906702952826,0.8418002716782373,0.8897172660240376,1.1392813486704403,True
473,left,LCX,T1,leaf3,False,0.7617314499352799,5.0,4.0,0.8518586096784679,0.8059787740724816,0.865325493957561,1.1392813486704403,True
473,left,LCX,T1,apport,False,0.8104962336702369,5.0,4.0,0.8823748092701323,0.8378554498121048,0.8823897075218498,1.1392813486704403,True
473,left,LCX,T4,leaky,False,0.8651834891296898,6.0,6.0,0.8621049127981054,0.9015863317619268,0.9986737789846039,,
473,left,LCX,T4,share,False,0.840390554391747,5.0,5.0,0.8428768316507094,0.831856649791971,0.8279442601488263,,
473,left,LCX,T4,leaf3,False,0.7617314499352799,5.0,5.0,0.7677855892304668,0.7562275865831991,0.7543161123384243,,
473,left,LCX,T4,apport,False,0.8104962336702369,5.0,5.0,0.8138574055293716,0.8212411176525399,0.8343761845808207,,
473,right,RCA,T4,leaky,False,0.7927390093203118,3.0,3.0,0.7958037396714883,0.8241245990541499,0.9979134944954662,,
473,right,RCA,T4,share,False,0.7814063805184364,1.0,1.0,0.8396788548369892,0.7676155627431352,0.9968134597839392,,
473,right,RCA,T4,leaf3,False,0.7814063805184364,1.0,1.0,0.8396788548369892,0.7676155627431352,0.9968134597839392,,
473,right,RCA,T4,apport,False,0.7814063805184364,1.0,1.0,0.8396788548369892,0.7676155627431352,0.9968134597839392,,
474,right,RCA,T4,leaky,False,0.8293410636298008,2.0,2.0,0.8339149660271991,0.8612592197705478,0.9973896182836246,,
474,right,RCA,T4,share,False,0.8072629103776898,1.0,1.0,0.8308021957796758,0.8340768532396293,0.9963099498097718,,
474,right,RCA,T4,leaf3,False,0.807262910376932,1.0,1.0,0.8308021957798268,0.8340768532399433,0.9963099498097718,,
474,right,RCA,T4,apport,False,0.807262910376932,1.0,1.0,0.8308021957798268,0.8340768532399433,0.9963099498097718,,
488,left,LAD,T4,leaky,False,0.9081208958300675,6.0,6.0,0.9027085292244192,0.9158916422805323,0.9089167846610317,,
488,left,LAD,T4,share,False,0.681734506343508,3.0,3.0,0.7365999641721411,0.5978039983480575,0.5707124548823883,,
488,left,LAD,T4,leaf3,False,0.7486318745531897,3.0,3.0,0.7798749776098518,0.67954709594461,0.6638188236235639,,
488,left,LAD,T4,apport,False,0.7166393494612747,3.0,3.0,0.7587673969777364,0.6407208717321822,0.6203561750748616,,
488,right,RCA,T1,leaky,False,0.7693571766478426,2.0,1.0,0.8388629354798269,0.7681326606251795,0.16673047012621475,0.9954508427102458,False
488,right,RCA,T1,share,False,0.6753846799529564,2.0,1.0,0.8427424407468805,0.7435490893046374,0.8913387826351031,0.9954508427102458,False
488,right,RCA,T1,leaf3,False,0.6736932343978396,2.0,1.0,0.8577280301686012,0.7435490893046374,0.9049634437446189,0.9954508427102458,False
488,right,RCA,T1,apport,False,0.6741927255838557,2.0,1.0,0.8519356552582114,0.7435490893046374,0.8998444741452342,0.9954508427102458,False
488,right,RCA,T4,leaky,False,0.7693571766478426,2.0,2.0,0.7713257909222357,0.8258613324925133,0.9975499682171737,,
488,right,RCA,T4,share,False,0.6753846799529564,2.0,2.0,0.7464990163520834,0.6178244596744369,0.9934939653408464,,
488,right,RCA,T4,leaf3,False,0.6736932343978396,2.0,2.0,0.743970053297374,0.6179929536612093,0.993544708375471,,
488,right,RCA,T4,apport,False,0.6741927255838557,2.0,2.0,0.7447249249356677,0.6179395492836718,0.9935351670037219,,
496,right,RCA,T4,leaky,False,0.8095255968099596,2.0,2.0,0.8101062176349648,0.8403689070830618,0.9968253996848229,,
496,right,RCA,T4,share,False,0.7758148524033782,1.0,1.0,0.8074127913260137,0.7963093427999763,0.9956876307446283,,
496,right,RCA,T4,leaf3,False,0.7758148524033782,1.0,1.0,0.8074127913260137,0.7963093427999763,0.9956876307446283,,
496,right,RCA,T4,apport,False,0.7758148524033782,1.0,1.0,0.8074127913260137,0.7963093427999763,0.9956876307446283,,
502,left,LAD,T4,leaky,False,0.9760288613811658,5.0,5.0,0.9726259536246892,0.9757616145952746,0.99932079012033,,
502,left,LAD,T4,share,True,,,,,,,,
502,left,LAD,T4,leaf3,True,,,,,,,,
502,left,LAD,T4,apport,True,,,,,,,,
507,right,RCA,T4,leaky,False,0.827533742113112,2.0,2.0,0.8269882231436313,0.8594746786033322,0.9972900370348983,,
507,right,RCA,T4,share,False,0.8048942732116192,1.0,1.0,0.8253260807150935,0.8235277091475592,0.9964089406164395,,
507,right,RCA,T4,leaf3,False,0.8048942732116192,1.0,1.0,0.8253260807150108,0.8235277091473834,0.9964089406164395,,
507,right,RCA,T4,apport,False,0.8048942732116192,1.0,1.0,0.8253260807150108,0.8235277091473834,0.9964089406164395,,
509,left,LAD,T1,leaky,False,0.835895300953815,7.0,6.0,0.8857142980878214,0.8762994104944448,0.8833938863945169,0.8732569706110159,True
509,left,LAD,T1,share,False,0.5798940708508025,6.0,5.0,0.7062544694383877,0.5995536566467939,0.6341844683315867,0.8732569706110159,True
509,left,LAD,T1,leaf3,False,0.6148972690035487,6.0,5.0,0.7962608101699332,0.7522368867734263,0.8144726677083803,0.8732569706110159,True
509,left,LAD,T1,apport,False,0.5812569848048759,6.0,5.0,0.7512616765507629,0.6726259479105376,0.7415267625276433,0.8732569706110159,True
509,left,LAD,T4,leaky,False,0.835895300953815,7.0,7.0,0.8332786354437706,0.8564960474613431,0.997112056245453,,
509,left,LAD,T4,share,False,0.5798940708508025,6.0,6.0,0.6035924874052457,0.561846401778627,0.5570972334485051,,
509,left,LAD,T4,leaf3,False,0.6148972690035487,6.0,6.0,0.6257445258807192,0.6055627192348348,0.6053040099725514,,
509,left,LAD,T4,apport,False,0.5812569848048759,6.0,6.0,0.5973488151615144,0.5673841461958451,0.5649647746656244,,
509,left,LCX,T1,leaky,False,0.8313656938433722,7.0,5.0,0.9694174074192266,0.8620340733099373,0.8749377334242892,1.5511970939190434,False
509,left,LCX,T1,share,False,0.7315113211294172,6.0,4.0,0.9516225519456202,0.7212846109768128,0.9467227857848607,1.5511970939190434,False
509,left,LCX,T1,leaf3,False,0.7204700192164462,6.0,4.0,0.9253778877900712,0.8705003153305644,0.9366362471288401,1.5511970939190434,False
509,left,LCX,T1,apport,False,0.7342868910686433,6.0,4.0,0.9456635303867187,0.7983316521942567,0.9347610145251329,1.5511970939190434,False
509,left,LCX,T4,leaky,False,0.8313656938433722,7.0,7.0,0.8317092448014903,0.8488588709396669,0.8152866792129289,,
509,left,LCX,T4,share,False,0.7315113211294172,6.0,5.0,0.7686726875417487,0.7188524105929098,0.7218849554962974,,
509,left,LCX,T4,leaf3,False,0.7204700192164462,6.0,5.0,0.7469702222036838,0.779348732947142,0.8226813963930432,,
509,left,LCX,T4,apport,False,0.7342868910686433,6.0,5.0,0.7629363546945942,0.7383431648920079,0.7484822342497819,,
509,right,RCA,T1,leaky,False,0.7392047407916738,3.0,2.0,0.7802552454373299,0.740741047267542,0.21160959179158403,1.0770051466799415,False
509,right,RCA,T1,share,False,0.7445120293546375,3.0,2.0,0.8483540426622048,0.7988240493808176,0.8792178601845791,1.0770051466799415,False
509,right,RCA,T1,leaf3,False,0.739502271964225,3.0,2.0,0.8393830253225659,0.7663433405910055,0.8761835404178254,1.0770051466799415,False
509,right,RCA,T1,apport,False,0.7424021339669616,3.0,2.0,0.8457191820647142,0.7774377877987121,0.8802619966624539,1.0770051466799415,False
509,right,RCA,T4,leaky,False,0.7392047407916738,3.0,3.0,0.7458240053861498,0.7891223736503985,0.9982059982674296,,
509,right,RCA,T4,share,False,0.7445120293546375,3.0,3.0,0.8056333994456166,0.7792794505210339,0.9972660973453052,,
509,right,RCA,T4,leaf3,False,0.739502271964225,3.0,3.0,0.7998340846490769,0.7750803438200475,0.997288134501599,,
509,right,RCA,T4,apport,False,0.7424021339669616,3.0,3.0,0.8032387353807545,0.7766164118118977,0.9972779410464873,,
512,left,LAD,T4,leaky,False,0.8484734920551303,4.0,4.0,0.8431425249063612,0.8551312132724834,0.9970242523924572,,
512,left,LAD,T4,share,False,0.823488216869256,3.0,3.0,0.8296790998764318,0.7842723287622729,0.7803719853958684,,
512,left,LAD,T4,leaf3,False,0.880387996860561,3.0,3.0,0.8780210496970939,0.8567758175590294,0.8557877920244366,,
512,left,LAD,T4,apport,False,0.8451042340124484,3.0,3.0,0.8475301443982124,0.8114757721799858,0.8085052790605027,,
512,right,RCA,T1,leaky,False,0.8129021177999635,2.0,1.0,0.8603943947206192,0.8192423538356152,0.8677823978634951,0.8385831886520188,False
512,right,RCA,T1,share,False,0.7889929701255796,2.0,1.0,0.9075588901804917,0.818233828657255,0.9316951791330256,0.8385831886520188,False
512,right,RCA,T1,leaf3,False,0.7881423169918984,2.0,1.0,0.9123810048901788,0.818233828657255,0.936056060938099,0.8385831886520188,False
512,right,RCA,T1,apport,False,0.7884841825956537,2.0,1.0,0.9104062936910754,0.8182338286569718,0.9342854786745349,0.8385831886520188,False
512,right,RCA,T4,leaky,False,0.8129021177999635,2.0,2.0,0.8176369319063075,0.8503259132535441,0.9975852300989948,,
512,right,RCA,T4,share,False,0.7889929701255796,2.0,1.0,0.8196737024417589,0.8126352156829025,0.9966418488652921,,
512,right,RCA,T4,leaf3,False,0.7881423169918984,2.0,1.0,0.8181263018497292,0.8126352156829025,0.9966418488652921,,
512,right,RCA,T4,apport,False,0.7884841825956537,2.0,1.0,0.818745703444943,0.8126352156829025,0.9966418488652921,,
527,left,LAD,T4,leaky,False,0.9137112752591268,7.0,7.0,0.9112246072219421,0.9249024301567378,0.9274686797005687,,
527,left,LAD,T4,share,False,0.9377156099699128,6.0,6.0,0.938519689477295,0.9360137693483485,0.9393810285765312,,
527,left,LAD,T4,leaf3,False,0.9288708370861606,6.0,6.0,0.928906351849394,0.92742761870323,0.9275032377544099,,
527,left,LAD,T4,apport,False,0.8938868073424245,6.0,6.0,0.8986892354653524,0.9017151147038255,0.9086593197297393,,
527,right,RCA,T1,leaky,False,0.8324967854822957,3.0,2.0,0.8640475778537335,0.8325160986086619,0.8742287400596073,0.9714388512645425,False
527,right,RCA,T1,share,False,0.8381488318435024,3.0,2.0,0.8702049376478554,0.8400629456025694,0.8795219461646169,0.9714388512645425,False
527,right,RCA,T1,leaf3,False,0.8379638747224514,3.0,2.0,0.9033706463561985,0.8376917964876301,0.9165974732132628,0.9714388512645425,False
527,right,RCA,T1,apport,False,0.8371266601538588,3.0,2.0,0.8690929460706996,0.8385849698835873,0.8785638915365802,0.9714388512645425,False
527,right,RCA,T4,leaky,False,0.8324967854822957,3.0,3.0,0.8367739068081024,0.8306289692471028,0.9977384588732041,,
527,right,RCA,T4,share,False,0.8381488318435024,3.0,3.0,0.8536656589613488,0.8320195114251066,0.9976899516442096,,
527,right,RCA,T4,leaf3,False,0.8379638747224514,3.0,3.0,0.8508708096904997,0.8344786864891982,0.997716540193648,,
527,right,RCA,T4,apport,False,0.8371266601538588,3.0,3.0,0.8513617620136374,0.8319022860397735,0.9976984916213484,,
543,left,LAD,T4,leaky,False,0.8728944453788324,6.0,6.0,0.8698655620586272,0.8537911465332956,0.996555545202976,,
543,left,LAD,T4,share,False,0.7149062010876245,3.0,3.0,0.7730624294115612,0.7383594255575068,0.7338113787922813,,
543,left,LAD,T4,leaf3,False,0.7020141206256801,3.0,3.0,0.7651635281901118,0.734306138224744,0.7328670647901459,,
543,left,LAD,T4,apport,False,0.7246871000434312,3.0,3.0,0.7788878396881789,0.74783776014195,0.7450347294846482,,
543,right,RCA,T1,leaky,False,0.82466730359888,2.0,1.0,0.8776971452452563,0.8312786700628619,0.8935102500794895,0.8469153109019018,False
543,right,RCA,T1,share,False,0.8063103822211988,2.0,1.0,0.8988645821172457,0.8079966155028143,0.9195222465310118,0.8469153109019018,False
543,right,RCA,T1,leaf3,False,0.8069733209155334,2.0,1.0,0.9094862095297533,0.8079966155029134,0.9294095827849159,0.8469153109019018,False
543,right,RCA,T1,apport,False,0.8065814091299205,2.0,1.0,0.9035649935061257,0.8079966155028143,0.9239577812005918,0.8469153109019018,False
543,right,RCA,T4,leaky,False,0.82466730359888,2.0,2.0,0.8289621064313525,0.850992908074157,0.9971011427106296,,
543,right,RCA,T4,share,False,0.8063103822211988,2.0,1.0,0.8245984111057205,0.8220591122710743,0.9963919200728308,,
543,right,RCA,T4,leaf3,False,0.8069733209155334,2.0,1.0,0.8256335968937987,0.8220591122708198,0.9963919200728308,,
543,right,RCA,T4,apport,False,0.8065814091299205,2.0,1.0,0.8250170845713662,0.8220591122708198,0.9963919200728308,,
544,left,LAD,T4,leaky,False,0.7915441799210262,4.0,4.0,0.7859455036811013,0.7890218654051613,0.7730542141739356,,
544,left,LAD,T4,share,False,0.7052064962025968,4.0,4.0,0.7140674536756288,0.6910429941625198,0.7015659231394202,,
544,left,LAD,T4,leaf3,False,0.7848071188780323,4.0,4.0,0.7828815797705725,0.7694729826706364,0.7676548240440699,,
544,left,LAD,T4,apport,False,0.7281199361158865,4.0,4.0,0.7312107034448427,0.7128190536392639,0.7140829629485894,,
544,left,LCX,T1,leaky,False,0.8221576368501025,4.0,3.0,0.896261552855038,0.8218942879318406,0.8218109780319394,0.8551666125172069,False
544,left,LCX,T1,share,False,0.720326012571276,4.0,3.0,0.8961002574816092,0.7307952635092329,0.8776698363758718,0.8551666125172069,False
544,left,LCX,T1,leaf3,False,0.6105073491140502,4.0,3.0,0.8056324213966612,0.731619356623355,0.83513462550128,0.8551666125172069,False
544,left,LCX,T1,apport,False,0.6890480949492166,4.0,3.0,0.8662176720277311,0.732469109496523,0.848842851922102,0.8551666125172069,False
544,left,LCX,T4,leaky,False,0.8221576368501025,4.0,4.0,0.8207350381155765,0.8520518266052806,0.9862936201937103,,
544,left,LCX,T4,share,False,0.720326012571276,4.0,3.0,0.7210160019789087,0.6984009337202067,0.6874503809425515,,
544,left,LCX,T4,leaf3,False,0.6105073491140502,4.0,3.0,0.615906308767037,0.7050282971729417,0.7763824291576003,,
544,left,LCX,T4,apport,False,0.6890480949492166,4.0,3.0,0.6912325285504208,0.701495437558567,0.7125409686709597,,
544,right,RCA,T4,leaky,False,0.7906850390518161,2.0,2.0,0.7921717935571865,0.8509908590849004,0.9974217537023891,,
544,right,RCA,T4,share,False,0.7420781350991982,1.0,1.0,0.7822653503613105,0.79684564952099,0.9965839695969035,,
544,right,RCA,T4,leaf3,False,0.7420781350992023,1.0,1.0,0.7822653503613105,0.79684564952099,0.9965839695969035,,
544,right,RCA,T4,apport,False,0.7420781350992023,1.0,1.0,0.7822653503613105,0.79684564952099,0.9965839695969035,,
546,left,LAD,T1,leaky,False,0.9223756350626725,5.0,4.0,0.9493321937582223,0.9396449433294781,0.9498206190187356,0.7940593675097168,True
546,left,LAD,T1,share,False,0.9234513825466294,5.0,4.0,0.9517901997999568,0.9246829727556409,0.9363889539940382,0.7940593675097168,True
546,left,LAD,T1,leaf3,False,0.9327388678245486,5.0,4.0,0.969453111801299,0.9606122901938422,0.9698344510945716,0.7940593675097168,True
546,left,LAD,T1,apport,False,0.9191764391535702,5.0,4.0,0.950654803182844,0.9365971477387951,0.9483495826148014,0.7940593675097168,True
546,left,LAD,T4,leaky,False,0.9223756350626725,5.0,5.0,0.9190150100368183,0.9366623043636786,0.9984304234724679,,
546,left,LAD,T4,share,False,0.9234513825466294,5.0,4.0,0.9210439065437539,0.9170852739015792,0.9160638712735322,,
546,left,LAD,T4,leaf3,False,0.9327388678245486,5.0,4.0,0.9300773409300837,0.9578495328829172,0.9672140165525617,,
546,left,LAD,T4,apport,False,0.9191764391535702,5.0,4.0,0.9167542076501425,0.927694032482221,0.936257828791858,,
546,right,RCA,T4,leaky,False,0.8350922871072785,2.0,2.0,0.8394374944992025,0.8653733804058519,0.9971752541168435,,
546,right,RCA,T4,share,False,0.81198590950135,1.0,1.0,0.8352191835261887,0.8358094925971502,0.996545215529234,,
546,right,RCA,T4,leaf3,False,0.81198590950135,1.0,1.0,0.8352191835261887,0.8358094925971502,0.996545215529234,,
546,right,RCA,T4,apport,False,0.81198590950135,1.0,1.0,0.8352191835261887,0.8358094925972908,0.996545215529234,,
549,left,LAD,T1,leaky,False,0.8897374656599384,6.0,5.0,0.944134257630671,0.8992475458061351,0.902992103228515,0.7810554835131344,True
549,left,LAD,T1,share,False,0.8324992142382152,4.0,3.0,0.9151628027936414,0.8352322980003752,0.8867224324510532,0.7810554835131344,True
549,left,LAD,T1,leaf3,False,0.7838420138598954,4.0,3.0,0.9005863453018931,0.8637560410200609,0.9066622270265633,0.7810554835131344,True
549,left,LAD,T1,apport,False,0.8198090834670559,4.0,3.0,0.9104898458897919,0.8464889400344818,0.8905556941574648,0.7810554835131344,True
549,left,LAD,T4,leaky,False,0.8897374656599384,6.0,6.0,0.8867822307317427,0.8924704489940757,0.884515400647147,,
549,left,LAD,T4,share,True,,,,,,,,
549,left,LAD,T4,leaf3,True,,,,,,,,
549,left,LAD,T4,apport,True,,,,,,,,
569,left,LCX,T4,leaky,False,0.960741865455723,6.0,6.0,0.9584418639142547,0.9591720772694807,0.9570230096865965,,
569,left,LCX,T4,share,False,0.8403908396760629,4.0,4.0,0.8551279522539958,0.8225071981060407,0.822305360170237,,
569,left,LCX,T4,leaf3,False,0.8328562187728004,4.0,4.0,0.8491513388796054,0.8465275618065061,0.8560074211419705,,
569,left,LCX,T4,apport,False,0.8587236076647972,4.0,4.0,0.8695236405690573,0.8564988873073889,0.8616558406825972,,
569,right,RCA,T1,leaky,False,0.759585243786902,3.0,1.0,0.8389258757401701,0.770692543883572,0.8609909409652233,1.1734197410112635,False
569,right,RCA,T1,share,False,0.7398017337653687,2.0,1.0,0.8986254344101986,0.7984213377136566,0.9306990466423692,1.1734197410112635,False
569,right,RCA,T1,leaf3,False,0.7395312007312397,2.0,1.0,0.899601624656677,0.7984213377136566,0.9315513847002623,1.1734197410112635,False
569,right,RCA,T1,apport,False,0.739666029563964,2.0,1.0,0.8991134961555458,0.7984213377136566,0.9311258585984414,1.1734197410112635,False
569,right,RCA,T4,leaky,False,0.759585243786902,3.0,3.0,0.7555908414321321,0.7580629310071564,0.9967212526790866,,
569,right,RCA,T4,share,False,0.7398017337653687,2.0,2.0,0.7741599642058432,0.7132811100567421,0.9950695175813523,,
569,right,RCA,T4,leaf3,False,0.7395312007312397,2.0,2.0,0.7736965801298905,0.7131272064472783,0.9950219301366269,,
569,right,RCA,T4,apport,False,0.739666029563964,2.0,2.0,0.7739275133987996,0.7131732611951185,0.9950395978420233,,
580,left,LAD,T1,leaky,False,0.9241055898957915,6.0,5.0,0.9520207641447851,0.9376233356472646,0.9423944398487942,0.7878881892710766,True
580,left,LAD,T1,share,False,0.8800401874926563,5.0,4.0,0.925927594900512,0.8818553828472178,0.9019817158046076,0.7878881892710766,True
580,left,LAD,T1,leaf3,False,0.8959893127832036,5.0,4.0,0.9549596842556389,0.9418324997705361,0.9560241669161897,0.7878881892710766,True
580,left,LAD,T1,apport,False,0.8914262899308695,5.0,4.0,0.9381602262435226,0.9140194549911003,0.9301187952846912,0.7878881892710766,True
580,left,LAD,T4,leaky,False,0.9241055898957915,6.0,6.0,0.9197555281466312,0.9276552222404716,0.9983780891759535,,
580,left,LAD,T4,share,False,0.8800401874926563,5.0,4.0,0.8766407589065516,0.8698499870815738,0.8683688294482201,,
580,left,LAD,T4,leaf3,False,0.8959893127832036,5.0,4.0,0.8924972765158472,0.9379534434812894,0.9515441620410396,,
580,left,LAD,T4,apport,False,0.8914262899308695,5.0,4.0,0.8877588541225302,0.9046120808115514,0.9131582966847729,,
580,left,LCX,T1,leaky,False,0.7934258175476581,6.0,5.0,0.8756308723078383,0.8524542905993114,0.8826827695847024,0.9078460853133878,False
580,left,LCX,T1,share,False,0.8515642322712869,5.0,4.0,0.9168755733736029,0.852130005665195,0.8860661661159961,0.9078460853133878,False
580,left,LCX,T1,leaf3,False,0.752697600248101,5.0,4.0,0.8575603936740733,0.8218020102519571,0.8642490422691156,0.9078460853133878,False
580,left,LCX,T1,apport,False,0.7779562846008983,5.0,4.0,0.8719454304890667,0.8352997215368255,0.870432787659029,0.9078460853133878,False
580,left,LCX,T4,leaky,False,0.7934258175476581,6.0,5.0,0.789080093250478,0.8252788445367647,0.9962109277536505,,
580,left,LCX,T4,share,False,0.8515642322712869,5.0,5.0,0.8473604861203143,0.8332790803997614,0.8287270550544862,,
580,left,LCX,T4,leaf3,False,0.752697600248101,5.0,5.0,0.7514921688435854,0.7737885861186277,0.7944018188602473,,
580,left,LCX,T4,apport,False,0.7779562846008983,5.0,5.0,0.7757029854565082,0.7836241737251978,0.7929324164730703,,
593,left,LAD,T4,leaky,False,0.7932672620965346,5.0,5.0,0.7935253292616541,0.7964586472070029,0.9944410837510547,,
593,left,LAD,T4,share,False,0.7622999946316509,3.0,3.0,0.7759384668212049,0.752185169193501,0.7576894229805757,,
593,left,LAD,T4,leaf3,False,0.6623524425809504,3.0,3.0,0.6758859374781343,0.6539822435317185,0.6492430744632093,,
593,left,LAD,T4,apport,False,0.716072121469794,3.0,3.0,0.7318773888016805,0.7089398727244318,0.7089978094058504,,
593,right,RCA,T1,leaky,False,0.8293318635022867,2.0,1.0,0.891376893337505,0.8327821098566058,0.8811627219187336,0.8612155169417797,False
593,right,RCA,T1,share,False,0.8172640426490203,2.0,1.0,0.917055008474485,0.8304904848507998,0.9344574904078334,0.8612155169417797,False
593,right,RCA,T1,leaf3,False,0.8172396509077882,2.0,1.0,0.9174949509743229,0.8304904848507998,0.9348656933217655,0.8612155169417797,False
593,right,RCA,T1,apport,False,0.8172546230445397,2.0,1.0,0.9172241826666636,0.8304904848507998,0.9346145664602867,0.8612155169417797,False
593,right,RCA,T4,leaky,False,0.8293318635022867,2.0,2.0,0.8330871679707058,0.8271694586616202,0.4921068627502426,,
593,right,RCA,T4,share,False,0.8172640426490203,2.0,2.0,0.8340996933263957,0.8075426463883361,0.9957277223029947,,
593,right,RCA,T4,leaf3,False,0.8172396509077882,2.0,2.0,0.8340778574985236,0.8063161893528259,0.9957294505509112,,
593,right,RCA,T4,apport,False,0.8172546230445397,2.0,2.0,0.8340912171132427,0.8068164117404585,0.9957287469614053,,
616,left,LCX,T4,leaky,False,0.9463940087084166,7.0,7.0,0.9419650901639879,0.9539239428323111,0.9987848590201536,,
616,left,LCX,T4,share,False,0.9166078161380995,5.0,5.0,0.9091593702174189,0.9169827217034617,0.9186829346534781,,
616,left,LCX,T4,leaf3,False,0.9214670483105003,5.0,5.0,0.9142798490569886,0.9144506853793749,0.9142792021304635,,
616,left,LCX,T4,apport,False,0.9242339558873305,5.0,5.0,0.9172026245553156,0.9244721499421208,0.9259078778635192,,
616,right,RCA,T1,leaky,False,0.7979539983403009,2.0,1.0,0.8326199727682185,0.8040207801866549,0.8503843034369077,0.8021909900217037,False
616,right,RCA,T1,share,False,0.758840455921137,2.0,1.0,0.8633805323747883,0.7623531658094029,0.9002775422987677,0.8021909900217037,False
616,right,RCA,T1,leaf3,False,0.7583959399382565,2.0,1.0,0.8893076199301959,0.7623531658094257,0.9243038501755443,0.8021909900217037,False
616,right,RCA,T1,apport,False,0.7585273558444322,2.0,1.0,0.8806929352692217,0.7623531658094029,0.9166908559537905,0.8021909900217037,False
616,right,RCA,T4,leaky,False,0.7979539983403009,2.0,2.0,0.7947981103336295,0.8363233367664935,0.9975330696579117,,
616,right,RCA,T4,share,False,0.758840455921137,2.0,1.0,0.789432889605788,0.7937266298870369,0.9963032815067561,,
616,right,RCA,T4,leaf3,False,0.7583959399382565,2.0,1.0,0.7863461683668326,0.7937266298870311,0.9963032815067561,,
616,right,RCA,T4,apport,False,0.7585273558444322,2.0,1.0,0.7872581622238596,0.7937266298870311,0.9963032815067561,,
618,left,LAD,T1,leaky,False,0.9383201898517712,7.0,6.0,0.9535798265904375,0.9473579907434311,0.9505046974068928,0.7989341059885919,True
618,left,LAD,T1,share,False,0.8622868754807144,6.0,5.0,0.922439878343193,0.8699178083714483,0.8890493580045439,0.7989341059885919,True
618,left,LAD,T1,leaf3,False,0.9191998521948367,6.0,5.0,0.9667149280543125,0.9579053535774477,0.9672002476542007,0.7989341059885919,True
618,left,LAD,T1,apport,False,0.9064789877188533,6.0,5.0,0.9555482863711382,0.919067323116388,0.9365909370806499,0.7989341059885919,True
618,left,LAD,T4,leaky,False,0.9383201898517712,7.0,7.0,0.936825345041655,0.9533431036619202,0.9988971806309423,,
618,left,LAD,T4,share,False,0.8622868754807144,6.0,5.0,0.8674236881273955,0.8463710966763528,0.8407126719904712,,
618,left,LAD,T4,leaf3,False,0.9191998521948367,6.0,5.0,0.9182201102677204,0.9529251050111747,0.9626832833482925,,
618,left,LAD,T4,apport,False,0.9064789877188533,6.0,5.0,0.9065595423757272,0.9031594092490137,0.9057766307864473,,
618,left,LCX,T1,leaky,False,0.8762595629903651,7.0,6.0,0.9174559628813099,0.8991672911754754,0.9202656898837567,1.1033630590033048,True
618,left,LCX,T1,share,False,0.888578178696248,6.0,5.0,0.9427673922759917,0.8881491408588885,0.9369629842970892,1.1033630590033048,True
618,left,LCX,T1,leaf3,False,0.8350001076737783,6.0,5.0,0.8839356653615933,0.8546161741644687,0.889577723876745,1.1033630590033048,True
618,left,LCX,T1,apport,False,0.8474120756151051,6.0,5.0,0.9007905991166385,0.8666780035460332,0.9026967729404457,1.1033630590033048,True
618,left,LCX,T4,leaky,False,0.8762595629903651,7.0,7.0,0.8738670374605694,0.9003041334355206,0.9979777151176761,,
618,left,LCX,T4,share,False,0.888578178696248,6.0,5.0,0.8890016453307196,0.8838787573599065,0.8802057203257144,,
618,left,LCX,T4,leaf3,False,0.8350001076737783,6.0,5.0,0.8379949021608336,0.8527743399697859,0.8797191873588617,,
618,left,LCX,T4,apport,False,0.8474120756151051,6.0,5.0,0.8495283563404714,0.8562392275470063,0.8697373154622889,,
621,left,LAD,T4,leaky,False,0.9437814524627921,9.0,9.0,0.9423110440466189,0.9581961202232187,0.9577315711014789,,
621,left,LAD,T4,share,False,0.802739228074859,8.0,8.0,0.834076014055732,0.8119168125089414,0.8163987959194314,,
621,left,LAD,T4,leaf3,False,0.8448159183599915,8.0,8.0,0.8668656634807327,0.8764656628757913,0.8840950954351683,,
621,left,LAD,T4,apport,False,0.7882048365094121,8.0,8.0,0.8266667151895946,0.802921924252786,0.8128187714457856,,
621,left,LCX,T1,leaky,False,0.85203007835351,9.0,8.0,0.8936739613533257,0.8870326278872699,0.8964037734685353,0.9730091972558566,False
621,left,LCX,T1,share,False,0.7775833128977622,8.0,7.0,0.8323028108165614,0.7796503279424927,0.8203308810228126,0.9730091972558566,False
621,left,LCX,T1,leaf3,False,0.6366982286666688,8.0,7.0,0.7220120236554098,0.6865362946255152,0.7401786053347073,0.9730091972558566,False
621,left,LCX,T1,apport,False,0.7028241000550418,8.0,7.0,0.7810098990955948,0.7402789673502663,0.7849387024815645,0.9730091972558566,False
621,left,LCX,T4,leaky,False,0.85203007835351,9.0,9.0,0.8500002104169783,0.8796827468733732,0.9978246538321766,,
621,left,LCX,T4,share,False,0.7775833128977622,8.0,7.0,0.780847285666498,0.7655676601424902,0.7625845819454229,,
621,left,LCX,T4,leaf3,False,0.6366982286666688,8.0,7.0,0.64399887449965,0.6775109979201499,0.7134208784971167,,
621,left,LCX,T4,apport,False,0.7028241000550418,8.0,7.0,0.7074670519479667,0.7271455504097201,0.7471795480640523,,
621,right,RCA,T4,leaky,False,0.8034776126230504,3.0,3.0,0.8045934325348244,0.8383259008530526,0.9978855121971619,,
621,right,RCA,T4,share,False,0.753588272042475,1.0,1.0,0.7682572699302823,0.7776156827991031,0.9967526516740989,,
621,right,RCA,T4,leaf3,False,0.753588272042475,1.0,1.0,0.7682572699302823,0.777615682799547,0.9967526516740989,,
621,right,RCA,T4,apport,False,0.753588272042475,1.0,1.0,0.7682572699302301,0.7776156827991031,0.9967526516740989,,
625,left,LAD,T1,leaky,False,0.8477215141334662,5.0,4.0,0.900736145185918,0.8478265293722728,0.8481704690172852,0.7912606055618261,True
625,left,LAD,T1,share,False,0.8219187692967813,4.0,3.0,0.901294982884122,0.8246146384859878,0.8796180662056017,0.7912606055618261,True
625,left,LAD,T1,leaf3,False,0.6934823710042579,4.0,3.0,0.8435845897427027,0.7851911576867553,0.8605250197311407,0.7912606055618261,True
625,left,LAD,T1,apport,False,0.740014620098471,4.0,3.0,0.8616998583338621,0.7721381318648035,0.8456739874685195,0.7912606055618261,True
625,left,LAD,T4,leaky,False,0.8477215141334662,5.0,5.0,0.8443783522854471,0.8494371022170494,0.8282282295666513,,
625,left,LAD,T4,share,True,,,,,,,,
625,left,LAD,T4,leaf3,True,,,,,,,,
625,left,LAD,T4,apport,True,,,,,,,,
625,right,RCA,T1,leaky,False,0.7830975891883559,3.0,2.0,0.8250410309528003,0.7861212088313099,0.8313119840768439,0.9422922307816062,False
625,right,RCA,T1,share,False,0.7720776035905603,3.0,2.0,0.8462880641338187,0.7773272124926647,0.8743899766200726,0.9422922307816062,False
625,right,RCA,T1,leaf3,False,0.7701170884720999,3.0,2.0,0.855388072181431,0.7713370789920176,0.8859783525525352,0.9422922307816062,False
625,right,RCA,T1,apport,False,0.7703252452397623,3.0,2.0,0.8492341510612929,0.772674324764585,0.8792229152495775,0.9422922307816062,False
625,right,RCA,T4,leaky,False,0.7830975891883559,3.0,3.0,0.7916380201466277,0.8026320929306515,0.9977586885107661,,
625,right,RCA,T4,share,False,0.7720776035905603,3.0,2.0,0.8139323793649568,0.7707120538228992,0.996870707039015,,
625,right,RCA,T4,leaf3,False,0.7701170884720999,3.0,2.0,0.8097686906441913,0.7699785111416451,0.9969144702475421,,
625,right,RCA,T4,apport,False,0.7703252452397623,3.0,2.0,0.8105665678614296,0.7702212181933416,0.9969045969423885,,
645,left,LAD,T4,leaky,False,0.9615940488052788,7.0,7.0,0.9570434738090567,0.9602183255706396,0.9992114255211286,,
645,left,LAD,T4,share,False,0.9433465437367339,6.0,6.0,0.9264691276522241,0.9257444781321432,0.926684045427989,,
645,left,LAD,T4,leaf3,False,0.9610126115689585,6.0,6.0,0.9515711588190725,0.9511582608531363,0.9510745175757401,,
645,left,LAD,T4,apport,False,0.946694214443039,6.0,6.0,0.9308028328172326,0.9310434968484823,0.9328260238436716,,
645,left,LCX,T1,leaky,False,0.9616463018979649,7.0,6.0,0.9796635321864472,0.9659856450499851,0.9667572622822043,0.8827245409349163,True
645,left,LCX,T1,share,False,0.9411071902114752,6.0,5.0,0.9706326855024513,0.9411946878571363,0.9564376371061187,0.8827245409349163,True
645,left,LCX,T1,leaf3,False,0.9002388175016808,6.0,5.0,0.9566415856627009,0.9456331103358651,0.9574064237774252,0.8827245409349163,True
645,left,LCX,T1,apport,False,0.92620271476088,6.0,5.0,0.9653637759878843,0.9400452847938938,0.9534556479631731,0.8827245409349163,True
645,left,LCX,T4,leaky,False,0.9616463018979649,7.0,7.0,0.9597631929506988,0.9646903185775625,0.9977033665976653,,
645,left,LCX,T4,share,False,0.9411071902114752,6.0,6.0,0.9385901368080384,0.9345921077686608,0.9332930457310724,,
645,left,LCX,T4,leaf3,False,0.9002388175016808,6.0,6.0,0.8970090721254552,0.8975776264433551,0.89790854155148,,
645,left,LCX,T4,apport,False,0.92620271476088,6.0,6.0,0.9233570856937848,0.9179918921703415,0.9157940853325439,,
645,right,RCA,T1,leaky,False,0.8032208846826557,3.0,1.0,0.8621558755660945,0.8087991125886622,0.8599217282310355,0.9015939231610355,False
645,right,RCA,T1,share,False,0.7745395436077682,2.0,1.0,0.8872067310421561,0.7764429510011949,0.9151531442792489,0.9015939231610355,False
645,right,RCA,T1,leaf3,False,0.7744488266247561,2.0,1.0,0.9026816331842618,0.7764429510002007,0.9290954531009344,0.9015939231610355,False
645,right,RCA,T1,apport,False,0.7744870117962422,2.0,1.0,0.8953412233661827,0.7764429510002007,0.9226061545400871,0.9015939231610355,False
645,right,RCA,T4,leaky,False,0.8032208846826557,3.0,3.0,0.8080776616979396,0.8377872376474129,0.9974418396750656,,
645,right,RCA,T4,share,False,0.7745395436077682,2.0,2.0,0.796716576759623,0.8009245819280274,0.996880778369211,,
645,right,RCA,T4,leaf3,False,0.7744488266247561,2.0,2.0,0.7963789689784724,0.8009883778460101,0.9968833462830387,,
645,right,RCA,T4,apport,False,0.7744870117962422,2.0,2.0,0.7965058803459474,0.800965591999415,0.9968824762280627,,
659,left,LAD,T4,leaky,False,0.9009878946059489,6.0,6.0,0.8988003632779636,0.9140503829635541,0.9979898116881432,,
659,left,LAD,T4,share,False,0.8740667891297149,6.0,6.0,0.8793327242120036,0.8739178220839675,0.8770834400327027,,
659,left,LAD,T4,leaf3,False,0.9177676899727013,6.0,6.0,0.9177708089038932,0.91265439146078,0.9125607060931262,,
659,left,LAD,T4,apport,False,0.8697685837667581,6.0,6.0,0.875633253834382,0.8771263263701269,0.8809734386524819,,
659,left,LCX,T1,leaky,False,0.8469501962245585,6.0,5.0,0.907644832825756,0.8532437255694627,0.8571203454761597,0.8510237221273279,True
659,left,LCX,T1,share,False,0.8166690118135056,6.0,5.0,0.9115971185860339,0.8099039347791264,0.8920378210185596,0.8510237221273279,True
659,left,LCX,T1,leaf3,False,0.7481710865861892,6.0,5.0,0.8325989852226658,0.7956302831673736,0.842011067773552,0.8510237221273279,True
659,left,LCX,T1,apport,False,0.8017297966988315,6.0,5.0,0.880806912889654,0.8073458733376393,0.8597936183013712,0.8510237221273279,True
659,left,LCX,T4,leaky,False,0.8469501962245585,6.0,6.0,0.8420051490035932,0.8749133821072187,0.8490208121790709,,
659,left,LCX,T4,share,True,,,,,,,,
659,left,LCX,T4,leaf3,True,,,,,,,,
659,left,LCX,T4,apport,True,,,,,,,,
659,right,RCA,T1,leaky,False,0.7810081819488056,2.0,1.0,0.8327128158349495,0.7878336741328386,0.8571472318553359,1.0434125895330342,False
659,right,RCA,T1,share,False,0.7642301135710481,2.0,1.0,0.8599911803518604,0.7572747061992315,0.8933305776161116,1.0434125895330342,False
659,right,RCA,T1,leaf3,False,0.7713440164761342,2.0,1.0,0.8855749974108668,0.7572747061992315,0.9162139369475788,1.0434125895330342,False
659,right,RCA,T1,apport,False,0.7677073656487643,2.0,1.0,0.8733520146576912,0.7572747061992315,0.9056095084004538,1.0434125895330342,False
659,right,RCA,T4,leaky,False,0.7810081819488056,2.0,2.0,0.7783152837473106,0.780370620091427,0.5285792472160717,,
659,right,RCA,T4,share,False,0.7642301135710481,2.0,2.0,0.802559399946544,0.7669164578218114,0.9949862738998979,,
659,right,RCA,T4,leaf3,False,0.7713440164761342,2.0,2.0,0.8098877623489118,0.7713582200164218,0.9949948465659282,,
659,right,RCA,T4,apport,False,0.7677073656487643,2.0,2.0,0.8060349480440395,0.7699304478312949,0.9949925921249254,,
661,left,LAD,T1,leaky,False,0.9457408157575258,6.0,5.0,0.9626773936191553,0.9584594414668958,0.9630193744886567,0.8295296894125335,False
661,left,LAD,T1,share,False,0.9416551293344931,5.0,4.0,0.9661047280003127,0.9424942864541465,0.9537503489804209,0.8295296894125335,False
661,left,LAD,T1,leaf3,False,0.9407794978096391,5.0,4.0,0.9736877782102654,0.9673047108358839,0.9739904831901339,0.8295296894125335,False
661,left,LAD,T1,apport,False,0.9442649927039753,5.0,4.0,0.9697482466114419,0.9570759784592542,0.9646645517565139,0.8295296894125335,False
661,left,LAD,T4,leaky,False,0.9457408157575258,6.0,6.0,0.9423204659037613,0.9491672979690721,0.9973987847319663,,
661,left,LAD,T4,share,False,0.9416551293344931,5.0,5.0,0.9372185366477234,0.9359333393494431,0.9362368002255165,,
661,left,LAD,T4,leaf3,False,0.9407794978096391,5.0,5.0,0.936184741379649,0.9344574319117833,0.9344406358283266,,
661,left,LAD,T4,apport,False,0.9442649927039753,5.0,5.0,0.9398707798809635,0.9444720750684165,0.9471055006120208,,
661,left,LCX,T1,leaky,False,0.9366893427122599,6.0,5.0,0.9644534729299793,0.9571010142918774,0.964745751858501,0.9877856211298426,True
661,left,LCX,T1,share,False,0.9351532025578265,5.0,4.0,0.9638792930264877,0.9341199143892144,0.9494660031653417,0.9877856211298426,True
661,left,LCX,T1,leaf3,False,0.9089401184424714,5.0,4.0,0.9475912580070818,0.9327043782552932,0.9483652096124926,0.9877856211298426,True
661,left,LCX,T1,apport,False,0.9134106531871218,5.0,4.0,0.9519723976398836,0.9348296788794991,0.9496620733100012,0.9877856211298426,True
661,left,LCX,T4,leaky,False,0.9366893427122599,6.0,6.0,0.9347668166034077,0.9498279176843768,0.9915590144878602,,
661,left,LCX,T4,share,False,0.9351532025578265,5.0,5.0,0.9333314115804848,0.93125290986454,0.9291022015961108,,
661,left,LCX,T4,leaf3,False,0.9089401184424714,5.0,5.0,0.9069424064549887,0.9269142002827042,0.9342618067743123,,
661,left,LCX,T4,apport,False,0.9134106531871218,5.0,5.0,0.9114898009044204,0.9169584069140214,0.9166082359154111,,
661,right,RCA,T1,leaky,False,0.8149184472855551,2.0,1.0,0.9015085781610064,0.814528030936697,0.8120893622385201,0.9568721754961433,False
661,right,RCA,T1,share,False,0.8185845993970825,2.0,1.0,0.919415384155205,0.8352363977265906,0.9339938749524151,0.9568721754961433,False
661,right,RCA,T1,leaf3,False,0.8180433964829179,2.0,1.0,0.9250033307429307,0.8352363977265906,0.9391928759037443,0.9568721754961433,False
661,right,RCA,T1,apport,False,0.8185038726525106,2.0,1.0,0.9202133357425882,0.8352363977265906,0.9347442302957684,0.9568721754961433,False
661,right,RCA,T4,leaky,False,0.8149184472855551,2.0,2.0,0.8149805202215801,0.8550649472632859,0.9973294302692851,,
661,right,RCA,T4,share,False,0.8185845993970825,2.0,2.0,0.8259085839139002,0.8445441509233296,0.9970709362131529,,
661,right,RCA,T4,leaf3,False,0.8180433964829179,2.0,2.0,0.8249987471444529,0.8442303930321456,0.9970718476040357,,
661,right,RCA,T4,apport,False,0.8185038726525106,2.0,2.0,0.8257696138486937,0.8444236686667288,0.9970713211572139,,
667,left,LAD,T1,leaky,False,0.8926884912822574,7.0,5.0,0.9631141207098716,0.9037087345014186,0.9111291998816523,0.9551476044717438,True
667,left,LAD,T1,share,False,0.8322020624450153,3.0,2.0,0.9332229223979394,0.8369323981399407,0.9254913173912883,0.9551476044717438,True
667,left,LAD,T1,leaf3,False,0.801866082284333,3.0,2.0,0.915630348479703,0.8602119329145655,0.923221055236649,0.9551476044717438,True
667,left,LAD,T1,apport,False,0.8290656555301456,3.0,2.0,0.9308107735288069,0.8455786332725678,0.9234984372226138,0.9551476044717438,True
667,left,LAD,T4,leaky,False,0.8926884912822574,7.0,6.0,0.889260656060663,0.9031873895376354,0.9656560903352145,,
667,left,LAD,T4,share,True,,,,,,,,
667,left,LAD,T4,leaf3,True,,,,,,,,
667,left,LAD,T4,apport,True,,,,,,,,
667,left,LCX,T4,leaky,False,0.8448562716730478,7.0,7.0,0.8425386308597348,0.8626234019450872,0.997186073245701,,
667,left,LCX,T4,share,False,0.8443002210911997,3.0,3.0,0.8452608507319022,0.821424479948732,0.8064846915129246,,
667,left,LCX,T4,leaf3,False,0.8839727088351234,3.0,3.0,0.8832186572579446,0.8537379976217966,0.8370892585957544,,
667,left,LCX,T4,apport,False,0.8483311829998234,3.0,3.0,0.8490906660382506,0.821171306095714,0.8025627002732054,,
669,left,LCX,T1,leaky,False,0.767909822221095,6.0,5.0,0.8310463463283198,0.815243307607105,0.8424081276291486,0.8820151054362018,False
669,left,LCX,T1,share,False,0.6615161597814151,6.0,5.0,0.7108878255411157,0.6616446478705543,0.755322206304422,0.8820151054362018,False
669,left,LCX,T1,leaf3,False,0.5415298813568472,6.0,5.0,0.6241141306133837,0.572836450649146,0.6607330931375992,0.8820151054362018,False
669,left,LCX,T1,apport,False,0.570024298943794,6.0,5.0,0.6536552299956561,0.6035683741869697,0.6860235316891815,0.8820151054362018,False
669,left,LCX,T4,leaky,False,0.767909822221095,6.0,6.0,0.7673734683629229,0.8192872639280695,0.9964021477545302,,
669,left,LCX,T4,share,False,0.6615161597814151,6.0,5.0,0.6637303994614253,0.6483041897231133,0.6348806894900076,,
669,left,LCX,T4,leaf3,False,0.5415298813568472,6.0,5.0,0.5470034522530459,0.571595401682578,0.6236512266419283,,
669,left,LCX,T4,apport,False,0.570024298943794,6.0,5.0,0.5747169043586972,0.6028950001124033,0.6486820525824858,,
669,right,RCA,T4,leaky,False,0.8392829336027877,2.0,2.0,0.8391829873331315,0.8599397495286797,0.9831631375084854,,
669,right,RCA,T4,share,False,0.8269108006442695,1.0,1.0,0.850558906069494,0.8303846475605269,0.9961369201775288,,
669,right,RCA,T4,leaf3,False,0.8269108006442695,1.0,1.0,0.8505589060691615,0.8303846475605269,0.9961369201775288,,
669,right,RCA,T4,apport,False,0.8269108006442695,1.0,1.0,0.8505589060691615,0.8303846475605269,0.9961369201775288,,
675,left,LAD,T1,leaky,False,0.9444082180701244,6.0,4.0,0.9678701795331757,0.948884151470401,0.9517501559811523,0.946714412427185,True
675,left,LAD,T1,share,False,0.9633574232342853,5.0,4.0,0.9815770836007032,0.9579092453389142,0.9752907626334395,0.946714412427185,True
675,left,LAD,T1,leaf3,False,0.9334334323858312,5.0,4.0,0.9665600070675678,0.9565891935050334,0.9669887377687139,0.946714412427185,True
675,left,LAD,T1,apport,False,0.9340859333869155,5.0,4.0,0.9691467266515559,0.934169000474705,0.9572446887350355,0.946714412427185,True
675,left,LAD,T4,leaky,False,0.9444082180701244,6.0,6.0,0.9401322702289542,0.9399486523526864,0.998921523488501,,
675,left,LAD,T4,share,True,,,,,,,,
675,left,LAD,T4,leaf3,True,,,,,,,,
675,left,LAD,T4,apport,True,,,,,,,,
675,left,LCX,T4,leaky,False,0.9103492514248508,6.0,6.0,0.9075079218565332,0.9191251214372252,0.9981017868795065,,
675,left,LCX,T4,share,False,0.7614489708447503,5.0,5.0,0.7657293642081321,0.7302036897346363,0.7183323825921335,,
675,left,LCX,T4,leaf3,False,0.8828035509958846,5.0,5.0,0.880643365292741,0.8719037563437595,0.870884543677568,,
675,left,LCX,T4,apport,False,0.8526309051534243,5.0,5.0,0.8515646060797698,0.8301516539258683,0.8251866942983257,,
675,right,RCA,T1,leaky,False,0.7683426320218127,2.0,1.0,0.8328783018743435,0.7678816516210334,0.7662562773153777,1.0542081304014006,False
675,right,RCA,T1,share,False,0.7557372918605896,2.0,1.0,0.8899381790158193,0.7911174510759655,0.9198015333387158,1.0542081304014006,False
675,right,RCA,T1,leaf3,False,0.7546657104815074,2.0,1.0,0.903624219756561,0.7911174510759655,0.9319332315730405,1.0542081304014006,False
675,right,RCA,T1,apport,False,0.7551028401511889,2.0,1.0,0.8968996710603998,0.7911174510759655,0.9260869613446493,1.0542081304014006,False
675,right,RCA,T4,leaky,False,0.7683426320218127,2.0,2.0,0.7641542332572703,0.8003512907910917,0.9979797108999812,,
675,right,RCA,T4,share,False,0.7557372918605896,2.0,2.0,0.793339659490502,0.7542265326295786,0.997044474962529,,
675,right,RCA,T4,leaf3,False,0.7546657104815074,2.0,2.0,0.7900060419407035,0.756238537274064,0.9970653325026139,,
675,right,RCA,T4,apport,False,0.7551028401511889,2.0,2.0,0.7914653224574131,0.7555294970444661,0.9970592726319816,,
683,left,LCX,T4,leaky,False,0.925814226984853,4.0,4.0,0.9211743355448241,0.935838224236108,0.929080127261566,,
683,left,LCX,T4,share,True,,,,,,,,
683,left,LCX,T4,leaf3,True,,,,,,,,
683,left,LCX,T4,apport,True,,,,,,,,
683,right,RCA,T1,leaky,False,0.7638181945348205,2.0,1.0,0.8280350084832122,0.7634371443314625,0.7652727368987277,1.1143323087399952,False
683,right,RCA,T1,share,False,0.7457427513808962,2.0,1.0,0.8811809519930661,0.7478168509319983,0.9177598964812617,1.1143323087399952,False
683,right,RCA,T1,leaf3,False,0.7459247235287082,2.0,1.0,0.8821042861571776,0.7478168509319983,0.9185259231073802,1.1143323087399952,False
683,right,RCA,T1,apport,False,0.7458516055017169,2.0,1.0,0.8817348016918459,0.7478168509319983,0.9182197797791655,1.1143323087399952,False
683,right,RCA,T4,leaky,False,0.7638181945348205,2.0,2.0,0.7704524581140731,0.7949285486064048,0.9980777160440872,,
683,right,RCA,T4,share,False,0.7457427513808962,2.0,2.0,0.8187701738540591,0.750140618742212,0.9968106472097245,,
683,right,RCA,T4,leaf3,False,0.7459247235287082,2.0,2.0,0.818844412176699,0.7490704307001566,0.9968072721841937,,
683,right,RCA,T4,apport,False,0.7458516055017169,2.0,2.0,0.8188142013861276,0.7493370915792116,0.9968082189260118,,
686,left,LAD,T1,leaky,False,0.9262328271837114,6.0,5.0,0.9403517776387081,0.9267696932079131,0.9272906167874395,0.7642642088542951,False
686,left,LAD,T1,share,False,0.8647535638493652,6.0,5.0,0.9199701637361922,0.8715051898921082,0.9003833396897102,0.7642642088542951,False
686,left,LAD,T1,leaf3,False,0.9147416932485773,6.0,5.0,0.9516261685951714,0.9378049232351002,0.9527986074353735,0.7642642088542951,False
686,left,LAD,T1,apport,False,0.9021240239810734,6.0,5.0,0.9441896660497587,0.9081145103948467,0.9320388257460062,0.7642642088542951,False
686,left,LAD,T4,leaky,False,0.9262328271837114,6.0,6.0,0.9224084725936379,0.9309661009195236,0.9988254337963127,,
686,left,LAD,T4,share,False,0.8647535638493652,6.0,4.0,0.8609053795641499,0.8535626894025662,0.8547727302080055,,
686,left,LAD,T4,leaf3,False,0.9147416932485773,6.0,4.0,0.9091666723128271,0.9464082037156173,0.9639347307211098,,
686,left,LAD,T4,apport,False,0.9021240239810734,6.0,4.0,0.896737975446505,0.9041397908099297,0.9165945897381498,,
686,left,LCX,T1,leaky,False,0.905045254728809,6.0,5.0,0.9507373357497035,0.9414083175981226,0.9514496403666303,0.967575627574167,False
686,left,LCX,T1,share,False,0.9467943404013213,6.0,5.0,0.9713484915765701,0.9483614347683328,0.9586544936850314,0.967575627574167,False
686,left,LCX,T1,leaf3,False,0.9001717084937844,6.0,5.0,0.9578644449256579,0.9474985037661664,0.9586083147083819,0.967575627574167,False
686,left,LCX,T1,apport,False,0.8912085085424073,6.0,5.0,0.9455132049662734,0.9338672556679878,0.9468485998968322,0.967575627574167,False
686,left,LCX,T4,leaky,False,0.905045254728809,6.0,6.0,0.9033080158935811,0.9294287791455856,0.99853995544769,,
686,left,LCX,T4,share,False,0.9467943404013213,6.0,6.0,0.9458795688217703,0.9418734846788301,0.939888636279323,,
686,left,LCX,T4,leaf3,False,0.9001717084937844,6.0,6.0,0.9001312038142399,0.8956888677413365,0.8946547921293345,,
686,left,LCX,T4,apport,False,0.8912085085424073,6.0,6.0,0.8922411487868767,0.91257811315381,0.9226230972854836,,
686,right,RCA,T4,leaky,False,0.7939651709036989,1.0,1.0,0.7982354747229358,0.8603795180518168,0.9978646980212892,,
686,right,RCA,T4,share,False,0.8565953155111522,1.0,1.0,0.9190599501014513,0.8984850325394712,0.9963449773149928,,
686,right,RCA,T4,leaf3,False,0.8565953155100545,1.0,1.0,0.9190599501014513,0.8984850325394712,0.9963449773149928,,
686,right,RCA,T4,apport,False,0.8565953155111522,1.0,1.0,0.9190599501014513,0.8984850325394712,0.9963449773149928,,
687,left,LAD,T1,leaky,False,0.7909428770654032,6.0,5.0,0.8605012795129077,0.8378231801042169,0.866911548008008,0.9813592949394613,True
687,left,LAD,T1,share,False,0.6988326282898947,5.0,4.0,0.8284504840127922,0.7040106685363244,0.7617364098245297,0.9813592949394613,True
687,left,LAD,T1,leaf3,False,0.7479979818624413,5.0,4.0,0.8472404304703651,0.8093620821662119,0.8532866827128743,0.9813592949394613,True
687,left,LAD,T1,apport,False,0.7103785834172301,5.0,4.0,0.8291267168211038,0.7461717062939961,0.8036992236915544,0.9813592949394613,True
687,left,LAD,T4,leaky,False,0.7909428770654032,6.0,6.0,0.788691821131116,0.840790472139807,0.996944398479422,,
687,left,LAD,T4,share,False,0.6988326282898947,5.0,5.0,0.711958344359543,0.7011917895912643,0.7011817901916628,,
687,left,LAD,T4,leaf3,False,0.7479979818624413,5.0,5.0,0.7561297060458181,0.7886849884929165,0.8066667543352934,,
687,left,LAD,T4,apport,False,0.7103785834172301,5.0,5.0,0.7221899232486009,0.7252442185168283,0.7333957218687922,,
687,left,LCX,T1,leaky,False,0.800511203451353,6.0,5.0,0.860573891569119,0.8459618298339473,0.8659987715730446,0.8647541686526186,True
687,left,LCX,T1,share,False,0.7134267929468101,5.0,4.0,0.8297953744600888,0.7124086943734106,0.818760529466074,0.8647541686526186,True
687,left,LCX,T1,leaf3,False,0.6515172723506772,5.0,4.0,0.7602015557096824,0.7086573593106971,0.7849880932844504,0.8647541686526186,True
687,left,LCX,T1,apport,False,0.6962872456432802,5.0,4.0,0.79736196863536,0.728394984794086,0.7989925191636548,0.8647541686526186,True
687,left,LCX,T4,leaky,False,0.800511203451353,6.0,6.0,0.7971298009436368,0.8400917530715024,0.9967103569335519,,
687,left,LCX,T4,share,True,,,,,,,,
687,left,LCX,T4,leaf3,True,,,,,,,,
687,left,LCX,T4,apport,True,,,,,,,,
687,right,RCA,T4,leaky,False,0.8294193841719162,2.0,2.0,0.8305919358378544,0.8575905729352468,0.9969549153837782,,
687,right,RCA,T4,share,False,0.8127590821887899,1.0,1.0,0.8328471842923018,0.8293454658066713,0.9961905888099114,,
687,right,RCA,T4,leaf3,False,0.8127590821887899,1.0,1.0,0.8328471842923018,0.8293454658066713,0.9961905888099114,,
687,right,RCA,T4,apport,False,0.8127590821887899,1.0,1.0,0.8328471842923018,0.8293454658066713,0.9961905888099114,,
690,left,LAD,T1,leaky,False,0.8904333556645272,5.0,4.0,0.9276397879604545,0.9035546125436164,0.9114280037358384,0.9104454311333376,True
690,left,LAD,T1,share,False,0.8570247507326774,5.0,4.0,0.9121362783851532,0.8579390611297565,0.9018750973144468,0.9104454311333376,True
690,left,LAD,T1,leaf3,False,0.7767834642944719,5.0,4.0,0.8537535534275145,0.811076540587523,0.8644640210711604,0.9104454311333376,True
690,left,LAD,T1,apport,False,0.850148887052629,5.0,4.0,0.9012369174231255,0.8671451289239573,0.89842262120737,0.9104454311333376,True
690,left,LAD,T4,leaky,False,0.8904333556645272,5.0,5.0,0.887982608023275,0.9090012238941801,0.9964501332220344,,
690,left,LAD,T4,share,False,0.8570247507326774,5.0,5.0,0.8574642546449956,0.8329809437197669,0.8110156148745985,,
690,left,LAD,T4,leaf3,False,0.7767834642944719,5.0,5.0,0.7815536994580754,0.7824563549571387,0.7963900020945466,,
690,left,LAD,T4,apport,False,0.850148887052629,5.0,5.0,0.8508780585309487,0.8459181014127667,0.8445951586419581,,
690,left,LCX,T1,leaky,False,0.8130782779733747,5.0,4.0,0.8811720850638218,0.8620627468500086,0.8843085485181771,0.9775948511360532,False
690,left,LCX,T1,share,False,0.715009456757917,5.0,4.0,0.8611881590385699,0.7492521573813111,0.800263121840779,0.9775948511360532,False
690,left,LCX,T1,leaf3,False,0.8139365955251286,5.0,4.0,0.9216015291162882,0.9000828936496614,0.9248972279724066,0.9775948511360532,False
690,left,LCX,T1,apport,False,0.7219857627497343,5.0,4.0,0.871559318335004,0.7863541753665726,0.8440084042712401,0.9775948511360532,False
690,left,LCX,T4,leaky,False,0.8130782779733747,5.0,5.0,0.7944353564809948,0.8446111187514487,0.836695606448951,,
690,left,LCX,T4,share,False,0.715009456757917,5.0,4.0,0.7130554467768057,0.6688800409254574,0.6586012063028601,,
690,left,LCX,T4,leaf3,False,0.8139365955251286,5.0,4.0,0.8027731360832908,0.8711410511088713,0.8982464650245479,,
690,left,LCX,T4,apport,False,0.7219857627497343,5.0,4.0,0.718833391835239,0.7312082612857101,0.7746348103354301,,
690,right,RCA,T1,leaky,False,0.8079118617635689,3.0,2.0,0.8438414568764615,0.8068377183776599,0.8040658888418251,0.7592743350245715,False
690,right,RCA,T1,share,False,0.7903011325591175,2.0,1.0,0.871251521457035,0.7854507621338138,0.8922446044270984,0.7592743350245715,False
690,right,RCA,T1,leaf3,False,0.7918038790911625,2.0,1.0,0.8821457225762531,0.7854507621341761,0.903076490903864,0.7592743350245715,False
690,right,RCA,T1,apport,False,0.7911380200170595,2.0,1.0,0.8775188186844499,0.7854507621341761,0.898534305466378,0.7592743350245715,False
690,right,RCA,T4,leaky,False,0.8079118617635689,3.0,3.0,0.8108698097358708,0.8395918115420563,0.6265975504958515,,
690,right,RCA,T4,share,False,0.7903011325591175,2.0,1.0,0.8093312400075525,0.7758777098211843,0.9963325217911113,,
690,right,RCA,T4,leaf3,False,0.7918038790911625,2.0,1.0,0.8123622183826199,0.7758777098210332,0.9963325217911113,,
690,right,RCA,T4,apport,False,0.7911380200170595,2.0,1.0,0.8110118120657699,0.7758777098203706,0.9963325217911113,,
698,left,LAD,T1,leaky,False,0.8874637479725498,5.0,4.0,0.9226516562981457,0.9083485683137864,0.925013972914001,1.0412827514902567,True
698,left,LAD,T1,share,False,0.8982744280352534,5.0,4.0,0.9383741469344905,0.899336182695331,0.9287242407820736,1.0412827514902567,True
698,left,LAD,T1,leaf3,False,0.8405340233724942,5.0,4.0,0.8971830264447018,0.8659740775864392,0.9022785708636452,1.0412827514902567,True
698,left,LAD,T1,apport,False,0.8512737912356263,5.0,4.0,0.9070763466107247,0.8680389528791278,0.9037163891242177,1.0412827514902567,True
698,left,LAD,T4,leaky,False,0.8874637479725498,5.0,5.0,0.8856548878970029,0.9086025613073926,0.9972354286521313,,
698,left,LAD,T4,share,False,0.8982744280352534,5.0,4.0,0.9001053714798496,0.8985130614079184,0.8962349164352542,,
698,left,LAD,T4,leaf3,False,0.8405340233724942,5.0,4.0,0.8463608642377669,0.8881043947689606,0.9230317011499852,,
698,left,LAD,T4,apport,False,0.8512737912356263,5.0,4.0,0.8564859052886874,0.8583826539333996,0.8557887859026809,,
698,left,LCX,T4,leaky,False,0.9311185332571909,5.0,5.0,0.9246798797233989,0.9354121172892258,0.9982876599244432,,
698,left,LCX,T4,share,False,0.7796264734800403,5.0,5.0,0.7635500570469895,0.7772034133581185,0.7821386983163846,,
698,left,LCX,T4,leaf3,False,0.8832672380798773,5.0,5.0,0.870429844937206,0.8716794294255381,0.8715110917153328,,
698,left,LCX,T4,apport,False,0.8888567427000491,5.0,5.0,0.8763674097700452,0.8863028580090875,0.8879197878907604,,
698,right,RCA,T1,leaky,False,0.8178615362710526,2.0,1.0,0.8711840484612,0.8179044970887888,0.8235268887767625,0.8241965121786263,False
698,right,RCA,T1,share,False,0.7981864642303399,2.0,1.0,0.8947066941961082,0.8068468369306799,0.9156143563423841,0.8241965121786263,False
698,right,RCA,T1,leaf3,False,0.7972269397880155,2.0,1.0,0.9147960553713748,0.8068468369306799,0.9344023494919187,0.8241965121786263,False
698,right,RCA,T1,apport,False,0.7977262327048793,2.0,1.0,0.9035430749107908,0.8068468369306799,0.9240931309583295,0.8241965121786263,False
698,right,RCA,T4,leaky,False,0.8178615362710526,2.0,2.0,0.8213647562328333,0.8481446538189363,0.9976336797942112,,
698,right,RCA,T4,share,False,0.7981864642303399,2.0,1.0,0.8141943076933882,0.8284201367639,0.996894655594603,,
698,right,RCA,T4,leaf3,False,0.7972269397880155,2.0,1.0,0.8123006076293368,0.8284201367639,0.996894655594603,,
698,right,RCA,T4,apport,False,0.7977262327048793,2.0,1.0,0.8132129010122969,0.8284201367639,0.996894655594603,,
725,left,LCX,T1,leaky,False,0.8678304361595792,5.0,4.0,0.9196910336393557,0.8906298776298045,0.8983367596584685,0.784674473416387,True
725,left,LCX,T1,share,False,0.7697836910157031,4.0,3.0,0.8720543024799567,0.7806230590829275,0.8387642661578281,0.784674473416387,True
725,left,LCX,T1,leaf3,False,0.7133558990815274,4.0,3.0,0.8583586309099978,0.8040344922310663,0.8707211043837706,0.784674473416387,True
725,left,LCX,T1,apport,False,0.772517556839032,4.0,3.0,0.8812306432205844,0.8088653511364603,0.8630427974718198,0.784674473416387,True
725,left,LCX,T4,leaky,False,0.8678304361595792,5.0,5.0,0.8637421493357812,0.8901907248902142,0.8817582040982961,,
725,left,LCX,T4,share,True,,,,,,,,
725,left,LCX,T4,leaf3,True,,,,,,,,
725,left,LCX,T4,apport,True,,,,,,,,
725,right,RCA,T4,leaky,False,0.8308036069612074,2.0,2.0,0.8326870615924871,0.8670507263182188,0.9971955416912187,,
725,right,RCA,T4,share,False,0.8120993221415984,1.0,1.0,0.8400740941213878,0.8314687959711106,0.9964256621248921,,
725,right,RCA,T4,leaf3,False,0.812099322142095,1.0,1.0,0.8400740941213878,0.8314687959709144,0.9964256621248921,,
725,right,RCA,T4,apport,False,0.8120993221415984,1.0,1.0,0.8400740941213878,0.8314687959711106,0.9964256621248921,,
727,left,LAD,T4,leaky,False,0.7784241540577511,3.0,3.0,0.7801275036569894,0.8106021366853239,0.8153221943071122,,
727,left,LAD,T4,share,False,0.6367035891346479,3.0,3.0,0.6678185622635195,0.5995297334907281,0.6250844430601412,,
727,left,LAD,T4,leaf3,False,0.6315930207675889,3.0,3.0,0.6515475414937715,0.6040373550158188,0.5954101969951043,,
727,left,LAD,T4,apport,False,0.6152739879506424,3.0,3.0,0.6419770614310839,0.5921726478292171,0.6090504266380472,,
727,right,RCA,T1,leaky,False,0.8149033622407515,3.0,2.0,0.8693168431093986,0.8149345281139391,0.8240802731798943,0.8545582202409032,False
727,right,RCA,T1,share,False,0.7943256783151784,2.0,1.0,0.8915943335704053,0.800102339823275,0.9142215553495154,0.8545582202409032,False
727,right,RCA,T1,leaf3,False,0.7944891012345294,2.0,1.0,0.8868560138331613,0.800102339823275,0.9095375514785383,0.8545582202409032,False
727,right,RCA,T1,apport,False,0.7943954336820521,2.0,1.0,0.8895298372074117,0.800102339823275,0.9121939036286668,0.8545582202409032,False
727,right,RCA,T4,leaky,False,0.8149033622407515,3.0,3.0,0.8215846708113894,0.8456403736544066,0.9976534759212199,,
727,right,RCA,T4,share,False,0.7943256783151784,2.0,1.0,0.8118029506702485,0.8267821957217455,0.9968077329995363,,
727,right,RCA,T4,leaf3,False,0.7944891012345294,2.0,1.0,0.812166953603751,0.8267821957217455,0.9968077329995363,,
727,right,RCA,T4,apport,False,0.7943954336820521,2.0,1.0,0.8119573373184596,0.8267821957217455,0.9968077329995363,,
738,left,LCX,T1,leaky,False,0.9337785877077768,7.0,5.0,0.9618026196518441,0.9593646092394432,0.962167438600388,0.8058806805916507,False
738,left,LCX,T1,share,False,0.7100716451355288,2.0,2.0,0.7100716451355288,0.7100716451355288,0.7100716404280116,0.8058806805916507,False
738,left,LCX,T1,leaf3,False,0.7153112164976586,2.0,2.0,0.7153112164976586,0.7153112164976586,0.7153112121940668,0.8058806805916507,False
738,left,LCX,T1,apport,False,0.701616603106075,2.0,2.0,0.701616603106075,0.701616603106075,0.7016165975936908,0.8058806805916507,False
738,left,LCX,T4,leaky,False,0.9337785877077768,7.0,7.0,0.9263315901852485,0.9386254404950717,0.9985704341906189,,
738,left,LCX,T4,share,False,0.7100716451355288,2.0,2.0,0.6971155050896943,0.6817609270975235,0.6799751388129309,,
738,left,LCX,T4,leaf3,False,0.7153112164976586,2.0,2.0,0.7021825934567419,0.6855204105805305,0.6823233729754321,,
738,left,LCX,T4,apport,False,0.701616603106075,2.0,2.0,0.6889554805809298,0.6729952397323128,0.6710777741468007,,
751,left,LAD,T4,leaky,False,0.9233585745615539,6.0,6.0,0.9149984357551687,0.9220353073597934,0.998091606086381,,
751,left,LAD,T4,share,False,0.7978738702253586,3.0,3.0,0.8096706619983816,0.7943833335810643,0.7953218221924736,,
751,left,LAD,T4,leaf3,False,0.8294562572831929,3.0,3.0,0.8344049635306128,0.8196463928842518,0.8187872916610589,,
751,left,LAD,T4,apport,False,0.8141679331350319,3.0,3.0,0.8222778514161782,0.8079311571621937,0.8080982325219128,,
751,left,LCX,T4,leaky,False,0.9119614116008102,6.0,6.0,0.9084117638635947,0.9167664924524102,0.9980957970418772,,
751,left,LCX,T4,share,True,,,,,,,,
751,left,LCX,T4,leaf3,True,,,,,,,,
751,left,LCX,T4,apport,True,,,,,,,,
754,left,LAD,T4,leaky,False,0.9313508023557606,6.0,6.0,0.9252268230596425,0.9086660887427687,0.9045239694798283,,
754,left,LAD,T4,share,False,0.8339424915085099,5.0,5.0,0.8729543305063804,0.8535477101175922,0.8511151825108575,,
754,left,LAD,T4,leaf3,False,0.9169438859887149,5.0,5.0,0.9235732270372567,0.9175804058503682,0.9173969757458605,,
754,left,LAD,T4,apport,False,0.8639683922842688,5.0,5.0,0.8895633884951729,0.8738291375977615,0.8722196593647695,,
754,left,LCX,T1,leaky,False,0.8803342439188289,6.0,5.0,0.89668310757621,0.8908160255380597,0.8984630142690875,0.7887192315080698,False
754,left,LCX,T1,share,False,0.8859093305453057,5.0,4.0,0.9058984585976025,0.8871423121948414,0.900418749753931,0.7887192315080698,False
754,left,LCX,T1,leaf3,False,0.8060743416947492,5.0,4.0,0.8900335079502525,0.8524874423123143,0.8987428333411133,0.7887192315080698,False
754,left,LCX,T1,apport,False,0.8662931124667841,5.0,4.0,0.9052543542057405,0.8798994859422996,0.9022503671818378,0.7887192315080698,False
754,left,LCX,T4,leaky,False,0.8803342439188289,6.0,6.0,0.8701961709305471,0.8795524042353787,0.9983520688921046,,
754,left,LCX,T4,share,False,0.8859093305453057,5.0,4.0,0.8770807685275024,0.8785425218770925,0.8927028701473996,,
754,left,LCX,T4,leaf3,False,0.8060743416947492,5.0,4.0,0.7931513983413638,0.8377554232507677,0.882955631052531,,
754,left,LCX,T4,apport,False,0.8662931124667841,5.0,4.0,0.8552596774082316,0.871352359936806,0.9014127654645389,,
757,left,LAD,T1,leaky,False,0.7391286293746114,6.0,4.0,0.8701145516773546,0.7822929613257362,0.8875362691195852,1.400408485157365,True
757,left,LAD,T1,share,False,0.7902236285525789,6.0,4.0,0.8971962877166325,0.8023055976421501,0.8838326125997228,1.400408485157365,True
757,left,LAD,T1,leaf3,False,0.7800811115488127,6.0,4.0,0.9127669104029746,0.8502889325500088,0.9237312348236296,1.400408485157365,True
757,left,LAD,T1,apport,False,0.737496018663585,6.0,4.0,0.8769529034590792,0.7875720179452247,0.890485662057165,1.400408485157365,True
757,left,LAD,T4,leaky,False,0.7391286293746114,6.0,6.0,0.7391873931973504,0.7865587892386063,0.979739398274284,,
757,left,LAD,T4,share,False,0.7902236285525789,6.0,5.0,0.8022244654952893,0.7793842278151394,0.7626265909063236,,
757,left,LAD,T4,leaf3,False,0.7800811115488127,6.0,5.0,0.7898023202499519,0.8022457984884435,0.8407851037509221,,
757,left,LAD,T4,apport,False,0.737496018663585,6.0,5.0,0.7526419600546622,0.7484371858209707,0.7899467182860019,,
757,left,LCX,T1,leaky,False,0.9113725893246504,6.0,5.0,0.9392201439065334,0.9108119455039445,0.9106953776445949,0.7931144336372152,False
757,left,LCX,T1,share,False,0.8240616161264973,6.0,5.0,0.9004142336495222,0.8293154046995617,0.8557176421889017,0.7931144336372152,False
757,left,LCX,T1,leaf3,False,0.8384250684183535,6.0,5.0,0.934044468788236,0.9160277859199594,0.9364259996051931,0.7931144336372152,False
757,left,LCX,T1,apport,False,0.9079602705301277,6.0,5.0,0.9533286469779586,0.9101228370306005,0.9294272352021006,0.7931144336372152,False
757,left,LCX,T4,leaky,False,0.9113725893246504,6.0,6.0,0.9090528700331921,0.9195150863614635,0.9984945947580494,,
757,left,LCX,T4,share,False,0.8240616161264973,6.0,5.0,0.8266051699006661,0.8092119803964792,0.8033149595775596,,
757,left,LCX,T4,leaf3,False,0.8384250684183535,6.0,5.0,0.8392782414004207,0.9107939042896469,0.9294906610329827,,
757,left,LCX,T4,apport,False,0.9079602705301277,6.0,5.0,0.9064130409924224,0.8960519444090493,0.8935602189166161,,
757,right,RCA,T4,leaky,False,0.8379665574713451,2.0,2.0,0.8403518783055578,0.838970378554875,0.9966679024138855,,
757,right,RCA,T4,share,False,0.8224223503645399,1.0,1.0,0.8459329261835238,0.8013071267722147,0.9956102283168212,,
757,right,RCA,T4,leaf3,False,0.8224223503645399,1.0,1.0,0.8459329261835152,0.8013071267722147,0.9956102283168212,,
757,right,RCA,T4,apport,False,0.8224223503645399,1.0,1.0,0.8459329261835238,0.8013071267722147,0.9956102283168212,,
758,left,LAD,T4,leaky,False,0.9629085407437759,7.0,7.0,0.9600968244728678,0.965680887340546,0.999085296100909,,
758,left,LAD,T4,share,True,,,,,,,,
758,left,LAD,T4,leaf3,True,,,,,,,,
758,left,LAD,T4,apport,True,,,,,,,,
758,left,LCX,T1,leaky,False,0.9314370496171991,7.0,6.0,0.9527410708738548,0.9434729381755561,0.9486479343290755,0.7999297937273113,False
758,left,LCX,T1,share,False,0.8657529557355511,5.0,4.0,0.9251943456281999,0.8681293787718651,0.9129113070223714,0.7999297937273113,False
758,left,LCX,T1,leaf3,False,0.8618847271363024,5.0,4.0,0.9159642708154826,0.8899117131093811,0.919473108471687,0.7999297937273113,False
758,left,LCX,T1,apport,False,0.8501633388210559,5.0,4.0,0.9025817175239885,0.8597082572804345,0.8938870387760796,0.7999297937273113,False
758,left,LCX,T4,leaky,False,0.9314370496171991,7.0,7.0,0.9298381594701864,0.9447314481439404,0.9409871925190532,,
758,left,LCX,T4,share,False,0.8657529557355511,5.0,3.0,0.8662840958066346,0.8655669767158666,0.8657954319908693,,
758,left,LCX,T4,leaf3,False,0.8618847271363024,5.0,3.0,0.8628686578019084,0.9306177149423903,0.9626736950696219,,
758,left,LCX,T4,apport,False,0.8501633388210559,5.0,3.0,0.852066390493306,0.869849869502724,0.8953680774498786,,
759,left,LAD,T1,leaky,False,0.8812776089901871,4.0,3.0,0.9295039381912354,0.8997075247619415,0.9178123704402494,0.8278114658266053,True
759,left,LAD,T1,share,False,0.8393952993106707,3.0,2.0,0.9130537867104701,0.8456876456439268,0.8991823030842576,0.8278114658266053,True
759,left,LAD,T1,leaf3,False,0.8450266541882526,3.0,2.0,0.9284798342998556,0.8873917534672267,0.9328057757554995,0.8278114658266053,True
759,left,LAD,T1,apport,False,0.826952419428121,3.0,2.0,0.9103876310831515,0.8456876456439268,0.9024614603380272,0.8278114658266053,True
759,left,LAD,T4,leaky,False,0.8812776089901871,4.0,4.0,0.8752891114184912,0.9068442321341216,0.9977657332754948,,
759,left,LAD,T4,share,False,0.8393952993106707,3.0,2.0,0.836196048193225,0.7955299350330602,0.7851593829359935,,
759,left,LAD,T4,leaf3,False,0.8450266541882526,3.0,2.0,0.8411509652772363,0.8566210722575347,0.9099731274138323,,
759,left,LAD,T4,apport,False,0.826952419428121,3.0,2.0,0.8242801214495141,0.7955299350330602,0.8209215660983383,,
759,right,RCA,T1,leaky,False,0.8337214498840223,2.0,1.0,0.89531267739026,0.841849441212172,0.9041266052598553,0.8156368977734432,False
759,right,RCA,T1,share,False,0.8166297463828031,2.0,1.0,0.9137210353398691,0.8265806488556772,0.9297527981301964,0.8156368977734432,False
759,right,RCA,T1,leaf3,False,0.8162682190297628,2.0,1.0,0.9195616602945861,0.8265806488556772,0.9352119452546123,0.8156368977734432,False
759,right,RCA,T1,apport,False,0.8164958865787413,2.0,1.0,0.9158267168711441,0.8265806488556772,0.9317371517960572,0.8156368977734432,False
759,right,RCA,T4,leaky,False,0.8337214498840223,2.0,2.0,0.8359706504060124,0.8596108971202956,0.9970792704114984,,
759,right,RCA,T4,share,False,0.8166297463828031,2.0,1.0,0.8257997589169985,0.8284945003214902,0.9964031286722347,,
759,right,RCA,T4,leaf3,False,0.8162682190297628,2.0,1.0,0.8251080213308193,0.8284945003214902,0.9964031286722347,,
759,right,RCA,T4,apport,False,0.8164958865787413,2.0,1.0,0.8255427224218788,0.8284945003210388,0.9964031286722347,,
768,right,RCA,T1,leaky,False,0.7958087087444646,4.0,2.0,0.8948901394523069,0.7957044968090116,0.8562221462098509,0.9650854028321038,False
768,right,RCA,T1,share,False,0.7931938414341353,2.0,1.0,0.8986057503025215,0.8007055401714835,0.9161216752134771,0.9650854028321038,False
768,right,RCA,T1,leaf3,False,0.793238980896225,2.0,1.0,0.9055975231947468,0.8007055401714835,0.9226789794017667,0.9650854028321038,False
768,right,RCA,T1,apport,False,0.7931944493428787,2.0,1.0,0.8990007521560605,0.8007055401714835,0.916496615610119,0.9650854028321038,False
768,right,RCA,T4,leaky,False,0.7958087087444646,4.0,4.0,0.798595036768578,0.8308311343458491,0.9961998643142624,,
768,right,RCA,T4,share,False,0.7931938414341353,2.0,2.0,0.8010650201989415,0.7848421213788497,0.995084564543907,,
768,right,RCA,T4,leaf3,False,0.793238980896225,2.0,2.0,0.8012718613237211,0.785281620315175,0.9950838863963556,,
768,right,RCA,T4,apport,False,0.7931944493428787,2.0,2.0,0.8010721506552063,0.7850160508509216,0.9950843097720942,,
773,left,LAD,T1,leaky,False,0.9659852533141441,4.0,3.0,0.9772618813612991,0.9659018678228071,0.9658695501550034,0.8932077007766964,True
773,left,LAD,T1,share,False,0.9656639960843666,4.0,3.0,0.9870237100602629,0.9669015867574893,0.981662530889138,0.8932077007766964,True
773,left,LAD,T1,leaf3,False,0.959818658329368,4.0,3.0,0.9839047649965086,0.9770020648079937,0.984092863896178,0.8932077007766964,True
773,left,LAD,T1,apport,False,0.9573438320334932,4.0,3.0,0.9835421313410098,0.9590852386492549,0.9765975100192157,0.8932077007766964,True
773,left,LAD,T4,leaky,False,0.9659852533141441,4.0,4.0,0.964752851762362,0.9737136432636984,0.9993944533861427,,
773,left,LAD,T4,share,True,,,,,,,,
773,left,LAD,T4,leaf3,True,,,,,,,,
773,left,LAD,T4,apport,True,,,,,,,,
773,right,RCA,T4,leaky,False,0.8304571272562915,2.0,1.0,0.8333408141577324,0.8897175663791049,0.9975417480139748,,
773,right,RCA,T4,share,False,0.7831178955752103,1.0,1.0,0.7898109239351938,0.8425781861693846,0.9965714365101933,,
773,right,RCA,T4,leaf3,False,0.7831178955752103,1.0,1.0,0.7898109239351938,0.8425781861693846,0.9965714365101933,,
773,right,RCA,T4,apport,False,0.7831178955752103,1.0,1.0,0.7898109239352551,0.8425781861693846,0.9965714365101933,,
789,left,LCX,T4,leaky,False,0.8801297309315628,5.0,5.0,0.8742264932233397,0.9015422376675564,0.9975200994951966,,
789,left,LCX,T4,share,False,0.7825725489597343,4.0,4.0,0.7792387473109661,0.8007417289927652,0.8134584296775119,,
789,left,LCX,T4,leaf3,False,0.853693089308173,4.0,4.0,0.8477842705151275,0.8461561767056336,0.8459337469774533,,
789,left,LCX,T4,apport,False,0.8230599868654561,4.0,4.0,0.8179706532677126,0.8399748581456972,0.8490921204621297,,
789,right,RCA,T4,leaky,False,0.829337538402414,3.0,2.0,0.8347726373402341,0.8554661546341458,0.9970660232666111,,
789,right,RCA,T4,share,False,0.8194228227281927,1.0,1.0,0.8545175366796047,0.8236276486404679,0.9962181083429867,,
789,right,RCA,T4,leaf3,False,0.8194228227281927,1.0,1.0,0.8545175366794768,0.8236276486401591,0.9962181083429867,,
789,right,RCA,T4,apport,False,0.8194228227281927,1.0,1.0,0.8545175366794149,0.8236276486404679,0.9962181083429867,,
790,left,LAD,T4,leaky,False,0.9527070847793563,5.0,5.0,0.9503064912464102,0.9573980989148154,0.9508978648125356,,
790,left,LAD,T4,share,False,0.9520092851554105,2.0,2.0,0.9528984967530416,0.9454698832926214,0.9435209798455395,,
790,left,LAD,T4,leaf3,False,0.9632263961064287,2.0,2.0,0.9629078948347436,0.9580195819945266,0.9568394926220545,,
790,left,LAD,T4,apport,False,0.9511471005434902,2.0,2.0,0.9521483101295295,0.945469883292584,0.944701512787902,,
799,right,RCA,T1,leaky,False,0.8027401722231352,3.0,1.0,0.8785295271424393,0.8117360755107034,0.8811403994419705,0.8537165615072153,False
799,right,RCA,T1,share,False,0.7764915142867287,2.0,1.0,0.8927901671539792,0.7874737145096369,0.9180778687004718,0.8537165615072153,False
799,right,RCA,T1,leaf3,False,0.7765242523845503,2.0,1.0,0.8981109871573842,0.7874737145096369,0.9229194491092609,0.8537165615072153,False
799,right,RCA,T1,apport,False,0.7765038365476103,2.0,1.0,0.8957839458977166,0.7874737145096369,0.9208166763192561,0.8537165615072153,False
799,right,RCA,T4,leaky,False,0.8027401722231352,3.0,3.0,0.8043014946388889,0.8191697227516359,0.9959816798381648,,
799,right,RCA,T4,share,False,0.7764915142867287,2.0,1.0,0.7950122371419059,0.7657304889299933,0.9956059820928888,,
799,right,RCA,T4,leaf3,False,0.7765242523845503,2.0,1.0,0.7952806750122776,0.7657304889299933,0.9956059820928888,,
799,right,RCA,T4,apport,False,0.7765038365476103,2.0,1.0,0.7951501600986444,0.7657304889299715,0.9956059820928888,,
806,left,LAD,T4,leaky,False,0.8354345154149722,5.0,5.0,0.8325851586904159,0.8607946899629386,0.997909748917019,,
806,left,LAD,T4,share,False,0.6968821702998552,4.0,4.0,0.7466083289464137,0.6839209410401501,0.6723435680281764,,
806,left,LAD,T4,leaf3,False,0.885306118110424,4.0,4.0,0.8928205887787136,0.8703317525610804,0.8660731460697353,,
806,left,LAD,T4,apport,False,0.7294378612422139,4.0,4.0,0.7708103946768186,0.7212116012122902,0.7173885837781296,,
806,left,LCX,T1,leaky,False,0.8264033918320699,5.0,4.0,0.8653080223965712,0.8464893055959828,0.8588445275749793,0.8694284978155629,True
806,left,LCX,T1,share,False,0.7859678488521151,4.0,3.0,0.834984228323126,0.7932538635518974,0.834769213514731,0.8694284978155629,True
806,left,LCX,T1,leaf3,False,0.6357808748291625,4.0,3.0,0.749574749574866,0.6772420922507207,0.7850091146949119,0.8694284978155629,True
806,left,LCX,T1,apport,False,0.7530164492336212,4.0,3.0,0.8154143563314064,0.7796953359169018,0.8254042981514779,0.8694284978155629,True
806,left,LCX,T4,leaky,False,0.8264033918320699,5.0,5.0,0.828528231899502,0.8652667455998163,0.8322978101168531,,
806,left,LCX,T4,share,False,0.7859678488521151,4.0,3.0,0.807395497909543,0.7712839366092056,0.7690479141540983,,
806,left,LCX,T4,leaf3,False,0.6357808748291625,4.0,3.0,0.6860099819381823,0.589845093171269,0.5355952624607585,,
806,left,LCX,T4,apport,False,0.7530164492336212,4.0,3.0,0.780051852773615,0.7301174643283598,0.7214581491967347,,
806,right,RCA,T4,leaky,False,0.8395454976169318,2.0,1.0,0.839168195036595,0.8632115038728009,0.9971106821632186,,
806,right,RCA,T4,share,False,0.7877890481039339,1.0,1.0,0.792511553961593,0.7990106509276994,0.9957078186667134,,
806,right,RCA,T4,leaf3,False,0.7877890481039339,1.0,1.0,0.792511553961593,0.7990106509276994,0.9957078186667134,,
806,right,RCA,T4,apport,False,0.7877890481039339,1.0,1.0,0.792511553961593,0.7990106509276994,0.9957078186667134,,
808,left,LAD,T1,leaky,False,0.7888467569185152,4.0,3.0,0.8462784866216373,0.8230529792493408,0.8472515793245311,0.8488760794825521,True
808,left,LAD,T1,share,False,0.7321162334997411,4.0,3.0,0.8200253810374396,0.7385577296644155,0.7805205114048624,0.8488760794825521,True
808,left,LAD,T1,leaf3,False,0.7483455347730624,4.0,3.0,0.8863872668255041,0.8380852011818485,0.8964001000772963,0.8488760794825521,True
808,left,LAD,T1,apport,False,0.7141700782315719,4.0,3.0,0.8305287071759099,0.7422284461360734,0.8068144463568471,0.8488760794825521,True
808,left,LAD,T4,leaky,False,0.7888467569185152,4.0,4.0,0.7877972355951955,0.8439070964716221,0.8172641325135779,,
808,left,LAD,T4,share,False,0.7321162334997411,4.0,3.0,0.7478346216020243,0.7252654295722846,0.72694902434545,,
808,left,LAD,T4,leaf3,False,0.7483455347730624,4.0,3.0,0.7624620153565713,0.8326408629361148,0.8815369482917363,,
808,left,LAD,T4,apport,False,0.7141700782315719,4.0,3.0,0.7312422961252916,0.7289501053612228,0.7541460337406235,,
808,left,LCX,T1,leaky,False,0.8290774167784469,4.0,3.0,0.9097299924732771,0.832586626771184,0.8351334795502471,0.9466390511335611,True
808,left,LCX,T1,share,False,0.749746147329375,4.0,3.0,0.894694440485237,0.7506329606982179,0.8661103755188635,0.9466390511335611,True
808,left,LCX,T1,leaf3,False,0.7385354545500219,4.0,3.0,0.8810185277999413,0.8285971374227921,0.8925675719166647,0.9466390511335611,True
808,left,LCX,T1,apport,False,0.7711517944373965,4.0,3.0,0.9028564549729404,0.7760948979628141,0.8757642253132468,0.9466390511335611,True
808,left,LCX,T4,leaky,False,0.8290774167784469,4.0,4.0,0.8269452080614111,0.8584234445101804,0.8174435969099373,,
808,left,LCX,T4,share,False,0.749746147329375,4.0,4.0,0.7561375118526946,0.7241694002118064,0.704755834511644,,
808,left,LCX,T4,leaf3,False,0.7385354545500219,4.0,4.0,0.7451673774737236,0.7280774070967165,0.7257138041093223,,
808,left,LCX,T4,apport,False,0.7711517944373965,4.0,4.0,0.7757943781301276,0.7426147632919795,0.7225376103482964,,
808,right,RCA,T1,leaky,False,0.7844595377575534,3.0,2.0,0.8288929730778637,0.7836724771907971,0.783816896529063,0.9320233439000073,False
808,right,RCA,T1,share,False,0.7651153191186992,2.0,1.0,0.8707942278734895,0.7563469008052471,0.9021642115989071,0.9320233439000073,False
808,right,RCA,T1,leaf3,False,0.773177133442279,2.0,1.0,0.9041482626529405,0.7563469008052471,0.931014490402933,0.9320233439000073,False
808,right,RCA,T1,apport,False,0.7695224820653407,2.0,1.0,0.8904536371184828,0.7563469008052471,0.9196452972137886,0.9320233439000073,False
808,right,RCA,T4,leaky,False,0.7844595377575534,3.0,3.0,0.7906681331771349,0.8319847650650265,0.9960848293827287,,
808,right,RCA,T4,share,False,0.7651153191186992,2.0,2.0,0.8021203933932874,0.7941286903731298,0.9973908768613501,,
808,right,RCA,T4,leaf3,False,0.773177133442279,2.0,2.0,0.8153752894410714,0.7949083073403662,0.9973788163290019,,
808,right,RCA,T4,apport,False,0.7695224820653407,2.0,2.0,0.8094190296054345,0.7946675369700061,0.9973828757940005,,
812,left,LAD,T4,leaky,False,0.9613746280200798,6.0,6.0,0.9579490284318494,0.9662294110860656,0.9651719634976627,,
812,left,LAD,T4,share,False,0.8932808090224555,6.0,6.0,0.8970531876901803,0.900185936905612,0.9020268631571494,,
812,left,LAD,T4,leaf3,False,0.9311152552851993,6.0,6.0,0.9299158892773741,0.9257010155786604,0.9255216559558201,,
812,left,LAD,T4,apport,False,0.9247207691147985,6.0,6.0,0.9241341792393037,0.9270813742309719,0.9284916703541481,,
812,left,LCX,T1,leaky,False,0.9552746715550641,6.0,5.0,0.966549834174374,0.9612300965714148,0.9621771448974181,0.8594667639243752,False
812,left,LCX,T1,share,False,0.9254085011717492,6.0,5.0,0.966334772365969,0.9267029228633642,0.949581198963519,0.8594667639243752,False
812,left,LCX,T1,leaf3,False,0.8603468640276495,6.0,5.0,0.9417077844812464,0.9262756411889662,0.9435808720693764,0.8594667639243752,False
812,left,LCX,T1,apport,False,0.8870775889969391,6.0,5.0,0.9522623239546024,0.9130270552327703,0.9366063893388199,0.8594667639243752,False
812,left,LCX,T4,leaky,False,0.9552746715550641,6.0,6.0,0.9500835161242759,0.9581523203642232,0.9990415569068303,,
812,left,LCX,T4,share,False,0.9254085011717492,6.0,5.0,0.9148318284135475,0.9197172448318591,0.9220716902897292,,
812,left,LCX,T4,leaf3,False,0.8603468640276495,6.0,5.0,0.8458141066987409,0.9053545463111479,0.9221990117303388,,
812,left,LCX,T4,apport,False,0.8870775889969391,6.0,5.0,0.8736753173953065,0.9029508321891363,0.9137147316479796,,
812,right,RCA,T1,leaky,False,0.7842647995005492,3.0,2.0,0.8564983031197765,0.7807401783793939,0.7761913965997548,1.1682084584339616,False
812,right,RCA,T1,share,False,0.8196217533324344,3.0,2.0,0.9128497449665324,0.8221969400895729,0.9314566504724217,1.1682084584339616,False
812,right,RCA,T1,leaf3,False,0.7985302885109874,3.0,2.0,0.8694353737003445,0.7964059399423332,0.8942918833753271,1.1682084584339616,False
812,right,RCA,T1,apport,False,0.8088495851640123,3.0,2.0,0.8922370331576024,0.8027620866917452,0.917195032447725,1.1682084584339616,False
812,right,RCA,T4,leaky,False,0.7842647995005492,3.0,3.0,0.8047395814863412,0.8060968862783812,0.9937378260037174,,
812,right,RCA,T4,share,False,0.8196217533324344,3.0,2.0,0.8718099086500362,0.8611342790918034,0.9972795344013846,,
812,right,RCA,T4,leaf3,False,0.7985302885109874,3.0,2.0,0.8466725301323721,0.8626818057897486,0.9972880898162588,,
812,right,RCA,T4,apport,False,0.8088495851640123,3.0,2.0,0.8591041121089359,0.8620077939310277,0.997284915239201,,
813,right,RCA,T4,leaky,False,0.8362958405110281,2.0,2.0,0.8378126286152978,0.8608304400695275,0.9973352561458206,,
813,right,RCA,T4,share,False,0.8169117196334785,1.0,1.0,0.8228908533258174,0.8279375693475574,0.9966064099654828,,
813,right,RCA,T4,leaf3,False,0.8169117196336904,1.0,1.0,0.8228908533258174,0.8279375693475574,0.9966064099654828,,
813,right,RCA,T4,apport,False,0.8169117196334785,1.0,1.0,0.8228908533258174,0.8279375693475574,0.9966064099654828,,
817,left,LAD,T1,leaky,False,0.7699162718250976,6.0,5.0,0.8236065241036097,0.8038819192868877,0.8332268035351239,0.7568765083623299,True
817,left,LAD,T4,leaky,False,0.7699162718250976,6.0,6.0,0.7683148293262781,0.7750571921036091,0.7586567536937595,,
825,left,LAD,T4,leaky,False,0.9528903426974896,5.0,5.0,0.9493285299513988,0.9454117132605395,0.9392605955766204,,
825,left,LAD,T4,share,False,0.9389354030949563,5.0,5.0,0.9388061990695606,0.9260039214025053,0.9231932329350433,,
825,left,LAD,T4,leaf3,False,0.9398473017424632,5.0,5.0,0.9395839542451827,0.9613285298376659,0.9684041009775711,,
825,left,LAD,T4,apport,False,0.9523004339234025,5.0,5.0,0.9507846905059637,0.9409722578300127,0.9390045469048695,,
825,right,RCA,T4,leaky,False,0.7974921457358982,3.0,3.0,0.7900038294231955,0.7990216558081346,0.9973115869351911,,
825,right,RCA,T4,share,False,0.7261677877335191,1.0,1.0,0.771288270627583,0.6993050350712521,0.9951127698430853,,
825,right,RCA,T4,leaf3,False,0.7261677877335191,1.0,1.0,0.7712882706281378,0.6993050350712521,0.9951127698430853,,
825,right,RCA,T4,apport,False,0.7261677877335191,1.0,1.0,0.7712882706281378,0.6993050350713091,0.9951127698430853,,
828,left,LAD,T4,leaky,False,0.8748145513922738,5.0,5.0,0.874093410376738,0.8944069604363099,0.892439390675774,,
828,left,LAD,T4,share,False,0.8024845386993114,4.0,4.0,0.8217965060751256,0.8173609749593022,0.8234649587876481,,
828,left,LAD,T4,leaf3,False,0.7971584879375183,4.0,4.0,0.8154881734399344,0.8027590407855419,0.8028015143118097,,
828,left,LAD,T4,apport,False,0.7771997255541668,4.0,4.0,0.800138973604863,0.7965381782108389,0.8034849953692506,,
830,left,LCX,T1,leaky,False,0.8436809755413245,5.0,4.0,0.8958275608678765,0.8563041323912313,0.8652511457249218,0.7959519195624272,False
830,left,LCX,T1,share,False,0.6919392622803835,4.0,3.0,0.784769154405675,0.6912647025843853,0.8031864576514076,0.7959519195624272,False
830,left,LCX,T1,leaf3,False,0.658033384186991,4.0,3.0,0.7595378002317456,0.687381777259596,0.7940026071685087,0.7959519195624272,False
830,left,LCX,T1,apport,False,0.6690750294525979,4.0,3.0,0.7703771258364069,0.6870903966103235,0.792349464666357,0.7959519195624272,False
830,left,LCX,T4,leaky,False,0.8436809755413245,5.0,5.0,0.8439000617772693,0.8608559517536385,0.9971445040018493,,
830,left,LCX,T4,share,False,0.6919392622803835,4.0,2.0,0.6970416743731747,0.6799059122736097,0.6630581629996661,,
830,left,LCX,T4,leaf3,False,0.658033384186991,4.0,2.0,0.6644838058138257,0.7603738882124704,0.8912870150108023,,
830,left,LCX,T4,apport,False,0.6690750294525979,4.0,2.0,0.6756852317408677,0.7315123885282167,0.8330411666610721,,
830,right,RCA,T4,leaky,False,0.8281160495077515,2.0,2.0,0.8282023454703343,0.8530019066685652,0.9967704513479594,,
830,right,RCA,T4,share,False,0.801416344908467,1.0,1.0,0.8083080080304915,0.8177486157585238,0.9959648428177804,,
830,right,RCA,T4,leaf3,False,0.801416344908467,1.0,1.0,0.8083080080304915,0.8177486157585238,0.9959648428177804,,
830,right,RCA,T4,apport,False,0.801416344908467,1.0,1.0,0.8083080080304915,0.8177486157585238,0.9959648428177804,,
832,left,LAD,T1,leaky,False,0.9011352118762002,6.0,5.0,0.9357151960335819,0.914996474928617,0.9220157977849218,0.9096421152829884,False
832,left,LAD,T1,share,False,0.8537026081253286,5.0,4.0,0.9166612766958185,0.8588493071226097,0.905205028586681,0.9096421152829884,False
832,left,LAD,T1,leaf3,False,0.8074685196343201,5.0,4.0,0.8830190407684249,0.8462978046775349,0.8907620115025174,0.9096421152829884,False
832,left,LAD,T1,apport,False,0.8396773215508474,5.0,4.0,0.9088878177857523,0.8562133887435367,0.8993780929266232,0.9096421152829884,False
832,left,LAD,T4,leaky,False,0.9011352118762002,6.0,6.0,0.8983959141722363,0.9020544934041979,0.9983354362440727,,
832,left,LAD,T4,share,False,0.8537026081253286,5.0,4.0,0.8546749876632133,0.8440764391778424,0.8460642858980809,,
832,left,LAD,T4,leaf3,False,0.8074685196343201,5.0,4.0,0.8099999337173968,0.8360722648999347,0.8757086649263016,,
832,left,LAD,T4,apport,False,0.8396773215508474,5.0,4.0,0.8414413345597699,0.834519168111697,0.8414859717219313,,
832,left,LCX,T4,leaky,False,0.9282567211114137,6.0,6.0,0.9262767563715324,0.9374865590810569,0.9986734574248791,,
832,left,LCX,T4,share,False,0.8572882955224493,5.0,5.0,0.857994875483294,0.8515352683184387,0.8509663855737949,,
832,left,LCX,T4,leaf3,False,0.9247005700613284,5.0,5.0,0.9232307586081,0.8660903640819976,0.8403804636653132,,
832,left,LCX,T4,apport,False,0.8825742558826688,5.0,5.0,0.88223543111541,0.8621403433985051,0.8556389454785909,,
832,right,RCA,T1,leaky,False,0.7880736630489635,4.0,3.0,0.824280317855449,0.7932426094748065,0.8419101489480533,0.860296227794166,False
832,right,RCA,T1,share,False,0.7595642673416543,2.0,1.0,0.8396528210462915,0.7576439401237858,0.8711529203074841,0.860296227794166,False
832,right,RCA,T1,leaf3,False,0.7650222375019506,2.0,1.0,0.8857304272930551,0.7576439401241322,0.9161669015914043,0.860296227794166,False
832,right,RCA,T1,apport,False,0.7620850939970589,2.0,1.0,0.8643628870090414,0.7576439401237858,0.89650908398593,0.860296227794166,False
832,right,RCA,T4,leaky,False,0.7880736630489635,4.0,4.0,0.7861978285528288,0.8216130406584476,0.9974778543877005,,
832,right,RCA,T4,share,False,0.7595642673416543,2.0,1.0,0.7758456846824031,0.7911229390057372,0.8626397236911069,,
832,right,RCA,T4,leaf3,False,0.7650222375019506,2.0,1.0,0.7846956333303224,0.7911229390056493,0.9099960300528381,,
832,right,RCA,T4,apport,False,0.7620850939970589,2.0,1.0,0.7796856671230311,0.7911229390057372,0.8892842208586661,,
837,left,LAD,T4,leaky,False,0.9792383055979847,5.0,5.0,0.9767608047842572,0.977239461146203,0.9990533850811532,,
837,left,LAD,T4,share,False,0.9778706884814301,4.0,4.0,0.972966152675074,0.9725308064288709,0.9725234393307031,,
837,left,LAD,T4,leaf3,False,0.9830857111072412,4.0,4.0,0.979335112449446,0.9791822769587377,0.9792055617191195,,
837,left,LAD,T4,apport,False,0.9772622007631954,4.0,4.0,0.9722385399757035,0.9717741359762399,0.9717661266995913,,
837,left,LCX,T4,leaky,False,0.9795830614502399,5.0,5.0,0.9779271077666911,0.980482527497921,0.9994271472551849,,
837,left,LCX,T4,share,False,0.9678798928169695,4.0,4.0,0.9641533586986551,0.9661569226904327,0.9666427680604768,,
837,left,LCX,T4,leaf3,False,0.9624753650404672,4.0,4.0,0.9582166492275005,0.958322822787887,0.9583070548240822,,
837,left,LCX,T4,apport,False,0.9687612696469025,4.0,4.0,0.9651256917169337,0.9677062763301834,0.9683468813160602,,
837,right,RCA,T1,leaky,False,0.7799661716977915,3.0,2.0,0.8602212429529639,0.7798097351334721,0.7785511395150241,1.0850930030855646,False
837,right,RCA,T1,share,False,0.7701445425379521,2.0,1.0,0.8869411535860418,0.7759149421957301,0.9139405079118249,1.0850930030855646,False
837,right,RCA,T1,leaf3,False,0.7695734009253204,2.0,1.0,0.9055473485041322,0.7759149421957301,0.9306850864234892,1.0850930030855646,False
837,right,RCA,T1,apport,False,0.7699573324794659,2.0,1.0,0.8927008332006867,0.7759149421957301,0.9192721269738504,1.0850930030855646,False
837,right,RCA,T4,leaky,False,0.7799661716977915,3.0,3.0,0.7837099358266446,0.8201180146585585,0.9978201123425898,,
837,right,RCA,T4,share,False,0.7701445425379521,2.0,2.0,0.7899025806247859,0.7873130707455271,0.997309882035006,,
837,right,RCA,T4,leaf3,False,0.7695734009253204,2.0,2.0,0.7870855696896878,0.7872798625771453,0.9973112508627016,,
837,right,RCA,T4,apport,False,0.7699573324794659,2.0,2.0,0.7889445619688645,0.7872951651264678,0.9973106375294194,,
844,left,LAD,T1,leaky,False,0.9642535615094598,5.0,4.0,0.9700809430136429,0.9645851795103629,0.9648989826580051,0.9396180998370192,False
844,left,LAD,T1,share,False,0.9686556482422203,5.0,4.0,0.9853187132590815,0.9729823988983951,0.9791336810803166,0.9396180998370192,False
844,left,LAD,T1,leaf3,False,0.971566943511409,5.0,4.0,0.9886029842809978,0.9849734250921073,0.9886779725732675,0.9396180998370192,False
844,left,LAD,T1,apport,False,0.9608477368941698,5.0,4.0,0.9848258041131249,0.9677543601547058,0.977057398769339,0.9396180998370192,False
844,left,LAD,T4,leaky,False,0.9642535615094598,5.0,5.0,0.9630467677164154,0.9599339514542938,0.996728197758697,,
844,left,LAD,T4,share,False,0.9686556482422203,5.0,5.0,0.9694762935362786,0.9633720630649204,0.9627483391659126,,
844,left,LAD,T4,leaf3,False,0.971566943511409,5.0,5.0,0.9715128656666402,0.9678364994857162,0.9678604941266825,,
844,left,LAD,T4,apport,False,0.9608477368941698,5.0,5.0,0.9623316476125661,0.953190069177284,0.9507228502903726,,
844,left,LCX,T1,leaky,False,0.947451747753169,5.0,4.0,0.9637088270410781,0.9604082274529996,0.9629425871420586,0.9360656762563753,False
844,left,LCX,T1,share,False,0.8912300349820762,5.0,4.0,0.9525911037121501,0.8936970441157515,0.9306757315737124,0.9360656762563753,False
844,left,LCX,T1,leaf3,False,0.8759163617037409,5.0,4.0,0.9461689926608776,0.9298278234370434,0.9479004251583683,0.9360656762563753,False
844,left,LCX,T1,apport,False,0.9307084163313365,5.0,4.0,0.9690462189591769,0.9442750366968934,0.9593748083486323,0.9360656762563753,False
844,left,LCX,T4,leaky,False,0.947451747753169,5.0,5.0,0.9419535665987312,0.9488347971661208,0.9978371661258081,,
844,left,LCX,T4,share,False,0.8912300349820762,5.0,5.0,0.8848751681886206,0.8807133828325394,0.8800681591478489,,
844,left,LCX,T4,leaf3,False,0.8759163617037409,5.0,5.0,0.8700498455189533,0.8677842325878814,0.8689321227299049,,
844,left,LCX,T4,apport,False,0.9307084163313365,5.0,5.0,0.924484259986348,0.9237339037585608,0.9237751020360092,,
844,right,RCA,T1,leaky,False,0.8049341743696236,3.0,2.0,0.8620916542551262,0.8089296144046872,0.8808872123684205,0.9868325837383767,False
844,right,RCA,T1,share,False,0.8010117284481524,3.0,2.0,0.8620884359907025,0.8035572913330155,0.8949194401123589,0.9868325837383767,False
844,right,RCA,T1,leaf3,False,0.8000337014169426,3.0,2.0,0.8785988837896012,0.805662894026879,0.8996076453340132,0.9868325837383767,False
844,right,RCA,T1,apport,False,0.7991618478574298,3.0,2.0,0.8748789231064985,0.8038140274014876,0.896706030012704,0.9868325837383767,False
844,right,RCA,T4,leaky,False,0.8049341743696236,3.0,3.0,0.8130325857073296,0.838106814275462,0.9969584830718551,,
844,right,RCA,T4,share,False,0.8010117284481524,3.0,3.0,0.8191311213794029,0.8185904681427707,0.9973011352709588,,
844,right,RCA,T4,leaf3,False,0.8000337014169426,3.0,3.0,0.8178026470288731,0.8164678097424877,0.9972822746612812,,
844,right,RCA,T4,apport,False,0.7991618478574298,3.0,3.0,0.8171075584770614,0.8165003268946451,0.997269473581867,,
847,left,LAD,T1,leaky,False,0.8290943486045232,4.0,3.0,0.936686058532793,0.8561381861857813,0.8951679450569191,1.5246847302090056,True
847,left,LAD,T1,share,False,0.8451521344096115,4.0,3.0,0.9403880313256121,0.8436633751193956,0.9142555077902564,1.5246847302090056,True
847,left,LAD,T1,leaf3,False,0.8726391915407234,4.0,3.0,0.9501865158877159,0.9227111737115788,0.9528258510844859,1.5246847302090056,True
847,left,LAD,T1,apport,False,0.8304305494060382,4.0,3.0,0.9331132997083454,0.857839201097178,0.9222417720556746,1.5246847302090056,True
847,left,LAD,T4,leaky,False,0.8290943486045232,4.0,4.0,0.8347364709394222,0.8571675039064354,0.9953379126933516,,
847,left,LAD,T4,share,False,0.8451521344096115,4.0,4.0,0.876526051478033,0.8653192559195156,0.8553085929926796,,
847,left,LAD,T4,leaf3,False,0.8726391915407234,4.0,4.0,0.89503221100033,0.8857224570756551,0.8856332159838324,,
847,left,LAD,T4,apport,False,0.8304305494060382,4.0,4.0,0.8667266357806012,0.8680156048357229,0.8840897535426515,,
847,left,LCX,T1,leaky,False,0.8499514610039018,4.0,3.0,0.8811469400333239,0.8498814676981821,0.849857554972824,0.7631171201687516,False
847,left,LCX,T1,share,False,0.7215814934480487,4.0,3.0,0.8376965910634796,0.7455318399859242,0.8061812153276934,0.7631171201687516,False
847,left,LCX,T1,leaf3,False,0.6556684753444822,4.0,3.0,0.8361043352156159,0.7805478737122332,0.8598562069099,0.7631171201687516,False
847,left,LCX,T1,apport,False,0.7554571226667882,4.0,3.0,0.882802791492102,0.7912492190289235,0.8635762450352323,0.7631171201687516,False
847,left,LCX,T4,leaky,False,0.8499514610039018,4.0,4.0,0.8412766325593104,0.8519589967947706,0.9972088189527627,,
847,left,LCX,T4,share,False,0.7215814934480487,4.0,3.0,0.7294811453001323,0.7373196291827694,0.7421533875365344,,
847,left,LCX,T4,leaf3,False,0.6556684753444822,4.0,3.0,0.6632992886842174,0.7692442886545307,0.825092441761585,,
847,left,LCX,T4,apport,False,0.7554571226667882,4.0,3.0,0.7562038075459434,0.7825788656961948,0.7928304803835401,,
847,right,RCA,T4,leaky,False,0.793242200204242,1.0,1.0,0.7780724846989572,0.7881797722492776,0.9952498682742701,,
847,right,RCA,T4,share,False,0.7449707926948431,1.0,1.0,0.7587594725492187,0.7346131549586311,0.9923696022424279,,
847,right,RCA,T4,leaf3,False,0.7449707926948431,1.0,1.0,0.7587594725492187,0.7346131549586311,0.9923696022424279,,
847,right,RCA,T4,apport,False,0.7449707926948431,1.0,1.0,0.7587594725492187,0.7346131549587769,0.9923696022424279,,
869,left,LAD,T1,leaky,False,0.8242341836689812,7.0,6.0,0.8890693054806944,0.8787883598473899,0.8929157044430118,0.8525208859865626,True
869,left,LAD,T1,share,False,0.7376530733388988,5.0,4.0,0.8383628209786874,0.7314746668704731,0.7807894172038424,0.8525208859865626,True
869,left,LAD,T1,leaf3,False,0.6651198797791608,5.0,4.0,0.8199552126336654,0.7710447922283178,0.8339236705564794,0.8525208859865626,True
869,left,LAD,T1,apport,False,0.6759325303596635,5.0,4.0,0.8098373951339877,0.7508966556273803,0.8106573662648604,0.8525208859865626,True
869,left,LAD,T4,leaky,False,0.8242341836689812,7.0,7.0,0.8192289560468333,0.8692939807787768,0.9962655198539493,,
869,left,LAD,T4,share,False,0.7376530733388988,5.0,5.0,0.7369041245265717,0.7233930232757106,0.7235769687164921,,
869,left,LAD,T4,leaf3,False,0.6651198797791608,5.0,5.0,0.6721934755069099,0.643185481058325,0.6426091285679828,,
869,left,LAD,T4,apport,False,0.6759325303596635,5.0,5.0,0.6802944400253416,0.6916285432670083,0.7106243205861839,,
869,right,RCA,T1,leaky,False,0.7989318046511933,2.0,1.0,0.8504445261010094,0.80086040602773,0.8309546036930028,0.889592917349823,False
869,right,RCA,T1,share,False,0.784690196799208,2.0,1.0,0.8886877823312006,0.8013226119020324,0.9126734227913039,0.889592917349823,False
869,right,RCA,T1,leaf3,False,0.7854749394344113,2.0,1.0,0.9075545783093062,0.8013226119025463,0.9300261538622852,0.889592917349823,False
869,right,RCA,T1,apport,False,0.7849322888764034,2.0,1.0,0.8983945744569607,0.8013226119030499,0.9218029870397101,0.889592917349823,False
869,right,RCA,T4,leaky,False,0.7989318046511933,2.0,2.0,0.7965183739776629,0.8419983580822189,0.9975731407523912,,
869,right,RCA,T4,share,False,0.784690196799208,2.0,2.0,0.8075356131470712,0.8069591766893619,0.9967465533326422,,
869,right,RCA,T4,leaf3,False,0.7854749394344113,2.0,2.0,0.8087152002582221,0.8078697462146476,0.996754533709317,,
869,right,RCA,T4,apport,False,0.7849322888764034,2.0,2.0,0.8078531895519775,0.8075148397059237,0.9967518338346597,,
874,left,LAD,T1,leaky,False,0.9197695031748668,6.0,4.0,0.9511765037101472,0.9215471913491837,0.9227757591469177,0.9125123169801237,True
874,left,LAD,T1,share,False,0.8894343139963277,4.0,3.0,0.9508379589253323,0.8941049693513455,0.9325088585110888,0.9125123169801237,True
874,left,LAD,T1,leaf3,False,0.8746636741136085,4.0,3.0,0.9477646810885398,0.9250521713937876,0.9498188985384848,0.9125123169801237,True
874,left,LAD,T1,apport,False,0.8896184366832148,4.0,3.0,0.9523052524304672,0.8942253865959624,0.93424558454843,0.9125123169801237,True
874,left,LAD,T4,leaky,False,0.9197695031748668,6.0,6.0,0.9174418513477411,0.9329991456807318,0.9988276709272583,,
874,left,LAD,T4,share,True,,,,,,,,
874,left,LAD,T4,leaf3,True,,,,,,,,
874,left,LAD,T4,apport,True,,,,,,,,
874,right,RCA,T4,leaky,False,0.836525256628604,2.0,2.0,0.8395489631798314,0.864930722650288,0.9974736430472517,,
874,right,RCA,T4,share,False,0.819211273547627,1.0,1.0,0.8269260662580779,0.827755061994261,0.996605643949542,,
874,right,RCA,T4,leaf3,False,0.8192112735480547,1.0,1.0,0.8269260662580779,0.827755061994261,0.996605643949542,,
874,right,RCA,T4,apport,False,0.819211273547627,1.0,1.0,0.8269260662580779,0.827755061994261,0.996605643949542,,
878,left,LAD,T4,leaky,False,0.8623801543018363,4.0,4.0,0.8493859875737175,0.8606963694129828,0.8552750838089761,,
878,left,LAD,T4,share,False,0.7664391167367519,3.0,3.0,0.7799021581420027,0.7428860923598212,0.7461248000195863,,
878,left,LAD,T4,leaf3,False,0.8403608823305513,3.0,3.0,0.8381534911985399,0.8163718849796078,0.8154402976979708,,
878,left,LAD,T4,apport,False,0.7839607288440628,3.0,3.0,0.7929127093656735,0.7616251983589002,0.7641362397796286,,
878,right,RCA,T4,leaky,False,0.8053955914447748,2.0,2.0,0.8081515863198449,0.8164171261855069,0.9973373982471339,,
878,right,RCA,T4,share,False,0.7795473896328504,1.0,1.0,0.830841253589767,0.7600128588101931,0.9957056371761789,,
878,right,RCA,T4,leaf3,False,0.7795473896328504,1.0,1.0,0.830841253589767,0.7600128588103208,0.9957056371761789,,
878,right,RCA,T4,apport,False,0.7795473896328504,1.0,1.0,0.8308412535894492,0.7600128588105062,0.9957056371761789,,
890,left,LAD,T4,leaky,False,0.9679106976735833,3.0,3.0,0.9651461219592162,0.9655437447695647,0.9991753879668401,,
890,left,LAD,T4,share,False,0.953528232574525,1.0,1.0,0.949246050134771,0.9491689335842354,0.9988497872344704,,
890,left,LAD,T4,leaf3,False,0.953528232574525,1.0,1.0,0.9492460501348512,0.9491689335842354,0.9988497872344704,,
890,left,LAD,T4,apport,False,0.953528232574525,1.0,1.0,0.949246050134771,0.9491689335842354,0.9988497872344704,,
890,right,RCA,T4,leaky,False,0.8096820620415948,3.0,3.0,0.8123576392469539,0.873472333425938,0.9965325403638372,,
890,right,RCA,T4,share,False,0.7665518213938126,1.0,1.0,0.7891208932849616,0.837619316393955,0.9969430937441268,,
890,right,RCA,T4,leaf3,False,0.7665518213938126,1.0,1.0,0.7891208932849616,0.837619316393955,0.9969430937441268,,
890,right,RCA,T4,apport,False,0.7665518213938126,1.0,1.0,0.7891208932849616,0.837619316393955,0.9969430937441268,,
901,left,LAD,T1,leaky,False,0.829077458615574,5.0,4.0,0.9233817909860281,0.8962040390859629,0.9117286418644863,0.9150170517346706,True
901,left,LAD,T1,share,False,0.6749790411304355,4.0,3.0,0.8400737889747464,0.68348038665577,0.805137665584079,0.9150170517346706,True
901,left,LAD,T1,leaf3,False,0.657165825774691,4.0,3.0,0.8278653360282001,0.7688073821061011,0.8466654594711063,0.9150170517346706,True
901,left,LAD,T1,apport,False,0.6571551820365663,4.0,3.0,0.82834395969603,0.7585376140002064,0.8405636732168605,0.9150170517346706,True
901,left,LAD,T4,leaky,False,0.829077458615574,5.0,5.0,0.8270876052620185,0.8781073903559933,0.9972465579056575,,
901,left,LAD,T4,share,True,,,,,,,,
901,left,LAD,T4,leaf3,True,,,,,,,,
901,left,LAD,T4,apport,True,,,,,,,,
901,right,RCA,T4,leaky,False,0.8264797091812329,2.0,2.0,0.828739716307361,0.8807343544812617,0.9975543398270457,,
901,right,RCA,T4,share,False,0.803180190283226,1.0,1.0,0.8149657465340285,0.857551136936686,0.99700822970503,,
901,right,RCA,T4,leaf3,False,0.803180190283226,1.0,1.0,0.8149657465340285,0.857551136936686,0.99700822970503,,
901,right,RCA,T4,apport,False,0.8031801902832271,1.0,1.0,0.8149657465342759,0.857551136936686,0.99700822970503,,
907,left,LCX,T1,leaky,False,0.9202260259032274,8.0,6.0,0.9414716375943745,0.9245561733781333,0.9268415843227666,0.8613109761526891,True
907,left,LCX,T1,share,False,0.8876890443186236,5.0,4.0,0.9320544546643157,0.8880199788780908,0.9081148697259204,0.8613109761526891,True
907,left,LCX,T1,leaf3,False,0.8979688884470712,5.0,4.0,0.9575672567030417,0.9439051575319191,0.958686280578809,0.8613109761526891,True
907,left,LCX,T1,apport,False,0.919341629622657,5.0,4.0,0.9589253823031532,0.9225957792572936,0.9427920814739703,0.8613109761526891,True
907,left,LCX,T4,leaky,False,0.9202260259032274,8.0,8.0,0.9183711433430043,0.9507605654204137,0.9990519234583375,,
907,left,LCX,T4,share,False,0.8876890443186236,5.0,4.0,0.8872504858878204,0.8729714395209301,0.865896828974668,,
907,left,LCX,T4,leaf3,False,0.8979688884470712,5.0,4.0,0.8983970400474052,0.9419364378690344,0.9561069453210564,,
907,left,LCX,T4,apport,False,0.919341629622657,5.0,4.0,0.9182867642181213,0.9321138685610134,0.9386488238084546,,
907,right,RCA,T4,leaky,False,0.8312731321996023,3.0,1.0,0.8308873143224962,0.8623070845817816,0.9974091333619178,,
907,right,RCA,T4,share,False,0.7984104556303464,1.0,1.0,0.7982401521736283,0.7953982296258322,0.7958156878317296,,
907,right,RCA,T4,leaf3,False,0.7984104556303464,1.0,1.0,0.7982401521736283,0.7953982296258322,0.7958156918160889,,
907,right,RCA,T4,apport,False,0.7984104556303464,1.0,1.0,0.7982401521736283,0.7953982296258062,0.795815687832012,,
908,left,LCX,T1,leaky,False,0.9400424643503006,7.0,6.0,0.9585727663950981,0.940007680536886,0.9399822103842405,0.9121350875702475,False
908,left,LCX,T1,share,False,0.9474835546249349,6.0,5.0,0.9720966880403649,0.9480850387619643,0.9727346618540861,0.9121350875702475,False
908,left,LCX,T1,leaf3,False,0.924516101807553,6.0,5.0,0.9484269934169831,0.9346006654564881,0.9495342415150515,0.9121350875702475,False
908,left,LCX,T1,apport,False,0.9373079432002365,6.0,5.0,0.9595650818830945,0.9379539903745318,0.9560621801636952,0.9121350875702475,False
908,left,LCX,T4,leaky,False,0.9400424643503006,7.0,7.0,0.9368187654936906,0.9513961870115839,0.998923801739482,,
908,left,LCX,T4,share,False,0.9474835546249349,6.0,5.0,0.9445027881213353,0.945246623949648,0.9452320034832182,,
908,left,LCX,T4,leaf3,False,0.924516101807553,6.0,5.0,0.9213919142325696,0.9317407386558547,0.946055052839493,,
908,left,LCX,T4,apport,False,0.9373079432002365,6.0,5.0,0.9339996673577204,0.9411636843999653,0.9481415234914528,,
928,left,LAD,T1,leaky,False,0.855307038974799,5.0,4.0,0.8964061948775914,0.8885688434483809,0.8980766540119268,0.8502066137340782,True
928,left,LAD,T1,share,False,0.6625536621947805,5.0,4.0,0.7969647404876209,0.6772585564856746,0.731940659139448,0.8502066137340782,True
928,left,LAD,T1,leaf3,False,0.736217117466862,5.0,4.0,0.8804909187438877,0.8437302305812513,0.8888283510193785,0.8502066137340782,True
928,left,LAD,T1,apport,False,0.655286996559544,5.0,4.0,0.8227665847865386,0.706058026361074,0.7885662395771935,0.8502066137340782,True
928,left,LAD,T4,leaky,False,0.855307038974799,5.0,5.0,0.8513350902306606,0.8906345331142841,0.9975477617248154,,
928,left,LAD,T4,share,True,,,,,,,,
928,left,LAD,T4,leaf3,True,,,,,,,,
928,left,LAD,T4,apport,True,,,,,,,,
928,left,LCX,T1,leaky,False,0.9079677214581118,5.0,4.0,0.9504882133627998,0.9158259640115277,0.9180251939833297,0.9437323682906064,True
928,left,LCX,T1,share,False,0.8355595500102722,5.0,4.0,0.9285082380740993,0.8432763478396782,0.8970790270732416,0.9437323682906064,True
928,left,LCX,T1,leaf3,False,0.7823708287905174,5.0,4.0,0.9087142334825097,0.8768643763493841,0.9143560110519143,0.9437323682906064,True
928,left,LCX,T1,apport,False,0.8390176769576555,5.0,4.0,0.9315686879338899,0.8684341496296296,0.9095301898202574,0.9437323682906064,True
928,left,LCX,T4,leaky,False,0.9079677214581118,5.0,5.0,0.9054959964228039,0.9166486212477786,0.9948858910337844,,
928,left,LCX,T4,share,False,0.8355595500102722,5.0,5.0,0.8379439318683326,0.8196637828094762,0.812144742202401,,
928,left,LCX,T4,leaf3,False,0.7823708287905174,5.0,5.0,0.7885682486512718,0.7790398614497311,0.7786788664520004,,
928,left,LCX,T4,apport,False,0.8390176769576555,5.0,5.0,0.8410645153587578,0.8220927515253795,0.814501355297955,,
928,right,RCA,T1,leaky,False,0.7887065690135511,3.0,2.0,0.8287772885511024,0.7946321039036817,0.8469117041148316,0.9065906831865352,False
928,right,RCA,T1,share,False,0.7560764122392671,3.0,2.0,0.8472425637182399,0.7508468729671031,0.8805747720517428,0.9065906831865352,False
928,right,RCA,T1,leaf3,False,0.7550436859959214,3.0,2.0,0.8372010071700807,0.7509724492643531,0.8699577497473129,0.9065906831865352,False
928,right,RCA,T1,apport,False,0.7547313109103739,3.0,2.0,0.8343039415324129,0.7509243073410297,0.867702146850755,0.9065906831865352,False
928,right,RCA,T4,leaky,False,0.7887065690135511,3.0,3.0,0.7898475703162654,0.7886934251777251,0.9963344268229269,,
928,right,RCA,T4,share,False,0.7560764122392671,3.0,2.0,0.7782385059135346,0.7490109431629675,0.9961531534783408,,
928,right,RCA,T4,leaf3,False,0.7550436859959214,3.0,2.0,0.7767584489449715,0.7543842825199969,0.9961665296988791,,
928,right,RCA,T4,apport,False,0.7547313109103739,3.0,2.0,0.7760051987211968,0.7524149990960987,0.9961625491455012,,
932,left,LAD,T1,leaky,False,0.9045655699553146,5.0,4.0,0.9254629672386897,0.9070369600073956,0.9101028259789755,0.7943392787997414,False
932,left,LAD,T1,share,False,0.8839520084650664,5.0,4.0,0.9404003175586847,0.8845060295545084,0.9335036510877722,0.7943392787997414,False
932,left,LAD,T1,leaf3,False,0.8878126715027739,5.0,4.0,0.9358587996906256,0.9123743746370755,0.9388949349029035,0.7943392787997414,False
932,left,LAD,T1,apport,False,0.8872255060170741,5.0,4.0,0.9395540512632542,0.8900793914576247,0.9303060859576093,0.7943392787997414,False
932,left,LAD,T4,leaky,False,0.9045655699553146,5.0,5.0,0.8994620942263246,0.9198062964165774,0.9935598716755587,,
932,left,LAD,T4,share,False,0.8839520084650664,5.0,3.0,0.8784202274980004,0.8746349586496888,0.8727343089757925,,
932,left,LAD,T4,leaf3,False,0.8878126715027739,5.0,3.0,0.8825037219435516,0.9328248662089502,0.9626509839319078,,
932,left,LAD,T4,apport,False,0.8872255060170741,5.0,3.0,0.8816998473286829,0.8797306864287004,0.8808755317527425,,
932,left,LCX,T1,leaky,False,0.8998193990842677,5.0,4.0,0.9444565449002595,0.9079917821236042,0.9121183257505611,0.898985071833487,False
932,left,LCX,T1,share,False,0.8793148118146228,5.0,4.0,0.9520110898267513,0.8834152561216184,0.9271142889884326,0.898985071833487,False
932,left,LCX,T1,leaf3,False,0.8743492698675198,5.0,4.0,0.9457571015151915,0.9292277020047811,0.9472845752342877,0.898985071833487,False
932,left,LCX,T1,apport,False,0.8745523326968863,5.0,4.0,0.9483951778840388,0.8864196977818741,0.9244423011310925,0.898985071833487,False
932,left,LCX,T4,leaky,False,0.8998193990842677,5.0,5.0,0.895787199364089,0.9134504964570679,0.8978944980936074,,
932,left,LCX,T4,share,False,0.8793148118146228,5.0,4.0,0.8781229827611997,0.8723916504571073,0.8714784868325048,,
932,left,LCX,T4,leaf3,False,0.8743492698675198,5.0,4.0,0.8732722419158383,0.923653607836319,0.9413944300597843,,
932,left,LCX,T4,apport,False,0.8745523326968863,5.0,4.0,0.8735590051569523,0.8756955862994557,0.8798121639203138,,
932,right,RCA,T4,leaky,False,0.8410319543720779,2.0,2.0,0.8416173367200811,0.8602152649643304,0.9972760808898837,,
932,right,RCA,T4,share,False,0.8062364445358233,1.0,1.0,0.8182815806756811,0.8154029561672154,0.996297223840609,,
932,right,RCA,T4,leaf3,False,0.8062364445358233,1.0,1.0,0.8182815806756811,0.8154029561672154,0.996297223840609,,
932,right,RCA,T4,apport,False,0.8062364445358233,1.0,1.0,0.8182815806756811,0.8154029561672154,0.996297223840609,,
935,left,LAD,T4,leaky,False,0.876081162333511,3.0,3.0,0.8740962241165039,0.8747724118528794,0.8567775715047966,,
935,left,LAD,T4,share,False,0.8552780399112047,3.0,3.0,0.8697567044477775,0.8492202806364648,0.8638644771862437,,
935,left,LAD,T4,leaf3,False,0.8754331371987709,3.0,3.0,0.8816349027601166,0.8708158679281794,0.8700021805710708,,
935,left,LAD,T4,apport,False,0.854163827396305,3.0,3.0,0.8657929313988308,0.8489327168778658,0.8555274836477001,,
935,left,LCX,T4,leaky,False,0.9020122109441064,3.0,3.0,0.8982583522403693,0.8972700183908653,0.9976758112141325,,
935,left,LCX,T4,share,False,0.8605566632869303,3.0,3.0,0.8615874621527732,0.843709388268451,0.8395014136184353,,
935,left,LCX,T4,leaf3,False,0.8025398098058737,3.0,3.0,0.8097427321605062,0.7962221799441712,0.7955806756737483,,
935,left,LCX,T4,apport,False,0.8616610366454359,3.0,3.0,0.862594781759157,0.8448408563616516,0.840714217548023,,
935,right,RCA,T1,leaky,False,0.8079770232157242,2.0,1.0,0.8439357481513277,0.8137103937647574,0.8605205907379776,0.7896218226322489,False
935,right,RCA,T1,share,False,0.773478172735283,2.0,1.0,0.8709155658212375,0.774462390385887,0.902897156245024,0.7896218226322489,False
935,right,RCA,T1,leaf3,False,0.7732222211809248,2.0,1.0,0.8985004267911,0.7744623903854835,0.9285905451214542,0.7896218226322489,False
935,right,RCA,T1,apport,False,0.7733175202825053,2.0,1.0,0.8881893961230727,0.7744623903858892,0.919415151420783,0.7896218226322489,False
935,right,RCA,T4,leaky,False,0.8079770232157242,2.0,2.0,0.8143985583702932,0.8383160752485989,0.9975422761843726,,
935,right,RCA,T4,share,False,0.773478172735283,2.0,1.0,0.8062452914692837,0.8012334629522728,0.9962607399049509,,
935,right,RCA,T4,leaf3,False,0.7732222211809248,2.0,1.0,0.8047231932748566,0.8012334629522728,0.9962607399049509,,
935,right,RCA,T4,apport,False,0.7733175202825053,2.0,1.0,0.8052467084851657,0.8012334629522728,0.9962607399049509,,
937,left,LAD,T1,leaky,False,0.9299654664295687,8.0,7.0,0.9544743101724329,0.9297179498070127,0.9296536323711406,0.7647240533616049,False
937,left,LAD,T1,share,False,0.8758173809748514,6.0,5.0,0.9224080306812809,0.8765812924958121,0.9126102291661602,0.7647240533616049,False
937,left,LAD,T1,leaf3,False,0.8751538067169269,6.0,5.0,0.9259247504308189,0.9064269949452426,0.9283200717685912,0.7647240533616049,False
937,left,LAD,T1,apport,False,0.912204812970196,6.0,5.0,0.9457848415630652,0.9147618988966362,0.9386881372818041,0.7647240533616049,False
937,left,LAD,T4,leaky,False,0.9299654664295687,8.0,8.0,0.9275952703217248,0.9390083735214185,0.9986875281266661,,
937,left,LAD,T4,share,False,0.8758173809748514,6.0,5.0,0.8724232521998521,0.8720100852424308,0.8825202556538428,,
937,left,LAD,T4,leaf3,False,0.8751538067169269,6.0,5.0,0.8717097579058858,0.8888620333700338,0.9041614175885083,,
937,left,LAD,T4,apport,False,0.912204812970196,6.0,5.0,0.9089483649478827,0.9240430315493459,0.9319912808026124,,
937,left,LCX,T1,leaky,False,0.8866554240472632,8.0,7.0,0.9275480521752676,0.8937435684901321,0.9047724881675943,0.9580342381949201,False
937,left,LCX,T1,share,False,0.9137545003113096,6.0,5.0,0.9465403767827514,0.9143172295128937,0.9394593883310204,0.9580342381949201,False
937,left,LCX,T1,leaf3,False,0.9138545369247939,6.0,5.0,0.9501192547949058,0.9363763140336757,0.9512639889261794,0.9580342381949201,False
937,left,LCX,T1,apport,False,0.885068095431066,6.0,5.0,0.931490184000401,0.8950953169482864,0.9232195920386971,0.9580342381949201,False
937,left,LCX,T4,leaky,False,0.8866554240472632,8.0,7.0,0.8843297576810429,0.9019617067418251,0.9983177212088494,,
937,left,LCX,T4,share,False,0.9137545003113096,6.0,6.0,0.911635575402945,0.9114249865126411,0.9199141048321602,,
937,left,LCX,T4,leaf3,False,0.9138545369247939,6.0,6.0,0.9116739858269713,0.9104774904779908,0.9106690603701886,,
937,left,LCX,T4,apport,False,0.885068095431066,6.0,6.0,0.8830408953976466,0.8959241610069412,0.9145477718621675,,
947,left,LAD,T1,leaky,False,0.8752407508514648,5.0,4.0,0.9199355475244733,0.8969677492167079,0.9046117606998408,0.8881261465420609,False
947,left,LAD,T1,share,False,0.9035261798219815,5.0,4.0,0.9537284152551477,0.9047442740812712,0.9354347084081944,0.8881261465420609,False
947,left,LAD,T1,leaf3,False,0.7971190810127764,5.0,4.0,0.9098301539013176,0.8806696633600481,0.9151670529493008,0.8881261465420609,False
947,left,LAD,T1,apport,False,0.8668564479237176,5.0,4.0,0.9389843514820664,0.8910533654492493,0.9215025636353218,0.8881261465420609,False
947,left,LAD,T4,leaky,False,0.8752407508514648,5.0,5.0,0.8730643261660973,0.8894996599814259,0.9980910856948387,,
947,left,LAD,T4,share,False,0.9035261798219815,5.0,5.0,0.9027264800718,0.9070232795009053,0.912513696800575,,
947,left,LAD,T4,leaf3,False,0.7971190810127764,5.0,5.0,0.8053191197448661,0.7927579169798012,0.7936304540651865,,
947,left,LAD,T4,apport,False,0.8668564479237176,5.0,5.0,0.8684069565379692,0.8777967021654156,0.883229195579715,,
947,right,RCA,T1,leaky,False,0.7558881108227908,2.0,1.0,0.7856002455971954,0.7577623373503048,0.7997247061082441,0.9371390900710137,False
947,right,RCA,T1,share,False,0.747869360513145,2.0,1.0,0.8408258209841022,0.7378658841260322,0.8863749293538157,0.9371390900710137,False
947,right,RCA,T1,leaf3,False,0.757024065010306,2.0,1.0,0.8789637085504736,0.7378658841260322,0.9206135193121494,0.9371390900710137,False
947,right,RCA,T1,apport,False,0.7539755974919962,2.0,1.0,0.8674521907133673,0.7378658841260322,0.910995919444175,0.9371390900710137,False
947,right,RCA,T4,leaky,False,0.7558881108227908,2.0,2.0,0.7671556220096186,0.8140291167482738,0.9983128874599208,,
947,right,RCA,T4,share,False,0.747869360513145,2.0,2.0,0.8433862431276385,0.7939768776326153,0.9970010360263377,,
947,right,RCA,T4,leaf3,False,0.757024065010306,2.0,2.0,0.8507808877312418,0.7928333623901664,0.9971054173094758,,
947,right,RCA,T4,apport,False,0.7539755974919962,2.0,2.0,0.8481602903123822,0.7930582984017978,0.9970873249619502,,
952,right,RCA,T1,leaky,False,0.8052380386472786,3.0,2.0,0.8581994739731318,0.8092960880332558,0.8520123618239025,0.8880454282761451,False
952,right,RCA,T1,share,False,0.7787679399891659,2.0,1.0,0.8898508509728681,0.7832951128465504,0.9166169199310352,0.8880454282761451,False
952,right,RCA,T1,leaf3,False,0.7785592090552578,2.0,1.0,0.8974970351085807,0.7832951128465504,0.923665769996292,0.8880454282761451,False
952,right,RCA,T1,apport,False,0.7786595029717122,2.0,1.0,0.8937640836997626,0.7832951128465504,0.9202564232893267,0.8880454282761451,False
952,right,RCA,T4,leaky,False,0.8052380386472786,3.0,2.0,0.8087159614549879,0.8306434680083384,0.9975513106090323,,
952,right,RCA,T4,share,False,0.7787679399891659,2.0,2.0,0.8006838711823868,0.790946763259445,0.9965940629604008,,
952,right,RCA,T4,leaf3,False,0.7785592090552578,2.0,2.0,0.799669722742688,0.7907717184543989,0.9966154845584922,,
952,right,RCA,T4,apport,False,0.7786595029717122,2.0,2.0,0.8001521136849741,0.7908270111803608,0.9966089174600853,,
954,left,LAD,T1,leaky,False,0.8819287249241721,4.0,3.0,0.9320013977766259,0.8838207763141762,0.8897441532966995,0.8308815486943254,True
954,left,LAD,T1,share,False,0.8688878723628144,3.0,2.0,0.9246362301326021,0.8641140169921502,0.9117774825456022,0.8308815486943254,True
954,left,LAD,T1,leaf3,False,0.8763648429096141,3.0,2.0,0.9441533346813658,0.9075636209102765,0.9470775212471192,0.8308815486943254,True
954,left,LAD,T1,apport,False,0.8655043975015754,3.0,2.0,0.9226720683770135,0.8641140169921502,0.9111963622909159,0.8308815486943254,True
954,left,LAD,T4,leaky,False,0.8819287249241721,4.0,4.0,0.8777136901943936,0.8829551743017906,0.8657272450029296,,
954,left,LAD,T4,share,False,0.8688878723628144,3.0,2.0,0.8662208208827356,0.8488907382212898,0.8491316404024092,,
954,left,LAD,T4,leaf3,False,0.8763648429096141,3.0,2.0,0.8757708011022237,0.8961837533871517,0.9362469811373759,,
954,left,LAD,T4,apport,False,0.8655043975015754,3.0,2.0,0.8629581849009588,0.8488907382212898,0.8571811771677477,,
954,right,RCA,T1,leaky,False,0.7961205467774166,2.0,1.0,0.8402936833029346,0.8020113401214133,0.8488216623729605,0.8847018228501314,False
954,right,RCA,T1,share,False,0.7710614326537871,2.0,1.0,0.8707043468887805,0.7577800323019794,0.8993755348378756,0.8847018228501314,False
954,right,RCA,T1,leaf3,False,0.7769658202805768,2.0,1.0,0.8873304789460673,0.7577800323019794,0.9140393899176708,0.8847018228501314,False
954,right,RCA,T1,apport,False,0.7746079297946074,2.0,1.0,0.8810027770760434,0.7577800323019794,0.9085667643452787,0.8847018228501314,False
954,right,RCA,T4,leaky,False,0.7961205467774166,2.0,2.0,0.8005670941409329,0.8395460059088974,0.5506431665221725,,
954,right,RCA,T4,share,False,0.7710614326537871,2.0,2.0,0.8225975248003645,0.7797639869171564,0.9964835550831067,,
954,right,RCA,T4,leaf3,False,0.7769658202805768,2.0,2.0,0.8284810409432622,0.7792572747236088,0.9965028643542053,,
954,right,RCA,T4,apport,False,0.7746079297946074,2.0,2.0,0.8260918090734972,0.7793920934205819,0.9964979425744417,,
958,left,LAD,T1,leaky,False,0.9442001652316898,5.0,4.0,0.9543587584109784,0.9440932934684337,0.9440658382784357,0.9081564477654228,True
958,left,LAD,T1,share,False,0.9573010531584918,5.0,4.0,0.979084764916935,0.9587171398554547,0.9702887879668495,0.9081564477654228,True
958,left,LAD,T1,leaf3,False,0.9353192971870139,5.0,4.0,0.974229289799736,0.9652078372243418,0.9746587665737468,0.9081564477654228,True
958,left,LAD,T1,apport,False,0.9383608137147715,5.0,4.0,0.9738970465477983,0.9414057383106094,0.9611250102675006,0.9081564477654228,True
958,left,LAD,T4,leaky,False,0.9442001652316898,5.0,5.0,0.942796461082414,0.9447029809693009,0.9991160149611605,,
958,left,LAD,T4,share,False,0.9573010531584918,5.0,5.0,0.9570321912518042,0.9535010980916984,0.9532585067890668,,
958,left,LAD,T4,leaf3,False,0.9353192971870139,5.0,5.0,0.9376067794444086,0.9310496158343006,0.9308200273820127,,
958,left,LAD,T4,apport,False,0.9383608137147715,5.0,5.0,0.9401513042721313,0.932076499094084,0.9303807498694922,,
958,right,RCA,T1,leaky,False,0.7849850631196128,2.0,1.0,0.8123454077751954,0.7905169374421531,0.8275345346540955,0.7903942879665427,False
958,right,RCA,T1,share,False,0.7361474510066525,2.0,1.0,0.8279403985692777,0.7437109727416654,0.8676144620772698,0.7903942879665427,False
958,right,RCA,T1,leaf3,False,0.7344789025389785,2.0,1.0,0.8884383425106581,0.7437109727416654,0.9259845600114365,0.7903942879665427,False
958,right,RCA,T1,apport,False,0.7347344633843631,2.0,1.0,0.8693490620909249,0.7437109727416654,0.9095062660291718,0.7903942879665427,False
958,right,RCA,T4,leaky,False,0.7849850631196128,2.0,2.0,0.7877655332847768,0.8256717499248946,0.9980991658870371,,
958,right,RCA,T4,share,False,0.7361474510066525,2.0,2.0,0.7823574757469058,0.761676334236959,0.9968718555068776,,
958,right,RCA,T4,leaf3,False,0.7344789025389785,2.0,2.0,0.7757857317164634,0.7615564400661848,0.9969303928255323,,
958,right,RCA,T4,apport,False,0.7347344633843631,2.0,2.0,0.776461158667694,0.7615708890853122,0.9969176857161265,,
973,left,LCX,T4,leaky,False,0.9007164330132024,7.0,7.0,0.8973278226283432,0.9124666474367213,0.904232676954337,,
973,left,LCX,T4,share,False,0.7819486067708621,4.0,4.0,0.776216604591139,0.7778646437706612,0.7782050971269363,,
973,left,LCX,T4,leaf3,False,0.5787044777551827,4.0,4.0,0.574601531486795,0.6988680660816599,0.7465936531748023,,
973,left,LCX,T4,apport,False,0.7063297365942682,4.0,4.0,0.7008665726220079,0.7374449420317154,0.750707928248846,,
973,right,RCA,T1,leaky,False,0.766642108427411,2.0,1.0,0.812701361493892,0.7681624922434143,0.2718835600627278,0.9995223350523562,False
973,right,RCA,T1,share,False,0.8258716103507839,2.0,1.0,0.9159155147337693,0.8954252711037775,0.9292579127327592,0.9995223350523562,False
973,right,RCA,T1,leaf3,False,0.7896188442119141,2.0,1.0,0.9382610234959187,0.8954252711030689,0.9541775205769548,0.9995223350523562,False
973,right,RCA,T1,apport,False,0.8088551984223035,2.0,1.0,0.9242248743280084,0.8954252711030507,0.9395442366737969,0.9995223350523562,False
973,right,RCA,T4,leaky,False,0.766642108427411,2.0,2.0,0.7742661343177092,0.8108871102985273,0.9982570394440751,,
973,right,RCA,T4,share,False,0.8258716103507839,2.0,2.0,0.8802888138686111,0.823673843616482,0.9973220343621745,,
973,right,RCA,T4,leaf3,False,0.7896188442119141,2.0,2.0,0.8470629504598348,0.7934677936386357,0.9974900369580703,,
973,right,RCA,T4,apport,False,0.8088551984223035,2.0,2.0,0.8643634455692764,0.8035219195075516,0.997442267852966,,
980,left,LAD,T1,leaky,False,0.9619367438286296,5.0,4.0,0.978023352117926,0.973065931548294,0.976915051613521,1.1083443630669625,True
980,left,LAD,T1,share,False,0.9611618430960855,5.0,4.0,0.9834018297710848,0.961265359914912,0.9757474632700123,1.1083443630669625,True
980,left,LAD,T1,leaf3,False,0.9607483069729976,5.0,4.0,0.9827632932347132,0.9783745222819059,0.9828966173431165,1.1083443630669625,True
980,left,LAD,T1,apport,False,0.9525694728982365,5.0,4.0,0.9801936159176808,0.9637172162091873,0.9743185832949176,1.1083443630669625,True
980,left,LAD,T4,leaky,False,0.9619367438286296,5.0,5.0,0.9602816321492958,0.968403865037207,0.9644800119285086,,
980,left,LAD,T4,share,False,0.9611618430960855,5.0,5.0,0.9593429889848629,0.9593008390871753,0.9593011135924955,,
980,left,LAD,T4,leaf3,False,0.9607483069729976,5.0,5.0,0.9589246184780366,0.9585909200384359,0.958454240626245,,
980,left,LAD,T4,apport,False,0.9525694728982365,5.0,5.0,0.9506325395933746,0.9532461431471158,0.954949454214851,,
980,left,LCX,T4,leaky,False,0.9761930403085349,5.0,5.0,0.9748175534784982,0.9781927481483437,0.976647005476033,,
980,left,LCX,T4,share,False,0.9549951502716728,5.0,5.0,0.9522917516217169,0.9513318365326294,0.9510454557362709,,
980,left,LCX,T4,leaf3,False,0.9188100846771814,5.0,5.0,0.9151847480336606,0.951088230103836,0.9600000061925221,,
980,left,LCX,T4,apport,False,0.9535403470929669,5.0,5.0,0.9507808083741771,0.9548984760839967,0.9569052169279444,,
980,right,RCA,T1,leaky,False,0.7676883317766966,2.0,1.0,0.8317237767880411,0.7666908654366523,0.24684585709238235,1.0985947487619712,False
980,right,RCA,T1,share,False,0.8244468983113279,2.0,1.0,0.9431088611565804,0.895518039243007,0.9548551190420372,1.0985947487619712,False
980,right,RCA,T1,leaf3,False,0.8238807090059149,2.0,1.0,0.9457189070628836,0.8955180392380796,0.9571995187227598,1.0985947487619712,False
980,right,RCA,T1,apport,False,0.8241326871437068,2.0,1.0,0.9444319417942245,0.895518039243007,0.9560498360622103,1.0985947487619712,False
980,right,RCA,T4,leaky,False,0.7676883317766966,2.0,2.0,0.7747070206937405,0.8105820829660253,0.9975693639256333,,
980,right,RCA,T4,share,False,0.8244468983113279,2.0,2.0,0.8803140062642631,0.8353150786799698,0.9978271605669267,,
980,right,RCA,T4,leaf3,False,0.8238807090059149,2.0,2.0,0.8796138837612627,0.8348753103983129,0.9978336236987048,,
980,right,RCA,T4,apport,False,0.8241326871437068,2.0,2.0,0.8799351723995884,0.8350194829751445,0.9978314654437528,,
984,left,LAD,T1,leaky,False,0.8375892808418941,7.0,6.0,0.8890713646880488,0.8581593775574221,0.8647543707218645,0.9676774815379601,True
984,left,LAD,T1,share,False,0.6589034923090119,7.0,6.0,0.7911664439028417,0.6723141495373476,0.7404549614680122,0.9676774815379601,True
984,left,LAD,T1,leaf3,False,0.6635926314448914,7.0,6.0,0.7752826717733461,0.7372334539930782,0.7900840435005098,0.9676774815379601,True
984,left,LAD,T1,apport,False,0.6587682081180293,7.0,6.0,0.7729889606769097,0.6999248770605537,0.7542838040339157,0.9676774815379601,True
984,left,LAD,T4,leaky,False,0.8375892808418941,7.0,7.0,0.8373696599320591,0.8759399132373036,0.9965382202906454,,
984,left,LAD,T4,share,False,0.6589034923090119,7.0,7.0,0.6916958995502795,0.626596583140662,0.6167645604995852,,
984,left,LAD,T4,leaf3,False,0.6635926314448914,7.0,7.0,0.6935493317196885,0.6464661011676205,0.6460375227011396,,
984,left,LAD,T4,apport,False,0.6587682081180293,7.0,7.0,0.6899115708339255,0.6362495645764671,0.6321714352527039,,
984,left,LCX,T1,leaky,False,0.8178381521968568,7.0,6.0,0.8536736806867674,0.828671813544332,0.8320748902642884,0.8063034558185089,False
984,left,LCX,T1,share,False,0.6400370464119536,7.0,6.0,0.7558596802972298,0.6404294593378007,0.7057425840235219,0.8063034558185089,False
984,left,LCX,T1,leaf3,False,0.5897843406751563,7.0,6.0,0.7093477144567136,0.6700874293961667,0.7304520420988615,0.8063034558185089,False
984,left,LCX,T1,apport,False,0.6079709385095194,7.0,6.0,0.7285044193576544,0.6438100535505525,0.7053052936666369,0.8063034558185089,False
984,left,LCX,T4,leaky,False,0.8178381521968568,7.0,7.0,0.8154480368851704,0.8458348852351117,0.9929921623420507,,
984,left,LCX,T4,share,False,0.6400370464119536,7.0,5.0,0.6507919403483777,0.6046198867540523,0.5938630388703838,,
984,left,LCX,T4,leaf3,False,0.5897843406751563,7.0,5.0,0.6117476538450919,0.7782024297557992,0.8524071971401267,,
984,left,LCX,T4,apport,False,0.6079709385095194,7.0,5.0,0.6253480388530607,0.6559334092997389,0.6945717409738106,,
984,right,RCA,T1,leaky,False,0.7405195532010035,3.0,2.0,0.8009139979986196,0.7418758651454226,0.20955363588428774,1.1251477996373425,False
984,right,RCA,T1,share,False,0.7572031598968263,3.0,2.0,0.8727713219570722,0.8139207769768417,0.8929224506896043,1.1251477996373425,False
984,right,RCA,T1,leaf3,False,0.7480880382345219,3.0,2.0,0.8518672084990382,0.7731420979879384,0.8854632559649913,1.1251477996373425,False
984,right,RCA,T1,apport,False,0.7539104043205939,3.0,2.0,0.8675467085425441,0.7927911035568297,0.8952901214997561,1.1251477996373425,False
984,right,RCA,T4,leaky,False,0.7405195532010035,3.0,3.0,0.7348312289444655,0.7639202420951022,0.9975663508312732,,
984,right,RCA,T4,share,False,0.7572031598968263,3.0,3.0,0.7961085582046348,0.7669587570982734,0.9966508298693442,,
984,right,RCA,T4,leaf3,False,0.7480880382345219,3.0,3.0,0.783663653747421,0.7620310181639666,0.9966845750783305,,
984,right,RCA,T4,apport,False,0.7539104043205939,3.0,3.0,0.7913981616807962,0.765067171053323,0.9966612764049368,,
985,left,LAD,T1,leaky,False,0.9144867711039373,5.0,4.0,0.9547454054543081,0.9234886832482104,0.9259464732447968,0.9768943641172505,True
985,left,LAD,T1,share,False,0.8510260266612684,5.0,4.0,0.9242951736072339,0.8641481747863393,0.8953847012575334,0.9768943641172505,True
985,left,LAD,T1,leaf3,False,0.8043050714555661,5.0,4.0,0.9207395263373301,0.8951255705858095,0.9251893756987751,0.9768943641172505,True
985,left,LAD,T1,apport,False,0.8201376692281445,5.0,4.0,0.9168006396507693,0.8651938754195354,0.9000345566702538,0.9768943641172505,True
985,left,LAD,T4,leaky,False,0.9144867711039373,5.0,5.0,0.9139011162618981,0.9150737354212615,0.899872385260023,,
985,left,LAD,T4,share,False,0.8510260266612684,5.0,5.0,0.8639204389333971,0.8357834038463783,0.8266483050734261,,
985,left,LAD,T4,leaf3,False,0.8043050714555661,5.0,5.0,0.8221280247824931,0.7993653725758817,0.7977717642265397,,
985,left,LAD,T4,apport,False,0.8201376692281445,5.0,5.0,0.8369337535903384,0.811022823658645,0.8071793111114064,,
985,right,RCA,T1,leaky,False,0.8043755039606945,3.0,2.0,0.8339575963266689,0.8084486234644842,0.8491822110554192,0.7732341135658224,False
985,right,RCA,T1,share,False,0.7719500897502364,2.0,1.0,0.8514695605366063,0.7717747741266349,0.8832873348521842,0.7732341135658224,False
985,right,RCA,T1,leaf3,False,0.7721531960963403,2.0,1.0,0.8872420963882585,0.7717747741266349,0.9191995097947848,0.7732341135658224,False
985,right,RCA,T1,apport,False,0.7720653595950994,2.0,1.0,0.8733074970603083,0.7717747741266349,0.9060169606250513,0.7732341135658224,False
985,right,RCA,T4,leaky,False,0.8043755039606945,3.0,3.0,0.8108006169889158,0.84824830605379,0.9979322928279374,,
985,right,RCA,T4,share,False,0.7719500897502364,2.0,1.0,0.8047131005498142,0.8118478261500112,0.9967861797651768,,
985,right,RCA,T4,leaf3,False,0.7721531960963403,2.0,1.0,0.8044231424495143,0.8118478261500112,0.9967861797651768,,
985,right,RCA,T4,apport,False,0.7720653595950994,2.0,1.0,0.8043692473067404,0.8118478261502323,0.9967861797651768,,
993,left,LAD,T1,leaky,False,0.8878004198960527,8.0,7.0,0.9442696238131244,0.8880364695389941,0.888087720534279,1.0029187976709764,True
993,left,LAD,T1,share,False,0.5027703872549654,7.0,6.0,0.7637677072907972,0.5016331828996164,0.6308888079592777,1.0029187976709764,True
993,left,LAD,T1,leaf3,False,0.6897451673474194,7.0,6.0,0.8478200621934371,0.8184909803676017,0.8562982500986127,1.0029187976709764,True
993,left,LAD,T1,apport,False,0.6100411574321186,7.0,6.0,0.8041273046844242,0.6372041216930212,0.7148562935787414,1.0029187976709764,True
993,left,LAD,T4,leaky,False,0.8878004198960527,8.0,8.0,0.8845191166713926,0.8832571161652508,0.9931022979538154,,
993,left,LAD,T4,share,True,,,,,,,,
993,left,LAD,T4,leaf3,True,,,,,,,,
993,left,LAD,T4,apport,True,,,,,,,,
993,left,LCX,T1,leaky,False,0.8667484012865188,8.0,7.0,0.8961459859538382,0.8896971682900646,0.89851716246326,0.9469832618633743,True
993,left,LCX,T1,share,False,0.7809155567362405,7.0,6.0,0.8300298687587268,0.7802712237828476,0.82475667701875,0.9469832618633743,True
993,left,LCX,T1,leaf3,False,0.6686810082601161,7.0,6.0,0.747683191397294,0.7065084154975187,0.7684271452783951,0.9469832618633743,True
993,left,LCX,T1,apport,False,0.6937448642339602,7.0,6.0,0.758467260667701,0.721637188215916,0.7733048742675909,0.9469832618633743,True
993,left,LCX,T4,leaky,False,0.8667484012865188,8.0,8.0,0.8647850739341116,0.8882834774718257,0.9984417356943115,,
993,left,LCX,T4,share,False,0.7809155567362405,7.0,6.0,0.7816345651774945,0.7796104444890325,0.8010085502364688,,
993,left,LCX,T4,leaf3,False,0.6686810082601161,7.0,6.0,0.6728770578457433,0.7056268892032158,0.7554343255344662,,
993,left,LCX,T4,apport,False,0.6937448642339602,7.0,6.0,0.6969743396014573,0.7262501652679514,0.7811290019894246,,
995,right,RCA,T4,leaky,False,0.8190257565100223,2.0,2.0,0.8147982779183554,0.8244813045878916,0.9960721963623409,,
995,right,RCA,T4,share,False,0.7881563737844551,1.0,1.0,0.7885670769684661,0.7612958996926156,0.9945078390188259,,
995,right,RCA,T4,leaf3,False,0.7881563737844489,1.0,1.0,0.7885670769684661,0.7612958996926156,0.9945078390188259,,
995,right,RCA,T4,apport,False,0.7881563737844551,1.0,1.0,0.7885670769684661,0.7612958996926156,0.9945078390188259,,
997,right,RCA,T1,leaky,False,0.8055010314658353,3.0,2.0,0.8407708911332108,0.8044533988284472,0.8025897021025539,0.7989726978987971,False
997,right,RCA,T1,share,False,0.7820122216472417,2.0,1.0,0.8742516210762914,0.7807749344483357,0.9005824253989142,0.7989726978987971,False
997,right,RCA,T1,leaf3,False,0.784495438086023,2.0,1.0,0.907202883161235,0.7807749344483357,0.9310812665206895,0.7989726978987971,False
997,right,RCA,T1,apport,False,0.7832972664944013,2.0,1.0,0.8935055490347085,0.7807749344475036,0.9189521944406785,0.7989726978987971,False
997,right,RCA,T4,leaky,False,0.8055010314658353,3.0,3.0,0.8130737461948425,0.827891491940296,0.997736002460675,,
997,right,RCA,T4,share,False,0.7820122216472417,2.0,1.0,0.8066059738579426,0.781816243357562,0.996587265266777,,
997,right,RCA,T4,leaf3,False,0.784495438086023,2.0,1.0,0.8107430563247578,0.7818162433581624,0.996587265266777,,
997,right,RCA,T4,apport,False,0.7832972664944013,2.0,1.0,0.8086118842512107,0.7818162433581624,0.996587265266777,,
