scan,side,vessel,T,scheme,nout,meas_active,les_active,Qh_les_leaky,Qh_les,Qh_meas_leaky,Qh_meas,hffr_meas,base_meas_leaky,base_meas,r_ref_les,r_ref_meas,les65_meas,les65_meas_leaky,n_dn_br_ret,n_dn_br_all,runoff_ret_mm
3,left,LAD,0.5,share,6,True,True,0.5482206650476358,0.5045375292402081,0.19036789380464897,0.24971802901341852,0.9780261350200324,0.9734073497661377,0.9747560609343721,1.0038986011356377,0.8795800767261762,0.8598696910969928,0.844036637216716,1.0,1.0,111.68496386217438
3,left,LCX,0.5,share,6,True,True,0.3402724021404799,0.5781340306134793,0.21460358981361619,0.4092512135622396,0.9702626163411021,0.9764864538478468,0.9616502146859994,0.8862785901344664,0.9116842572815144,0.8854445978035792,0.9357113414993022,1.0,1.0,96.50504005176872
3,left,LAD,0.5,leaf3,6,True,True,0.5482206650476358,0.6687786982653433,0.19036789380464897,0.3999195057735431,0.9699259143905932,0.9734073497661377,0.9658201780115682,1.0038986011356377,0.8795800767261762,0.8093719699608773,0.844036637216716,1.0,1.0,111.68496386217438
3,left,LCX,0.5,leaf3,6,True,True,0.3402724021404799,0.4563714189194108,0.21460358981361619,0.3480357911818547,0.9755744101744352,0.9764864538478468,0.9681808856252153,0.8862785901344664,0.9116842572815144,0.91201095145276,0.9357113414993022,1.0,1.0,96.50504005176872
3,left,LAD,0.5,leaf266,6,True,True,0.5482206650476358,0.6496929368053734,0.19036789380464897,0.3811668381391551,0.970768196833475,0.9734073497661377,0.9666795205316276,1.0038986011356377,0.8795800767261762,0.8148484547764071,0.844036637216716,1.0,1.0,111.68496386217438
3,left,LCX,0.5,leaf266,6,True,True,0.3402724021404799,0.4569750163857707,0.21460358981361619,0.3369118862442355,0.9757806999608051,0.9764864538478468,0.9686425523202901,0.8862785901344664,0.9116842572815144,0.9119919042416275,0.9357113414993022,1.0,1.0,96.50504005176872
3,left,LAD,0.5,apport,6,True,True,0.5482206650476358,0.7293866108889455,0.19036789380464897,0.395021369953962,0.9688862308502021,0.9734073497661377,0.9646734142309404,1.0038986011356377,0.8795800767261762,0.7908754358877055,0.844036637216716,1.0,1.0,111.68496386217438
3,left,LCX,0.5,apport,6,True,True,0.3402724021404799,0.47319298152053263,0.21460358981361619,0.34282540184939064,0.9753200290310684,0.9764864538478468,0.9680716265456382,0.8862785901344664,0.9116842572815144,0.9087151942009911,0.9357113414993022,1.0,1.0,96.50504005176872
3,left,LAD,0.5,origin,6,True,True,0.5482206650476358,0.6126774352667265,0.19036789380464897,0.30256452356396596,0.9735238311851513,0.9734073497661377,0.9695364409008079,1.0038986011356377,0.8795800767261762,0.8252740226197499,0.844036637216716,1.0,1.0,111.68496386217438
3,left,LCX,0.5,origin,6,True,True,0.3402724021404799,0.5323276379006622,0.21460358981361619,0.37736146907569923,0.9727623934897613,0.9764864538478468,0.9647952928301743,0.8862785901344664,0.9116842572815144,0.8958766293167285,0.9357113414993022,1.0,1.0,96.50504005176872
3,left,LAD,0.5,length,6,True,True,0.5482206650476358,0.674338303049355,0.19036789380464897,0.4787153177611253,0.9679544089168607,0.9734073497661377,0.9640451411570398,1.0038986011356377,0.8795800767261762,0.8099557087544985,0.844036637216716,1.0,1.0,111.68496386217438
3,left,LCX,0.5,length,6,True,True,0.3402724021404799,0.5181042040630425,0.21460358981361619,0.43129675382087745,0.9720213249923917,0.9764864538478468,0.9629230230340851,0.8862785901344664,0.9116842572815144,0.8988360540670983,0.9357113414993022,1.0,1.0,96.50504005176872
3,left,LAD,0.6,share,6,True,True,0.5482206650476358,0.5035489256003858,0.19036789380464897,0.24923376649480258,0.9780577840335086,0.9734073497661377,0.9747915028793402,1.0038986011356377,0.8795800767261762,0.860175909896564,0.844036637216716,1.0,1.0,111.68496386217438
3,left,LCX,0.6,share,6,True,True,0.3402724021404799,0.5786045680887174,0.21460358981361619,0.40846475638679297,0.9702664007731353,0.9764864538478468,0.9616592704041952,0.8862785901344664,0.9116842572815144,0.8852493642171101,0.9357113414993022,1.0,1.0,96.50504005176872
3,left,LAD,0.6,leaf3,6,True,True,0.5482206650476358,0.6194687563088533,0.19036789380464897,0.3709628298467642,0.9716729199884819,0.9734073497661377,0.9676586769468419,1.0038986011356377,0.8795800767261762,0.82404439737792,0.844036637216716,1.0,1.0,111.68496386217438
3,left,LCX,0.6,leaf3,6,True,True,0.3402724021404799,0.49563015480984374,0.21460358981361619,0.32178349091843944,0.9750289283726417,0.9764864538478468,0.9682907215759222,0.8862785901344664,0.9116842572815144,0.9040784628502709,0.9357113414993022,1.0,1.0,96.50504005176872
3,left,LAD,0.6,leaf266,6,True,True,0.5482206650476358,0.6039915064837772,0.19036789380464897,0.35481349922648586,0.9723784812615195,0.9734073497661377,0.9683851502745291,1.0038986011356377,0.8795800767261762,0.8285522779832971,0.844036637216716,1.0,1.0,111.68496386217438
3,left,LCX,0.6,leaf266,6,True,True,0.3402724021404799,0.4945684311624673,0.21460358981361619,0.3126861252066645,0.9752394740527941,0.9764864538478468,0.9687127593564762,0.8862785901344664,0.9116842572815144,0.9043952569547097,0.9357113414993022,1.0,1.0,96.50504005176872
3,left,LAD,0.6,apport,6,True,True,0.5482206650476358,0.7278878115023737,0.19036789380464897,0.39422474603724994,0.9689389624727487,0.9734073497661377,0.9647278114979179,1.0038986011356377,0.8795800767261762,0.7913147086236841,0.844036637216716,1.0,1.0,111.68496386217438
3,left,LCX,0.6,apport,6,True,True,0.3402724021404799,0.47935025800908176,0.21460358981361619,0.33157923764002933,0.9754080511976406,0.9764864538478468,0.968421552329657,0.8862785901344664,0.9116842572815144,0.9075169075918599,0.9357113414993022,1.0,1.0,96.50504005176872
3,left,LAD,0.6,origin,6,True,True,0.5482206650476358,0.6113523111645203,0.19036789380464897,0.30191835294835095,0.9735607267866513,0.9734073497661377,0.9695769656966882,1.0038986011356377,0.8795800767261762,0.8256729668788643,0.844036637216716,1.0,1.0,111.68496386217438
3,left,LCX,0.6,origin,6,True,True,0.3402724021404799,0.5325147240817253,0.21460358981361619,0.37655451089485453,0.9727756768587006,0.9764864538478468,0.9648164539609173,0.8862785901344664,0.9116842572815144,0.895764556876621,0.9357113414993022,1.0,1.0,96.50504005176872
3,left,LAD,0.6,length,6,True,True,0.5482206650476358,0.6735836178573358,0.19036789380464897,0.47819070421970233,0.9679773127115123,0.9734073497661377,0.9640682890034884,1.0038986011356377,0.8795800767261762,0.8101659247695204,0.844036637216716,1.0,1.0,111.68496386217438
3,left,LCX,0.6,length,6,True,True,0.3402724021404799,0.5179403507933087,0.21460358981361619,0.43081595636673176,0.9720372913877563,0.9764864538478468,0.9629457232816746,0.8862785901344664,0.9116842572815144,0.8988472323633522,0.9357113414993022,1.0,1.0,96.50504005176872
3,left,LAD,0.75,share,3,True,True,0.5482206650476358,0.6522058279137307,0.19036789380464897,0.31978394563844975,0.9736565921637733,0.9734073497661377,0.9703386891863484,1.0038986011356377,0.8795800767261762,0.8150905101663416,0.844036637216716,1.0,1.0,111.68496386217438
3,left,LCX,0.75,share,3,True,True,0.3402724021404799,0.7977223757687048,0.21460358981361619,0.7977223757687502,0.9557050724226676,0.9764864538478468,0.9413214068430217,0.8862785901344664,0.9116842572815144,0.846885655225746,0.9357113414993022,0.0,1.0,96.50504005176872
3,left,LAD,0.75,leaf3,3,True,True,0.5482206650476358,0.9900924032629088,0.19036789380464897,0.5222230250645064,0.960241135333308,0.9734073497661377,0.9557338813947148,1.0038986011356377,0.8795800767261762,0.7186440669735743,0.844036637216716,1.0,1.0,111.68496386217438
3,left,LCX,0.75,leaf3,3,True,True,0.3402724021404799,0.4598358004207724,0.21460358981361619,0.45983580042268346,0.9735413223646032,0.9764864538478468,0.963789293791088,0.8862785901344664,0.9116842572815144,0.9113693160443661,0.9357113414993022,0.0,1.0,96.50504005176872
3,left,LAD,0.75,leaf266,3,True,True,0.5482206650476358,0.9879330938755168,0.19036789380464897,0.5163963498309166,0.9604377939297047,0.9734073497661377,0.9559213921968256,1.0038986011356377,0.8795800767261762,0.7190702547951108,0.844036637216716,1.0,1.0,111.68496386217438
3,left,LCX,0.75,leaf266,3,True,True,0.3402724021404799,0.46199510981143904,0.21460358981361619,0.46199510981169795,0.9734273374217469,0.9764864538478468,0.9636351234423511,0.8862785901344664,0.9116842572815144,0.9109331040193576,0.9357113414993022,0.0,1.0,96.50504005176872
3,left,LAD,0.75,apport,3,True,True,0.5482206650476358,0.8723781073892052,0.19036789380464897,0.4422967415704033,0.9651448859454739,0.9734073497661377,0.9609333094979248,1.0038986011356377,0.8795800767261762,0.75012812071316,0.844036637216716,1.0,1.0,111.68496386217438
3,left,LCX,0.75,apport,3,True,True,0.3402724021404799,0.5775500962993999,0.21460358981361619,0.5775500962993504,0.9673274572506644,0.9764864538478468,0.9556136074394502,0.8862785901344664,0.9116842572815144,0.8879603076497393,0.9357113414993022,0.0,1.0,96.50504005176872
3,left,LAD,0.75,origin,3,True,True,0.5482206650476358,0.902111630489861,0.19036789380464897,0.4388886412409733,0.9644836762039013,0.9734073497661377,0.9601410651693549,1.0038986011356377,0.8795800767261762,0.7414034394526682,0.844036637216716,1.0,1.0,111.68496386217438
3,left,LCX,0.75,origin,3,True,True,0.3402724021404799,0.5478165731949732,0.21460358981361619,0.5478165731951834,0.9688970210878818,0.9764864538478468,0.9576404862940766,0.8862785901344664,0.9116842572815144,0.8937965298880175,0.9357113414993022,0.0,1.0,96.50504005176872
3,left,LAD,0.75,length,3,True,True,0.5482206650476358,0.8851998851164269,0.19036789380464897,0.6224283897958675,0.9604158225676775,0.9734073497661377,0.9567861309300657,1.0038986011356377,0.8795800767261762,0.7527931912629642,0.844036637216716,1.0,1.0,111.68496386217438
3,left,LCX,0.75,length,3,True,True,0.3402724021404799,0.5647283185702463,0.21460358981361619,0.5647283185691915,0.9680042892084003,0.9764864538478468,0.9565358550741005,0.8862785901344664,0.9116842572815144,0.8905156884855121,0.9357113414993022,0.0,1.0,96.50504005176872
3,left,LAD,0.9,share,2,False,True,0.5482206650476358,0.607294365891032,0.19036789380464897,,,0.9734073497661377,,1.0038986011356377,0.8795800767261762,,,,,
3,left,LCX,0.9,share,2,False,False,0.3402724021404799,,0.21460358981361619,,,0.9764864538478468,,0.8862785901344664,0.9116842572815144,,,,,
3,left,LAD,0.9,leaf3,2,False,True,0.5482206650476358,0.6000154550240813,0.19036789380464897,,,0.9734073497661377,,1.0038986011356377,0.8795800767261762,,,,,
3,left,LCX,0.9,leaf3,2,False,False,0.3402724021404799,,0.21460358981361619,,,0.9764864538478468,,0.8862785901344664,0.9116842572815144,,,,,
3,left,LAD,0.9,leaf266,2,False,True,0.5482206650476358,0.6135452101859558,0.19036789380464897,,,0.9734073497661377,,1.0038986011356377,0.8795800767261762,,,,,
3,left,LCX,0.9,leaf266,2,False,False,0.3402724021404799,,0.21460358981361619,,,0.9764864538478468,,0.8862785901344664,0.9116842572815144,,,,,
3,left,LAD,0.9,apport,2,False,True,0.5482206650476358,0.7300045924738341,0.19036789380464897,,,0.9734073497661377,,1.0038986011356377,0.8795800767261762,,,,,
3,left,LCX,0.9,apport,2,False,False,0.3402724021404799,,0.21460358981361619,,,0.9764864538478468,,0.8862785901344664,0.9116842572815144,,,,,
3,left,LAD,0.9,origin,2,False,True,0.5482206650476358,0.7300045924738341,0.19036789380464897,,,0.9734073497661377,,1.0038986011356377,0.8795800767261762,,,,,
3,left,LCX,0.9,origin,2,False,False,0.3402724021404799,,0.21460358981361619,,,0.9764864538478468,,0.8862785901344664,0.9116842572815144,,,,,
3,left,LAD,0.9,length,2,False,True,0.5482206650476358,0.7196623958157388,0.19036789380464897,,,0.9734073497661377,,1.0038986011356377,0.8795800767261762,,,,,
3,left,LCX,0.9,length,2,False,False,0.3402724021404799,,0.21460358981361619,,,0.9764864538478468,,0.8862785901344664,0.9116842572815144,,,,,
3,left,LAD,1.0,share,2,False,True,0.5482206650476358,0.6079890127623725,0.19036789380464897,,,0.9734073497661377,,1.0038986011356377,0.8795800767261762,,,,,
3,left,LCX,1.0,share,2,False,False,0.3402724021404799,,0.21460358981361619,,,0.9764864538478468,,0.8862785901344664,0.9116842572815144,,,,,
3,left,LAD,1.0,leaf3,2,False,True,0.5482206650476358,0.7007176332986231,0.19036789380464897,,,0.9734073497661377,,1.0038986011356377,0.8795800767261762,,,,,
3,left,LCX,1.0,leaf3,2,False,False,0.3402724021404799,,0.21460358981361619,,,0.9764864538478468,,0.8862785901344664,0.9116842572815144,,,,,
3,left,LAD,1.0,leaf266,2,False,True,0.5482206650476358,0.7031545032481006,0.19036789380464897,,,0.9734073497661377,,1.0038986011356377,0.8795800767261762,,,,,
3,left,LCX,1.0,leaf266,2,False,False,0.3402724021404799,,0.21460358981361619,,,0.9764864538478468,,0.8862785901344664,0.9116842572815144,,,,,
3,left,LAD,1.0,apport,2,False,True,0.5482206650476358,0.730863521938215,0.19036789380464897,,,0.9734073497661377,,1.0038986011356377,0.8795800767261762,,,,,
3,left,LCX,1.0,apport,2,False,False,0.3402724021404799,,0.21460358981361619,,,0.9764864538478468,,0.8862785901344664,0.9116842572815144,,,,,
3,left,LAD,1.0,origin,2,False,True,0.5482206650476358,0.730863521938215,0.19036789380464897,,,0.9734073497661377,,1.0038986011356377,0.8795800767261762,,,,,
3,left,LCX,1.0,origin,2,False,False,0.3402724021404799,,0.21460358981361619,,,0.9764864538478468,,0.8862785901344664,0.9116842572815144,,,,,
3,left,LAD,1.0,length,2,False,True,0.5482206650476358,0.7205090283962524,0.19036789380464897,,,0.9734073497661377,,1.0038986011356377,0.8795800767261762,,,,,
3,left,LCX,1.0,length,2,False,False,0.3402724021404799,,0.21460358981361619,,,0.9764864538478468,,0.8862785901344664,0.9116842572815144,,,,,
3,right,RCA,0.5,share,2,True,True,1.7097898396592668,2.002607709818914,1.3883324229658676,2.0026077098196198,0.9820335629675098,0.9664904587461741,0.9567566683435841,1.4513226732904143,1.3566098499283208,0.7596018757064718,0.7881117500281126,1.0,1.0,117.13158001656379
3,right,RCA,0.5,leaf3,2,True,True,1.7097898396592668,2.002607709818914,1.3883324229658676,2.0026077098196198,0.9820335629675093,0.9664904587461741,0.9596291531135225,1.4513226732904143,1.3566098499283208,0.773438918793266,0.7881117500281126,1.0,1.0,117.13158001656379
3,right,RCA,0.5,leaf266,2,True,True,1.7097898396592668,2.002607709818914,1.3883324229658676,2.0026077098218504,0.9820335629674979,0.9664904587461741,0.9593755750049721,1.4513226732904143,1.3566098499283208,0.7721956024678338,0.7881117500281126,1.0,1.0,117.13158001656379
3,right,RCA,0.5,apport,2,True,True,1.7097898396592668,2.002607709818914,1.3883324229658676,2.0026077098196198,0.9820335629675093,0.9664904587461741,0.9583322653160432,1.4513226732904143,1.3566098499283208,0.7671248734640983,0.7881117500281126,1.0,1.0,117.13158001656379
3,right,RCA,0.5,origin,2,True,True,1.7097898396592668,2.002607709818914,1.3883324229658676,2.0026077098196198,0.9820335629675098,0.9664904587461741,0.9567566683435841,1.4513226732904143,1.3566098499283208,0.7596018757064718,0.7881117500281126,1.0,1.0,117.13158001656379
3,right,RCA,0.5,length,2,True,True,1.7097898396592668,2.002607709818914,1.3883324229658676,2.0026077098196198,0.9820335629675101,0.9664904587461741,0.9574941477899275,1.4513226732904143,1.3566098499283208,0.7631030882390261,0.7881117500281126,1.0,1.0,117.13158001656379
3,right,RCA,0.6,share,2,True,True,1.7097898396592668,2.002607709818914,1.3883324229658676,2.0026077098196198,0.98203356296751,0.9664904587461741,0.9560207154812379,1.4513226732904143,1.3566098499283208,0.7561426888863901,0.7881117500281126,1.0,1.0,106.73690054419357
3,right,RCA,0.6,leaf3,2,True,True,1.7097898396592668,2.002607709818914,1.3883324229658676,2.0026077098196198,0.9820335629675091,0.9664904587461741,0.9580305668787155,1.4513226732904143,1.3566098499283208,0.7656718726294631,0.7881117500281126,1.0,1.0,106.73690054419357
3,right,RCA,0.6,leaf266,2,True,True,1.7097898396592668,2.002607709820672,1.3883324229658676,2.0026077098218504,0.9820335629674948,0.9664904587461741,0.9579059066498834,1.4513226732904143,1.3566098499283208,0.7650732349288237,0.7881117500281126,1.0,1.0,106.73690054419357
3,right,RCA,0.6,apport,2,True,True,1.7097898396592668,2.002607709818914,1.3883324229658676,2.0026077098196198,0.9820335629675091,0.9664904587461741,0.9571953180408651,1.4513226732904143,1.3566098499283208,0.7616801559543487,0.7881117500281126,1.0,1.0,106.73690054419357
3,right,RCA,0.6,origin,2,True,True,1.7097898396592668,2.002607709818914,1.3883324229658676,2.0026077098196198,0.98203356296751,0.9664904587461741,0.9560207154812379,1.4513226732904143,1.3566098499283208,0.7561426888863901,0.7881117500281126,1.0,1.0,106.73690054419357
3,right,RCA,0.6,length,2,True,True,1.7097898396592668,2.002607709818914,1.3883324229658676,2.0026077098196198,0.9820335629675091,0.9664904587461741,0.9569016995497728,1.4513226732904143,1.3566098499283208,0.7602876502943072,0.7881117500281126,1.0,1.0,106.73690054419357
3,right,RCA,0.75,share,1,True,True,1.7097898396592668,2.002607709818914,1.3883324229658676,2.0026077098196198,0.9820335629675095,0.9664904587461741,0.95337426020878,1.4513226732904143,1.3566098499283208,0.7439851746793656,0.7881117500281126,0.0,1.0,91.20101165045308
3,right,RCA,0.75,leaf3,1,True,True,1.7097898396592668,2.002607709818914,1.3883324229658676,2.0026077098196198,0.9820335629675101,0.9664904587461741,0.95337426020878,1.4513226732904143,1.3566098499283208,0.7439851746793656,0.7881117500281126,0.0,1.0,91.20101165045308
3,right,RCA,0.75,leaf266,1,True,True,1.7097898396592668,2.002607709818914,1.3883324229658676,2.0026077098196198,0.9820335629675101,0.9664904587461741,0.95337426020878,1.4513226732904143,1.3566098499283208,0.7439851746793656,0.7881117500281126,0.0,1.0,91.20101165045308
3,right,RCA,0.75,apport,1,True,True,1.7097898396592668,2.002607709818914,1.3883324229658676,2.0026077098196198,0.9820335629675095,0.9664904587461741,0.95337426020878,1.4513226732904143,1.3566098499283208,0.7439851746793656,0.7881117500281126,0.0,1.0,91.20101165045308
3,right,RCA,0.75,origin,1,True,True,1.7097898396592668,2.002607709818914,1.3883324229658676,2.0026077098196198,0.9820335629675095,0.9664904587461741,0.95337426020878,1.4513226732904143,1.3566098499283208,0.7439851746793656,0.7881117500281126,0.0,1.0,91.20101165045308
3,right,RCA,0.75,length,1,True,True,1.7097898396592668,2.002607709818914,1.3883324229658676,2.0026077098196198,0.9820335629675095,0.9664904587461741,0.95337426020878,1.4513226732904143,1.3566098499283208,0.7439851746793656,0.7881117500281126,0.0,1.0,91.20101165045308
3,right,RCA,0.9,share,1,True,True,1.7097898396592668,2.002607709818914,1.3883324229658676,2.0026077098196198,0.9820335629675092,0.9664904587461741,0.9537097007117121,1.4513226732904143,1.3566098499283208,0.7455021278307274,0.7881117500281126,0.0,1.0,76.2176362112703
3,right,RCA,0.9,leaf3,1,True,True,1.7097898396592668,2.002607709817156,1.3883324229658676,2.0026077098196198,0.9820335629675124,0.9664904587461741,0.9537097007117833,1.4513226732904143,1.3566098499283208,0.7455021278305776,0.7881117500281126,0.0,1.0,76.2176362112703
3,right,RCA,0.9,leaf266,1,True,True,1.7097898396592668,2.002607709818914,1.3883324229658676,2.0026077098196198,0.9820335629675092,0.9664904587461741,0.9537097007117121,1.4513226732904143,1.3566098499283208,0.7455021278307274,0.7881117500281126,0.0,1.0,76.2176362112703
3,right,RCA,0.9,apport,1,True,True,1.7097898396592668,2.002607709818914,1.3883324229658676,2.0026077098196198,0.9820335629675092,0.9664904587461741,0.9537097007117121,1.4513226732904143,1.3566098499283208,0.7455021278307274,0.7881117500281126,0.0,1.0,76.2176362112703
3,right,RCA,0.9,origin,1,True,True,1.7097898396592668,2.002607709817156,1.3883324229658676,2.0026077098196198,0.9820335629675124,0.9664904587461741,0.9537097007117833,1.4513226732904143,1.3566098499283208,0.7455021278305776,0.7881117500281126,0.0,1.0,76.2176362112703
3,right,RCA,0.9,length,1,True,True,1.7097898396592668,2.002607709818914,1.3883324229658676,2.0026077098196198,0.9820335629675092,0.9664904587461741,0.9537097007117121,1.4513226732904143,1.3566098499283208,0.7455021278307274,0.7881117500281126,0.0,1.0,76.2176362112703
3,right,RCA,1.0,share,1,True,True,1.7097898396592668,2.002607709818914,1.3883324229658676,2.0026077098207353,0.9820335629675081,0.9664904587461741,0.95369480718452,1.4513226732904143,1.3566098499283208,0.7454346290446658,0.7881117500281126,0.0,1.0,73.0481082789274
3,right,RCA,1.0,leaf3,1,True,True,1.7097898396592668,2.002607709818914,1.3883324229658676,2.0026077098207353,0.9820335629675081,0.9664904587461741,0.95369480718452,1.4513226732904143,1.3566098499283208,0.7454346290446658,0.7881117500281126,0.0,1.0,73.0481082789274
3,right,RCA,1.0,leaf266,1,True,True,1.7097898396592668,2.002607709818914,1.3883324229658676,2.0026077098207353,0.9820335629675081,0.9664904587461741,0.95369480718452,1.4513226732904143,1.3566098499283208,0.7454346290446658,0.7881117500281126,0.0,1.0,73.0481082789274
3,right,RCA,1.0,apport,1,True,True,1.7097898396592668,2.002607709818914,1.3883324229658676,2.0026077098207353,0.9820335629675081,0.9664904587461741,0.95369480718452,1.4513226732904143,1.3566098499283208,0.7454346290446658,0.7881117500281126,0.0,1.0,73.0481082789274
3,right,RCA,1.0,origin,1,True,True,1.7097898396592668,2.002607709818914,1.3883324229658676,2.0026077098207353,0.9820335629675081,0.9664904587461741,0.95369480718452,1.4513226732904143,1.3566098499283208,0.7454346290446658,0.7881117500281126,0.0,1.0,73.0481082789274
3,right,RCA,1.0,length,1,True,True,1.7097898396592668,2.002607709818914,1.3883324229658676,2.0026077098207353,0.9820335629675081,0.9664904587461741,0.95369480718452,1.4513226732904143,1.3566098499283208,0.7454346290446658,0.7881117500281126,0.0,1.0,73.0481082789274
9,right,RCA,0.5,share,2,True,True,0.5898373663899688,0.5941114399444589,0.5844515242118242,0.5941114399397593,0.9785777020290498,0.9676260960640047,0.9676853002346382,1.016410154221009,1.0134840421216504,0.8337450542208037,0.8333921527859107,1.0,1.0,143.8814823656911
9,right,RCA,0.5,leaf3,2,True,True,0.5898373663899688,0.5941114399444589,0.5844515242118242,0.5941114399397593,0.9785777020290498,0.9676260960640047,0.9676253377037246,1.016410154221009,1.0134840421216504,0.8333884653729315,0.8333921527859107,1.0,1.0,143.8814823656911
9,right,RCA,0.5,leaf266,2,True,True,0.5898373663899688,0.594111439944893,0.5844515242118242,0.5941114399404245,0.9785777020290333,0.9676260960640047,0.9676178790252532,1.016410154221009,1.0134840421216504,0.8333441112880662,0.8333921527859107,1.0,1.0,143.8814823656911
9,right,RCA,0.5,apport,2,True,True,0.5898373663899688,0.594111439944893,0.5844515242118242,0.5941114399397593,0.978577702029049,0.9676260960640047,0.9676804362866478,1.016410154221009,1.0134840421216504,0.8337161281331513,0.8333921527859107,1.0,1.0,143.8814823656911
9,right,RCA,0.5,origin,2,True,True,0.5898373663899688,0.5941114399444589,0.5844515242118242,0.5941114399397593,0.9785777020290498,0.9676260960640047,0.9676853002346382,1.016410154221009,1.0134840421216504,0.8337450542208037,0.8333921527859107,1.0,1.0,143.8814823656911
9,right,RCA,0.5,length,2,True,True,0.5898373663899688,0.594111439944893,0.5844515242118242,0.594111439940092,0.9785777020290484,0.9676260960640047,0.9679602394065692,1.016410154221009,1.0134840421216504,0.8353803612076359,0.8333921527859107,1.0,1.0,143.8814823656911
9,right,RCA,0.6,share,2,True,True,0.5898373663899688,0.5941114399461953,0.5844515242118242,0.5941114399414223,0.978577702028995,0.9676260960640047,0.9677011718856728,1.016410154221009,1.0134840421216504,0.8338394445965844,0.8333921527859107,1.0,1.0,135.54887058188518
9,right,RCA,0.6,leaf3,2,True,True,0.5898373663899688,0.594111439944893,0.5844515242118242,0.594111439940092,0.9785777020290489,0.9676260960640047,0.9675909083953002,1.016410154221009,1.0134840421216504,0.8331837297102104,0.8333921527859107,1.0,1.0,135.54887058188518
9,right,RCA,0.6,leaf266,2,True,True,0.5898373663899688,0.594111439944893,0.5844515242118242,0.594111439940092,0.978577702029048,0.9676260960640047,0.9675912062826022,1.016410154221009,1.0134840421216504,0.8331855010771277,0.8333921527859107,1.0,1.0,135.54887058188518
9,right,RCA,0.6,apport,2,True,True,0.5898373663899688,0.5941114399435907,0.5844515242118242,0.5941114399387616,0.9785777020290923,0.9676260960640047,0.9676914770286992,1.016410154221009,1.0134840421216504,0.833781788074254,0.8333921527859107,1.0,1.0,135.54887058188518
9,right,RCA,0.6,origin,2,True,True,0.5898373663899688,0.5941114399461953,0.5844515242118242,0.5941114399414223,0.978577702028995,0.9676260960640047,0.9677011718856728,1.016410154221009,1.0134840421216504,0.8338394445965844,0.8333921527859107,1.0,1.0,135.54887058188518
9,right,RCA,0.6,length,2,True,True,0.5898373663899688,0.5941114399444589,0.5844515242118242,0.5941114399397593,0.9785777020290501,0.9676260960640047,0.9679550272635886,1.016410154221009,1.0134840421216504,0.8353493559425917,0.8333921527859107,1.0,1.0,135.54887058188518
9,right,RCA,0.75,share,1,True,True,0.5898373663899688,0.5941114399444589,0.5844515242118242,0.5941114399397593,0.9785777020290497,0.9676260960640047,0.9675845559461168,1.016410154221009,1.0134840421216504,0.8331459554068689,0.8333921527859107,0.0,1.0,109.54291580578233
9,right,RCA,0.75,leaf3,1,True,True,0.5898373663899688,0.5941114399444589,0.5844515242118242,0.5941114399397593,0.9785777020290497,0.9676260960640047,0.9675845559461168,1.016410154221009,1.0134840421216504,0.8331459554068689,0.8333921527859107,0.0,1.0,109.54291580578233
9,right,RCA,0.75,leaf266,1,True,True,0.5898373663899688,0.5941114399444589,0.5844515242118242,0.5941114399397593,0.9785777020290497,0.9676260960640047,0.9675845559461168,1.016410154221009,1.0134840421216504,0.8331459554068689,0.8333921527859107,0.0,1.0,109.54291580578233
9,right,RCA,0.75,apport,1,True,True,0.5898373663899688,0.5941114399444589,0.5844515242118242,0.5941114399397593,0.9785777020290497,0.9676260960640047,0.9675845559461168,1.016410154221009,1.0134840421216504,0.8331459554068689,0.8333921527859107,0.0,1.0,109.54291580578233
9,right,RCA,0.75,origin,1,True,True,0.5898373663899688,0.5941114399444589,0.5844515242118242,0.5941114399397593,0.9785777020290497,0.9676260960640047,0.9675845559461168,1.016410154221009,1.0134840421216504,0.8331459554068689,0.8333921527859107,0.0,1.0,109.54291580578233
9,right,RCA,0.75,length,1,True,True,0.5898373663899688,0.594111439944893,0.5844515242118242,0.594111439940092,0.9785777020290464,0.9676260960640047,0.9675845559461159,1.016410154221009,1.0134840421216504,0.8331459554069771,0.8333921527859107,0.0,1.0,109.54291580578233
9,right,RCA,0.9,share,1,True,True,0.5898373663899688,0.594111439944893,0.5844515242118242,0.594111439940092,0.9785777020290428,0.9676260960640047,0.9673001061083746,1.016410154221009,1.0134840421216504,0.8314547902146237,0.8333921527859107,0.0,1.0,93.89780793651158
9,right,RCA,0.9,leaf3,1,True,True,0.5898373663899688,0.594111439944893,0.5844515242118242,0.594111439940092,0.9785777020290428,0.9676260960640047,0.9673001061083746,1.016410154221009,1.0134840421216504,0.8314547902146237,0.8333921527859107,0.0,1.0,93.89780793651158
9,right,RCA,0.9,leaf266,1,True,True,0.5898373663899688,0.5941114399444589,0.5844515242118242,0.5941114399397593,0.9785777020290529,0.9676260960640047,0.9673001061083746,1.016410154221009,1.0134840421216504,0.8314547902146237,0.8333921527859107,0.0,1.0,93.89780793651158
9,right,RCA,0.9,apport,1,True,True,0.5898373663899688,0.594111439944893,0.5844515242118242,0.594111439940092,0.9785777020290428,0.9676260960640047,0.9673001061083746,1.016410154221009,1.0134840421216504,0.8314547902146237,0.8333921527859107,0.0,1.0,93.89780793651158
9,right,RCA,0.9,origin,1,True,True,0.5898373663899688,0.594111439944893,0.5844515242118242,0.594111439940092,0.9785777020290428,0.9676260960640047,0.9673001061083746,1.016410154221009,1.0134840421216504,0.8314547902146237,0.8333921527859107,0.0,1.0,93.89780793651158
9,right,RCA,0.9,length,1,True,True,0.5898373663899688,0.5941114399444589,0.5844515242118242,0.5941114399397593,0.9785777020290527,0.9676260960640047,0.9673001061083746,1.016410154221009,1.0134840421216504,0.8314547902146237,0.8333921527859107,0.0,1.0,93.89780793651158
9,right,RCA,1.0,share,1,True,True,0.5898373663899688,0.594111439944893,0.5844515242118242,0.594111439940092,0.9785777020290428,0.9676260960640047,0.9673001061083746,1.016410154221009,1.0134840421216504,0.8314547902146237,0.8333921527859107,0.0,1.0,93.89780793651158
9,right,RCA,1.0,leaf3,1,True,True,0.5898373663899688,0.594111439944893,0.5844515242118242,0.594111439940092,0.9785777020290428,0.9676260960640047,0.9673001061083746,1.016410154221009,1.0134840421216504,0.8314547902146237,0.8333921527859107,0.0,1.0,93.89780793651158
9,right,RCA,1.0,leaf266,1,True,True,0.5898373663899688,0.5941114399444589,0.5844515242118242,0.5941114399397593,0.9785777020290529,0.9676260960640047,0.9673001061083746,1.016410154221009,1.0134840421216504,0.8314547902146237,0.8333921527859107,0.0,1.0,93.89780793651158
9,right,RCA,1.0,apport,1,True,True,0.5898373663899688,0.594111439944893,0.5844515242118242,0.594111439940092,0.9785777020290428,0.9676260960640047,0.9673001061083746,1.016410154221009,1.0134840421216504,0.8314547902146237,0.8333921527859107,0.0,1.0,93.89780793651158
9,right,RCA,1.0,origin,1,True,True,0.5898373663899688,0.594111439944893,0.5844515242118242,0.594111439940092,0.9785777020290428,0.9676260960640047,0.9673001061083746,1.016410154221009,1.0134840421216504,0.8314547902146237,0.8333921527859107,0.0,1.0,93.89780793651158
9,right,RCA,1.0,length,1,True,True,0.5898373663899688,0.5941114399444589,0.5844515242118242,0.5941114399397593,0.9785777020290527,0.9676260960640047,0.9673001061083746,1.016410154221009,1.0134840421216504,0.8314547902146237,0.8333921527859107,0.0,1.0,93.89780793651158
14,left,LAD,0.5,share,7,True,True,0.19122767200934185,0.35137896425927984,0.07356434136182381,0.2602379428047677,0.9836231268691836,0.9931297980597197,0.9864731145377721,1.1528802008655883,0.9296402916499183,0.9415789979011272,0.9730632825584061,2.0,2.0,102.80569364411396
14,left,LAD,0.5,leaf3,7,True,True,0.19122767200934185,0.27262707227064187,0.07356434136182381,0.13485734934973354,0.9863750960859055,0.9931297980597197,0.9892283248856167,1.1528802008655883,0.9296402916499183,0.9572470001614093,0.9730632825584061,2.0,2.0,102.80569364411396
14,left,LAD,0.5,leaf266,7,True,True,0.19122767200934185,0.275886194112216,0.07356434136182381,0.14183073554906023,0.9862570945990832,0.9931297980597197,0.9891084743568138,1.1528802008655883,0.9296402916499183,0.9566168863142066,0.9730632825584061,2.0,2.0,102.80569364411396
14,left,LAD,0.5,apport,7,True,True,0.19122767200934185,0.22867993282068952,0.07356434136182381,0.1377500437006936,0.9877429277987426,0.9931297980597197,0.9906168329752392,1.1528802008655883,0.9296402916499183,0.9652900774469275,0.9730632825584061,2.0,2.0,102.80569364411396
14,left,LAD,0.5,origin,7,True,True,0.19122767200934185,0.1324437657608947,0.07356434136182381,0.08436765591657774,0.9908758330811207,0.9931297980597197,0.9938362482443399,1.1528802008655883,0.9296402916499183,0.9812224023216903,0.9730632825584061,2.0,2.0,102.80569364411396
14,left,LAD,0.5,length,7,True,True,0.19122767200934185,0.18762353747694208,0.07356434136182381,0.12943072640100037,0.989046183891548,0.9931297980597197,0.9919435029932524,1.1528802008655883,0.9296402916499183,0.9723956811185928,0.9730632825584061,2.0,2.0,102.80569364411396
14,left,LAD,0.6,share,6,True,True,0.19122767200934185,0.3515394389206321,0.07356434136182381,0.2610346803019963,0.9836162719254804,0.9931297980597197,0.9864471020182722,1.1528802008655883,0.9296402916499183,0.9414283699089198,0.9730632825584061,1.0,2.0,94.74949834610788
14,left,LAD,0.6,leaf3,6,True,True,0.19122767200934185,0.22904069657592271,0.07356434136182381,0.10175435149994552,0.9878145890091568,0.9931297980597197,0.9906803934521125,1.1528802008655883,0.9296402916499183,0.9652780505068497,0.9730632825584061,1.0,2.0,94.74949834610788
14,left,LAD,0.6,leaf266,6,True,True,0.19122767200934185,0.230070435493473,0.07356434136182381,0.10362671779074298,0.9877780682656475,0.9931297980597197,0.9906430782442809,1.1528802008655883,0.9296402916499183,0.965089647546341,0.9730632825584061,1.0,2.0,94.74949834610788
14,left,LAD,0.6,apport,6,True,True,0.19122767200934185,0.22822787821771826,0.07356434136182381,0.13105067304020457,0.9877725036187136,0.9931297980597197,0.9906424279400681,1.1528802008655883,0.9296402916499183,0.965353463698857,0.9730632825584061,1.0,2.0,94.74949834610788
14,left,LAD,0.6,origin,6,True,True,0.19122767200934185,0.1051963142283541,0.07356434136182381,0.055567653919031935,0.9917943920137817,0.9931297980597197,0.9947824210146594,1.1528802008655883,0.9296402916499183,0.985251263046525,0.9730632825584061,1.0,2.0,94.74949834610788
14,left,LAD,0.6,length,6,True,True,0.19122767200934185,0.11840433201504827,0.07356434136182381,0.05246030421720303,0.9913884563048095,0.9931297980597197,0.9943250009766577,1.1528802008655883,0.9296402916499183,0.9833273308215484,0.9730632825584061,1.0,2.0,94.74949834610788
14,left,LAD,0.75,share,4,True,True,0.19122767200934185,0.34910127270065255,0.07356434136182381,0.34910127270047503,0.9834895974139732,0.9931297980597197,0.986331061701082,1.1528802008655883,0.9296402916499183,0.9419026775773008,0.9730632825584061,0.0,2.0,86.65476703841168
14,left,LAD,0.75,leaf3,4,True,True,0.19122767200934185,0.19659741394911903,0.07356434136182381,0.19659741394517852,0.9886107440631889,0.9931297980597197,0.9914767904477025,1.1528802008655883,0.9296402916499183,0.970722228285064,0.9730632825584061,0.0,2.0,86.65476703841168
14,left,LAD,0.75,leaf266,4,True,True,0.19122767200934185,0.19427181247571945,0.07356434136182381,0.1942718124751698,0.9886888387834446,0.9931297980597197,0.9915560615324712,1.1528802008655883,0.9296402916499183,0.971118025158557,0.9730632825584061,0.0,2.0,86.65476703841168
14,left,LAD,0.75,apport,4,True,True,0.19122767200934185,0.20949395870903045,0.07356434136182381,0.20949395870720686,0.9881776724180802,0.9931297980597197,0.9910474547193401,1.1528802008655883,0.9296402916499183,0.9685102753390882,0.9730632825584061,0.0,2.0,86.65476703841168
14,left,LAD,0.75,origin,4,True,True,0.19122767200934185,0.12795467365309912,0.07356434136182381,0.12795467365015867,0.9909157974718504,0.9931297980597197,0.9938581848951872,1.1528802008655883,0.9296402916499183,0.9817830767841061,0.9730632825584061,0.0,2.0,86.65476703841168
14,left,LAD,0.75,length,4,True,True,0.19122767200934185,0.26148401919368824,0.07356434136182381,0.2614840191915993,0.9864318233214329,0.9931297980597197,0.9892804840822068,1.1528802008655883,0.9296402916499183,0.9591168184794636,0.9730632825584061,0.0,2.0,86.65476703841168
14,left,LAD,0.9,share,3,False,True,0.19122767200934185,0.3554142158783917,0.07356434136182381,,,0.9931297980597197,,1.1528802008655883,0.9296402916499183,,,,,
14,left,LAD,0.9,leaf3,3,False,True,0.19122767200934185,0.23756836486817995,0.07356434136182381,,,0.9931297980597197,,1.1528802008655883,0.9296402916499183,,,,,
14,left,LAD,0.9,leaf266,3,False,True,0.19122767200934185,0.23754959499373954,0.07356434136182381,,,0.9931297980597197,,1.1528802008655883,0.9296402916499183,,,,,
14,left,LAD,0.9,apport,3,False,True,0.19122767200934185,0.2231145243622684,0.07356434136182381,,,0.9931297980597197,,1.1528802008655883,0.9296402916499183,,,,,
14,left,LAD,0.9,origin,3,False,True,0.19122767200934185,0.2231145243622684,0.07356434136182381,,,0.9931297980597197,,1.1528802008655883,0.9296402916499183,,,,,
14,left,LAD,0.9,length,3,False,True,0.19122767200934185,0.31839536260433693,0.07356434136182381,,,0.9931297980597197,,1.1528802008655883,0.9296402916499183,,,,,
14,left,LAD,1.0,share,3,False,True,0.19122767200934185,0.35562124016441865,0.07356434136182381,,,0.9931297980597197,,1.1528802008655883,0.9296402916499183,,,,,
14,left,LAD,1.0,leaf3,3,False,True,0.19122767200934185,0.23865911759028674,0.07356434136182381,,,0.9931297980597197,,1.1528802008655883,0.9296402916499183,,,,,
14,left,LAD,1.0,leaf266,3,False,True,0.19122767200934185,0.23851301998366606,0.07356434136182381,,,0.9931297980597197,,1.1528802008655883,0.9296402916499183,,,,,
14,left,LAD,1.0,apport,3,False,True,0.19122767200934185,0.22305820527068207,0.07356434136182381,,,0.9931297980597197,,1.1528802008655883,0.9296402916499183,,,,,
14,left,LAD,1.0,origin,3,False,True,0.19122767200934185,0.22305820527068207,0.07356434136182381,,,0.9931297980597197,,1.1528802008655883,0.9296402916499183,,,,,
14,left,LAD,1.0,length,3,False,True,0.19122767200934185,0.3185344491757876,0.07356434136182381,,,0.9931297980597197,,1.1528802008655883,0.9296402916499183,,,,,
14,right,RCA,0.5,share,3,True,True,1.501282924615753,1.7969890432608453,1.190855270197178,1.79698904325963,0.9792887338948487,0.978953648630592,0.9742884804507066,1.3729748514320708,1.2478114962410043,0.7597482591808237,0.7961648288046496,2.0,2.0,128.22318590550742
14,right,RCA,0.5,leaf3,3,True,True,1.501282924615753,1.7969890432608453,1.190855270197178,1.79698904325963,0.9792887338948435,0.978953648630592,0.9742503457762601,1.3729748514320708,1.2478114962410043,0.7593539103863,0.7961648288046496,2.0,2.0,128.22318590550742
14,right,RCA,0.5,leaf266,3,True,True,1.501282924615753,1.7969890432608453,1.190855270197178,1.79698904325963,0.9792887338948453,0.978953648630592,0.9742688442637913,1.3729748514320708,1.2478114962410043,0.7595451760061583,0.7961648288046496,2.0,2.0,128.22318590550742
14,right,RCA,0.5,apport,3,True,True,1.501282924615753,1.7969890432608453,1.190855270197178,1.7969890432588376,0.9792887338948514,0.978953648630592,0.9742600465294862,1.3729748514320708,1.2478114962410043,0.7594542054011666,0.7961648288046496,2.0,2.0,128.22318590550742
14,right,RCA,0.5,origin,3,True,True,1.501282924615753,1.7969890432608453,1.190855270197178,1.79698904325963,0.9792887338948453,0.978953648630592,0.974294087614921,1.3729748514320708,1.2478114962410043,0.7598062603594135,0.7961648288046496,2.0,2.0,128.22318590550742
14,right,RCA,0.5,length,3,True,True,1.501282924615753,1.7969890432608453,1.190855270197178,1.79698904325963,0.9792887338948476,0.978953648630592,0.9748465534967138,1.3729748514320708,1.2478114962410043,0.7655430937345231,0.7961648288046496,2.0,2.0,128.22318590550742
14,right,RCA,0.6,share,3,True,True,1.501282924615753,1.7969890432608453,1.190855270197178,1.7969890432588376,0.9792887338948573,0.978953648630592,0.9740669349978117,1.3729748514320708,1.2478114962410043,0.7574602258596773,0.7961648288046496,2.0,2.0,128.22318590550742
14,right,RCA,0.6,leaf3,3,True,True,1.501282924615753,1.7969890432608453,1.190855270197178,1.79698904325963,0.9792887338948412,0.978953648630592,0.9741277277099049,1.3729748514320708,1.2478114962410043,0.7580873558386495,0.7961648288046496,2.0,2.0,128.22318590550742
14,right,RCA,0.6,leaf266,3,True,True,1.501282924615753,1.7969890432608453,1.190855270197178,1.7969890432588376,0.9792887338948566,0.978953648630592,0.9741293269718226,1.3729748514320708,1.2478114962410043,0.7581038609268022,0.7961648288046496,2.0,2.0,128.22318590550742
14,right,RCA,0.6,apport,3,True,True,1.501282924615753,1.7969890432608453,1.190855270197178,1.7969890432588376,0.9792887338948523,0.978953648630592,0.9740993463278903,1.3729748514320708,1.2478114962410043,0.7577945097095402,0.7961648288046496,2.0,2.0,128.22318590550742
14,right,RCA,0.6,origin,3,True,True,1.501282924615753,1.7969890432608453,1.190855270197178,1.7969890432588376,0.9792887338948499,0.978953648630592,0.9740753246771021,1.3729748514320708,1.2478114962410043,0.7575467405285761,0.7961648288046496,2.0,2.0,128.22318590550742
14,right,RCA,0.6,length,3,True,True,1.501282924615753,1.7969890432622113,1.190855270197178,1.79698904325963,0.9792887338948407,0.978953648630592,0.9742441727507145,1.3729748514320708,1.2478114962410043,0.7592900952692971,0.7961648288046496,2.0,2.0,128.22318590550742
14,right,RCA,0.75,share,1,True,True,1.501282924615753,1.7969890432608453,1.190855270197178,1.79698904325963,0.9792887338948474,0.978953648630592,0.9737150923159057,1.3729748514320708,1.2478114962410043,0.7538413695584995,0.7961648288046496,0.0,2.0,113.97430755667982
14,right,RCA,0.75,leaf3,1,True,True,1.501282924615753,1.7969890432608453,1.190855270197178,1.79698904325963,0.9792887338948474,0.978953648630592,0.9737150923159057,1.3729748514320708,1.2478114962410043,0.7538413695584995,0.7961648288046496,0.0,2.0,113.97430755667982
14,right,RCA,0.75,leaf266,1,True,True,1.501282924615753,1.7969890432608453,1.190855270197178,1.79698904325963,0.9792887338948485,0.978953648630592,0.9737150923159057,1.3729748514320708,1.2478114962410043,0.7538413695584995,0.7961648288046496,0.0,2.0,113.97430755667982
14,right,RCA,0.75,apport,1,True,True,1.501282924615753,1.7969890432608453,1.190855270197178,1.79698904325963,0.9792887338948474,0.978953648630592,0.9737150923159057,1.3729748514320708,1.2478114962410043,0.7538413695584995,0.7961648288046496,0.0,2.0,113.97430755667982
14,right,RCA,0.75,origin,1,True,True,1.501282924615753,1.7969890432608453,1.190855270197178,1.79698904325963,0.9792887338948485,0.978953648630592,0.9737150923159057,1.3729748514320708,1.2478114962410043,0.7538413695584995,0.7961648288046496,0.0,2.0,113.97430755667982
14,right,RCA,0.75,length,1,True,True,1.501282924615753,1.7969890432608453,1.190855270197178,1.79698904325963,0.9792887338948485,0.978953648630592,0.9737150923159057,1.3729748514320708,1.2478114962410043,0.7538413695584995,0.7961648288046496,0.0,2.0,113.97430755667982
14,right,RCA,0.9,share,1,True,True,1.501282924615753,1.7969890432608453,1.190855270197178,1.79698904325963,0.979288733894849,0.978953648630592,0.9734792792973345,1.3729748514320708,1.2478114962410043,0.7514262713383808,0.7961648288046496,0.0,2.0,90.10767292711905
14,right,RCA,0.9,leaf3,1,True,True,1.501282924615753,1.7969890432608453,1.190855270197178,1.79698904325963,0.979288733894849,0.978953648630592,0.9734792792973345,1.3729748514320708,1.2478114962410043,0.7514262713383808,0.7961648288046496,0.0,2.0,90.10767292711905
14,right,RCA,0.9,leaf266,1,True,True,1.501282924615753,1.7969890432608453,1.190855270197178,1.79698904325963,0.979288733894849,0.978953648630592,0.9734792792973345,1.3729748514320708,1.2478114962410043,0.7514262713383808,0.7961648288046496,0.0,2.0,90.10767292711905
14,right,RCA,0.9,apport,1,True,True,1.501282924615753,1.7969890432608453,1.190855270197178,1.79698904325963,0.9792887338948465,0.978953648630592,0.9734792792973345,1.3729748514320708,1.2478114962410043,0.7514262713383808,0.7961648288046496,0.0,2.0,90.10767292711905
14,right,RCA,0.9,origin,1,True,True,1.501282924615753,1.7969890432608453,1.190855270197178,1.79698904325963,0.979288733894849,0.978953648630592,0.9734792792973345,1.3729748514320708,1.2478114962410043,0.7514262713383808,0.7961648288046496,0.0,2.0,90.10767292711905
14,right,RCA,0.9,length,1,True,True,1.501282924615753,1.7969890432608453,1.190855270197178,1.79698904325963,0.9792887338948465,0.978953648630592,0.973479279297332,1.3729748514320708,1.2478114962410043,0.7514262713383463,0.7961648288046496,0.0,2.0,90.10767292711905
14,right,RCA,1.0,share,1,True,True,1.501282924615753,1.7969890432608453,1.190855270197178,1.79698904325963,0.979288733894848,0.978953648630592,0.9735662176711725,1.3729748514320708,1.2478114962410043,0.7523156833732255,0.7961648288046496,0.0,2.0,70.05636005030271
14,right,RCA,1.0,leaf3,1,True,True,1.501282924615753,1.7969890432608453,1.190855270197178,1.79698904325963,0.979288733894848,0.978953648630592,0.9735662176711725,1.3729748514320708,1.2478114962410043,0.7523156833732255,0.7961648288046496,0.0,2.0,70.05636005030271
14,right,RCA,1.0,leaf266,1,True,True,1.501282924615753,1.7969890432608453,1.190855270197178,1.79698904325963,0.979288733894844,0.978953648630592,0.9735662176711725,1.3729748514320708,1.2478114962410043,0.7523156833732255,0.7961648288046496,0.0,2.0,70.05636005030271
14,right,RCA,1.0,apport,1,True,True,1.501282924615753,1.7969890432608453,1.190855270197178,1.79698904325963,0.979288733894848,0.978953648630592,0.9735662176711725,1.3729748514320708,1.2478114962410043,0.7523156833732255,0.7961648288046496,0.0,2.0,70.05636005030271
14,right,RCA,1.0,origin,1,True,True,1.501282924615753,1.7969890432608453,1.190855270197178,1.79698904325963,0.979288733894848,0.978953648630592,0.9735662176711725,1.3729748514320708,1.2478114962410043,0.7523156833732255,0.7961648288046496,0.0,2.0,70.05636005030271
14,right,RCA,1.0,length,1,True,True,1.501282924615753,1.7969890432608453,1.190855270197178,1.79698904325963,0.979288733894848,0.978953648630592,0.9735662176711755,1.3729748514320708,1.2478114962410043,0.7523156833732897,0.7961648288046496,0.0,2.0,70.05636005030271
30,right,RCA,0.5,share,4,True,True,3.1600103917086226,3.500097276254266,2.768740822332141,3.5000972762539573,0.9856843527830177,0.9800815225321919,0.9790197160246387,1.7659572755500328,1.6718227161970212,0.7498660390312845,0.7524249717706364,3.0,3.0,139.38834736762166
30,right,RCA,0.5,leaf3,4,True,True,3.1600103917086226,3.5000972762578284,2.768740822332141,3.500097276256513,0.9856843527830123,0.9800815225321919,0.9789376803411025,1.7659572755500328,1.6718227161970212,0.7487513718884716,0.7524249717706364,3.0,3.0,139.38834736762166
30,right,RCA,0.5,leaf266,4,True,True,3.1600103917086226,3.500097276261391,2.768740822332141,3.500097276261624,0.985684352782993,0.9800815225321919,0.9789396563685221,1.7659572755500328,1.6718227161970212,0.7487725414691059,0.7524249717706364,3.0,3.0,139.38834736762166
30,right,RCA,0.5,apport,4,True,True,3.1600103917086226,3.5000972762578284,2.768740822332141,3.500097276256513,0.9856843527830101,0.9800815225321919,0.9789375499808897,1.7659572755500328,1.6718227161970212,0.7487753181356894,0.7524249717706364,3.0,3.0,139.38834736762166
30,right,RCA,0.5,origin,4,True,True,3.1600103917086226,3.500097276250703,2.768740822332141,3.500097276251402,0.9856843527830328,0.9800815225321919,0.9796990848736108,1.7659572755500328,1.6718227161970212,0.7576324725165554,0.7524249717706364,3.0,3.0,139.38834736762166
30,right,RCA,0.5,length,4,True,True,3.1600103917086226,3.5000972762578284,2.768740822332141,3.500097276256513,0.9856843527830074,0.9800815225321919,0.978925018477981,1.7659572755500328,1.6718227161970212,0.7492104429184954,0.7524249717706364,3.0,3.0,139.38834736762166
30,right,RCA,0.6,share,4,True,True,3.1600103917086226,3.5000972762578284,2.768740822332141,3.500097276256513,0.9856843527830123,0.9800815225321919,0.9787354174199422,1.7659572755500328,1.6718227161970212,0.7462668137224006,0.7524249717706364,3.0,3.0,121.26144017334975
30,right,RCA,0.6,leaf3,4,True,True,3.1600103917086226,3.5000972762578284,2.768740822332141,3.500097276256513,0.9856843527830123,0.9800815225321919,0.9785767570215552,1.7659572755500328,1.6718227161970212,0.7441085190183151,0.7524249717706364,3.0,3.0,121.26144017334975
30,right,RCA,0.6,leaf266,4,True,True,3.1600103917086226,3.5000972762578284,2.768740822332141,3.500097276256513,0.9856843527830094,0.9800815225321919,0.978576904450342,1.7659572755500328,1.6718227161970212,0.7441099121180366,0.7524249717706364,3.0,3.0,121.26144017334975
30,right,RCA,0.6,apport,4,True,True,3.1600103917086226,3.5000972762578284,2.768740822332141,3.500097276256513,0.9856843527830113,0.9800815225321919,0.9785923464789216,1.7659572755500328,1.6718227161970212,0.7443590388378207,0.7524249717706364,3.0,3.0,121.26144017334975
30,right,RCA,0.6,origin,4,True,True,3.1600103917086226,3.5000972762578284,2.768740822332141,3.500097276256513,0.9856843527830048,0.9800815225321919,0.979308890364734,1.7659572755500328,1.6718227161970212,0.7524959235045724,0.7524249717706364,3.0,3.0,121.26144017334975
30,right,RCA,0.6,length,4,True,True,3.1600103917086226,3.5000972762578284,2.768740822332141,3.500097276256513,0.9856843527830051,0.9800815225321919,0.9786534307640556,1.7659572755500328,1.6718227161970212,0.7456611159867376,0.7524249717706364,3.0,3.0,121.26144017334975
30,right,RCA,0.75,share,3,True,True,3.1600103917086226,3.5000972762578284,2.768740822332141,3.500097276256513,0.9856843527830088,0.9800815225321919,0.9773550081595299,1.7659572755500328,1.6718227161970212,0.7283005454439382,0.7524249717706364,2.0,3.0,93.67595816413672
30,right,RCA,0.75,leaf3,3,True,True,3.1600103917086226,3.5000972762578284,2.768740822332141,3.500097276256513,0.9856843527830088,0.9800815225321919,0.9777986722842371,1.7659572755500328,1.6718227161970212,0.7333611566906757,0.7524249717706364,2.0,3.0,93.67595816413672
30,right,RCA,0.75,leaf266,3,True,True,3.1600103917086226,3.5000972762578284,2.768740822332141,3.500097276256513,0.9856843527830086,0.9800815225321919,0.9777986197857369,1.7659572755500328,1.6718227161970212,0.7333605119076565,0.7524249717706364,2.0,3.0,93.67595816413672
30,right,RCA,0.75,apport,3,True,True,3.1600103917086226,3.5000972762578284,2.768740822332141,3.500097276256513,0.9856843527830093,0.9800815225321919,0.9775109029545426,1.7659572755500328,1.6718227161970212,0.7300889627295587,0.7524249717706364,2.0,3.0,93.67595816413672
30,right,RCA,0.75,origin,3,True,True,3.1600103917086226,3.5000972762578284,2.768740822332141,3.500097276256513,0.9856843527830088,0.9800815225321919,0.9787057309331336,1.7659572755500328,1.6718227161970212,0.7438326240506034,0.7524249717706364,2.0,3.0,93.67595816413672
30,right,RCA,0.75,length,3,True,True,3.1600103917086226,3.5000972762578284,2.768740822332141,3.500097276256513,0.9856843527830094,0.9800815225321919,0.9772000276633482,1.7659572755500328,1.6718227161970212,0.7267028425999532,0.7524249717706364,2.0,3.0,93.67595816413672
30,right,RCA,0.9,share,2,True,True,3.1600103917086226,3.500097276261391,2.768740822332141,3.500097276261624,0.9856843527829926,0.9800815225321919,0.9769729609832789,1.7659572755500328,1.6718227161970212,0.723593801974996,0.7524249717706364,1.0,3.0,79.75007765942253
30,right,RCA,0.9,leaf3,2,True,True,3.1600103917086226,3.5000972762578284,2.768740822332141,3.500097276256513,0.9856843527830086,0.9800815225321919,0.9775409763536917,1.7659572755500328,1.6718227161970212,0.7294125263108867,0.7524249717706364,1.0,3.0,79.75007765942253
30,right,RCA,0.9,leaf266,2,True,True,3.1600103917086226,3.500097276254266,2.768740822332141,3.5000972762539573,0.9856843527830192,0.9800815225321919,0.9775653143307754,1.7659572755500328,1.6718227161970212,0.7296657907737518,0.7524249717706364,1.0,3.0,79.75007765942253
30,right,RCA,0.9,apport,2,True,True,3.1600103917086226,3.5000972762578284,2.768740822332141,3.500097276256513,0.9856843527830074,0.9800815225321919,0.9771251662683818,1.7659572755500328,1.6718227161970212,0.725139152361678,0.7524249717706364,1.0,3.0,79.75007765942253
30,right,RCA,0.9,origin,2,True,True,3.1600103917086226,3.5000972762578284,2.768740822332141,3.500097276256513,0.9856843527830076,0.9800815225321919,0.9775246298496262,1.7659572755500328,1.6718227161970212,0.7292426279499401,0.7524249717706364,1.0,3.0,79.75007765942253
30,right,RCA,0.9,length,2,True,True,3.1600103917086226,3.5000972762578284,2.768740822332141,3.500097276256513,0.9856843527830101,0.9800815225321919,0.9768838992877154,1.7659572755500328,1.6718227161970212,0.7226853295498056,0.7524249717706364,1.0,3.0,79.75007765942253
30,right,RCA,1.0,share,2,True,True,3.1600103917086226,3.5000972762578284,2.768740822332141,3.500097276256513,0.9856843527830098,0.9800815225321919,0.9768440993054524,1.7659572755500328,1.6718227161970212,0.7222697705638101,0.7524249717706364,1.0,3.0,78.50857463802268
30,right,RCA,1.0,leaf3,2,True,True,3.1600103917086226,3.500097276261391,2.768740822332141,3.5000972762590683,0.9856843527829984,0.9800815225321919,0.976835351256335,1.7659572755500328,1.6718227161970212,0.7221586589272371,0.7524249717706364,1.0,3.0,78.50857463802268
30,right,RCA,1.0,leaf266,2,True,True,3.1600103917086226,3.5000972762578284,2.768740822332141,3.500097276256513,0.9856843527830074,0.9800815225321919,0.9768353619092284,1.7659572755500328,1.6718227161970212,0.7221587942189527,0.7524249717706364,1.0,3.0,78.50857463802268
30,right,RCA,1.0,apport,2,True,True,3.1600103917086226,3.5000972762578284,2.768740822332141,3.500097276256513,0.9856843527830114,0.9800815225321919,0.9768407196389582,1.7659572755500328,1.6718227161970212,0.7222268417349332,0.7524249717706364,1.0,3.0,78.50857463802268
30,right,RCA,1.0,origin,2,True,True,3.1600103917086226,3.5000972762578284,2.768740822332141,3.500097276256513,0.9856843527830079,0.9800815225321919,0.9768372786198917,1.7659572755500328,1.6718227161970212,0.7221831370339361,0.7524249717706364,1.0,3.0,78.50857463802268
30,right,RCA,1.0,length,2,True,True,3.1600103917086226,3.5000972762578284,2.768740822332141,3.500097276256513,0.9856843527830088,0.9800815225321919,0.9768469221991739,1.7659572755500328,1.6718227161970212,0.7223056297798887,0.7524249717706364,1.0,3.0,78.50857463802268
41,right,RCA,0.5,share,2,True,True,1.909042140465903,2.5371949757307166,1.287865343437003,2.5371949757338697,0.977776350419513,0.9557009367911052,0.9568986458220575,1.4895750676023798,1.2805023323743643,0.7996946596333553,0.7717776571448421,1.0,1.0,123.30997098886183
41,right,RCA,0.5,leaf3,2,True,True,1.909042140465903,2.537194975728758,1.287865343437003,2.537194975733057,0.9777763504195198,0.9557009367911052,0.9474775381775771,1.4895750676023798,1.2805023323743643,0.7623600109842484,0.7717776571448421,1.0,1.0,123.30997098886183
41,right,RCA,0.5,leaf266,2,True,True,1.909042140465903,2.537194975728758,1.287865343437003,2.537194975732245,0.9777763504195224,0.9557009367911052,0.9475872250332906,1.4895750676023798,1.2805023323743643,0.7627640251520876,0.7717776571448421,1.0,1.0,123.30997098886183
41,right,RCA,0.5,apport,2,True,True,1.909042140465903,2.537194975728758,1.287865343437003,2.537194975731433,0.9777763504195335,0.9557009367911052,0.9498299970922377,1.4895750676023798,1.2805023323743643,0.7712016799799024,0.7717776571448421,1.0,1.0,123.30997098886183
41,right,RCA,0.5,origin,2,True,True,1.909042140465903,2.5371949757307166,1.287865343437003,2.5371949757338697,0.9777763504195135,0.9557009367911052,0.9568986458219515,1.4895750676023798,1.2805023323743643,0.7996946596335132,0.7717776571448421,1.0,1.0,123.30997098886183
41,right,RCA,0.5,length,2,True,True,1.909042140465903,2.5371949757307166,1.287865343437003,2.537194975734682,0.9777763504195064,0.9557009367911052,0.9543278948763825,1.4895750676023798,1.2805023323743643,0.7890162362781845,0.7717776571448421,1.0,1.0,123.30997098886183
41,right,RCA,0.6,share,2,True,True,1.909042140465903,2.5371949757307166,1.287865343437003,2.5371949757338697,0.977776350419513,0.9557009367911052,0.9573168437958507,1.4895750676023798,1.2805023323743643,0.8013628225771589,0.7717776571448421,1.0,1.0,119.2565818988036
41,right,RCA,0.6,leaf3,2,True,True,1.909042140465903,2.5371949757267993,1.287865343437003,2.5371949757306207,0.9777763504195415,0.9557009367911052,0.9482931311431786,1.4895750676023798,1.2805023323743643,0.765304312352688,0.7717776571448421,1.0,1.0,119.2565818988036
41,right,RCA,0.6,leaf266,2,True,True,1.909042140465903,2.537194975728758,1.287865343437003,2.537194975731433,0.9777763504195314,0.9557009367911052,0.9483282134902267,1.4895750676023798,1.2805023323743643,0.7654352871737955,0.7717776571448421,1.0,1.0,119.2565818988036
41,right,RCA,0.6,apport,2,True,True,1.909042140465903,2.537194975732675,1.287865343437003,2.537194975736306,0.9777763504194869,0.9557009367911052,0.9506399988503832,1.4895750676023798,1.2805023323743643,0.7742367962504833,0.7717776571448421,1.0,1.0,119.2565818988036
41,right,RCA,0.6,origin,2,True,True,1.909042140465903,2.5371949757307166,1.287865343437003,2.5371949757338697,0.9777763504195136,0.9557009367911052,0.9573168437960022,1.4895750676023798,1.2805023323743643,0.8013628225766105,0.7717776571448421,1.0,1.0,119.2565818988036
41,right,RCA,0.6,length,2,True,True,1.909042140465903,2.537194975728758,1.287865343437003,2.5371949757306207,0.9777763504195368,0.9557009367911052,0.9546710485903332,1.4895750676023798,1.2805023323743643,0.7903226984157375,0.7717776571448421,1.0,1.0,119.2565818988036
41,right,RCA,0.75,share,1,True,True,1.909042140465903,2.5371949757307166,1.287865343437003,2.5371949757338697,0.9777763504195138,0.9557009367911052,0.9677886751946397,1.4895750676023798,1.2805023323743643,0.8464766696015037,0.7717776571448421,0.0,1.0,97.04117237415814
41,right,RCA,0.75,leaf3,1,True,True,1.909042140465903,2.5371949757307166,1.287865343437003,2.5371949757338697,0.9777763504195138,0.9557009367911052,0.9677886751946397,1.4895750676023798,1.2805023323743643,0.8464766696015037,0.7717776571448421,0.0,1.0,97.04117237415814
41,right,RCA,0.75,leaf266,1,True,True,1.909042140465903,2.5371949757307166,1.287865343437003,2.5371949757338697,0.9777763504195138,0.9557009367911052,0.9677886751946397,1.4895750676023798,1.2805023323743643,0.8464766696015037,0.7717776571448421,0.0,1.0,97.04117237415814
41,right,RCA,0.75,apport,1,True,True,1.909042140465903,2.5371949757307166,1.287865343437003,2.5371949757338697,0.9777763504195128,0.9557009367911052,0.9677886751946397,1.4895750676023798,1.2805023323743643,0.8464766696015037,0.7717776571448421,0.0,1.0,97.04117237415814
41,right,RCA,0.75,origin,1,True,True,1.909042140465903,2.5371949757307166,1.287865343437003,2.5371949757338697,0.9777763504195128,0.9557009367911052,0.9677886751946397,1.4895750676023798,1.2805023323743643,0.8464766696015037,0.7717776571448421,0.0,1.0,97.04117237415814
41,right,RCA,0.75,length,1,True,True,1.909042140465903,2.5371949757307166,1.287865343437003,2.5371949757338697,0.9777763504195138,0.9557009367911052,0.967788675194653,1.4895750676023798,1.2805023323743643,0.8464766696012214,0.7717776571448421,0.0,1.0,97.04117237415814
41,right,RCA,0.9,share,1,True,True,1.909042140465903,2.5371949757307166,1.287865343437003,2.5371949757338697,0.9777763504195116,0.9557009367911052,0.9266709796316458,1.4895750676023798,1.2805023323743643,0.6910692299593343,0.7717776571448421,0.0,1.0,74.87918056277462
41,right,RCA,0.9,leaf3,1,True,True,1.909042140465903,2.5371949757307166,1.287865343437003,2.5371949757338697,0.9777763504195136,0.9557009367911052,0.9266709796316458,1.4895750676023798,1.2805023323743643,0.6910692299593343,0.7717776571448421,0.0,1.0,74.87918056277462
41,right,RCA,0.9,leaf266,1,True,True,1.909042140465903,2.5371949757307166,1.287865343437003,2.5371949757338697,0.9777763504195116,0.9557009367911052,0.9266709796316458,1.4895750676023798,1.2805023323743643,0.6910692299593343,0.7717776571448421,0.0,1.0,74.87918056277462
41,right,RCA,0.9,apport,1,True,True,1.909042140465903,2.5371949757307166,1.287865343437003,2.5371949757338697,0.9777763504195136,0.9557009367911052,0.9266709796316458,1.4895750676023798,1.2805023323743643,0.6910692299593343,0.7717776571448421,0.0,1.0,74.87918056277462
41,right,RCA,0.9,origin,1,True,True,1.909042140465903,2.5371949757307166,1.287865343437003,2.5371949757338697,0.9777763504195136,0.9557009367911052,0.9266709796316458,1.4895750676023798,1.2805023323743643,0.6910692299593343,0.7717776571448421,0.0,1.0,74.87918056277462
41,right,RCA,0.9,length,1,True,True,1.909042140465903,2.5371949757307166,1.287865343437003,2.5371949757338697,0.9777763504195116,0.9557009367911052,0.9266709796319963,1.4895750676023798,1.2805023323743643,0.6910692299593344,0.7717776571448421,0.0,1.0,74.87918056277462
41,right,RCA,1.0,share,1,True,True,1.909042140465903,2.5371949757307166,1.287865343437003,2.5371949757338697,0.9777763504195118,0.9557009367911052,0.9248830628261923,1.4895750676023798,1.2805023323743643,0.6855043270534478,0.7717776571448421,0.0,1.0,59.97552491967363
41,right,RCA,1.0,leaf3,1,True,True,1.909042140465903,2.5371949757307166,1.287865343437003,2.5371949757338697,0.9777763504195118,0.9557009367911052,0.9248830628261923,1.4895750676023798,1.2805023323743643,0.6855043270534478,0.7717776571448421,0.0,1.0,59.97552491967363
41,right,RCA,1.0,leaf266,1,True,True,1.909042140465903,2.5371949757307166,1.287865343437003,2.5371949757338697,0.9777763504195145,0.9557009367911052,0.9248830628261923,1.4895750676023798,1.2805023323743643,0.6855043270534478,0.7717776571448421,0.0,1.0,59.97552491967363
41,right,RCA,1.0,apport,1,True,True,1.909042140465903,2.5371949757307166,1.287865343437003,2.5371949757338697,0.9777763504195145,0.9557009367911052,0.9248830628261923,1.4895750676023798,1.2805023323743643,0.6855043270534478,0.7717776571448421,0.0,1.0,59.97552491967363
41,right,RCA,1.0,origin,1,True,True,1.909042140465903,2.5371949757307166,1.287865343437003,2.5371949757338697,0.9777763504195118,0.9557009367911052,0.9248830628261923,1.4895750676023798,1.2805023323743643,0.6855043270534478,0.7717776571448421,0.0,1.0,59.97552491967363
41,right,RCA,1.0,length,1,True,True,1.909042140465903,2.5371949757307166,1.287865343437003,2.5371949757338697,0.9777763504195145,0.9557009367911052,0.9248830628261923,1.4895750676023798,1.2805023323743643,0.6855043270534499,0.7717776571448421,0.0,1.0,59.97552491967363
42,right,RCA,0.5,share,3,True,True,0.9172122439406893,0.9755667821675086,0.8503012359587081,0.9755667821647238,0.9790290976697047,0.9767950622843767,0.9757307960242015,1.1630241354475572,1.1145685764549413,0.8138171146795273,0.8204584939007193,2.0,2.0,136.0903833761956
42,right,RCA,0.5,leaf3,3,True,True,0.9172122439406893,0.9755667821686045,0.8503012359587081,0.9755667821660938,0.9790290976696768,0.9767950622843767,0.975319384119753,1.1630241354475572,1.1145685764549413,0.8102815533118769,0.8204584939007193,2.0,2.0,136.0903833761956
42,right,RCA,0.5,leaf266,3,True,True,0.9172122439406893,0.9755667821675086,0.8503012359587081,0.9755667821647238,0.979029097669705,0.9767950622843767,0.9753258317209471,1.1630241354475572,1.1145685764549413,0.8103393453887383,0.8204584939007193,2.0,2.0,136.0903833761956
42,right,RCA,0.5,apport,3,True,True,0.9172122439406893,0.9755667821680567,0.8503012359587081,0.9755667821651806,0.9790290976696951,0.9767950622843767,0.9754829462497324,1.1630241354475572,1.1145685764549413,0.8116880064572347,0.8204584939007193,2.0,2.0,136.0903833761956
42,right,RCA,0.5,origin,3,True,True,0.9172122439406893,0.9755667821675086,0.8503012359587081,0.9755667821647238,0.9790290976697044,0.9767950622843767,0.9760125809350736,1.1630241354475572,1.1145685764549413,0.8162390019084821,0.8204584939007193,2.0,2.0,136.0903833761956
42,right,RCA,0.5,length,3,True,True,0.9172122439406893,0.9755667821675086,0.8503012359587081,0.9755667821647238,0.9790290976697044,0.9767950622843767,0.9754325160876148,1.1630241354475572,1.1145685764549413,0.8113524328848896,0.8204584939007193,2.0,2.0,136.0903833761956
42,right,RCA,0.6,share,3,True,True,0.9172122439406893,0.9755667821691525,0.8503012359587081,0.9755667821665506,0.9790290976696646,0.9767950622843767,0.9756990495069111,1.1630241354475572,1.1145685764549413,0.8135372721885162,0.8204584939007193,2.0,2.0,136.0903833761956
42,right,RCA,0.6,leaf3,3,True,True,0.9172122439406893,0.9755667821675086,0.8503012359587081,0.9755667821647238,0.9790290976697036,0.9767950622843767,0.9752374630876615,1.1630241354475572,1.1145685764549413,0.8095670517866654,0.8204584939007193,2.0,2.0,136.0903833761956
42,right,RCA,0.6,leaf266,3,True,True,0.9172122439406893,0.9755667821675086,0.8503012359587081,0.9755667821647238,0.9790290976697036,0.9767950622843767,0.9752426583870422,1.1630241354475572,1.1145685764549413,0.8096124043601778,0.8204584939007193,2.0,2.0,136.0903833761956
42,right,RCA,0.6,apport,3,True,True,0.9172122439406893,0.9755667821675086,0.8503012359587081,0.9755667821647238,0.9790290976696973,0.9767950622843767,0.9754295381753861,1.1630241354475572,1.1145685764549413,0.8112203171000405,0.8204584939007193,2.0,2.0,136.0903833761956
42,right,RCA,0.6,origin,3,True,True,0.9172122439406893,0.9755667821669608,0.8503012359587081,0.9755667821642671,0.9790290976697092,0.9767950622843767,0.9759886387406371,1.1630241354475572,1.1145685764549413,0.8160298480409915,0.8204584939007193,2.0,2.0,136.0903833761956
42,right,RCA,0.6,length,3,True,True,0.9172122439406893,0.9755667821675086,0.8503012359587081,0.9755667821647238,0.9790290976697045,0.9767950622843767,0.9752338396334183,1.1630241354475572,1.1145685764549413,0.8095715860847909,0.8204584939007193,2.0,2.0,136.0903833761956
42,right,RCA,0.75,share,2,True,True,0.9172122439406893,0.9755667821675086,0.8503012359587081,0.9755667821647238,0.9790290976697003,0.9767950622843767,0.9755159430597601,1.1630241354475572,1.1145685764549413,0.8118590931663551,0.8204584939007193,1.0,2.0,121.12669546937315
42,right,RCA,0.75,leaf3,2,True,True,0.9172122439406893,0.9755667821675086,0.8503012359587081,0.9755667821647238,0.9790290976696995,0.9767950622843767,0.9755566921754344,1.1630241354475572,1.1145685764549413,0.8122048788038361,0.8204584939007193,1.0,2.0,121.12669546937315
42,right,RCA,0.75,leaf266,2,True,True,0.9172122439406893,0.9755667821669608,0.8503012359587081,0.9755667821638104,0.9790290976697181,0.9767950622843767,0.9755556395126166,1.1630241354475572,1.1145685764549413,0.8121959470305802,0.8204584939007193,1.0,2.0,121.12669546937315
42,right,RCA,0.75,apport,2,True,True,0.9172122439406893,0.9755667821664128,0.8503012359587081,0.9755667821638104,0.9790290976697231,0.9767950622843767,0.9755289023303756,1.1630241354475572,1.1145685764549413,0.8119690695326764,0.8204584939007193,1.0,2.0,121.12669546937315
42,right,RCA,0.75,origin,2,True,True,0.9172122439406893,0.9755667821664128,0.8503012359587081,0.9755667821638104,0.9790290976697255,0.9767950622843767,0.9761828021698773,1.1630241354475572,1.1145685764549413,0.8175181033401576,0.8204584939007193,1.0,2.0,121.12669546937315
42,right,RCA,0.75,length,2,True,True,0.9172122439406893,0.9755667821669608,0.8503012359587081,0.9755667821642671,0.979029097669715,0.9767950622843767,0.9757843328810006,1.1630241354475572,1.1145685764549413,0.8141359213763342,0.8204584939007193,1.0,2.0,121.12669546937315
42,right,RCA,0.9,share,2,True,True,0.9172122439406893,0.9755667821680567,0.8503012359587081,0.9755667821651806,0.979029097669696,0.9767950622843767,0.9748830190340525,1.1630241354475572,1.1145685764549413,0.8064026313474241,0.8204584939007193,1.0,2.0,108.10318867517378
42,right,RCA,0.9,leaf3,2,True,True,0.9172122439406893,0.9755667821675086,0.8503012359587081,0.9755667821647238,0.9790290976697053,0.9767950622843767,0.9748855798867561,1.1630241354475572,1.1145685764549413,0.8064230402904072,0.8204584939007193,1.0,2.0,108.10318867517378
42,right,RCA,0.9,leaf266,2,True,True,0.9172122439406893,0.9755667821675086,0.8503012359587081,0.9755667821647238,0.9790290976697006,0.9767950622843767,0.9748856806491375,1.1630241354475572,1.1145685764549413,0.8064238430916284,0.8204584939007193,1.0,2.0,108.10318867517378
42,right,RCA,0.9,apport,2,True,True,0.9172122439406893,0.9755667821669608,0.8503012359587081,0.9755667821642671,0.9790290976697088,0.9767950622843767,0.974883835472685,1.1630241354475572,1.1145685764549413,0.8064091392841692,0.8204584939007193,1.0,2.0,108.10318867517378
42,right,RCA,0.9,origin,2,True,True,0.9172122439406893,0.9755667821669608,0.8503012359587081,0.9755667821638104,0.9790290976697167,0.9767950622843767,0.9748830190340525,1.1630241354475572,1.1145685764549413,0.8064026313474241,0.8204584939007193,1.0,2.0,108.10318867517378
42,right,RCA,0.9,length,2,True,True,0.9172122439406893,0.9755667821675086,0.8503012359587081,0.9755667821642671,0.9790290976697077,0.9767950622843767,0.9748279722489276,1.1630241354475572,1.1145685764549413,0.8059590453238148,0.8204584939007193,1.0,2.0,108.10318867517378
42,right,RCA,1.0,share,1,True,True,0.9172122439406893,0.9755667821675086,0.8503012359587081,0.9755667821647238,0.9790290976697045,0.9767950622843767,0.9747631770475476,1.1630241354475572,1.1145685764549413,0.8053799470558847,0.8204584939007193,0.0,2.0,79.69123677179792
42,right,RCA,1.0,leaf3,1,True,True,0.9172122439406893,0.9755667821675086,0.8503012359587081,0.9755667821647238,0.9790290976696985,0.9767950622843767,0.9747631770475411,1.1630241354475572,1.1145685764549413,0.8053799470557819,0.8204584939007193,0.0,2.0,79.69123677179792
42,right,RCA,1.0,leaf266,1,True,True,0.9172122439406893,0.9755667821675086,0.8503012359587081,0.9755667821647238,0.9790290976697045,0.9767950622843767,0.9747631770475476,1.1630241354475572,1.1145685764549413,0.8053799470558847,0.8204584939007193,0.0,2.0,79.69123677179792
42,right,RCA,1.0,apport,1,True,True,0.9172122439406893,0.9755667821675086,0.8503012359587081,0.9755667821647238,0.9790290976697045,0.9767950622843767,0.9747631770475476,1.1630241354475572,1.1145685764549413,0.8053799470558847,0.8204584939007193,0.0,2.0,79.69123677179792
42,right,RCA,1.0,origin,1,True,True,0.9172122439406893,0.9755667821675086,0.8503012359587081,0.9755667821647238,0.9790290976697045,0.9767950622843767,0.9747631770475476,1.1630241354475572,1.1145685764549413,0.8053799470558847,0.8204584939007193,0.0,2.0,79.69123677179792
42,right,RCA,1.0,length,1,True,True,0.9172122439406893,0.9755667821675086,0.8503012359587081,0.9755667821647238,0.9790290976697045,0.9767950622843767,0.9747631770475476,1.1630241354475572,1.1145685764549413,0.8053799470558847,0.8204584939007193,0.0,2.0,79.69123677179792
43,left,LAD,0.5,share,8,True,True,1.3875775302350095,1.7458259640370526,0.6376271516204944,1.1098847249158323,0.9836858218067044,0.9826081785589644,0.9804892018405866,1.519433166881826,1.2398982202672792,0.8334695945033904,0.8583846184821088,1.0,1.0,121.44410439843469
43,left,LCX,0.5,share,8,True,True,1.4554790210134438,1.914130135691628,1.0641523565547295,1.3983833699910746,0.9756516541869846,0.9806545034372354,0.9759597875967849,1.3860172962238688,1.1461992144355884,0.7562358510358971,0.8180729234834703,4.0,4.0,136.06426555029694
43,left,LAD,0.5,leaf3,8,True,True,1.3875775302350095,1.3274413740554725,0.6376271516204944,0.9716491083824584,0.9864628929585728,0.9826081785589644,0.9839264817534277,1.519433166881826,1.2398982202672792,0.8820526919800823,0.8583846184821088,1.0,1.0,121.44410439843469
43,left,LCX,0.5,leaf3,8,True,True,1.4554790210134438,2.343992847709175,1.0641523565547295,1.859784961942959,0.9702383805242497,0.9806545034372354,0.9706594668725118,1.3860172962238688,1.1461992144355884,0.6982089840223225,0.8180729234834703,4.0,4.0,136.06426555029694
43,left,LAD,0.5,leaf266,8,True,True,1.3875775302350095,1.2879153954669926,0.6376271516204944,0.9138720962938638,0.9868902972515159,0.9826081785589644,0.9842852529131602,1.519433166881826,1.2398982202672792,0.8852844441590245,0.8583846184821088,1.0,1.0,121.44410439843469
43,left,LCX,0.5,leaf266,8,True,True,1.4554790210134438,2.364387647201174,1.0641523565547295,1.8720895258293748,0.9700161379909925,0.9806545034372354,0.9704477445055356,1.3860172962238688,1.1461992144355884,0.6958398561135392,0.8180729234834703,4.0,4.0,136.06426555029694
43,left,LAD,0.5,apport,8,True,True,1.3875775302350095,1.8604007619105503,0.6376271516204944,1.249866118008467,0.9825378767294082,0.9826081785589644,0.979581301239812,1.519433166881826,1.2398982202672792,0.8242003321730236,0.8583846184821088,1.0,1.0,121.44410439843469
43,left,LCX,0.5,apport,8,True,True,1.4554790210134438,1.8013297916618045,1.0641523565547295,1.501742825081544,0.9762623561179947,0.9806545034372354,0.9766393972706283,1.3860172962238688,1.1461992144355884,0.7704511863314374,0.8180729234834703,4.0,4.0,136.06426555029694
43,left,LAD,0.5,origin,8,True,True,1.3875775302350095,1.8899678644549676,0.6376271516204944,1.199773505023368,0.982522044536502,0.9826081785589644,0.9792823622756213,1.519433166881826,1.2398982202672792,0.8184620056381698,0.8583846184821088,1.0,1.0,121.44410439843469
43,left,LCX,0.5,origin,8,True,True,1.4554790210134438,1.584871208682383,1.0641523565547295,1.2547944660028751,0.9790409340880788,0.9806545034372354,0.9793492105666121,1.3860172962238688,1.1461992144355884,0.8024890687982541,0.8180729234834703,4.0,4.0,136.06426555029694
43,left,LAD,0.5,length,8,True,True,1.3875775302350095,1.6925974538820827,0.6376271516204944,1.2049574747482774,0.9836566369255473,0.9826081785589644,0.9810295905478198,1.519433166881826,1.2398982202672792,0.8439077245192852,0.8583846184821088,1.0,1.0,121.44410439843469
43,left,LCX,0.5,length,8,True,True,1.4554790210134438,2.1505042898953186,1.0641523565547295,1.916486795590812,0.97172104393727,0.9806545034372354,0.9734685993306376,1.3860172962238688,1.1461992144355884,0.7349494896026608,0.8180729234834703,4.0,4.0,136.06426555029694
43,left,LAD,0.6,share,8,True,True,1.3875775302350095,1.74350328732148,0.6376271516204944,1.0936137318772612,0.9837608819083389,0.9826081785589644,0.9805258368600857,1.519433166881826,1.2398982202672792,0.8334095843774975,0.8583846184821088,1.0,1.0,121.44410439843469
43,left,LCX,0.6,share,8,True,True,1.4554790210134438,1.919010688994351,1.0641523565547295,1.408005333543093,0.9755743775867981,0.9806545034372354,0.9758692926070254,1.3860172962238688,1.1461992144355884,0.7553500291315632,0.8180729234834703,4.0,4.0,103.80091425971933
43,left,LAD,0.6,leaf3,8,True,True,1.3875775302350095,1.285648113574914,0.6376271516204944,0.8229731125819949,0.9872253263021362,0.9826081785589644,0.9843875485877727,1.519433166881826,1.2398982202672792,0.8832342885216191,0.8583846184821088,1.0,1.0,121.44410439843469
43,left,LCX,0.6,leaf3,8,True,True,1.4554790210134438,2.2759183107940726,1.0641523565547295,1.8200418936435263,0.97097540003144,0.9806545034372354,0.9715170368875998,1.3860172962238688,1.1461992144355884,0.7082912537000062,0.8180729234834703,4.0,4.0,103.80091425971933
43,left,LAD,0.6,leaf266,8,True,True,1.3875775302350095,1.2534859679989543,0.6376271516204944,0.7830286126992891,0.9875482630586302,0.9826081785589644,0.984700397059817,1.519433166881826,1.2398982202672792,0.8863026886812961,0.8583846184821088,1.0,1.0,121.44410439843469
43,left,LCX,0.6,leaf266,8,True,True,1.4554790210134438,2.300607324739359,1.0641523565547295,1.8366400199593942,0.9707002194815648,0.9806545034372354,0.9712490895967738,1.3860172962238688,1.1461992144355884,0.7052326789560881,0.8180729234834703,4.0,4.0,103.80091425971933
43,left,LAD,0.6,apport,8,True,True,1.3875775302350095,1.8592991361691407,0.6376271516204944,1.169441906845452,0.9828470090873114,0.9826081785589644,0.9795890975768551,1.519433166881826,1.2398982202672792,0.821479240759839,0.8583846184821088,1.0,1.0,121.44410439843469
43,left,LCX,0.6,apport,8,True,True,1.4554790210134438,1.7911040255988129,1.0641523565547295,1.4995745366408144,0.9763593499396009,0.9806545034372354,0.9767979488664991,1.3860172962238688,1.1461992144355884,0.7727210634740244,0.8180729234834703,4.0,4.0,103.80091425971933
43,left,LAD,0.6,origin,8,True,True,1.3875775302350095,1.8901655031468008,0.6376271516204944,1.1824143062007992,0.9825872853326338,0.9826081785589644,0.9792965926249999,1.519433166881826,1.2398982202672792,0.8180364411564621,0.8583846184821088,1.0,1.0,121.44410439843469
43,left,LCX,0.6,origin,8,True,True,1.4554790210134438,1.5855861575002645,1.0641523565547295,1.259455436883088,0.979017882186068,0.9806545034372354,0.9793101078266093,1.3860172962238688,1.1461992144355884,0.8021559629191862,0.8180729234834703,4.0,4.0,103.80091425971933
43,left,LAD,0.6,length,8,True,True,1.3875775302350095,1.6217460741770586,0.6376271516204944,1.1468258246570364,0.984261207777839,0.9826081785589644,0.9816135214659149,1.519433166881826,1.2398982202672792,0.8508536921165879,0.8583846184821088,1.0,1.0,121.44410439843469
43,left,LCX,0.6,length,8,True,True,1.4554790210134438,2.231670027948368,1.0641523565547295,2.0101094585363146,0.9706754619502173,0.9806545034372354,0.9726424403004055,1.3860172962238688,1.1461992144355884,0.7260376160508687,0.8180729234834703,4.0,4.0,103.80091425971933
43,left,LAD,0.75,share,7,True,True,1.3875775302350095,1.730144243974064,0.6376271516204944,1.0732238685029625,0.9839117822326814,0.9826081785589644,0.9804888460032565,1.519433166881826,1.2398982202672792,0.8330140267719346,0.8583846184821088,1.0,1.0,120.62078308590375
43,left,LCX,0.75,share,7,True,True,1.4554790210134438,1.938319520456654,1.0641523565547295,1.4251076971385965,0.9753442937403632,0.9806545034372354,0.9751888410611622,1.3860172962238688,1.1461992144355884,0.7474490406175525,0.8180729234834703,3.0,4.0,54.90673340751413
43,left,LAD,0.75,leaf3,7,True,True,1.3875775302350095,1.1488881229336283,0.6376271516204944,0.5530024696251926,0.9889568628703306,0.9826081785589644,0.9858794355843729,1.519433166881826,1.2398982202672792,0.894607074199765,0.8583846184821088,1.0,1.0,120.62078308590375
43,left,LCX,0.75,leaf3,7,True,True,1.4554790210134438,2.2917613932425676,1.0641523565547295,1.706222917772527,0.9712479205189708,0.9806545034372354,0.9710258507672621,1.3860172962238688,1.1461992144355884,0.6998538380047142,0.8180729234834703,3.0,4.0,54.90673340751413
43,left,LAD,0.75,leaf266,7,True,True,1.3875775302350095,1.1493006189367292,0.6376271516204944,0.55405399469749,0.9889507340586169,0.9826081785589644,0.9858735429174452,1.519433166881826,1.2398982202672792,0.8945687884022118,0.8583846184821088,1.0,1.0,120.62078308590375
43,left,LCX,0.75,leaf266,7,True,True,1.4554790210134438,2.2917010498399186,1.0641523565547295,1.705698557758601,0.9712503386872309,0.9806545034372354,0.9710284462229747,1.3860172962238688,1.1461992144355884,0.6998676755222717,0.8180729234834703,3.0,4.0,54.90673340751413
43,left,LAD,0.75,apport,7,True,True,1.3875775302350095,1.8597635145171374,0.6376271516204944,1.0403251543676704,0.9833327833660301,0.9826081785589644,0.9794621013684608,1.519433166881826,1.2398982202672792,0.8156941300725369,0.8583846184821088,1.0,1.0,120.62078308590375
43,left,LCX,0.75,apport,7,True,True,1.4554790210134438,1.7782500608765728,1.0641523565547295,1.4571170242600022,0.9766246312146496,0.9806545034372354,0.9765389222772562,1.3860172962238688,1.1461992144355884,0.7692203028495795,0.8180729234834703,3.0,4.0,54.90673340751413
43,left,LAD,0.75,origin,7,True,True,1.3875775302350095,1.9618647725961675,0.6376271516204944,1.2097408436863801,0.9820925790304041,0.9826081785589644,0.9785543100108023,1.519433166881826,1.2398982202672792,0.8083989417207667,0.8583846184821088,1.0,1.0,120.62078308590375
43,left,LCX,0.75,origin,7,True,True,1.4554790210134438,1.4924824316513066,1.0641523565547295,1.1520267199354748,0.9802173795256774,0.9806545034372354,0.9801892497816006,1.3860172962238688,1.1461992144355884,0.8126533035324294,0.8180729234834703,3.0,4.0,54.90673340751413
43,left,LAD,0.75,length,7,True,True,1.3875775302350095,1.6354777715152438,0.6376271516204944,1.148901011408933,0.9841793588340858,0.9826081785589644,0.9812774556891403,1.519433166881826,1.2398982202672792,0.847684322667856,0.8583846184821088,1.0,1.0,120.62078308590375
43,left,LCX,0.75,length,7,True,True,1.4554790210134438,2.217274413147584,1.0641523565547295,1.993113117562227,0.9708623192079597,0.9806545034372354,0.9709376706853716,1.3860172962238688,1.1461992144355884,0.7082000705460725,0.8180729234834703,3.0,4.0,54.90673340751413
43,left,LAD,0.9,share,4,True,True,1.3875775302350095,1.7775250212015343,0.6376271516204944,1.1259615415399404,0.9834582784368205,0.9826081785589644,0.978115755270036,1.519433166881826,1.2398982202672792,0.8100035889602674,0.8583846184821088,1.0,1.0,89.45259629682049
43,left,LCX,0.9,share,4,True,True,1.4554790210134438,1.8980016424746857,1.0641523565547295,1.8980016424766193,0.9739896048891798,0.9806545034372354,0.9739785013875868,1.3860172962238688,1.1461992144355884,0.7500053047114289,0.8180729234834703,0.0,4.0,35.02786260661403
43,left,LAD,0.9,leaf3,4,True,True,1.3875775302350095,1.9617843699539408,0.6376271516204944,0.9552786638163163,0.9829483380277239,0.9826081785589644,0.9771374415452376,1.519433166881826,1.2398982202672792,0.7875047099862998,0.8583846184821088,1.0,1.0,89.45259629682049
43,left,LCX,0.9,leaf3,4,True,True,1.4554790210134438,1.048417060694035,1.0641523565547295,1.0484170606944765,0.9844635395070579,0.9806545034372354,0.9844881278351658,1.3860172962238688,1.1461992144355884,0.878935082329344,0.8180729234834703,0.0,4.0,35.02786260661403
43,left,LAD,0.9,leaf266,4,True,True,1.3875775302350095,1.9650006406048164,0.6376271516204944,0.9573110628511761,0.9829232361073084,0.9826081785589644,0.9771036228090693,1.519433166881826,1.2398982202672792,0.7871091667785403,0.8583846184821088,1.0,1.0,89.45259629682049
43,left,LCX,0.9,leaf266,4,True,True,1.4554790210134438,1.044866381724588,1.0641523565547295,1.0448663817231658,0.9845073133468542,0.9806545034372354,0.9845320814123947,1.3860172962238688,1.1461992144355884,0.8794763220171457,0.8180729234834703,0.0,4.0,35.02786260661403
43,left,LAD,0.9,apport,4,True,True,1.3875775302350095,2.239947697301821,0.6376271516204944,1.2691449905347252,0.980392170067147,0.9826081785589644,0.9738345805533917,1.519433166881826,1.2398982202672792,0.7539232192448613,0.8583846184821088,1.0,1.0,89.45259629682049
43,left,LCX,0.9,apport,4,True,True,1.4554790210134438,1.2922942047854364,1.0641523565547295,1.2922942047857322,0.9814569486192635,0.9806545034372354,0.9814839668591114,1.3860172962238688,1.1461992144355884,0.8413305628407636,0.8180729234834703,0.0,4.0,35.02786260661403
43,left,LAD,0.9,origin,4,True,True,1.3875775302350095,2.1997935381435405,0.6376271516204944,1.3863183707481468,0.9801312784359273,0.9826081785589644,0.9736657735407466,1.519433166881826,1.2398982202672792,0.7584850492863119,0.8583846184821088,1.0,1.0,89.45259629682049
43,left,LCX,0.9,origin,4,True,True,1.4554790210134438,1.2120679202737625,1.0641523565547295,1.212067920277816,0.9824460024187609,0.9806545034372354,0.9824757107281926,1.3860172962238688,1.1461992144355884,0.8537618595661794,0.8180729234834703,0.0,4.0,35.02786260661403
43,left,LAD,0.9,length,4,True,True,1.3875775302350095,1.907866584701044,0.6376271516204944,1.362627211668132,0.981896797255813,0.9826081785589644,0.9762114247385579,1.519433166881826,1.2398982202672792,0.7938445789501949,0.8583846184821088,1.0,1.0,89.45259629682049
43,left,LCX,0.9,length,4,True,True,1.4554790210134438,1.9231437236310904,1.0641523565547295,1.923143723637915,0.9736796457399224,0.9806545034372354,0.9736737764760007,1.3860172962238688,1.1461992144355884,0.7464074919090796,0.8180729234834703,0.0,4.0,35.02786260661403
43,left,LAD,1.0,share,3,True,True,1.3875775302350095,2.143673584586791,0.6376271516204944,1.3645903182892274,0.9806768996107806,0.9826081785589644,0.9741718313264724,1.519433166881826,1.2398982202672792,0.7629587634836816,0.8583846184821088,1.0,1.0,69.1581941936894
43,left,LCX,1.0,share,3,True,True,1.4554790210134438,1.9015509463553715,1.0641523565547295,1.9015509463512414,0.9739458480019787,0.9806545034372354,0.9739519149900113,1.3860172962238688,1.1461992144355884,0.7496836562266618,0.8180729234834703,0.0,4.0,32.008296775425286
43,left,LAD,1.0,leaf3,3,True,True,1.3875775302350095,2.654516773401069,0.6376271516204944,1.2947075454876675,0.9781980774271946,0.9826081785589644,0.9702890653385553,1.519433166881826,1.2398982202672792,0.7040872714003582,0.8583846184821088,1.0,1.0,69.1581941936894
43,left,LCX,1.0,leaf3,3,True,True,1.4554790210134438,1.3907077575563576,1.0641523565547295,1.390707757556711,0.9802436766986782,0.9806545034372354,0.9802694781316345,1.3860172962238688,1.1461992144355884,0.8261977056774653,0.8180729234834703,0.0,4.0,32.008296775425286
43,left,LAD,1.0,leaf266,3,True,True,1.3875775302350095,2.657992705885575,0.6376271516204944,1.2970741184391905,0.9781703936466561,0.9826081785589644,0.9702518265023999,1.519433166881826,1.2398982202672792,0.7037085554432464,0.8583846184821088,1.0,1.0,69.1581941936894
43,left,LCX,1.0,leaf266,3,True,True,1.4554790210134438,1.3872318250524642,1.0641523565547295,1.3872318250541718,0.9802865290415157,0.9806545034372354,0.9803124993528095,1.3860172962238688,1.1461992144355884,0.8267343613000477,0.8180729234834703,0.0,4.0,32.008296775425286
43,left,LAD,1.0,apport,3,True,True,1.3875775302350095,2.582770107534039,0.6376271516204944,1.4645023596450109,0.9779373282512853,0.9826081785589644,0.9702219740513862,1.519433166881826,1.2398982202672792,0.7120263127718125,0.8583846184821088,1.0,1.0,69.1581941936894
43,left,LCX,1.0,apport,3,True,True,1.4554790210134438,1.4624544233970884,1.0641523565547295,1.4624544233965429,0.9793591621921754,0.9806545034372354,0.9793852837032269,1.3860172962238688,1.1461992144355884,0.8151509003248251,0.8180729234834703,0.0,4.0,32.008296775425286
43,left,LAD,1.0,origin,3,True,True,1.3875775302350095,2.6224532142616863,0.6376271516204944,1.6632791038266836,0.9769675511753156,0.9826081785589644,0.9691578188414535,1.519433166881826,1.2398982202672792,0.7078576517912273,0.8583846184821088,1.0,1.0,69.1581941936894
43,left,LCX,1.0,origin,3,True,True,1.4554790210134438,1.4227713166897802,1.0641523565547295,1.4227713166966474,0.9798483874841385,0.9806545034372354,0.9798804036101587,1.3860172962238688,1.1461992144355884,0.8212583676062313,0.8180729234834703,0.0,4.0,32.008296775425286
43,left,LAD,1.0,length,3,True,True,1.3875775302350095,2.0320450676378186,0.6376271516204944,1.4616137842673107,0.9809074110106447,0.9826081785589644,0.9747186311108468,1.519433166881826,1.2398982202672792,0.7767267842596701,0.8583846184821088,1.0,1.0,69.1581941936894
43,left,LCX,1.0,length,3,True,True,1.4554790210134438,2.0131794633001037,1.0641523565547295,2.0131794633168862,0.9725696580225953,0.9806545034372354,0.9725728238162643,1.3860172962238688,1.1461992144355884,0.7338715959686927,0.8180729234834703,0.0,4.0,32.008296775425286
43,right,RCA,0.5,share,3,True,True,1.11936608600116,1.3514677346677666,0.8712176566074031,1.3514677346761759,0.9775752664424167,0.9826412757104327,0.9782980457213807,1.2519738959503874,1.1408938592316162,0.7753940048392658,0.8178659273201992,2.0,2.0,101.89019726945119
43,right,RCA,0.5,leaf3,3,True,True,1.11936608600116,1.3514677346677666,0.8712176566074031,1.3514677346767419,0.9775752664424144,0.9826412757104327,0.9783022100724462,1.2519738959503874,1.1408938592316162,0.7754426718205664,0.8178659273201992,2.0,2.0,101.89019726945119
43,right,RCA,0.5,leaf266,3,True,True,1.11936608600116,1.3514677346677666,0.8712176566074031,1.3514677346761759,0.9775752664424154,0.9826412757104327,0.9783021590948844,1.2519738959503874,1.1408938592316162,0.7754420760501747,0.8178659273201992,2.0,2.0,101.89019726945119
43,right,RCA,0.5,apport,3,True,True,1.11936608600116,1.3514677346677666,0.8712176566074031,1.3514677346761759,0.9775752664424181,0.9826412757104327,0.9782980854195484,1.2519738959503874,1.1408938592316162,0.7753944687608907,0.8178659273201992,2.0,2.0,101.89019726945119
43,right,RCA,0.5,origin,3,True,True,1.11936608600116,1.3514677346677666,0.8712176566074031,1.3514677346767419,0.9775752664424119,0.9826412757104327,0.9782887584747623,1.2519738959503874,1.1408938592316162,0.7752854788907039,0.8178659273201992,2.0,2.0,101.89019726945119
43,right,RCA,0.5,length,3,True,True,1.11936608600116,1.3514677346677666,0.8712176566074031,1.3514677346761759,0.9775752664424157,0.9826412757104327,0.9784809301767183,1.2519738959503874,1.1408938592316162,0.7775339258342744,0.8178659273201992,2.0,2.0,101.89019726945119
43,right,RCA,0.6,share,3,True,True,1.11936608600116,1.3514677346677666,0.8712176566074031,1.3514677346767419,0.977575266442415,0.9826412757104327,0.9781739005591712,1.2519738959503874,1.1408938592316162,0.7739444677567708,0.8178659273201992,2.0,2.0,98.2486631777908
43,right,RCA,0.6,leaf3,3,True,True,1.11936608600116,1.3514677346677666,0.8712176566074031,1.3514677346761759,0.9775752664424158,0.9826412757104327,0.978186229224806,1.2519738959503874,1.1408938592316162,0.7740883066526949,0.8178659273201992,2.0,2.0,98.2486631777908
43,right,RCA,0.6,leaf266,3,True,True,1.11936608600116,1.3514677346677666,0.8712176566074031,1.3514677346761759,0.9775752664424158,0.9826412757104327,0.9781862474967687,1.2519738959503874,1.1408938592316162,0.7740885198515962,0.8178659273201992,2.0,2.0,98.2486631777908
43,right,RCA,0.6,apport,3,True,True,1.11936608600116,1.3514677346677666,0.8712176566074031,1.3514677346761759,0.9775752664424164,0.9826412757104327,0.9781841217910476,1.2519738959503874,1.1408938592316162,0.7740637173995512,0.8178659273201992,2.0,2.0,98.2486631777908
43,right,RCA,0.6,origin,3,True,True,1.11936608600116,1.3514677346677666,0.8712176566074031,1.3514677346767419,0.9775752664424147,0.9826412757104327,0.9781793335676824,1.2519738959503874,1.1408938592316162,0.7740078517564134,0.8178659273201992,2.0,2.0,98.2486631777908
43,right,RCA,0.6,length,3,True,True,1.11936608600116,1.3514677346677666,0.8712176566074031,1.3514677346767419,0.9775752664424096,0.9826412757104327,0.9783066501900123,1.2519738959503874,1.1408938592316162,0.775494564656664,0.8178659273201992,2.0,2.0,98.2486631777908
43,right,RCA,0.75,share,1,True,True,1.11936608600116,1.3514677346677666,0.8712176566074031,1.3514677346761759,0.9775752664424154,0.9826412757104327,0.9780565207120593,1.2519738959503874,1.1408938592316162,0.7725762445857864,0.8178659273201992,0.0,2.0,95.46182045116544
43,right,RCA,0.75,leaf3,1,True,True,1.11936608600116,1.3514677346677666,0.8712176566074031,1.3514677346761759,0.9775752664424167,0.9826412757104327,0.97805652071206,1.2519738959503874,1.1408938592316162,0.772576244585834,0.8178659273201992,0.0,2.0,95.46182045116544
43,right,RCA,0.75,leaf266,1,True,True,1.11936608600116,1.3514677346677666,0.8712176566074031,1.3514677346761759,0.9775752664424167,0.9826412757104327,0.97805652071206,1.2519738959503874,1.1408938592316162,0.772576244585834,0.8178659273201992,0.0,2.0,95.46182045116544
43,right,RCA,0.75,apport,1,True,True,1.11936608600116,1.3514677346677666,0.8712176566074031,1.3514677346761759,0.9775752664424167,0.9826412757104327,0.97805652071206,1.2519738959503874,1.1408938592316162,0.772576244585834,0.8178659273201992,0.0,2.0,95.46182045116544
43,right,RCA,0.75,origin,1,True,True,1.11936608600116,1.3514677346677666,0.8712176566074031,1.3514677346761759,0.9775752664424167,0.9826412757104327,0.97805652071206,1.2519738959503874,1.1408938592316162,0.772576244585834,0.8178659273201992,0.0,2.0,95.46182045116544
43,right,RCA,0.75,length,1,True,True,1.11936608600116,1.3514677346677666,0.8712176566074031,1.3514677346761759,0.9775752664424167,0.9826412757104327,0.97805652071206,1.2519738959503874,1.1408938592316162,0.772576244585834,0.8178659273201992,0.0,2.0,95.46182045116544
43,right,RCA,0.9,share,1,True,True,1.11936608600116,1.3514677346677666,0.8712176566074031,1.3514677346767419,0.9775752664424129,0.9826412757104327,0.9781492202551727,1.2519738959503874,1.1408938592316162,0.7736565967690715,0.8178659273201992,0.0,2.0,75.06293921160837
43,right,RCA,0.9,leaf3,1,True,True,1.11936608600116,1.3514677346677666,0.8712176566074031,1.3514677346761759,0.9775752664424175,0.9826412757104327,0.9781492202551727,1.2519738959503874,1.1408938592316162,0.7736565967690715,0.8178659273201992,0.0,2.0,75.06293921160837
43,right,RCA,0.9,leaf266,1,True,True,1.11936608600116,1.3514677346677666,0.8712176566074031,1.3514677346761759,0.9775752664424175,0.9826412757104327,0.9781492202551727,1.2519738959503874,1.1408938592316162,0.7736565967690715,0.8178659273201992,0.0,2.0,75.06293921160837
43,right,RCA,0.9,apport,1,True,True,1.11936608600116,1.3514677346677666,0.8712176566074031,1.3514677346761759,0.9775752664424175,0.9826412757104327,0.9781492202551727,1.2519738959503874,1.1408938592316162,0.7736565967690715,0.8178659273201992,0.0,2.0,75.06293921160837
43,right,RCA,0.9,origin,1,True,True,1.11936608600116,1.3514677346677666,0.8712176566074031,1.3514677346767419,0.9775752664424129,0.9826412757104327,0.9781492202551727,1.2519738959503874,1.1408938592316162,0.7736565967690715,0.8178659273201992,0.0,2.0,75.06293921160837
43,right,RCA,0.9,length,1,True,True,1.11936608600116,1.3514677346677666,0.8712176566074031,1.3514677346767419,0.9775752664424129,0.9826412757104327,0.9781492202551727,1.2519738959503874,1.1408938592316162,0.7736565967681649,0.8178659273201992,0.0,2.0,75.06293921160837
43,right,RCA,1.0,share,1,True,True,1.11936608600116,1.3514677346677666,0.8712176566074031,1.3514677346767419,0.9775752664424119,0.9826412757104327,0.9781227222914511,1.2519738959503874,1.1408938592316162,0.7733476359198673,0.8178659273201992,0.0,2.0,52.23594895829468
43,right,RCA,1.0,leaf3,1,True,True,1.11936608600116,1.3514677346677666,0.8712176566074031,1.3514677346761759,0.9775752664424162,0.9826412757104327,0.9781227222914559,1.2519738959503874,1.1408938592316162,0.7733476359208211,0.8178659273201992,0.0,2.0,52.23594895829468
43,right,RCA,1.0,leaf266,1,True,True,1.11936608600116,1.3514677346677666,0.8712176566074031,1.3514677346761759,0.9775752664424162,0.9826412757104327,0.9781227222914559,1.2519738959503874,1.1408938592316162,0.7733476359208211,0.8178659273201992,0.0,2.0,52.23594895829468
43,right,RCA,1.0,apport,1,True,True,1.11936608600116,1.3514677346677666,0.8712176566074031,1.3514677346767419,0.9775752664424119,0.9826412757104327,0.9781227222914511,1.2519738959503874,1.1408938592316162,0.7733476359198673,0.8178659273201992,0.0,2.0,52.23594895829468
43,right,RCA,1.0,origin,1,True,True,1.11936608600116,1.3514677346677666,0.8712176566074031,1.3514677346767419,0.9775752664424119,0.9826412757104327,0.9781227222914511,1.2519738959503874,1.1408938592316162,0.7733476359198673,0.8178659273201992,0.0,2.0,52.23594895829468
43,right,RCA,1.0,length,1,True,True,1.11936608600116,1.3514677346677666,0.8712176566074031,1.3514677346767419,0.9775752664424119,0.9826412757104327,0.9781227222914511,1.2519738959503874,1.1408938592316162,0.7733476359206761,0.8178659273201992,0.0,2.0,52.23594895829468
45,left,LAD,0.5,share,9,True,True,0.8917849202278454,1.1127027169538077,0.2968751225819048,0.6540897361726832,0.9713211638632291,0.9772446801606997,0.9681443166024057,1.1936437028768438,0.911211861414554,0.7945401715077701,0.8376887948711214,2.0,2.0,136.72113494380076
45,left,LCX,0.5,share,9,True,True,1.8847331575035235,1.9400684385719575,1.0485787992451936,1.2142795331647354,0.9807320010101266,0.9784652143102914,0.9784183133099156,1.4530030077814913,1.166438202705936,0.7822168409100175,0.7833318450859249,3.0,3.0,86.64075140238185
45,left,LAD,0.5,leaf3,9,True,True,0.8917849202278454,1.2949490864915731,0.2968751225819048,0.747032033748998,0.9666957778380397,0.9772446801606997,0.9632796934992384,1.1936437028768438,0.911211861414554,0.7581683012330734,0.8376887948711214,2.0,2.0,136.72113494380076
45,left,LCX,0.5,leaf3,9,True,True,1.8847331575035235,1.7578220690577824,1.0485787992451936,1.0788172757261363,0.9825844282514846,0.9784652143102914,0.9802604076139938,1.4530030077814913,1.166438202705936,0.804202571944459,0.7833318450859249,3.0,3.0,86.64075140238185
45,left,LAD,0.5,leaf266,9,True,True,0.8917849202278454,1.2583507795726008,0.2968751225819048,0.6927874357764221,0.9679141751621777,0.9772446801606997,0.9645516499190239,1.1936437028768438,0.911211861414554,0.764918524108668,0.8376887948711214,2.0,2.0,136.72113494380076
45,left,LCX,0.5,leaf266,9,True,True,1.8847331575035235,1.794420375967438,1.0485787992451936,1.1125704994524337,0.982167711335137,0.9784652143102914,0.9797743147362606,1.4530030077814913,1.166438202705936,0.799124345598281,0.7833318450859249,3.0,3.0,86.64075140238185
45,left,LAD,0.5,apport,9,True,True,0.8917849202278454,1.027249193083416,0.2968751225819048,0.6244128336381243,0.972854299066595,0.9772446801606997,0.9697143270865017,1.1936437028768438,0.911211861414554,0.811674487786352,0.8376887948711214,2.0,2.0,136.72113494380076
45,left,LCX,0.5,apport,9,True,True,1.8847331575035235,2.0255219624695817,1.0485787992451936,1.3886575732235482,0.9791065705755516,0.9784652143102914,0.9761795462238846,1.4530030077814913,1.166438202705936,0.7667999954639017,0.7833318450859249,3.0,3.0,86.64075140238185
45,left,LAD,0.5,origin,9,True,True,0.8917849202278454,1.0400071059410694,0.2968751225819048,0.5697314222587636,0.9740222711255224,0.9772446801606997,0.9710761911757431,1.1936437028768438,0.911211861414554,0.8098178850369265,0.8376887948711214,2.0,2.0,136.72113494380076
45,left,LCX,0.5,origin,9,True,True,1.8847331575035235,2.0127640495989167,1.0485787992451936,1.4892565217452296,0.9784847220872249,0.9784652143102914,0.9754165917163128,1.4530030077814913,1.166438202705936,0.7671690909113472,0.7833318450859249,3.0,3.0,86.64075140238185
45,left,LAD,0.5,length,9,True,True,0.8917849202278454,1.322032628467837,0.2968751225819048,0.7564133485960888,0.9655558755102776,0.9772446801606997,0.9620438193510732,1.1936437028768438,0.911211861414554,0.7523125295071099,0.8376887948711214,2.0,2.0,136.72113494380076
45,left,LCX,0.5,length,9,True,True,1.8847331575035235,1.7307385270631044,1.0485787992451936,1.0238211740631726,0.9830977396933984,0.9784652143102914,0.9808375027408266,1.4530030077814913,1.166438202705936,0.807890640548477,0.7833318450859249,3.0,3.0,86.64075140238185
45,left,LAD,0.6,share,9,True,True,0.8917849202278454,1.101798304766641,0.2968751225819048,0.634321978977243,0.9716398483839362,0.9772446801606997,0.9684207062629374,1.1936437028768438,0.911211861414554,0.7959766657527697,0.8376887948711214,2.0,2.0,136.72113494380076
45,left,LCX,0.6,share,9,True,True,1.8847331575035235,1.950972850766317,1.0485787992451936,1.221644562885427,0.9806262169274225,0.9784652143102914,0.9779581318951256,1.4530030077814913,1.166438202705936,0.7774358240932048,0.7833318450859249,3.0,3.0,76.75714715516224
45,left,LAD,0.6,leaf3,9,True,True,0.8917849202278454,1.2118455265207029,0.2968751225819048,0.5697355257554116,0.9699744892918577,0.9772446801606997,0.9666920876391348,1.1936437028768438,0.911211861414554,0.772560832234821,0.8376887948711214,2.0,2.0,136.72113494380076
45,left,LCX,0.6,leaf3,9,True,True,1.8847331575035235,1.8409256290184084,1.0485787992451936,1.2320276083338775,0.9811154703936408,0.9784652143102914,0.9783607632079263,1.4530030077814913,1.166438202705936,0.7900495555406621,0.7833318450859249,3.0,3.0,76.75714715516224
45,left,LAD,0.6,leaf266,9,True,True,0.8917849202278454,1.1898401282715585,0.2968751225819048,0.5387074703638263,0.970678094544756,0.9772446801606997,0.9674600302902704,1.1936437028768438,0.911211861414554,0.7768840885157685,0.8376887948711214,2.0,2.0,136.72113494380076
45,left,LCX,0.6,leaf266,9,True,True,1.8847331575035235,1.8629310272675705,1.0485787992451936,1.2465517392452345,0.9809043075390727,0.9784652143102914,0.9781158360738357,1.4530030077814913,1.166438202705936,0.7871036309545981,0.7833318450859249,3.0,3.0,76.75714715516224
45,left,LAD,0.6,apport,9,True,True,0.8917849202278454,1.0179973145688994,0.2968751225819048,0.5691829718401246,0.9732703426633825,0.9772446801606997,0.9701105278448326,1.1936437028768438,0.911211861414554,0.8124038847541092,0.8376887948711214,2.0,2.0,136.72113494380076
45,left,LCX,0.6,apport,9,True,True,1.8847331575035235,2.0347738409641254,1.0485787992451936,1.4050976512345046,0.9789472427735422,0.9784652143102914,0.9758071639865826,1.4530030077814913,1.166438202705936,0.7636118826512985,0.7833318450859249,3.0,3.0,76.75714715516224
45,left,LAD,0.6,origin,9,True,True,0.8917849202278454,1.030953908348185,0.2968751225819048,0.5528344285241712,0.974318041738814,0.9772446801606997,0.9713426614243601,1.1936437028768438,0.911211861414554,0.8109375728632413,0.8376887948711214,2.0,2.0,136.72113494380076
45,left,LCX,0.6,origin,9,True,True,1.8847331575035235,2.0218172471802607,1.0485787992451936,1.501145270718453,0.9783574773545634,0.9784652143102914,0.9750444217360671,1.4530030077814913,1.166438202705936,0.7637877041043257,0.7833318450859249,3.0,3.0,76.75714715516224
45,left,LAD,0.6,length,9,True,True,0.8917849202278454,1.326797091980326,0.2968751225819048,0.7343073602981408,0.9654562442889253,0.9772446801606997,0.9618325603908021,1.1936437028768438,0.911211861414554,0.7501152831604786,0.8376887948711214,2.0,2.0,136.72113494380076
45,left,LCX,0.6,length,9,True,True,1.8847331575035235,1.7259740635548073,1.0485787992451936,1.0245332600532608,0.9831171293297214,0.9784652143102914,0.9807603334217928,1.4530030077814913,1.166438202705936,0.807453398163567,0.7833318450859249,3.0,3.0,76.75714715516224
45,left,LAD,0.75,share,6,True,True,0.8917849202278454,0.9655752261418599,0.2968751225819048,0.9655752261344703,0.9713901326280452,0.9772446801606997,0.9685836317274685,1.1936437028768438,0.911211861414554,0.832384637791014,0.8376887948711214,0.0,2.0,136.72113494380076
45,left,LCX,0.75,share,6,True,True,1.8847331575035235,2.087195929397497,1.0485787992451936,1.2817842230918888,0.9795222724573223,0.9784652143102914,0.9765287369582963,1.4530030077814913,1.166438202705936,0.7565383521239699,0.7833318450859249,3.0,3.0,61.52954639477816
45,left,LAD,0.75,leaf3,6,True,True,0.8917849202278454,0.47410419632245937,0.2968751225819048,0.4741041963204709,0.9853908141517727,0.9772446801606997,0.9831884715248898,1.1936437028768438,0.911211861414554,0.9271087869756472,0.8376887948711214,0.0,2.0,136.72113494380076
45,left,LCX,0.75,leaf3,6,True,True,1.8847331575035235,2.5786669592291127,1.0485787992451936,1.8836864422407784,0.972911526060314,0.9784652143102914,0.9684271296166366,1.4530030077814913,1.166438202705936,0.6912108058590276,0.7833318450859249,3.0,3.0,61.52954639477816
45,left,LAD,0.75,leaf266,6,True,True,0.8917849202278454,0.4766542808672164,0.2968751225819048,0.47665428086250405,0.9853181691342847,0.9772446801606997,0.9831080190789065,1.1936437028768438,0.911211861414554,0.926630179078695,0.8376887948711214,0.0,2.0,136.72113494380076
45,left,LCX,0.75,leaf266,6,True,True,1.8847331575035235,2.576116874666929,1.0485787992451936,1.8991918345707555,0.9728186510907602,0.9784652143102914,0.9683075398819735,1.4530030077814913,1.166438202705936,0.6913482961623132,0.7833318450859249,3.0,3.0,61.52954639477816
45,left,LAD,0.75,apport,6,True,True,0.8917849202278454,0.7933465313871622,0.2968751225819048,0.7933465313820509,0.9762964627231965,0.9772446801606997,0.9735032892843561,1.1936437028768438,0.911211861414554,0.8653557918667649,0.8376887948711214,0.0,2.0,136.72113494380076
45,left,LCX,0.75,apport,6,True,True,1.8847331575035235,2.2594246241482026,1.0485787992451936,1.5767239644503683,0.9766320869675401,0.9784652143102914,0.9728837690670797,1.4530030077814913,1.166438202705936,0.7312559068722129,0.7833318450859249,3.0,3.0,61.52954639477816
45,left,LAD,0.75,origin,6,True,True,0.8917849202278454,0.5322467808809817,0.2968751225819048,0.5322467808765947,0.9837344890380297,0.9772446801606997,0.9813742719606381,1.1936437028768438,0.911211861414554,0.9160953756098386,0.8376887948711214,0.0,2.0,136.72113494380076
45,left,LCX,0.75,origin,6,True,True,1.8847331575035235,2.5205243746621773,1.0485787992451936,1.4680014942597097,0.9760453393971534,0.9784652143102914,0.9723462427069548,1.4530030077814913,1.166438202705936,0.7017474461764822,0.7833318450859249,3.0,3.0,61.52954639477816
45,left,LAD,0.75,length,6,True,True,0.8917849202278454,0.8098605605415478,0.2968751225819048,0.809860560537705,0.9758260226588927,0.9772446801606997,0.973024922330167,1.1936437028768438,0.911211861414554,0.8621543782376117,0.8376887948711214,0.0,2.0,136.72113494380076
45,left,LCX,0.75,length,6,True,True,1.8847331575035235,2.2429105950014825,1.0485787992451936,1.1566351690903713,0.9795840767055992,0.9784652143102914,0.9765392595970783,1.4530030077814913,1.166438202705936,0.7369169515362152,0.7833318450859249,3.0,3.0,61.52954639477816
45,left,LAD,0.9,share,3,False,True,0.8917849202278454,1.1255140118563105,0.2968751225819048,,,0.9772446801606997,,1.1936437028768438,0.911211861414554,,,,,
45,left,LCX,0.9,share,3,True,True,1.8847331575035235,1.9272571436619328,1.0485787992451936,1.1899445659227716,0.9809633443448958,0.9784652143102914,0.9782610634102075,1.4530030077814913,1.166438202705936,0.7785734525375395,0.7833318450859249,1.0,3.0,32.26891995286628
45,left,LAD,0.9,leaf3,3,False,True,0.8917849202278454,0.8278110278732116,0.2968751225819048,,,0.9772446801606997,,1.1936437028768438,0.911211861414554,,,,,
45,left,LCX,0.9,leaf3,3,True,True,1.8847331575035235,2.2249601276669337,1.0485787992451936,1.3955966509508502,0.9780440613374922,0.9784652143102914,0.9749068976280622,1.4530030077814913,1.166438202705936,0.7399273345160288,0.7833318450859249,1.0,3.0,32.26891995286628
45,left,LAD,0.9,leaf266,3,False,True,0.8917849202278454,0.8504882176262881,0.2968751225819048,,,0.9772446801606997,,1.1936437028768438,0.911211861414554,,,,,
45,left,LCX,0.9,leaf266,3,True,True,1.8847331575035235,2.2022829379110185,1.0485787992451936,1.3511551393685597,0.978462888661575,0.9784652143102914,0.9753970350807563,1.4530030077814913,1.166438202705936,0.7429712496021872,0.7833318450859249,1.0,3.0,32.26891995286628
45,left,LAD,0.9,apport,3,False,True,0.8917849202278454,1.0049346443089315,0.2968751225819048,,,0.9772446801606997,,1.1936437028768438,0.911211861414554,,,,,
45,left,LCX,0.9,apport,3,True,True,1.8847331575035235,2.0478365112180286,1.0485787992451936,1.2664655363964359,0.9798271913426969,0.9784652143102914,0.9769572621473368,1.4530030077814913,1.166438202705936,0.7627098362224707,0.7833318450859249,1.0,3.0,32.26891995286628
45,left,LAD,0.9,origin,3,False,True,0.8917849202278454,0.8635694054937872,0.2968751225819048,,,0.9772446801606997,,1.1936437028768438,0.911211861414554,,,,,
45,left,LCX,0.9,origin,3,True,True,1.8847331575035235,2.1892017500583094,1.0485787992451936,1.351519705355662,0.9785269827709022,0.9784652143102914,0.975467625977278,1.4530030077814913,1.166438202705936,0.7445736963129364,0.7833318450859249,1.0,3.0,32.26891995286628
45,left,LAD,0.9,length,3,False,True,0.8917849202278454,1.0668241724553713,0.2968751225819048,,,0.9772446801606997,,1.1936437028768438,0.911211861414554,,,,,
45,left,LCX,0.9,length,3,True,True,1.8847331575035235,1.9859469830911574,1.0485787992451936,1.2072723627033424,0.9805463178588304,0.9784652143102914,0.9777890466755503,1.4530030077814913,1.166438202705936,0.7709393183629409,0.7833318450859249,1.0,3.0,32.26891995286628
45,left,LAD,1.0,share,3,False,True,0.8917849202278454,1.1276330977754718,0.2968751225819048,,,0.9772446801606997,,1.1936437028768438,0.911211861414554,,,,,
45,left,LCX,1.0,share,3,True,True,1.8847331575035235,1.9251380577569877,1.0485787992451936,1.184700835460817,0.981009929241915,0.9784652143102914,0.978303515619226,1.4530030077814913,1.166438202705936,0.7786184776890394,0.7833318450859249,1.0,3.0,32.26891995286628
45,left,LAD,1.0,leaf3,3,False,True,0.8917849202278454,0.9600924634840641,0.2968751225819048,,,0.9772446801606997,,1.1936437028768438,0.911211861414554,,,,,
45,left,LCX,1.0,leaf3,3,True,True,1.8847331575035235,2.09267869205394,1.0485787992451936,1.1502246181305638,0.980392518794334,0.9784652143102914,0.9776353077503069,1.4530030077814913,1.166438202705936,0.7574061614656674,0.7833318450859249,1.0,3.0,32.26891995286628
45,left,LAD,1.0,leaf266,3,False,True,0.8917849202278454,0.9672267804856552,0.2968751225819048,,,0.9772446801606997,,1.1936437028768438,0.911211861414554,,,,,
45,left,LCX,1.0,leaf266,3,True,True,1.8847331575035235,2.0855443750537694,1.0485787992451936,1.134283822613391,0.9805376596630141,0.9784652143102914,0.9778054440418665,1.4530030077814913,1.166438202705936,0.7583953211174526,0.7833318450859249,1.0,3.0,32.26891995286628
45,left,LAD,1.0,apport,3,False,True,0.8917849202278454,1.019050868634779,0.2968751225819048,,,0.9772446801606997,,1.1936437028768438,0.911211861414554,,,,,
45,left,LCX,1.0,apport,3,True,True,1.8847331575035235,2.0337202869096513,1.0485787992451936,1.2379211305619975,0.980093914454065,0.9784652143102914,0.9772556907279766,1.4530030077814913,1.166438202705936,0.7643774332424218,0.7833318450859249,1.0,3.0,32.26891995286628
45,left,LAD,1.0,origin,3,False,True,0.8917849202278454,0.8642059889889614,0.2968751225819048,,,0.9772446801606997,,1.1936437028768438,0.911211861414554,,,,,
45,left,LCX,1.0,origin,3,True,True,1.8847331575035235,2.1885651665398433,1.0485787992451936,1.3460301847728142,0.9785676997615437,0.9784652143102914,0.9755003120437964,1.4530030077814913,1.166438202705936,0.7443626399933189,0.7833318450859249,1.0,3.0,32.26891995286628
45,left,LAD,1.0,length,3,False,True,0.8917849202278454,1.068470786327924,0.2968751225819048,,,0.9772446801606997,,1.1936437028768438,0.911211861414554,,,,,
45,left,LCX,1.0,length,3,True,True,1.8847331575035235,1.9843003692184114,1.0485787992451936,1.2019448220018973,0.9805910700523938,0.9784652143102914,0.9778281596639423,1.4530030077814913,1.166438202705936,0.7708941619106704,0.7833318450859249,1.0,3.0,32.26891995286628
52,left,LAD,0.5,share,8,True,True,0.8635738615858953,1.4343078060013785,0.4761399950172279,1.0540622167084934,0.977651417447019,0.9847774780737103,0.9754010533171507,1.3231833980654801,1.132927899948741,0.7914879538365914,0.8877835542207998,2.0,2.0,107.34119581206721
52,left,LCX,0.5,share,8,True,True,0.9986473787369206,1.4156573654228024,0.8425584279172752,1.4156573654333566,0.9753445751371824,0.980252664496475,0.9728536923258299,1.2664497924021378,1.1608412932465302,0.7693878821039043,0.842051458219576,3.0,3.0,69.1695902410677
52,left,LAD,0.5,leaf3,8,True,True,0.8635738615858953,1.9457239825342463,0.4761399950172279,1.6124539486327147,0.9692993900397953,0.9847774780737103,0.9665084539349132,1.3231833980654801,1.132927899948741,0.7126698721589018,0.8877835542207998,2.0,2.0,107.34119581206721
52,left,LCX,0.5,leaf3,8,True,True,0.9986473787369206,1.0640362038400948,0.8425584279172752,1.0640362038449256,0.9808777451825844,0.980252664496475,0.9788807744505951,1.2664497924021378,1.1608412932465302,0.8332688571220722,0.842051458219576,3.0,3.0,69.1695902410677
52,left,LAD,0.5,leaf266,8,True,True,0.8635738615858953,1.8504160514502523,0.4761399950172279,1.5005712587644384,0.9709446695055782,0.9847774780737103,0.9682166327351163,1.3231833980654801,1.132927899948741,0.726400271908185,0.8877835542207998,2.0,2.0,107.34119581206721
52,left,LCX,0.5,leaf266,8,True,True,0.9986473787369206,1.1372958046874873,0.8425584279172752,1.1372958046975061,0.9797249197180257,0.980252664496475,0.9776161983014235,1.2664497924021378,1.1608412932465302,0.8196731057059029,0.842051458219576,3.0,3.0,69.1695902410677
52,left,LAD,0.5,apport,8,True,True,0.8635738615858953,1.6064913918196768,0.4761399950172279,1.2707873515080839,0.9744910598358372,0.9847774780737103,0.9720066526035376,1.3231833980654801,1.132927899948741,0.7632947256865709,0.8877835542207998,2.0,2.0,107.34119581206721
52,left,LCX,0.5,apport,8,True,True,0.9986473787369206,1.2558702923489244,0.8425584279172752,1.2558702923544283,0.9778590115334622,0.980252664496475,0.9755686446327915,1.2664497924021378,1.1608412932465302,0.7978002114435243,0.842051458219576,3.0,3.0,69.1695902410677
52,left,LAD,0.5,origin,8,True,True,0.8635738615858953,1.313763728254423,0.4761399950172279,0.9632602121851691,0.9787820228462039,0.9847774780737103,0.9768394558125931,1.3231833980654801,1.132927899948741,0.8111868577934362,0.8877835542207998,2.0,2.0,107.34119581206721
52,left,LCX,0.5,origin,8,True,True,0.9986473787369206,1.2392860200347873,0.8425584279172752,1.2392860200346276,0.978119984446444,0.980252664496475,0.9758951823995653,1.2664497924021378,1.1608412932465302,0.8008496618388101,0.842051458219576,3.0,3.0,69.1695902410677
52,left,LAD,0.5,length,8,True,True,0.8635738615858953,1.2594108386530292,0.4761399950172279,0.8543198911359193,0.9808347251226746,0.9847774780737103,0.9789653855522554,1.3231833980654801,1.132927899948741,0.8225590486858003,0.8877835542207998,2.0,2.0,107.34119581206721
52,left,LCX,0.5,length,8,True,True,0.9986473787369206,1.6774280044955572,0.8425584279172752,1.6774280045008583,0.9712253081045967,0.980252664496475,0.9685626756887223,1.2664497924021378,1.1608412932465302,0.7265353781316662,0.842051458219576,3.0,3.0,69.1695902410677
52,left,LAD,0.6,share,8,True,True,0.8635738615858953,1.4119663335098596,0.4761399950172279,1.0336543068231663,0.9779954246410791,0.9847774780737103,0.9757484532613816,1.3231833980654801,1.132927899948741,0.7951477101905092,0.8877835542207998,2.0,2.0,107.34119581206721
52,left,LCX,0.6,share,8,True,True,0.9986473787369206,1.4413331487429737,0.8425584279172752,1.4413331487513328,0.9749405366699894,0.980252664496475,0.9721208145573417,1.2664497924021378,1.1608412932465302,0.7619943203631105,0.842051458219576,3.0,3.0,61.9259399434234
52,left,LAD,0.6,leaf3,8,True,True,0.8635738615858953,1.672163024220416,0.4761399950172279,1.3515121505548122,0.9734240367551058,0.9847774780737103,0.9708057912919975,1.3231833980654801,1.132927899948741,0.7528330642198073,0.8877835542207998,2.0,2.0,107.34119581206721
52,left,LCX,0.6,leaf3,8,True,True,0.9986473787369206,1.2648426894536935,0.8425584279172752,1.264842689462873,0.9777178203756693,0.980252664496475,0.9751139548441402,1.2664497924021378,1.1608412932465302,0.7931505865154251,0.842051458219576,3.0,3.0,61.9259399434234
52,left,LAD,0.6,leaf266,8,True,True,0.8635738615858953,1.6103233266606034,0.4761399950172279,1.276488543801209,0.9745168396087613,0.9847774780737103,0.9719708937017392,1.3231833980654801,1.132927899948741,0.7625806062626543,0.8877835542207998,2.0,2.0,107.34119581206721
52,left,LCX,0.6,leaf266,8,True,True,0.9986473787369206,1.3134310673002165,0.8425584279172752,1.3134310673108545,0.9769532254473049,0.980252664496475,0.9742635385082175,1.2664497924021378,1.1608412932465302,0.7842267554446516,0.842051458219576,3.0,3.0,61.9259399434234
52,left,LAD,0.6,apport,8,True,True,0.8635738615858953,1.5573092659259882,0.4761399950172279,1.2090225511478077,0.9753852282307646,0.9847774780737103,0.9729171917836834,1.3231833980654801,1.132927899948741,0.7709608859332703,0.8877835542207998,2.0,2.0,107.34119581206721
52,left,LCX,0.6,apport,8,True,True,0.9986473787369206,1.2973070265542044,0.8425584279172752,1.2973070265617648,0.9772069560785261,0.980252664496475,0.9745457077109468,1.2664497924021378,1.1608412932465302,0.7871468417185455,0.842051458219576,3.0,3.0,61.9259399434234
52,left,LAD,0.6,origin,8,True,True,0.8635738615858953,1.292704068169458,0.4761399950172279,0.9444215394292238,0.9790880568975686,0.9847774780737103,0.9771556724630439,1.3231833980654801,1.132927899948741,0.81469684039014,0.8877835542207998,2.0,2.0,107.34119581206721
52,left,LCX,0.6,origin,8,True,True,0.9986473787369206,1.2550819750620616,0.8425584279172752,1.2550819750662277,0.9778714166275568,0.980252664496475,0.9754009328296244,1.2664497924021378,1.1608412932465302,0.7956963656336462,0.842051458219576,3.0,3.0,61.9259399434234
52,left,LAD,0.6,length,8,True,True,0.8635738615858953,1.2215501488160103,0.4761399950172279,0.8230086601198562,0.9813908265181428,0.9847774780737103,0.9795601044609829,1.3231833980654801,1.132927899948741,0.8291109561816649,0.8877835542207998,2.0,2.0,107.34119581206721
52,left,LCX,0.6,length,8,True,True,0.9986473787369206,1.7237172106841363,0.8425584279172752,1.723717210691015,0.9704968933301397,0.980252664496475,0.9673352106772839,1.2664497924021378,1.1608412932465302,0.7149508574114511,0.842051458219576,3.0,3.0,61.9259399434234
52,left,LAD,0.75,share,7,True,True,0.8635738615858953,1.4006071760219094,0.4761399950172279,1.0165914798640916,0.97823904672871,0.9847774780737103,0.9759158819207966,1.3231833980654801,1.132927899948741,0.7960559256883034,0.8877835542207998,2.0,2.0,107.34119581206721
52,left,LCX,0.75,share,7,True,True,0.9986473787369206,1.4567903062495484,0.8425584279172752,1.4567903062587533,0.9746973002262261,0.980252664496475,0.971512819044228,1.2664497924021378,1.1608412932465302,0.7560198348656737,0.842051458219576,2.0,3.0,51.0689213564545
52,left,LAD,0.75,leaf3,7,True,True,0.8635738615858953,1.5653088330756413,0.4761399950172279,1.1368972640638761,0.9760096973065262,0.9847774780737103,0.9734762413565315,1.3231833980654801,1.132927899948741,0.7691364161067483,0.8877835542207998,2.0,2.0,107.34119581206721
52,left,LCX,0.75,leaf3,7,True,True,0.9986473787369206,1.2765406298489368,0.8425584279172752,1.27654062985008,0.9775337396079645,0.980252664496475,0.974767431091328,1.2664497924021378,1.1608412932465302,0.7895338172597729,0.842051458219576,2.0,3.0,51.0689213564545
52,left,LAD,0.75,leaf266,7,True,True,0.8635738615858953,1.5435303677570416,0.4761399950172279,1.1090277146736645,0.9764062305240813,0.9847774780737103,0.9739099991335981,1.3231833980654801,1.132927899948741,0.7727340098527744,0.8877835542207998,2.0,2.0,107.34119581206721
52,left,LCX,0.75,leaf266,7,True,True,0.9986473787369206,1.2922989144224233,0.8425584279172752,1.2922989144272594,0.9772857645777261,0.980252664496475,0.9744892581906558,1.2664497924021378,1.1608412932465302,0.7866092566308308,0.842051458219576,2.0,3.0,51.0689213564545
52,left,LAD,0.75,apport,7,True,True,0.8635738615858953,1.5858269444497735,0.4761399950172279,1.1504988989137241,0.975734883555355,0.9847774780737103,0.9731679912780572,1.3231833980654801,1.132927899948741,0.7657699895900136,0.8877835542207998,2.0,2.0,107.34119581206721
52,left,LCX,0.75,apport,7,True,True,0.9986473787369206,1.2479644661399758,0.8425584279172752,1.247964466145737,0.9779834189512698,0.980252664496475,0.975235862502211,1.2664497924021378,1.1608412932465302,0.7945101498825126,0.842051458219576,2.0,3.0,51.0689213564545
52,left,LAD,0.75,origin,7,True,True,0.8635738615858953,1.3651468154527588,0.4761399950172279,0.9886945566900597,0.9781184422474865,0.9847774780737103,0.9760116068069593,1.3231833980654801,1.132927899948741,0.8015606369834366,0.8877835542207998,2.0,2.0,107.34119581206721
52,left,LCX,0.75,origin,7,True,True,0.9986473787369206,1.1334063741348226,0.8425584279172752,1.1334063741468723,0.9797861244547477,0.980252664496475,0.9773777343554801,1.2664497924021378,1.1608412932465302,0.8168421041749695,0.842051458219576,2.0,3.0,51.0689213564545
52,left,LAD,0.75,length,7,True,True,0.8635738615858953,1.365561616313833,0.4761399950172279,0.9068424309306823,0.9796044784583509,0.9847774780737103,0.9775485863080842,1.3231833980654801,1.132927899948741,0.8043018995805099,0.8877835542207998,2.0,2.0,107.34119581206721
52,left,LCX,0.75,length,7,True,True,0.9986473787369206,1.54074167285827,0.8425584279172752,1.5407416728682664,0.9733762273280424,0.980252664496475,0.9702206236809064,1.2664497924021378,1.1608412932465302,0.7429717206609614,0.842051458219576,2.0,3.0,51.0689213564545
52,left,LAD,0.9,share,3,True,True,0.8635738615858953,1.3230123167428443,0.4761399950172279,1.3230123167473422,0.9757370058289263,0.9847774780737103,0.973726562283385,1.3231833980654801,1.132927899948741,0.8115433154333997,0.8877835542207998,0.0,2.0,107.34119581206721
52,left,LCX,0.9,share,3,True,True,0.9986473787369206,1.515887178426593,0.8425584279172752,1.5158871784334365,0.973767341854459,0.980252664496475,0.9702205373225002,1.2664497924021378,1.1608412932465302,0.7432052337322312,0.842051458219576,0.0,3.0,35.22599930086756
52,left,LAD,0.9,leaf3,3,True,True,0.8635738615858953,1.045021347834749,0.4761399950172279,1.0450213478419772,0.9789923432120715,0.9847774780737103,0.9774576710036427,1.3231833980654801,1.132927899948741,0.8565735340179499,0.8877835542207998,0.0,2.0,107.34119581206721
52,left,LCX,0.9,leaf3,3,True,True,0.9986473787369206,1.1005745389859436,0.8425584279172752,1.1005745389940769,0.9803027717634063,0.980252664496475,0.9777780481822848,1.2664497924021378,1.1608412932465302,0.8211501593153618,0.842051458219576,0.0,3.0,35.22599930086756
52,left,LAD,0.9,leaf266,3,True,True,0.8635738615858953,1.0428019783678657,0.4761399950172279,1.0428019783675575,0.9790263665976766,0.9847774780737103,0.9774945598126045,1.3231833980654801,1.132927899948741,0.8569427985770949,0.8877835542207998,0.0,2.0,107.34119581206721
52,left,LCX,0.9,leaf266,3,True,True,0.9986473787369206,1.1019532513410488,0.8425584279172752,1.101953251348329,0.9802810761126762,0.980252664496475,0.9777531599934591,1.2664497924021378,1.1608412932465302,0.8208824115385004,0.842051458219576,0.0,3.0,35.22599930086756
52,left,LAD,0.9,apport,3,True,True,0.8635738615858953,1.4961796577017956,0.4761399950172279,1.4961796577080775,0.9726483049061594,0.9847774780737103,0.9705501567753004,1.3231833980654801,1.132927899948741,0.783497924635332,0.8877835542207998,0.0,2.0,107.34119581206721
52,left,LCX,0.9,apport,3,True,True,0.9986473787369206,1.1547148900766164,0.8425584279172752,1.1547148900809323,0.979450810045429,0.980252664496475,0.9767639677332932,1.2664497924021378,1.1608412932465302,0.8106385824792277,0.842051458219576,0.0,3.0,35.22599930086756
52,left,LAD,0.9,origin,3,True,True,0.8635738615858953,0.9854326725111643,0.4761399950172279,0.985432672520199,0.9795943158474216,0.9847774780737103,0.9782484511084122,1.3231833980654801,1.132927899948741,0.8662709363290778,0.8877835542207998,0.0,2.0,107.34119581206721
52,left,LCX,0.9,origin,3,True,True,0.9986473787369206,0.9555590008551316,0.8425584279172752,0.9555590008675479,0.9825847607884052,0.980252664496475,0.9804361885333264,1.2664497924021378,1.1608412932465302,0.8494666484020731,0.842051458219576,0.0,3.0,35.22599930086756
52,left,LAD,0.9,length,3,True,True,0.8635738615858953,1.0748845028464524,0.4761399950172279,1.074884502849196,0.979452367295758,0.9847774780737103,0.9776911449129501,1.3231833980654801,1.132927899948741,0.8523408667109463,0.8877835542207998,0.0,2.0,107.34119581206721
52,left,LCX,0.9,length,3,True,True,0.9986473787369206,1.6183237816605944,0.8425584279172752,1.6183237816645029,0.9721553821475953,0.980252664496475,0.9683682222115836,1.2664497924021378,1.1608412932465302,0.7251524951970728,0.842051458219576,0.0,3.0,35.22599930086756
52,left,LAD,1.0,share,3,True,True,0.8635738615858953,1.3977911376791916,0.4761399950172279,1.3977911376854177,0.9745741367044578,0.9847774780737103,0.9713282546597247,1.3231833980654801,1.132927899948741,0.7888020057616381,0.8877835542207998,0.0,2.0,46.9415688363663
52,left,LCX,1.0,share,3,True,True,0.9986473787369206,1.4597952367405724,0.8425584279172752,1.459795236745102,0.9746500141320141,0.980252664496475,0.9711872222892904,1.2664497924021378,1.1608412932465302,0.753294494052968,0.842051458219576,0.0,3.0,31.55405904180491
52,left,LAD,1.0,leaf3,3,True,True,0.8635738615858953,1.3039174328668854,0.4761399950172279,1.303917432869608,0.9751573175676889,0.9847774780737103,0.972104851379821,1.3231833980654801,1.132927899948741,0.8043820560557591,0.8877835542207998,0.0,2.0,46.9415688363663
52,left,LCX,1.0,leaf3,3,True,True,0.9986473787369206,1.0179853937480383,0.8425584279172752,1.0179853937583117,0.9816024085157387,0.980252664496475,0.979167442722041,1.2664497924021378,1.1608412932465302,0.8371685203639883,0.842051458219576,0.0,3.0,31.55405904180491
52,left,LAD,1.0,leaf266,3,True,True,0.8635738615858953,1.2773270498404443,0.4761399950172279,1.277327049845637,0.9755516836310626,0.9847774780737103,0.9725597815208507,1.3231833980654801,1.132927899948741,0.8090507813152,0.8877835542207998,0.0,2.0,46.9415688363663
52,left,LCX,1.0,leaf266,3,True,True,0.9986473787369206,1.0267500417098678,0.8425584279172752,1.0267500417165139,0.981464486533679,0.980252664496475,0.9790089301328722,1.2664497924021378,1.1608412932465302,0.8354576023125001,0.842051458219576,0.0,3.0,31.55405904180491
52,left,LAD,1.0,apport,3,True,True,0.8635738615858953,1.616002210662045,0.4761399950172279,1.6160022106664662,0.9708285128671521,0.9847774780737103,0.9670734753198003,1.3231833980654801,1.132927899948741,0.7513381495495604,0.8877835542207998,0.0,2.0,46.9415688363663
52,left,LCX,1.0,apport,3,True,True,0.9986473787369206,1.0902777579100922,0.8425584279172752,1.0902777579147074,0.9804648036512342,0.980252664496475,0.9778607312683373,1.2664497924021378,1.1608412932465302,0.8230814962684884,0.842051458219576,0.0,3.0,31.55405904180491
52,left,LAD,1.0,origin,3,True,True,0.8635738615858953,1.184856543854762,0.4761399950172279,1.1848565438615792,0.9771276971092356,0.9847774780737103,0.9743516319298359,1.3231833980654801,1.132927899948741,0.8255808071466502,0.8877835542207998,0.0,2.0,46.9415688363663
52,left,LCX,1.0,origin,3,True,True,0.9986473787369206,1.1767622074589397,0.8425584279172752,1.1767622074667434,0.9791038697316478,0.980252664496475,0.9762973299438444,1.2664497924021378,1.1608412932465302,0.806347911043719,0.842051458219576,0.0,3.0,31.55405904180491
52,left,LAD,1.0,length,3,True,True,0.8635738615858953,1.294329295623727,0.4761399950172279,1.294329295633334,0.9763898942111512,0.9847774780737103,0.9733869441673654,1.3231833980654801,1.132927899948741,0.8071158129619421,0.8877835542207998,0.0,2.0,46.9415688363663
52,left,LCX,1.0,length,3,True,True,0.9986473787369206,1.6582645250520271,0.8425584279172752,1.658264525060383,0.9715268678569687,0.980252664496475,0.9676080443115955,1.2664497924021378,1.1608412932465302,0.7182535714157914,0.842051458219576,0.0,3.0,31.55405904180491
52,right,RCA,0.5,share,2,True,True,1.1921795588180029,1.3489761755560845,1.0139298268692658,1.3489761755557361,0.9806374766824176,0.9830327844547424,0.9833463879649578,1.2868415099990136,1.2213839147803687,0.8272658637833485,0.8218716423085862,1.0,1.0,112.96870878767031
52,right,RCA,0.5,leaf3,2,True,True,1.1921795588180029,1.3489761755568908,1.0139298268692658,1.3489761755557361,0.9806374766824139,0.9830327844547424,0.9834894322269202,1.2868415099990136,1.2213839147803687,0.828810782541165,0.8218716423085862,1.0,1.0,112.96870878767031
52,right,RCA,0.5,leaf266,2,True,True,1.1921795588180029,1.3489761755560845,1.0139298268692658,1.3489761755557361,0.9806374766824179,0.9830327844547424,0.9834654562771731,1.2868415099990136,1.2213839147803687,0.828529999913799,0.8218716423085862,1.0,1.0,112.96870878767031
52,right,RCA,0.5,apport,2,True,True,1.1921795588180029,1.3489761755544718,1.0139298268692658,1.3489761755541962,0.9806374766824429,0.9830327844547424,0.9833740746236413,1.2868415099990136,1.2213839147803687,0.8274945566691941,0.8218716423085862,1.0,1.0,112.96870878767031
52,right,RCA,0.5,origin,2,True,True,1.1921795588180029,1.3489761755560845,1.0139298268692658,1.3489761755557361,0.9806374766824176,0.9830327844547424,0.9833463879649578,1.2868415099990136,1.2213839147803687,0.8272658637832345,0.8218716423085862,1.0,1.0,112.96870878767031
52,right,RCA,0.5,length,2,True,True,1.1921795588180029,1.3489761755568908,1.0139298268692658,1.3489761755557361,0.9806374766824153,0.9830327844547424,0.9833478554429959,1.2868415099990136,1.2213839147803687,0.8272451943774045,0.8218716423085862,1.0,1.0,112.96870878767031
52,right,RCA,0.6,share,2,True,True,1.1921795588180029,1.348976175557697,1.0139298268692658,1.3489761755565062,0.9806374766824031,0.9830327844547424,0.9827480002590824,1.2868415099990136,1.2213839147803687,0.8196519665811883,0.8218716423085862,1.0,1.0,102.20530559573069
52,right,RCA,0.6,leaf3,2,True,True,1.1921795588180029,1.3489761755568908,1.0139298268692658,1.3489761755557361,0.9806374766824145,0.9830327844547424,0.9828033474195639,1.2868415099990136,1.2213839147803687,0.8202981700774272,0.8218716423085862,1.0,1.0,102.20530559573069
52,right,RCA,0.6,leaf266,2,True,True,1.1921795588180029,1.3489761755568908,1.0139298268692658,1.3489761755557361,0.9806374766824144,0.9830327844547424,0.9828041946227049,1.2868415099990136,1.2213839147803687,0.820308148099798,0.8218716423085862,1.0,1.0,102.20530559573069
52,right,RCA,0.6,apport,2,True,True,1.1921795588180029,1.3489761755568908,1.0139298268692658,1.3489761755557361,0.9806374766824144,0.9830327844547424,0.9827720694224876,1.2868415099990136,1.2213839147803687,0.8199314096808243,0.8218716423085862,1.0,1.0,102.20530559573069
52,right,RCA,0.6,origin,2,True,True,1.1921795588180029,1.3489761755552783,1.0139298268692658,1.3489761755549663,0.9806374766824315,0.9830327844547424,0.9827480002590824,1.2868415099990136,1.2213839147803687,0.8196519665811883,0.8218716423085862,1.0,1.0,102.20530559573069
52,right,RCA,0.6,length,2,True,True,1.1921795588180029,1.3489761755568908,1.0139298268692658,1.3489761755557361,0.9806374766824141,0.9830327844547424,0.982784375959736,1.2868415099990136,1.2213839147803687,0.820075306492519,0.8218716423085862,1.0,1.0,102.20530559573069
52,right,RCA,0.75,share,2,True,True,1.1921795588180029,1.3489761755568908,1.0139298268692658,1.3489761755565062,0.9806374766824126,0.9830327844547424,0.9812067102964388,1.2868415099990136,1.2213839147803687,0.8000181511964967,0.8218716423085862,1.0,1.0,86.67169065624513
52,right,RCA,0.75,leaf3,2,True,True,1.1921795588180029,1.3489761755568908,1.0139298268692658,1.3489761755565062,0.9806374766824129,0.9830327844547424,0.981340721176523,1.2868415099990136,1.2213839147803687,0.8016003298153556,0.8218716423085862,1.0,1.0,86.67169065624513
52,right,RCA,0.75,leaf266,2,True,True,1.1921795588180029,1.3489761755568908,1.0139298268692658,1.3489761755565062,0.9806374766824124,0.9830327844547424,0.9813404234635315,1.2868415099990136,1.2213839147803687,0.8015968124786296,0.8218716423085862,1.0,1.0,86.67169065624513
52,right,RCA,0.75,apport,2,True,True,1.1921795588180029,1.3489761755568908,1.0139298268692658,1.3489761755565062,0.9806374766824124,0.9830327844547424,0.9812680669052405,1.2868415099990136,1.2213839147803687,0.8007422871906346,0.8218716423085862,1.0,1.0,86.67169065624513
52,right,RCA,0.75,origin,2,True,True,1.1921795588180029,1.3489761755568908,1.0139298268692658,1.3489761755565062,0.9806374766824126,0.9830327844547424,0.9812067102964388,1.2868415099990136,1.2213839147803687,0.8000181511964967,0.8218716423085862,1.0,1.0,86.67169065624513
52,right,RCA,0.75,length,2,True,True,1.1921795588180029,1.3489761755568908,1.0139298268692658,1.3489761755557361,0.9806374766824144,0.9830327844547424,0.9812860025696949,1.2868415099990136,1.2213839147803687,0.8009540459556606,0.8218716423085862,1.0,1.0,86.67169065624513
52,right,RCA,0.9,share,1,True,True,1.1921795588180029,1.3489761755568908,1.0139298268692658,1.3489761755557361,0.9806374766824136,0.9830327844547424,0.9803576318216568,1.2868415099990136,1.2213839147803687,0.789877150930763,0.8218716423085862,0.0,1.0,71.92880284300213
52,right,RCA,0.9,leaf3,1,True,True,1.1921795588180029,1.3489761755560845,1.0139298268692658,1.3489761755557361,0.9806374766824184,0.9830327844547424,0.9803576318216568,1.2868415099990136,1.2213839147803687,0.789877150930763,0.8218716423085862,0.0,1.0,71.92880284300213
52,right,RCA,0.9,leaf266,1,True,True,1.1921795588180029,1.3489761755568908,1.0139298268692658,1.3489761755565062,0.9806374766824106,0.9830327844547424,0.9803576318216488,1.2868415099990136,1.2213839147803687,0.7898771509311557,0.8218716423085862,0.0,1.0,71.92880284300213
52,right,RCA,0.9,apport,1,True,True,1.1921795588180029,1.3489761755568908,1.0139298268692658,1.3489761755557361,0.9806374766824136,0.9830327844547424,0.9803576318216568,1.2868415099990136,1.2213839147803687,0.789877150930763,0.8218716423085862,0.0,1.0,71.92880284300213
52,right,RCA,0.9,origin,1,True,True,1.1921795588180029,1.3489761755568908,1.0139298268692658,1.3489761755557361,0.9806374766824136,0.9830327844547424,0.9803576318216568,1.2868415099990136,1.2213839147803687,0.789877150930763,0.8218716423085862,0.0,1.0,71.92880284300213
52,right,RCA,0.9,length,1,True,True,1.1921795588180029,1.3489761755568908,1.0139298268692658,1.3489761755565062,0.9806374766824106,0.9830327844547424,0.9803576318216488,1.2868415099990136,1.2213839147803687,0.789877150930972,0.8218716423085862,0.0,1.0,71.92880284300213
52,right,RCA,1.0,share,1,True,True,1.1921795588180029,1.3489761755568908,1.0139298268692658,1.3489761755557361,0.9806374766824136,0.9830327844547424,0.9803576318216568,1.2868415099990136,1.2213839147803687,0.789877150930763,0.8218716423085862,0.0,1.0,71.92880284300213
52,right,RCA,1.0,leaf3,1,True,True,1.1921795588180029,1.3489761755560845,1.0139298268692658,1.3489761755557361,0.9806374766824184,0.9830327844547424,0.9803576318216568,1.2868415099990136,1.2213839147803687,0.789877150930763,0.8218716423085862,0.0,1.0,71.92880284300213
52,right,RCA,1.0,leaf266,1,True,True,1.1921795588180029,1.3489761755568908,1.0139298268692658,1.3489761755565062,0.9806374766824106,0.9830327844547424,0.9803576318216488,1.2868415099990136,1.2213839147803687,0.7898771509311557,0.8218716423085862,0.0,1.0,71.92880284300213
52,right,RCA,1.0,apport,1,True,True,1.1921795588180029,1.3489761755568908,1.0139298268692658,1.3489761755557361,0.9806374766824136,0.9830327844547424,0.9803576318216568,1.2868415099990136,1.2213839147803687,0.789877150930763,0.8218716423085862,0.0,1.0,71.92880284300213
52,right,RCA,1.0,origin,1,True,True,1.1921795588180029,1.3489761755568908,1.0139298268692658,1.3489761755557361,0.9806374766824136,0.9830327844547424,0.9803576318216568,1.2868415099990136,1.2213839147803687,0.789877150930763,0.8218716423085862,0.0,1.0,71.92880284300213
52,right,RCA,1.0,length,1,True,True,1.1921795588180029,1.3489761755568908,1.0139298268692658,1.3489761755565062,0.9806374766824106,0.9830327844547424,0.9803576318216488,1.2868415099990136,1.2213839147803687,0.789877150930972,0.8218716423085862,0.0,1.0,71.92880284300213
69,left,LAD,0.5,share,4,True,True,0.7396602829438693,1.2783894275818646,0.44342825215551745,1.278389427583126,0.9763104147328907,0.9835696462307139,0.9679565005997308,1.258962382629405,1.0636862610964428,0.7844731836497186,0.8909828539401737,0.0,0.0,74.69139274091299
69,left,LCX,0.5,share,4,True,True,1.2242974786652687,1.583639729601292,0.2792573213068253,0.7657240054321528,0.9800926886186977,0.9875811840329101,0.979966779881625,1.4874405923099683,0.9127572404410873,0.8342105816006837,0.8788416560705226,1.0,1.0,88.88698347364948
69,left,LAD,0.5,leaf3,4,True,True,0.7396602829438693,1.2525055615129839,0.44342825215551745,1.2525055615121974,0.9758674004949679,0.9835696462307139,0.967709985944965,1.258962382629405,1.0636862610964428,0.78857577901279,0.8909828539401737,0.0,0.0,74.69139274091299
69,left,LCX,0.5,leaf3,4,True,True,1.2242974786652687,1.319648964814113,0.2792573213068253,0.6888384085478437,0.9825644408406654,0.9875811840329101,0.9823932325795206,1.4874405923099683,0.9127572404410873,0.8677248066016009,0.8788416560705226,1.0,1.0,88.88698347364948
69,left,LAD,0.5,leaf266,4,True,True,0.7396602829438693,1.2082199929630768,0.44342825215551745,1.20821999297205,0.9765799839631794,0.9835696462307139,0.9687010559947722,1.258962382629405,1.0636862610964428,0.7969805144618654,0.8909828539401737,0.0,0.0,74.69139274091299
69,left,LCX,0.5,leaf266,4,True,True,1.2242974786652687,1.3500281378331545,0.2792573213068253,0.6986694034594572,0.9822656249395868,0.9875811840329101,0.9820990957797945,1.4874405923099683,0.9127572404410873,0.8638539156637679,0.8788416560705226,1.0,1.0,88.88698347364948
69,left,LAD,0.5,apport,4,True,True,0.7396602829438693,1.299836800275964,0.44342825215551745,1.299836800279375,0.9755625681475286,0.9835696462307139,0.9670878329398678,1.258962382629405,1.0636862610964428,0.7800842517624137,0.8909828539401737,0.0,0.0,74.69139274091299
69,left,LCX,0.5,apport,4,True,True,1.2242974786652687,1.4369067089980545,0.2792573213068253,0.7225706035371686,0.9814726699355361,0.9875811840329101,0.9813159075366049,1.4874405923099683,0.9127572404410873,0.8528049807165591,0.8788416560705226,1.0,1.0,88.88698347364948
69,left,LAD,0.5,origin,4,True,True,0.7396602829438693,1.473318774198928,0.44342825215551745,1.47331877420257,0.9727730071037252,0.9835696462307139,0.9632281602559308,1.258962382629405,1.0636862610964428,0.7482932758351183,0.8909828539401737,0.0,0.0,74.69139274091299
69,left,LCX,0.5,origin,4,True,True,1.2242974786652687,1.318515954344477,0.2792573213068253,0.6410628684799475,0.9832686889780935,0.9875811840329101,0.983041224251232,1.4874405923099683,0.9127572404410873,0.868166847725958,0.8788416560705226,1.0,1.0,88.88698347364948
69,left,LAD,0.5,length,4,True,True,0.7396602829438693,1.0830876840418184,0.44342825215551745,1.0830876840453552,0.9790587052894502,0.9835696462307139,0.9719504255525824,1.258962382629405,1.0636862610964428,0.8214855065807477,0.8909828539401737,0.0,0.0,74.69139274091299
69,left,LCX,0.5,length,4,True,True,1.2242974786652687,1.5883805222998333,0.2792573213068253,0.8858994032196645,0.9783115582167038,0.9875811840329101,0.9783692219468919,1.4874405923099683,0.9127572404410873,0.8331214603991974,0.8788416560705226,1.0,1.0,88.88698347364948
69,left,LAD,0.6,share,4,True,True,0.7396602829438693,1.2183958775138857,0.44342825215551745,1.2183958775215729,0.9773493527404742,0.9835696462307139,0.9693680521315937,1.258962382629405,1.0636862610964428,0.7958908282507194,0.8909828539401737,0.0,0.0,74.69139274091299
69,left,LCX,0.6,share,4,True,True,1.2242974786652687,1.6489215190865756,0.2792573213068253,0.797399799683968,0.9792963258425632,0.9875811840329101,0.9792552441501018,1.4874405923099683,0.9127572404410873,0.8268290937409508,0.8788416560705226,1.0,1.0,76.39063123512415
69,left,LAD,0.6,leaf3,4,True,True,0.7396602829438693,0.9229813675080294,0.44342825215551745,0.9229813675143791,0.9811794859009113,0.9835696462307139,0.9751213643737113,1.258962382629405,1.0636862610964428,0.8522926537870632,0.8909828539401737,0.0,0.0,74.69139274091299
69,left,LCX,0.6,leaf3,4,True,True,1.2242974786652687,1.548918722820764,0.2792573213068253,0.7519980929575675,0.9804706126779891,0.9875811840329101,0.9803775690813906,1.4874405923099683,0.9127572404410873,0.8394128720487997,0.8788416560705226,1.0,1.0,76.39063123512415
69,left,LAD,0.6,leaf266,4,True,True,0.7396602829438693,0.9118160398581006,0.44342825215551745,0.9118160398645638,0.9813602065286048,0.9835696462307139,0.9753746428420242,1.258962382629405,1.0636862610964428,0.854475122454054,0.8909828539401737,0.0,0.0,74.69139274091299
69,left,LCX,0.6,leaf266,4,True,True,1.2242974786652687,1.5569264988482867,0.2792573213068253,0.7556855975392262,0.9803758217114512,0.9875811840329101,0.9802868945482958,1.4874405923099683,0.9127572404410873,0.8384007999897403,0.8788416560705226,1.0,1.0,76.39063123512415
69,left,LAD,0.6,apport,4,True,True,0.7396602829438693,1.1782237649844343,0.44342825215551745,1.1782237649850673,0.9774112857786567,0.9835696462307139,0.9697008979334429,1.258962382629405,1.0636862610964428,0.8030250878425346,0.8909828539401737,0.0,0.0,74.69139274091299
69,left,LCX,0.6,apport,4,True,True,1.2242974786652687,1.4848909861406208,0.2792573213068253,0.7211491135199376,0.9812484855646593,0.9875811840329101,0.9811217575343965,1.4874405923099683,0.9127572404410873,0.8475356391722687,0.8788416560705226,1.0,1.0,76.39063123512415
69,left,LAD,0.6,origin,4,True,True,0.7396602829438693,1.4219253906017744,0.44342825215551745,1.4219253906056086,0.9736375500115307,0.9835696462307139,0.964404703877242,1.258962382629405,1.0636862610964428,0.7575968606159472,0.8909828539401737,0.0,0.0,74.69139274091299
69,left,LCX,0.6,origin,4,True,True,1.2242974786652687,1.3660930826285904,0.2792573213068253,0.6643616130616239,0.9826851807917266,0.9875811840329101,0.9825076427475962,1.4874405923099683,0.9127572404410873,0.8626710047271645,0.8788416560705226,1.0,1.0,76.39063123512415
69,left,LAD,0.6,length,4,True,True,0.7396602829438693,1.0235909506695118,0.44342825215551745,1.0235909506695655,0.9800712068515295,0.9835696462307139,0.9733387143296349,1.258962382629405,1.0636862610964428,0.8331110575960612,0.8909828539401737,0.0,0.0,74.69139274091299
69,left,LCX,0.6,length,4,True,True,1.2242974786652687,1.6472760652827427,0.2792573213068253,0.9317151010793135,0.977341076958869,0.9875811840329101,0.9775137150646358,1.4874405923099683,0.9127572404410873,0.8263596056651553,0.8788416560705226,1.0,1.0,76.39063123512415
69,left,LAD,0.75,share,4,True,True,0.7396602829438693,1.221324220905918,0.44342825215551745,1.2213242209132547,0.9773497911347759,0.9835696462307139,0.9695761933975965,1.258962382629405,1.0636862610964428,0.7974121828873305,0.8909828539401737,0.0,0.0,59.83310842025719
69,left,LCX,0.75,share,4,True,True,1.2242974786652687,1.662502116917685,0.2792573213068253,0.8200083280555175,0.9788964652246641,0.9875811840329101,0.9782367230954574,1.4874405923099683,0.9127572404410873,0.8195797788790792,0.8788416560705226,1.0,1.0,49.382962593461464
69,left,LAD,0.75,leaf3,4,True,True,0.7396602829438693,0.8108617519033646,0.44342825215551745,0.8108617519013758,0.9830128094291726,0.9835696462307139,0.9777126253061008,1.258962382629405,1.0636862610964428,0.8750082027067545,0.8909828539401737,0.0,0.0,59.83310842025719
69,left,LCX,0.75,leaf3,4,True,True,1.2242974786652687,1.6354179453826851,0.2792573213068253,0.8021772008708956,0.9792954192221744,0.9875811840329101,0.9786357926882795,1.4874405923099683,0.9127572404410873,0.8231956913079008,0.8788416560705226,1.0,1.0,49.382962593461464
69,left,LAD,0.75,leaf266,4,True,True,0.7396602829438693,0.8106608246689763,0.44342825215551745,0.8106608246693908,0.9830148933940043,0.9835696462307139,0.9777159645278966,1.258962382629405,1.0636862610964428,0.8750454967470602,0.8909828539401737,0.0,0.0,59.83310842025719
69,left,LCX,0.75,leaf266,4,True,True,1.2242974786652687,1.6351791059010277,0.2792573213068253,0.8026870497520293,0.979289184692875,0.9875811840329101,0.9786296792581333,1.4874405923099683,0.9127572404410873,0.8232187430874656,0.8788416560705226,1.0,1.0,49.382962593461464
69,left,LAD,0.75,apport,4,True,True,0.7396602829438693,1.1567777077516201,0.44342825215551745,1.1567777077516561,0.9777234929456105,0.9835696462307139,0.9703247398143194,1.258962382629405,1.0636862610964428,0.8089346959583833,0.8909828539401737,0.0,0.0,59.83310842025719
69,left,LCX,0.75,apport,4,True,True,1.2242974786652687,1.488826536599024,0.2792573213068253,0.7331551190060782,0.9810528698808669,0.9875811840329101,0.9804149262742644,1.4874405923099683,0.9127572404410873,0.8425439054250677,0.8788416560705226,1.0,1.0,49.382962593461464
69,left,LAD,0.75,origin,4,True,True,0.7396602829438693,1.4468767199762749,0.44342825215551745,1.446876719980643,0.9732604041241282,0.9835696462307139,0.9641935813190466,1.258962382629405,1.0636862610964428,0.7558126344379773,0.8909828539401737,0.0,0.0,59.83310842025719
69,left,LCX,0.75,origin,4,True,True,1.2242974786652687,1.3569546504596461,0.2792573213068253,0.6708571479912816,0.9826368709459906,0.9875811840329101,0.9820272915821263,1.4874405923099683,0.9127572404410873,0.8600569847757651,0.8788416560705226,1.0,1.0,49.382962593461464
69,left,LAD,0.75,length,4,True,True,0.7396602829438693,1.0107645496016564,0.44342825215551745,1.0107645496066273,0.9803329166345316,0.9835696462307139,0.973805836741598,1.258962382629405,1.0636862610964428,0.8370716025451207,0.8909828539401737,0.0,0.0,59.83310842025719
69,left,LCX,0.75,length,4,True,True,1.2242974786652687,1.6742103128494874,0.2792573213068253,0.9753643491081193,0.9765654352132557,0.9875811840329101,0.9759495907583617,1.4874405923099683,0.9127572404410873,0.8162979143966125,0.8788416560705226,1.0,1.0,49.382962593461464
69,left,LAD,0.9,share,3,True,True,0.7396602829438693,1.5988162238111612,0.44342825215551745,1.5988162238159707,0.9721144676879171,0.9835696462307139,0.9619266694354277,1.258962382629405,1.0636862610964428,0.7284171653653269,0.8909828539401737,0.0,0.0,40.57568870555572
69,left,LCX,0.9,share,3,True,True,1.2242974786652687,1.6784984521841153,0.2792573213068253,0.8356650887366072,0.9785859046896304,0.9875811840329101,0.9774873524762816,1.4874405923099683,0.9127572404410873,0.8140650478685454,0.8788416560705226,1.0,1.0,22.362997298715197
69,left,LAD,0.9,leaf3,3,True,True,0.7396602829438693,1.0864930234912737,0.44342825215551745,1.0864930234944383,0.980848857192372,0.9835696462307139,0.9737452009094335,1.258962382629405,1.0636862610964428,0.8230712856695465,0.8909828539401737,0.0,0.0,40.57568870555572
69,left,LCX,0.9,leaf3,3,True,True,1.2242974786652687,2.19082165250788,0.2792573213068253,1.0878285955234905,0.9722838721992317,0.9875811840329101,0.9709045416388119,1.4874405923099683,0.9127572404410873,0.7475535862072314,0.8788416560705226,1.0,1.0,22.362997298715197
69,left,LAD,0.9,leaf266,3,True,True,0.7396602829438693,1.086022666821986,0.44342825215551745,1.0860226668268074,0.980856876111568,0.9835696462307139,0.9737561382417812,1.258962382629405,1.0636862610964428,0.8231625997807401,0.8909828539401737,0.0,0.0,40.57568870555572
69,left,LCX,0.9,leaf266,3,True,True,1.2242974786652687,2.191292009174722,0.2792573213068253,1.088408411407829,0.9722729942326572,0.9875811840329101,0.9708931081109167,1.4874405923099683,0.9127572404410873,0.747488199269183,0.8788416560705226,1.0,1.0,22.362997298715197
69,left,LAD,0.9,apport,3,True,True,0.7396602829438693,1.6487071612886088,0.44342825215551745,1.6487071612915845,0.9712638974221359,0.9835696462307139,0.9607863194099728,1.258962382629405,1.0636862610964428,0.7198712604441393,0.8909828539401737,0.0,0.0,40.57568870555572
69,left,LCX,0.9,apport,3,True,True,1.2242974786652687,1.6286075147080221,0.2792573213068253,0.8102019941056228,0.9792128673241645,0.9875811840329101,0.9781449909288695,1.4874405923099683,0.9127572404410873,0.8208112962009323,0.8788416560705226,1.0,1.0,22.362997298715197
69,left,LAD,0.9,origin,3,True,True,0.7396602829438693,1.710630906070672,0.44342825215551745,1.7106309060734095,0.9702081847271725,0.9835696462307139,0.959373501095529,1.258962382629405,1.0636862610964428,0.7094537270281449,0.8909828539401737,0.0,0.0,40.57568870555572
69,left,LCX,0.9,origin,3,True,True,1.2242974786652687,1.5666837699383345,0.2792573213068253,0.7801616360673218,0.9799681772512332,0.9875811840329101,0.978937802907838,1.4874405923099683,0.9127572404410873,0.8291932675676985,0.8788416560705226,1.0,1.0,22.362997298715197
69,left,LAD,0.9,length,3,True,True,0.7396602829438693,1.2316880312688296,0.44342825215551745,1.2316880312746943,0.9783734866621078,0.9835696462307139,0.9703736039597559,1.258962382629405,1.0636862610964428,0.7951621960882008,0.8909828539401737,0.0,0.0,40.57568870555572
69,left,LCX,0.9,length,3,True,True,1.2242974786652687,2.0456266447341034,0.2792573213068253,1.2065856148665906,0.9712889202925619,0.9875811840329101,0.9698296583618929,1.4874405923099683,0.9127572404410873,0.7622683876583353,0.8788416560705226,1.0,1.0,22.362997298715197
69,left,LAD,1.0,share,2,True,True,0.7396602829438693,1.6077006218742913,0.44342825215551745,1.6077006218754437,0.9719630012051759,0.9835696462307139,0.9611233026496979,1.258962382629405,1.0636862610964428,0.7224328582290176,0.8909828539401737,0.0,0.0,27.797640093167082
69,left,LCX,1.0,share,2,False,True,1.2242974786652687,1.6696140541157825,0.2792573213068253,,,0.9875811840329101,,1.4874405923099683,0.9127572404410873,,,,,
69,left,LAD,1.0,leaf3,2,True,True,0.7396602829438693,0.8258580448515278,0.44342825215551745,0.8258580448528865,0.985292316751706,0.9835696462307139,0.9796657220436558,1.258962382629405,1.0636862610964428,0.8726222336850363,0.8909828539401737,0.0,0.0,27.797640093167082
69,left,LCX,1.0,leaf3,2,False,True,1.2242974786652687,2.4514566311606463,0.2792573213068253,,,0.9875811840329101,,1.4874405923099683,0.9127572404410873,,,,,
69,left,LAD,1.0,leaf266,2,True,True,0.7396602829438693,0.9023101863499615,0.44342825215551745,0.9023101863618478,0.983988915340397,0.9835696462307139,0.977844029934916,1.258962382629405,1.0636862610964428,0.8574449470453854,0.8909828539401737,0.0,0.0,27.797640093167082
69,left,LCX,1.0,leaf266,2,False,True,1.2242974786652687,2.375004489642097,0.2792573213068253,,,0.9875811840329101,,1.4874405923099683,0.9127572404410873,,,,,
69,left,LAD,1.0,apport,2,True,True,0.7396602829438693,1.6585240413136462,0.44342825215551745,1.658524041318345,0.9710965334343161,0.9835696462307139,0.9599246178504428,1.258962382629405,1.0636862610964428,0.7135430493564895,0.8909828539401737,0.0,0.0,27.797640093167082
69,left,LCX,1.0,apport,2,False,True,1.2242974786652687,1.6187906346721366,0.2792573213068253,,,0.9875811840329101,,1.4874405923099683,0.9127572404410873,,,,,
69,left,LAD,1.0,origin,2,True,True,0.7396602829438693,1.165861011447993,0.44342825215551745,1.1658610114518273,0.9794957447028615,0.9835696462307139,0.9715783890022416,1.258962382629405,1.0636862610964428,0.8051270089280872,0.8909828539401737,0.0,0.0,27.797640093167082
69,left,LCX,1.0,origin,2,False,True,1.2242974786652687,2.111453664557646,0.2792573213068253,,,0.9875811840329101,,1.4874405923099683,0.9127572404410873,,,,,
69,left,LAD,1.0,length,2,True,True,0.7396602829438693,1.0855228970540582,0.44342825215551745,1.0855228970539077,0.980865396482766,0.9835696462307139,0.9734860114619807,1.258962382629405,1.0636862610964428,0.8209706310896016,0.8909828539401737,0.0,0.0,27.797640093167082
69,left,LCX,1.0,length,2,False,True,1.2242974786652687,2.191791778958789,0.2792573213068253,,,0.9875811840329101,,1.4874405923099683,0.9127572404410873,,,,,
69,right,RCA,0.5,share,2,True,True,3.392141477658396,3.392141477658396,3.3921414776420873,3.3921414776420873,0.9882187827713782,0.9868452894056718,0.9881258343332683,1.8207313938617786,1.8207313938617786,0.7963356816220826,0.7702367186305024,1.0,1.0,150.97355138965827
69,right,RCA,0.5,leaf3,2,True,True,3.392141477658396,3.392141477658396,3.3921414776420873,3.3921414776420873,0.9882187827713819,0.9868452894056718,0.9875913820191965,1.8207313938617786,1.8207313938617786,0.7856807417114255,0.7702367186305024,1.0,1.0,150.97355138965827
69,right,RCA,0.5,leaf266,2,True,True,3.392141477658396,3.392141477658396,3.3921414776420873,3.3921414776420873,0.9882187827713785,0.9868452894056718,0.9876397284847019,1.8207313938617786,1.8207313938617786,0.7866311278805763,0.7702367186305024,1.0,1.0,150.97355138965827
69,right,RCA,0.5,apport,2,True,True,3.392141477658396,3.392141477658396,3.3921414776420873,3.3921414776420873,0.9882187827713782,0.9868452894056718,0.9877868894604762,1.8207313938617786,1.8207313938617786,0.789544532921874,0.7702367186305024,1.0,1.0,150.97355138965827
69,right,RCA,0.5,origin,2,True,True,3.392141477658396,3.392141477658396,3.3921414776420873,3.3921414776420873,0.9882187827713782,0.9868452894056718,0.9881258343332683,1.8207313938617786,1.8207313938617786,0.7963356816239461,0.7702367186305024,1.0,1.0,150.97355138965827
69,right,RCA,0.5,length,2,True,True,3.392141477658396,3.392141477658396,3.3921414776420873,3.3921414776420873,0.9882187827713835,0.9868452894056718,0.9888073161802634,1.8207313938617786,1.8207313938617786,0.8102576763837448,0.7702367186305024,1.0,1.0,150.97355138965827
69,right,RCA,0.6,share,2,True,True,3.392141477658396,3.392141477658396,3.3921414776420873,3.3921414776420873,0.9882187827713782,0.9868452894056718,0.9881961476403721,1.8207313938617786,1.8207313938617786,0.7976589791344301,0.7702367186305024,1.0,1.0,150.97355138965827
69,right,RCA,0.6,leaf3,2,True,True,3.392141477658396,3.392141477658396,3.3921414776420873,3.3921414776420873,0.9882187827713784,0.9868452894056718,0.9878233831975056,1.8207313938617786,1.8207313938617786,0.7902087391822027,0.7702367186305024,1.0,1.0,150.97355138965827
69,right,RCA,0.6,leaf266,2,True,True,3.392141477658396,3.392141477658396,3.3921414776420873,3.3921414776420873,0.9882187827713782,0.9868452894056718,0.9878920682075623,1.8207313938617786,1.8207313938617786,0.7915717061106113,0.7702367186305024,1.0,1.0,150.97355138965827
69,right,RCA,0.6,apport,2,True,True,3.392141477658396,3.392141477658396,3.3921414776420873,3.3921414776420873,0.9882187827713794,0.9868452894056718,0.9879781448862953,1.8207313938617786,1.8207313938617786,0.7932863649235623,0.7702367186305024,1.0,1.0,150.97355138965827
69,right,RCA,0.6,origin,2,True,True,3.392141477658396,3.392141477658396,3.3921414776420873,3.3921414776420873,0.988218782771379,0.9868452894056718,0.9881961476403721,1.8207313938617786,1.8207313938617786,0.7976589791344301,0.7702367186305024,1.0,1.0,150.97355138965827
69,right,RCA,0.6,length,2,True,True,3.392141477658396,3.392141477663244,3.3921414776420873,3.3921414776455774,0.9882187827713639,0.9868452894056718,0.9889889543666378,1.8207313938617786,1.8207313938617786,0.8138695792311758,0.7702367186305024,1.0,1.0,150.97355138965827
69,right,RCA,0.75,share,2,True,True,3.392141477658396,3.392141477658396,3.3921414776420873,3.3921414776420873,0.9882187827713789,0.9868452894056718,0.9880371642725123,1.8207313938617786,1.8207313938617786,0.79391109992075,0.7702367186305024,1.0,1.0,150.97355138965827
69,right,RCA,0.75,leaf3,2,True,True,3.392141477658396,3.392141477658396,3.3921414776420873,3.3921414776420873,0.9882187827713789,0.9868452894056718,0.9882559665046863,1.8207313938617786,1.8207313938617786,0.7982034529826922,0.7702367186305024,1.0,1.0,150.97355138965827
69,right,RCA,0.75,leaf266,2,True,True,3.392141477658396,3.392141477658396,3.3921414776420873,3.3921414776420873,0.9882187827713789,0.9868452894056718,0.9882861794653506,1.8207313938617786,1.8207313938617786,0.7988005308616231,0.7702367186305024,1.0,1.0,150.97355138965827
69,right,RCA,0.75,apport,2,True,True,3.392141477658396,3.392141477658396,3.3921414776420873,3.3921414776420873,0.9882187827713794,0.9868452894056718,0.9881529745026684,1.8207313938617786,1.8207313938617786,0.7961758710873879,0.7702367186305024,1.0,1.0,150.97355138965827
69,right,RCA,0.75,origin,2,True,True,3.392141477658396,3.392141477658396,3.3921414776420873,3.3921414776420873,0.9882187827713789,0.9868452894056718,0.9880371642725123,1.8207313938617786,1.8207313938617786,0.79391109992075,0.7702367186305024,1.0,1.0,150.97355138965827
69,right,RCA,0.75,length,2,True,True,3.392141477658396,3.392141477653548,3.3921414776420873,3.3921414776385967,0.9882187827713876,0.9868452894056718,0.9888004431187879,1.8207313938617786,1.8207313938617786,0.8091058517038845,0.7702367186305024,1.0,1.0,150.97355138965827
69,right,RCA,0.9,share,2,True,True,3.392141477658396,3.392141477658396,3.3921414776420873,3.3921414776420873,0.9882187827713796,0.9868452894056718,0.9869018211014952,1.8207313938617786,1.8207313938617786,0.7714533156582752,0.7702367186305024,1.0,1.0,141.12360443724958
69,right,RCA,0.9,leaf3,2,True,True,3.392141477658396,3.392141477658396,3.3921414776420873,3.3921414776420873,0.9882187827713825,0.9868452894056718,0.9868646727364879,1.8207313938617786,1.8207313938617786,0.7706815911940975,0.7702367186305024,1.0,1.0,141.12360443724958
69,right,RCA,0.9,leaf266,2,True,True,3.392141477658396,3.392141477658396,3.3921414776420873,3.3921414776420873,0.9882187827713794,0.9868452894056718,0.9868646572474373,1.8207313938617786,1.8207313938617786,0.7706812695572125,0.7702367186305024,1.0,1.0,141.12360443724958
69,right,RCA,0.9,apport,2,True,True,3.392141477658396,3.392141477658396,3.3921414776420873,3.3921414776420873,0.9882187827713789,0.9868452894056718,0.9868804237142108,1.8207313938617786,1.8207313938617786,0.7710087277207919,0.7702367186305024,1.0,1.0,141.12360443724958
69,right,RCA,0.9,origin,2,True,True,3.392141477658396,3.392141477658396,3.3921414776420873,3.3921414776420873,0.9882187827713782,0.9868452894056718,0.9869018211014952,1.8207313938617786,1.8207313938617786,0.7714533156582752,0.7702367186305024,1.0,1.0,141.12360443724958
69,right,RCA,0.9,length,2,True,True,3.392141477658396,3.392141477658396,3.3921414776420873,3.3921414776420873,0.9882187827713776,0.9868452894056718,0.986851166653788,1.8207313938617786,1.8207313938617786,0.7704011690395667,0.7702367186305024,1.0,1.0,141.12360443724958
69,right,RCA,1.0,share,2,True,True,3.392141477658396,3.392141477653548,3.3921414776420873,3.3921414776385967,0.9882187827713894,0.9868452894056718,0.9868848107940726,1.8207313938617786,1.8207313938617786,0.7710998642050435,0.7702367186305024,1.0,1.0,130.18205990484392
69,right,RCA,1.0,leaf3,2,True,True,3.392141477658396,3.392141477658396,3.3921414776420873,3.3921414776420873,0.9882187827713796,0.9868452894056718,0.9868446853365711,1.8207313938617786,1.8207313938617786,0.7702666290556733,0.7702367186305024,1.0,1.0,130.18205990484392
69,right,RCA,1.0,leaf266,2,True,True,3.392141477658396,3.392141477658396,3.3921414776420873,3.3921414776455774,0.9882187827713702,0.9868452894056718,0.9868447410845065,1.8207313938617786,1.8207313938617786,0.7702677862017386,0.7702367186305024,1.0,1.0,130.18205990484392
69,right,RCA,1.0,apport,2,True,True,3.392141477658396,3.392141477658396,3.3921414776420873,3.3921414776420873,0.9882187827713823,0.9868452894056718,0.9868619634299771,1.8207313938617786,1.8207313938617786,0.7706253321650716,0.7702367186305024,1.0,1.0,130.18205990484392
69,right,RCA,1.0,origin,2,True,True,3.392141477658396,3.392141477653548,3.3921414776420873,3.3921414776385967,0.9882187827713894,0.9868452894056718,0.9868848107940726,1.8207313938617786,1.8207313938617786,0.7710998642050435,0.7702367186305024,1.0,1.0,130.18205990484392
69,right,RCA,1.0,length,2,True,True,3.392141477658396,3.392141477663244,3.3921414776420873,3.3921414776455774,0.988218782771366,0.9868452894056718,0.9868302969082242,1.8207313938617786,1.8207313938617786,0.7699680205825568,0.7702367186305024,1.0,1.0,130.18205990484392
80,left,LAD,0.5,share,3,True,True,0.5145999596772239,0.43443717124898057,0.19108938934770298,0.2018725142311662,0.9735748564253855,0.9759401177523636,0.9777238156633117,0.9348262304436894,0.7781099433659479,0.9210696192882006,0.9042386854954247,0.0,0.0,69.98523135315558
80,left,LAD,0.5,leaf3,3,True,True,0.5145999596772239,0.5125213964821944,0.19108938934770298,0.3448396502921311,0.9648605623263117,0.9759401177523636,0.9686403064868255,0.9348262304436894,0.7781099433659479,0.8973267087663265,0.9042386854954247,0.0,0.0,69.98523135315558
80,left,LAD,0.5,leaf266,3,True,True,0.5145999596772239,0.5171477873210889,0.19108938934770298,0.3382185748043373,0.9650647337463207,0.9759401177523636,0.9689290499096088,0.9348262304436894,0.7781099433659479,0.8967645318520605,0.9042386854954247,0.0,0.0,69.98523135315558
80,left,LAD,0.5,apport,3,True,True,0.5145999596772239,0.5170964677387455,0.19108938934770298,0.2400777482128869,0.969751248677661,0.9759401177523636,0.974314811959357,0.9348262304436894,0.7781099433659479,0.9024247257320777,0.9042386854954247,0.0,0.0,69.98523135315558
80,left,LAD,0.5,origin,3,True,True,0.5145999596772239,0.5170964677387455,0.19108938934770298,0.2400777482128869,0.969751248677661,0.9759401177523636,0.974314811959357,0.9348262304436894,0.7781099433659479,0.9024247257320777,0.9042386854954247,0.0,0.0,69.98523135315558
80,left,LAD,0.5,length,3,True,True,0.5145999596772239,0.49209390366440664,0.19108938934770298,0.33451087855632644,0.9658478391248739,0.9759401177523636,0.9695314352446806,0.9348262304436894,0.7781099433659479,0.9020218802757665,0.9042386854954247,0.0,0.0,69.98523135315558
80,left,LAD,0.6,share,3,True,True,0.5145999596772239,0.4365302552307321,0.19108938934770298,0.20079853238826664,0.9735754931591575,0.9759401177523636,0.9777684735559209,0.9348262304436894,0.7781099433659479,0.9209105899350437,0.9042386854954247,0.0,0.0,69.98523135315558
80,left,LAD,0.6,leaf3,3,True,True,0.5145999596772239,0.5516517007992363,0.19108938934770298,0.30472745851841104,0.9658288978510065,0.9759401177523636,0.9702366155445241,0.9348262304436894,0.7781099433659479,0.8918118100980948,0.9042386854954247,0.0,0.0,69.98523135315558
80,left,LAD,0.6,leaf266,3,True,True,0.5145999596772239,0.5530544614739619,0.19108938934770298,0.30159722908730796,0.9659444006514246,0.9759401177523636,0.9703868909775961,0.9348262304436894,0.7781099433659479,0.8917083629066122,0.9042386854954247,0.0,0.0,69.98523135315558
80,left,LAD,0.6,apport,3,True,True,0.5145999596772239,0.5195052178886445,0.19108938934770298,0.23829306208565673,0.9697781781175973,0.9759401177523636,0.9744014433575716,0.9348262304436894,0.7781099433659479,0.9023090280474328,0.9042386854954247,0.0,0.0,69.98523135315558
80,left,LAD,0.6,origin,3,True,True,0.5145999596772239,0.5195052178886445,0.19108938934770298,0.23829306208565673,0.969778178117606,0.9759401177523636,0.9744014433575716,0.9348262304436894,0.7781099433659479,0.9023090280474328,0.9042386854954247,0.0,0.0,69.98523135315558
80,left,LAD,0.6,length,3,True,True,0.5145999596772239,0.4929349243510266,0.19108938934770298,0.33371697444674614,0.9658653945392244,0.9759401177523636,0.9695700095155253,0.9348262304436894,0.7781099433659479,0.9019841984554116,0.9042386854954247,0.0,0.0,69.98523135315558
80,left,LAD,0.75,share,3,True,True,0.5145999596772239,0.4309259352047618,0.19108938934770298,0.19997670512531296,0.973750306096477,0.9759401177523636,0.9778371568202433,0.9348262304436894,0.7781099433659479,0.9217066311144174,0.9042386854954247,0.0,0.0,31.26277943610445
80,left,LAD,0.75,leaf3,3,True,True,0.5145999596772239,0.5636830157503435,0.19108938934770298,0.280166585639181,0.9667103822245752,0.9759401177523636,0.9713501065790938,0.9348262304436894,0.7781099433659479,0.890321402067093,0.9042386854954247,0.0,0.0,31.26277943610445
80,left,LAD,0.75,leaf266,3,True,True,0.5145999596772239,0.563785552196978,0.19108938934770298,0.2801509265028708,0.9667086492542053,0.9759401177523636,0.9713493358075481,0.9348262304436894,0.7781099433659479,0.890300763777563,0.9042386854954247,0.0,0.0,31.26277943610445
80,left,LAD,0.75,apport,3,True,True,0.5145999596772239,0.5170210622859567,0.19108938934770298,0.23965140925764103,0.9697734264257669,0.9759401177523636,0.9743051496611106,0.9348262304436894,0.7781099433659479,0.9022670465833568,0.9042386854954247,0.0,0.0,31.26277943610445
80,left,LAD,0.75,origin,3,True,True,0.5145999596772239,0.5170210622859567,0.19108938934770298,0.23965140925764103,0.9697734264257669,0.9759401177523636,0.9743051496611106,0.9348262304436894,0.7781099433659479,0.9022670465833568,0.9042386854954247,0.0,0.0,31.26277943610445
80,left,LAD,0.75,length,3,True,True,0.5145999596772239,0.49220176942682087,0.19108938934770298,0.3376989306203809,0.9656930310650315,0.9759401177523636,0.9693446193672152,0.9348262304436894,0.7781099433659479,0.9018129912938228,0.9042386854954247,0.0,0.0,31.26277943610445
80,left,LAD,0.9,share,2,False,True,0.5145999596772239,0.42607747112231853,0.19108938934770298,,,0.9759401177523636,,0.9348262304436894,0.7781099433659479,,,,,
80,left,LAD,0.9,leaf3,2,False,True,0.5145999596772239,0.44602713215459944,0.19108938934770298,,,0.9759401177523636,,0.9348262304436894,0.7781099433659479,,,,,
80,left,LAD,0.9,leaf266,2,False,True,0.5145999596772239,0.44337827042273903,0.19108938934770298,,,0.9759401177523636,,0.9348262304436894,0.7781099433659479,,,,,
80,left,LAD,0.9,apport,2,False,True,0.5145999596772239,0.42607747112231853,0.19108938934770298,,,0.9759401177523636,,0.9348262304436894,0.7781099433659479,,,,,
80,left,LAD,0.9,origin,2,False,True,0.5145999596772239,0.42607747112231853,0.19108938934770298,,,0.9759401177523636,,0.9348262304436894,0.7781099433659479,,,,,
80,left,LAD,0.9,length,2,False,True,0.5145999596772239,0.5283831372724052,0.19108938934770298,,,0.9759401177523636,,0.9348262304436894,0.7781099433659479,,,,,
80,left,LAD,1.0,share,1,False,False,0.5145999596772239,,0.19108938934770298,,,0.9759401177523636,,0.9348262304436894,0.7781099433659479,,,,,
80,left,LAD,1.0,leaf3,1,False,False,0.5145999596772239,,0.19108938934770298,,,0.9759401177523636,,0.9348262304436894,0.7781099433659479,,,,,
80,left,LAD,1.0,leaf266,1,False,False,0.5145999596772239,,0.19108938934770298,,,0.9759401177523636,,0.9348262304436894,0.7781099433659479,,,,,
80,left,LAD,1.0,apport,1,False,False,0.5145999596772239,,0.19108938934770298,,,0.9759401177523636,,0.9348262304436894,0.7781099433659479,,,,,
80,left,LAD,1.0,origin,1,False,False,0.5145999596772239,,0.19108938934770298,,,0.9759401177523636,,0.9348262304436894,0.7781099433659479,,,,,
80,left,LAD,1.0,length,1,False,False,0.5145999596772239,,0.19108938934770298,,,0.9759401177523636,,0.9348262304436894,0.7781099433659479,,,,,
80,right,RCA,0.5,share,2,True,True,0.7545507200410574,0.8256391804278874,0.671680662870733,0.8256391804219225,0.9783005641905904,0.9529489904063432,0.9483204833742679,1.1049418052492512,1.064887051519798,0.8120415738109059,0.8203966353188965,1.0,1.0,142.81600503237442
80,right,RCA,0.5,leaf3,2,True,True,0.7545507200410574,0.8256391804288696,0.671680662870733,0.8256391804232142,0.9783005641905665,0.9529489904063432,0.9467442836978386,1.1049418052492512,1.064887051519798,0.8064751891029907,0.8203966353188965,1.0,1.0,142.81600503237442
80,right,RCA,0.5,leaf266,2,True,True,0.7545507200410574,0.8256391804283785,0.671680662870733,0.8256391804225683,0.97830056419058,0.9529489904063432,0.9467329196516003,1.1049418052492512,1.064887051519798,0.8064352416716182,0.8203966353188965,1.0,1.0,142.81600503237442
80,right,RCA,0.5,apport,2,True,True,0.7545507200410574,0.8256391804288696,0.671680662870733,0.8256391804232142,0.9783005641905671,0.9529489904063432,0.9474048207000134,1.1049418052492512,1.064887051519798,0.8088016987272407,0.8203966353188965,1.0,1.0,142.81600503237442
80,right,RCA,0.5,origin,2,True,True,0.7545507200410574,0.8256391804278874,0.671680662870733,0.8256391804219225,0.9783005641905904,0.9529489904063432,0.9483204833742679,1.1049418052492512,1.064887051519798,0.8120415738109059,0.8203966353188965,1.0,1.0,142.81600503237442
80,right,RCA,0.5,length,2,True,True,0.7545507200410574,0.8256391804288696,0.671680662870733,0.8256391804232142,0.9783005641905665,0.9529489904063432,0.9471759310703766,1.1049418052492512,1.064887051519798,0.8079945014571716,0.8203966353188965,1.0,1.0,142.81600503237442
80,right,RCA,0.6,share,1,True,True,0.7545507200410574,0.8256391804288696,0.671680662870733,0.8256391804232142,0.9783005641905667,0.9529489904063432,0.9491174239494131,1.1049418052492512,1.064887051519798,0.8148752696258734,0.8203966353188965,0.0,1.0,131.2917910524783
80,right,RCA,0.6,leaf3,1,True,True,0.7545507200410574,0.8256391804288696,0.671680662870733,0.8256391804232142,0.9783005641905667,0.9529489904063432,0.9491174239494131,1.1049418052492512,1.064887051519798,0.8148752696258731,0.8203966353188965,0.0,1.0,131.2917910524783
80,right,RCA,0.6,leaf266,1,True,True,0.7545507200410574,0.8256391804288696,0.671680662870733,0.8256391804232142,0.9783005641905657,0.9529489904063432,0.9491174239494563,1.1049418052492512,1.064887051519798,0.8148752696256817,0.8203966353188965,0.0,1.0,131.2917910524783
80,right,RCA,0.6,apport,1,True,True,0.7545507200410574,0.8256391804288696,0.671680662870733,0.8256391804232142,0.9783005641905667,0.9529489904063432,0.9491174239494131,1.1049418052492512,1.064887051519798,0.8148752696258734,0.8203966353188965,0.0,1.0,131.2917910524783
80,right,RCA,0.6,origin,1,True,True,0.7545507200410574,0.8256391804288696,0.671680662870733,0.8256391804232142,0.9783005641905667,0.9529489904063432,0.9491174239494131,1.1049418052492512,1.064887051519798,0.8148752696258731,0.8203966353188965,0.0,1.0,131.2917910524783
80,right,RCA,0.6,length,1,True,True,0.7545507200410574,0.8256391804288696,0.671680662870733,0.8256391804232142,0.9783005641905658,0.9529489904063432,0.9491174239494563,1.1049418052492512,1.064887051519798,0.8148752696256817,0.8203966353188965,0.0,1.0,131.2917910524783
80,right,RCA,0.75,share,1,True,True,0.7545507200410574,0.8256391804288696,0.671680662870733,0.8256391804232142,0.978300564190565,0.9529489904063432,0.947199163869905,1.1049418052492512,1.064887051519798,0.8080763847627673,0.8203966353188965,0.0,1.0,106.24169137905112
80,right,RCA,0.75,leaf3,1,True,True,0.7545507200410574,0.8256391804288696,0.671680662870733,0.8256391804232142,0.978300564190565,0.9529489904063432,0.947199163869905,1.1049418052492512,1.064887051519798,0.8080763847627673,0.8203966353188965,0.0,1.0,106.24169137905112
80,right,RCA,0.75,leaf266,1,True,True,0.7545507200410574,0.8256391804283785,0.671680662870733,0.8256391804225683,0.9783005641905687,0.9529489904063432,0.9471991638701676,1.1049418052492512,1.064887051519798,0.8080763847627453,0.8203966353188965,0.0,1.0,106.24169137905112
80,right,RCA,0.75,apport,1,True,True,0.7545507200410574,0.8256391804283785,0.671680662870733,0.8256391804225683,0.9783005641905687,0.9529489904063432,0.9471991638701676,1.1049418052492512,1.064887051519798,0.8080763847627453,0.8203966353188965,0.0,1.0,106.24169137905112
80,right,RCA,0.75,origin,1,True,True,0.7545507200410574,0.8256391804283785,0.671680662870733,0.8256391804225683,0.9783005641905687,0.9529489904063432,0.9471991638701676,1.1049418052492512,1.064887051519798,0.8080763847627453,0.8203966353188965,0.0,1.0,106.24169137905112
80,right,RCA,0.75,length,1,True,True,0.7545507200410574,0.8256391804288696,0.671680662870733,0.8256391804232142,0.978300564190565,0.9529489904063432,0.947199163869905,1.1049418052492512,1.064887051519798,0.8080763847627673,0.8203966353188965,0.0,1.0,106.24169137905112
80,right,RCA,0.9,share,1,True,True,0.7545507200410574,0.8256391804283785,0.671680662870733,0.8256391804225683,0.978300564190569,0.9529489904063432,0.9469949089061099,1.1049418052492512,1.064887051519798,0.807356873689059,0.8203966353188965,0.0,1.0,102.0767018922886
80,right,RCA,0.9,leaf3,1,True,True,0.7545507200410574,0.8256391804283785,0.671680662870733,0.8256391804225683,0.978300564190569,0.9529489904063432,0.9469949089061099,1.1049418052492512,1.064887051519798,0.807356873689059,0.8203966353188965,0.0,1.0,102.0767018922886
80,right,RCA,0.9,leaf266,1,True,True,0.7545507200410574,0.8256391804283785,0.671680662870733,0.8256391804225683,0.978300564190569,0.9529489904063432,0.9469949089061099,1.1049418052492512,1.064887051519798,0.807356873689059,0.8203966353188965,0.0,1.0,102.0767018922886
80,right,RCA,0.9,apport,1,True,True,0.7545507200410574,0.8256391804283785,0.671680662870733,0.8256391804225683,0.978300564190569,0.9529489904063432,0.9469949089061099,1.1049418052492512,1.064887051519798,0.807356873689059,0.8203966353188965,0.0,1.0,102.0767018922886
80,right,RCA,0.9,origin,1,True,True,0.7545507200410574,0.8256391804283785,0.671680662870733,0.8256391804225683,0.978300564190569,0.9529489904063432,0.9469949089061099,1.1049418052492512,1.064887051519798,0.807356873689059,0.8203966353188965,0.0,1.0,102.0767018922886
80,right,RCA,0.9,length,1,True,True,0.7545507200410574,0.8256391804283785,0.671680662870733,0.8256391804225683,0.978300564190569,0.9529489904063432,0.9469949089061099,1.1049418052492512,1.064887051519798,0.807356873689059,0.8203966353188965,0.0,1.0,102.0767018922886
80,right,RCA,1.0,share,1,True,True,0.7545507200410574,0.8256391804293607,0.671680662870733,0.8256391804232142,0.9783005641905518,0.9529489904063432,0.9431505707593052,1.1049418052492512,1.064887051519798,0.7951284851633488,0.8203966353188965,0.0,1.0,60.898770016753836
80,right,RCA,1.0,leaf3,1,True,True,0.7545507200410574,0.8256391804288696,0.671680662870733,0.8256391804232142,0.9783005641905679,0.9529489904063432,0.9431505707593052,1.1049418052492512,1.064887051519798,0.7951284851633488,0.8203966353188965,0.0,1.0,60.898770016753836
80,right,RCA,1.0,leaf266,1,True,True,0.7545507200410574,0.8256391804293607,0.671680662870733,0.8256391804232142,0.9783005641905518,0.9529489904063432,0.9431505707593052,1.1049418052492512,1.064887051519798,0.7951284851633488,0.8203966353188965,0.0,1.0,60.898770016753836
80,right,RCA,1.0,apport,1,True,True,0.7545507200410574,0.8256391804293607,0.671680662870733,0.8256391804232142,0.9783005641905518,0.9529489904063432,0.9431505707593052,1.1049418052492512,1.064887051519798,0.7951284851633488,0.8203966353188965,0.0,1.0,60.898770016753836
80,right,RCA,1.0,origin,1,True,True,0.7545507200410574,0.8256391804293607,0.671680662870733,0.8256391804232142,0.9783005641905518,0.9529489904063432,0.9431505707593052,1.1049418052492512,1.064887051519798,0.7951284851633488,0.8203966353188965,0.0,1.0,60.898770016753836
80,right,RCA,1.0,length,1,True,True,0.7545507200410574,0.8256391804293607,0.671680662870733,0.8256391804232142,0.9783005641905518,0.9529489904063432,0.9431505707593052,1.1049418052492512,1.064887051519798,0.7951284851633488,0.8203966353188965,0.0,1.0,60.898770016753836
85,right,RCA,0.5,share,2,True,True,2.14489771152075,2.979224858616274,1.342263557423313,2.9792248586249888,0.977418579400503,0.9402581517540685,0.9436808158291239,1.5539949817291037,1.3107573506478913,0.7816444013584485,0.7626624533809669,1.0,1.0,138.21580220242436
85,right,RCA,0.5,leaf3,2,True,True,2.14489771152075,2.979224858616274,1.342263557423313,2.9792248586249888,0.9774185794005023,0.9402581517540685,0.9394542616873015,1.5539949817291037,1.3107573506478913,0.7684266194673314,0.7626624533809669,1.0,1.0,138.21580220242436
85,right,RCA,0.5,leaf266,2,True,True,2.14489771152075,2.979224858616274,1.342263557423313,2.9792248586249888,0.9774185794005024,0.9402581517540685,0.9385838483782216,1.5539949817291037,1.3107573506478913,0.7657771675974958,0.7626624533809669,1.0,1.0,138.21580220242436
85,right,RCA,0.5,apport,2,True,True,2.14489771152075,2.979224858616274,1.342263557423313,2.9792248586249888,0.9774185794005038,0.9402581517540685,0.9400516105765664,1.5539949817291037,1.3107573506478913,0.7702590657374258,0.7626624533809669,1.0,1.0,138.21580220242436
85,right,RCA,0.5,origin,2,True,True,2.14489771152075,2.979224858616274,1.342263557423313,2.9792248586249888,0.977418579400503,0.9402581517540685,0.9436808158290481,1.5539949817291037,1.3107573506478913,0.7816444013586475,0.7626624533809669,1.0,1.0,138.21580220242436
85,right,RCA,0.5,length,2,True,True,2.14489771152075,2.979224858616274,1.342263557423313,2.9792248586249888,0.9774185794005028,0.9402581517540685,0.9356063810773881,1.5539949817291037,1.3107573506478913,0.7568966371744633,0.7626624533809669,1.0,1.0,138.21580220242436
85,right,RCA,0.6,share,1,True,True,2.14489771152075,2.979224858616274,1.342263557423313,2.9792248586249888,0.9774185794005024,0.9402581517540685,0.9609683820515332,1.5539949817291037,1.3107573506478913,0.8422393265801972,0.7626624533809669,0.0,1.0,138.21580220242436
85,right,RCA,0.6,leaf3,1,True,True,2.14489771152075,2.979224858616274,1.342263557423313,2.9792248586249888,0.977418579400503,0.9402581517540685,0.9609683820515332,1.5539949817291037,1.3107573506478913,0.8422393265800314,0.7626624533809669,0.0,1.0,138.21580220242436
85,right,RCA,0.6,leaf266,1,True,True,2.14489771152075,2.979224858616274,1.342263557423313,2.9792248586249888,0.977418579400503,0.9402581517540685,0.9609683820515332,1.5539949817291037,1.3107573506478913,0.8422393265800314,0.7626624533809669,0.0,1.0,138.21580220242436
85,right,RCA,0.6,apport,1,True,True,2.14489771152075,2.979224858616274,1.342263557423313,2.9792248586249888,0.977418579400503,0.9402581517540685,0.9609683820515332,1.5539949817291037,1.3107573506478913,0.8422393265800314,0.7626624533809669,0.0,1.0,138.21580220242436
85,right,RCA,0.6,origin,1,True,True,2.14489771152075,2.979224858616274,1.342263557423313,2.9792248586249888,0.9774185794005024,0.9402581517540685,0.9609683820515332,1.5539949817291037,1.3107573506478913,0.8422393265801972,0.7626624533809669,0.0,1.0,138.21580220242436
85,right,RCA,0.6,length,1,True,True,2.14489771152075,2.979224858616274,1.342263557423313,2.9792248586249888,0.977418579400503,0.9402581517540685,0.960968382051662,1.5539949817291037,1.3107573506478913,0.8422393265796021,0.7626624533809669,0.0,1.0,138.21580220242436
85,right,RCA,0.75,share,1,True,True,2.14489771152075,2.979224858616274,1.342263557423313,2.9792248586249888,0.9774185794005035,0.9402581517540685,0.9525650744105593,1.5539949817291037,1.3107573506478913,0.8080687191778679,0.7626624533809669,0.0,1.0,124.64596686922133
85,right,RCA,0.75,leaf3,1,True,True,2.14489771152075,2.979224858616274,1.342263557423313,2.9792248586249888,0.9774185794005023,0.9402581517540685,0.9525650744107099,1.5539949817291037,1.3107573506478913,0.8080687191773556,0.7626624533809669,0.0,1.0,124.64596686922133
85,right,RCA,0.75,leaf266,1,True,True,2.14489771152075,2.979224858616274,1.342263557423313,2.9792248586249888,0.9774185794005035,0.9402581517540685,0.9525650744106503,1.5539949817291037,1.3107573506478913,0.808068719177783,0.7626624533809669,0.0,1.0,124.64596686922133
85,right,RCA,0.75,apport,1,True,True,2.14489771152075,2.979224858616274,1.342263557423313,2.9792248586249888,0.9774185794005024,0.9402581517540685,0.9525650744106618,1.5539949817291037,1.3107573506478913,0.8080687191771665,0.7626624533809669,0.0,1.0,124.64596686922133
85,right,RCA,0.75,origin,1,True,True,2.14489771152075,2.979224858616274,1.342263557423313,2.9792248586249888,0.9774185794005023,0.9402581517540685,0.9525650744107099,1.5539949817291037,1.3107573506478913,0.8080687191773556,0.7626624533809669,0.0,1.0,124.64596686922133
85,right,RCA,0.75,length,1,True,True,2.14489771152075,2.979224858616274,1.342263557423313,2.9792248586249888,0.9774185794005024,0.9402581517540685,0.9525650744106623,1.5539949817291037,1.3107573506478913,0.8080687191771244,0.7626624533809669,0.0,1.0,124.64596686922133
85,right,RCA,0.9,share,1,True,True,2.14489771152075,2.979224858616274,1.342263557423313,2.9792248586249888,0.9774185794005048,0.9402581517540685,0.9001271078208696,1.5539949817291037,1.3107573506478913,0.6670024454546146,0.7626624533809669,0.0,1.0,63.27436928012747
85,right,RCA,0.9,leaf3,1,True,True,2.14489771152075,2.979224858616274,1.342263557423313,2.9792248586249888,0.9774185794005048,0.9402581517540685,0.9001271078211315,1.5539949817291037,1.3107573506478913,0.6670024454546214,0.7626624533809669,0.0,1.0,63.27436928012747
85,right,RCA,0.9,leaf266,1,True,True,2.14489771152075,2.979224858616274,1.342263557423313,2.9792248586249888,0.9774185794005048,0.9402581517540685,0.9001271078211315,1.5539949817291037,1.3107573506478913,0.6670024454546214,0.7626624533809669,0.0,1.0,63.27436928012747
85,right,RCA,0.9,apport,1,True,True,2.14489771152075,2.979224858616274,1.342263557423313,2.9792248586249888,0.9774185794005048,0.9402581517540685,0.9001271078208696,1.5539949817291037,1.3107573506478913,0.6670024454546146,0.7626624533809669,0.0,1.0,63.27436928012747
85,right,RCA,0.9,origin,1,True,True,2.14489771152075,2.979224858616274,1.342263557423313,2.9792248586249888,0.9774185794005048,0.9402581517540685,0.9001271078208696,1.5539949817291037,1.3107573506478913,0.6670024454546146,0.7626624533809669,0.0,1.0,63.27436928012747
85,right,RCA,0.9,length,1,True,True,2.14489771152075,2.979224858616274,1.342263557423313,2.9792248586249888,0.977418579400503,0.9402581517540685,0.9001271078208656,1.5539949817291037,1.3107573506478913,0.6670024454544273,0.7626624533809669,0.0,1.0,63.27436928012747
85,right,RCA,1.0,share,1,True,True,2.14489771152075,2.979224858616274,1.342263557423313,2.9792248586249888,0.9774185794005018,0.9402581517540685,0.9004007506453485,1.5539949817291037,1.3107573506478913,0.66762856799088,0.7626624533809669,0.0,1.0,53.00373874469903
85,right,RCA,1.0,leaf3,1,True,True,2.14489771152075,2.979224858616274,1.342263557423313,2.9792248586249888,0.9774185794005018,0.9402581517540685,0.9004007506453485,1.5539949817291037,1.3107573506478913,0.66762856799088,0.7626624533809669,0.0,1.0,53.00373874469903
85,right,RCA,1.0,leaf266,1,True,True,2.14489771152075,2.979224858616274,1.342263557423313,2.9792248586240406,0.977418579400506,0.9402581517540685,0.9004007506453485,1.5539949817291037,1.3107573506478913,0.66762856799088,0.7626624533809669,0.0,1.0,53.00373874469903
85,right,RCA,1.0,apport,1,True,True,2.14489771152075,2.979224858616274,1.342263557423313,2.9792248586240406,0.977418579400506,0.9402581517540685,0.9004007506453485,1.5539949817291037,1.3107573506478913,0.66762856799088,0.7626624533809669,0.0,1.0,53.00373874469903
85,right,RCA,1.0,origin,1,True,True,2.14489771152075,2.979224858616274,1.342263557423313,2.9792248586249888,0.9774185794005018,0.9402581517540685,0.9004007506453485,1.5539949817291037,1.3107573506478913,0.66762856799088,0.7626624533809669,0.0,1.0,53.00373874469903
85,right,RCA,1.0,length,1,True,True,2.14489771152075,2.979224858616274,1.342263557423313,2.9792248586249888,0.9774185794005018,0.9402581517540685,0.9004007506453485,1.5539949817291037,1.3107573506478913,0.66762856799088,0.7626624533809669,0.0,1.0,53.00373874469903
87,right,RCA,0.5,share,2,True,True,0.8814473880107614,0.9909730263504776,0.7545263507384248,0.9909730263535432,0.9785477286848304,0.9774029822591922,0.9748789103119393,1.1634305931377675,1.106345811700594,0.8108395908436443,0.8271660720816442,1.0,1.0,97.95154974927688
87,right,RCA,0.5,leaf3,2,True,True,0.8814473880107614,0.9909730263504776,0.7545263507384248,0.9909730263540444,0.978547728684823,0.9774029822591922,0.9740602540559447,1.1634305931377675,1.106345811700594,0.8036077347544873,0.8271660720816442,1.0,1.0,97.95154974927688
87,right,RCA,0.5,leaf266,2,True,True,0.8814473880107614,0.9909730263504776,0.7545263507384248,0.9909730263535432,0.978547728684833,0.9774029822591922,0.9739929168715699,1.1634305931377675,1.106345811700594,0.8030145365928889,0.8271660720816442,1.0,1.0,97.95154974927688
87,right,RCA,0.5,apport,2,True,True,0.8814473880107614,0.9909730263513521,0.7545263507384248,0.9909730263545459,0.9785477286848118,0.9774029822591922,0.97435184975509,1.1634305931377675,1.106345811700594,0.8061794859842891,0.8271660720816442,1.0,1.0,97.95154974927688
87,right,RCA,0.5,origin,2,True,True,0.8814473880107614,0.9909730263513521,0.7545263507384248,0.9909730263545459,0.9785477286848097,0.9774029822591922,0.9748789103119393,1.1634305931377675,1.106345811700594,0.8108395908436443,0.8271660720816442,1.0,1.0,97.95154974927688
87,right,RCA,0.5,length,2,True,True,0.8814473880107614,0.9909730263504776,0.7545263507384248,0.9909730263535432,0.9785477286848304,0.9774029822591922,0.9734160851557954,1.1634305931377675,1.106345811700594,0.7979441211277809,0.8271660720816442,1.0,1.0,97.95154974927688
87,right,RCA,0.6,share,1,True,True,0.8814473880107614,0.9909730263504776,0.7545263507384248,0.9909730263540444,0.9785477286848225,0.9774029822591922,0.975966605337887,1.1634305931377675,1.106345811700594,0.8204983402360551,0.8271660720816442,0.0,1.0,97.95154974927688
87,right,RCA,0.6,leaf3,1,True,True,0.8814473880107614,0.9909730263504776,0.7545263507384248,0.9909730263540444,0.9785477286848225,0.9774029822591922,0.975966605337887,1.1634305931377675,1.106345811700594,0.8204983402360551,0.8271660720816442,0.0,1.0,97.95154974927688
87,right,RCA,0.6,leaf266,1,True,True,0.8814473880107614,0.9909730263504776,0.7545263507384248,0.9909730263540444,0.9785477286848225,0.9774029822591922,0.975966605337887,1.1634305931377675,1.106345811700594,0.8204983402360551,0.8271660720816442,0.0,1.0,97.95154974927688
87,right,RCA,0.6,apport,1,True,True,0.8814473880107614,0.9909730263504776,0.7545263507384248,0.9909730263540444,0.9785477286848231,0.9774029822591922,0.975966605337887,1.1634305931377675,1.106345811700594,0.8204983402360551,0.8271660720816442,0.0,1.0,97.95154974927688
87,right,RCA,0.6,origin,1,True,True,0.8814473880107614,0.9909730263504776,0.7545263507384248,0.9909730263540444,0.9785477286848225,0.9774029822591922,0.975966605337887,1.1634305931377675,1.106345811700594,0.8204983402360551,0.8271660720816442,0.0,1.0,97.95154974927688
87,right,RCA,0.6,length,1,True,True,0.8814473880107614,0.9909730263504776,0.7545263507384248,0.9909730263540444,0.9785477286848225,0.9774029822591922,0.975966605337887,1.1634305931377675,1.106345811700594,0.8204983402360551,0.8271660720816442,0.0,1.0,97.95154974927688
87,right,RCA,0.75,share,1,True,True,0.8814473880107614,0.9909730263504776,0.7545263507384248,0.9909730263540444,0.9785477286848201,0.9774029822591922,0.9740334391180282,1.1634305931377675,1.106345811700594,0.8033714805961772,0.8271660720816442,0.0,1.0,58.88829532213176
87,right,RCA,0.75,leaf3,1,True,True,0.8814473880107614,0.9909730263504776,0.7545263507384248,0.9909730263540444,0.978547728684823,0.9774029822591922,0.9740334391180282,1.1634305931377675,1.106345811700594,0.8033714805960199,0.8271660720816442,0.0,1.0,58.88829532213176
87,right,RCA,0.75,leaf266,1,True,True,0.8814473880107614,0.9909730263504776,0.7545263507384248,0.9909730263540444,0.9785477286848201,0.9774029822591922,0.9740334391180282,1.1634305931377675,1.106345811700594,0.8033714805961772,0.8271660720816442,0.0,1.0,58.88829532213176
87,right,RCA,0.75,apport,1,True,True,0.8814473880107614,0.9909730263504776,0.7545263507384248,0.9909730263540444,0.9785477286848201,0.9774029822591922,0.9740334391180282,1.1634305931377675,1.106345811700594,0.8033714805961772,0.8271660720816442,0.0,1.0,58.88829532213176
87,right,RCA,0.75,origin,1,True,True,0.8814473880107614,0.9909730263504776,0.7545263507384248,0.9909730263540444,0.978547728684823,0.9774029822591922,0.9740334391180313,1.1634305931377675,1.106345811700594,0.8033714805961159,0.8271660720816442,0.0,1.0,58.88829532213176
87,right,RCA,0.75,length,1,True,True,0.8814473880107614,0.9909730263504776,0.7545263507384248,0.9909730263540444,0.978547728684823,0.9774029822591922,0.9740334391180313,1.1634305931377675,1.106345811700594,0.8033714805961159,0.8271660720816442,0.0,1.0,58.88829532213176
87,right,RCA,0.9,share,1,True,True,0.8814473880107614,0.9909730263504776,0.7545263507384248,0.9909730263540444,0.978547728684819,0.9774029822591922,0.9737176466282857,1.1634305931377675,1.106345811700594,0.8005923553005639,0.8271660720816442,0.0,1.0,49.36183002440213
87,right,RCA,0.9,leaf3,1,True,True,0.8814473880107614,0.9909730263504776,0.7545263507384248,0.9909730263535432,0.9785477286848255,0.9774029822591922,0.973717646628293,1.1634305931377675,1.106345811700594,0.8005923553007305,0.8271660720816442,0.0,1.0,49.36183002440213
87,right,RCA,0.9,leaf266,1,True,True,0.8814473880107614,0.9909730263504776,0.7545263507384248,0.9909730263540444,0.978547728684819,0.9774029822591922,0.9737176466282857,1.1634305931377675,1.106345811700594,0.8005923553005639,0.8271660720816442,0.0,1.0,49.36183002440213
87,right,RCA,0.9,apport,1,True,True,0.8814473880107614,0.9909730263504776,0.7545263507384248,0.9909730263540444,0.978547728684819,0.9774029822591922,0.9737176466282857,1.1634305931377675,1.106345811700594,0.8005923553005639,0.8271660720816442,0.0,1.0,49.36183002440213
87,right,RCA,0.9,origin,1,True,True,0.8814473880107614,0.9909730263504776,0.7545263507384248,0.9909730263540444,0.978547728684819,0.9774029822591922,0.9737176466282857,1.1634305931377675,1.106345811700594,0.8005923553005639,0.8271660720816442,0.0,1.0,49.36183002440213
87,right,RCA,0.9,length,1,True,True,0.8814473880107614,0.9909730263504776,0.7545263507384248,0.9909730263540444,0.9785477286848192,0.9774029822591922,0.973717646628286,1.1634305931377675,1.106345811700594,0.8005923553005639,0.8271660720816442,0.0,1.0,49.36183002440213
87,right,RCA,1.0,share,1,True,True,0.8814473880107614,0.9909730263504776,0.7545263507384248,0.9909730263540444,0.978547728684819,0.9774029822591922,0.9737176466282857,1.1634305931377675,1.106345811700594,0.8005923553005639,0.8271660720816442,0.0,1.0,49.36183002440213
87,right,RCA,1.0,leaf3,1,True,True,0.8814473880107614,0.9909730263504776,0.7545263507384248,0.9909730263535432,0.9785477286848255,0.9774029822591922,0.973717646628293,1.1634305931377675,1.106345811700594,0.8005923553007305,0.8271660720816442,0.0,1.0,49.36183002440213
87,right,RCA,1.0,leaf266,1,True,True,0.8814473880107614,0.9909730263504776,0.7545263507384248,0.9909730263540444,0.978547728684819,0.9774029822591922,0.9737176466282857,1.1634305931377675,1.106345811700594,0.8005923553005639,0.8271660720816442,0.0,1.0,49.36183002440213
87,right,RCA,1.0,apport,1,True,True,0.8814473880107614,0.9909730263504776,0.7545263507384248,0.9909730263540444,0.978547728684819,0.9774029822591922,0.9737176466282857,1.1634305931377675,1.106345811700594,0.8005923553005639,0.8271660720816442,0.0,1.0,49.36183002440213
87,right,RCA,1.0,origin,1,True,True,0.8814473880107614,0.9909730263504776,0.7545263507384248,0.9909730263540444,0.978547728684819,0.9774029822591922,0.9737176466282857,1.1634305931377675,1.106345811700594,0.8005923553005639,0.8271660720816442,0.0,1.0,49.36183002440213
87,right,RCA,1.0,length,1,True,True,0.8814473880107614,0.9909730263504776,0.7545263507384248,0.9909730263540444,0.9785477286848192,0.9774029822591922,0.973717646628286,1.1634305931377675,1.106345811700594,0.8005923553005639,0.8271660720816442,0.0,1.0,49.36183002440213
88,left,LAD,0.5,share,6,True,True,0.3946711446084819,0.8095493062417042,0.1979375799395445,0.41911455792547175,0.9516616975460898,0.9825794829011422,0.9679802074563987,0.856286555311942,0.8873253237268142,0.8177798160278886,0.9225291745761203,1.0,1.0,125.31450808476127
88,left,LAD,0.5,leaf3,6,True,True,0.3946711446084819,0.8313387843196748,0.1979375799395445,0.5905477718510418,0.9496773634848384,0.9825794829011422,0.9665963638446144,0.856286555311942,0.8873253237268142,0.8164640560784878,0.9225291745761203,1.0,1.0,125.31450808476127
88,left,LAD,0.5,leaf266,6,True,True,0.3946711446084819,0.820728647688596,0.1979375799395445,0.5646902760272053,0.9502725698945608,0.9825794829011422,0.9669294578602649,0.856286555311942,0.8873253237268142,0.8184144722246645,0.9225291745761203,1.0,1.0,125.31450808476127
88,left,LAD,0.5,apport,6,True,True,0.3946711446084819,0.9428577361608357,0.1979375799395445,0.5908411876927364,0.9445229547160657,0.9825794829011422,0.9637469931133024,0.856286555311942,0.8873253237268142,0.7874722702854874,0.9225291745761203,1.0,1.0,125.31450808476127
88,left,LAD,0.5,origin,6,True,True,0.3946711446084819,0.9154660708792921,0.1979375799395445,0.47220659557828903,0.9480477212896494,0.9825794829011422,0.9666051903431232,0.856286555311942,0.8873253237268142,0.7928826350815744,0.9225291745761203,1.0,1.0,125.31450808476127
88,left,LAD,0.5,length,6,True,True,0.3946711446084819,1.0557796841820595,0.1979375799395445,0.8000763431421223,0.9371953405746358,0.9825794829011422,0.959284011172118,0.856286555311942,0.8873253237268142,0.7653818623395038,0.9225291745761203,1.0,1.0,125.31450808476127
88,left,LAD,0.6,share,6,True,True,0.3946711446084819,0.8022196353646196,0.1979375799395445,0.4092796897869879,0.9520256870018509,0.9825794829011422,0.9681888844936785,0.856286555311942,0.8873253237268142,0.8198328696767844,0.9225291745761203,1.0,1.0,125.31450808476127
88,left,LAD,0.6,leaf3,6,True,True,0.3946711446084819,0.7721722867280257,0.1979375799395445,0.457356176509768,0.9529546884182593,0.9825794829011422,0.9684846473197065,0.856286555311942,0.8873253237268142,0.8283858607283103,0.9225291745761203,1.0,1.0,125.31450808476127
88,left,LAD,0.6,leaf266,6,True,True,0.3946711446084819,0.7669825467319942,0.1979375799395445,0.44495781432809295,0.9532400839573358,0.9825794829011422,0.9686567389303677,0.856286555311942,0.8873253237268142,0.829457065323063,0.9225291745761203,1.0,1.0,125.31450808476127
88,left,LAD,0.6,apport,6,True,True,0.3946711446084819,0.899454377264972,0.1979375799395445,0.49751538798593514,0.9469376786141516,0.9825794829011422,0.9651589009278684,0.856286555311942,0.8873253237268142,0.7963767661996335,0.9225291745761203,1.0,1.0,125.31450808476127
88,left,LAD,0.6,origin,6,True,True,0.3946711446084819,0.91079720744476,0.1979375799395445,0.46192652677362833,0.9483847148529897,0.9825794829011422,0.9668757563652142,0.856286555311942,0.8873253237268142,0.7944061313006866,0.9225291745761203,1.0,1.0,125.31450808476127
88,left,LAD,0.6,length,6,True,True,0.3946711446084819,1.0402212222007283,0.1979375799395445,0.7851392014089016,0.9380802670615911,0.9825794829011422,0.9597933056371836,0.856286555311942,0.8873253237268142,0.7689244423727786,0.9225291745761203,1.0,1.0,125.31450808476127
88,left,LAD,0.75,share,4,False,False,0.3946711446084819,,0.1979375799395445,,,0.9825794829011422,,0.856286555311942,0.8873253237268142,,,,,
88,left,LAD,0.75,leaf3,4,False,False,0.3946711446084819,,0.1979375799395445,,,0.9825794829011422,,0.856286555311942,0.8873253237268142,,,,,
88,left,LAD,0.75,leaf266,4,False,False,0.3946711446084819,,0.1979375799395445,,,0.9825794829011422,,0.856286555311942,0.8873253237268142,,,,,
88,left,LAD,0.75,apport,4,False,False,0.3946711446084819,,0.1979375799395445,,,0.9825794829011422,,0.856286555311942,0.8873253237268142,,,,,
88,left,LAD,0.75,origin,4,False,False,0.3946711446084819,,0.1979375799395445,,,0.9825794829011422,,0.856286555311942,0.8873253237268142,,,,,
88,left,LAD,0.75,length,4,False,False,0.3946711446084819,,0.1979375799395445,,,0.9825794829011422,,0.856286555311942,0.8873253237268142,,,,,
88,left,LAD,0.9,share,2,False,False,0.3946711446084819,,0.1979375799395445,,,0.9825794829011422,,0.856286555311942,0.8873253237268142,,,,,
88,left,LAD,0.9,leaf3,2,False,False,0.3946711446084819,,0.1979375799395445,,,0.9825794829011422,,0.856286555311942,0.8873253237268142,,,,,
88,left,LAD,0.9,leaf266,2,False,False,0.3946711446084819,,0.1979375799395445,,,0.9825794829011422,,0.856286555311942,0.8873253237268142,,,,,
88,left,LAD,0.9,apport,2,False,False,0.3946711446084819,,0.1979375799395445,,,0.9825794829011422,,0.856286555311942,0.8873253237268142,,,,,
88,left,LAD,0.9,origin,2,False,False,0.3946711446084819,,0.1979375799395445,,,0.9825794829011422,,0.856286555311942,0.8873253237268142,,,,,
88,left,LAD,0.9,length,2,False,False,0.3946711446084819,,0.1979375799395445,,,0.9825794829011422,,0.856286555311942,0.8873253237268142,,,,,
88,left,LAD,1.0,share,2,False,False,0.3946711446084819,,0.1979375799395445,,,0.9825794829011422,,0.856286555311942,0.8873253237268142,,,,,
88,left,LAD,1.0,leaf3,2,False,False,0.3946711446084819,,0.1979375799395445,,,0.9825794829011422,,0.856286555311942,0.8873253237268142,,,,,
88,left,LAD,1.0,leaf266,2,False,False,0.3946711446084819,,0.1979375799395445,,,0.9825794829011422,,0.856286555311942,0.8873253237268142,,,,,
88,left,LAD,1.0,apport,2,False,False,0.3946711446084819,,0.1979375799395445,,,0.9825794829011422,,0.856286555311942,0.8873253237268142,,,,,
88,left,LAD,1.0,origin,2,False,False,0.3946711446084819,,0.1979375799395445,,,0.9825794829011422,,0.856286555311942,0.8873253237268142,,,,,
88,left,LAD,1.0,length,2,False,False,0.3946711446084819,,0.1979375799395445,,,0.9825794829011422,,0.856286555311942,0.8873253237268142,,,,,
88,right,RCA,0.5,share,2,True,True,0.8255857108186192,0.9421836790725028,0.6946111294000403,0.9421836790744784,0.9769314173742256,0.976928309887208,0.9732562436855682,1.1300976407048948,1.0562984509558222,0.7984294167580108,0.8236344692971898,1.0,1.0,114.57568456594616
88,right,RCA,0.5,leaf3,2,True,True,0.8255857108186192,0.9421836790719414,0.6946111294000403,0.9421836790740469,0.9769314173742384,0.976928309887208,0.9732567053463029,1.1300976407048948,1.0562984509558222,0.798433384930353,0.8236344692971898,1.0,1.0,114.57568456594616
88,right,RCA,0.5,leaf266,2,True,True,0.8255857108186192,0.9421836790725028,0.6946111294000403,0.9421836790744784,0.976931417374226,0.976928309887208,0.9732566384947384,1.1300976407048948,1.0562984509558222,0.7984328103115896,0.8236344692971898,1.0,1.0,114.57568456594616
88,right,RCA,0.5,apport,2,True,True,0.8255857108186192,0.9421836790725028,0.6946111294000403,0.9421836790749099,0.9769314173742139,0.976928309887208,0.973237222524425,1.1300976407048948,1.0562984509558222,0.7982659330124665,0.8236344692971898,1.0,1.0,114.57568456594616
88,right,RCA,0.5,origin,2,True,True,0.8255857108186192,0.9421836790725028,0.6946111294000403,0.9421836790744784,0.9769314173742256,0.976928309887208,0.9732562436855682,1.1300976407048948,1.0562984509558222,0.7984294167580108,0.8236344692971898,1.0,1.0,114.57568456594616
88,right,RCA,0.5,length,2,True,True,0.8255857108186192,0.9421836790725028,0.6946111294000403,0.9421836790744784,0.9769314173742248,0.976928309887208,0.97324052395419,1.1300976407048948,1.0562984509558222,0.7982943066761207,0.8236344692971898,1.0,1.0,114.57568456594616
88,right,RCA,0.6,share,2,True,True,0.8255857108186192,0.9421836790719414,0.6946111294000403,0.9421836790740469,0.9769314173742386,0.976928309887208,0.9729988714660266,1.1300976407048948,1.0562984509558222,0.79621923329002,0.8236344692971898,1.0,1.0,106.27136344818253
88,right,RCA,0.6,leaf3,2,True,True,0.8255857108186192,0.9421836790730642,0.6946111294000403,0.9421836790753413,0.9769314173742036,0.976928309887208,0.9731114311433492,1.1300976407048948,1.0562984509558222,0.7971853348158483,0.8236344692971898,1.0,1.0,106.27136344818253
88,right,RCA,0.6,leaf266,2,True,True,0.8255857108186192,0.9421836790725028,0.6946111294000403,0.9421836790749099,0.9769314173742155,0.976928309887208,0.973111464495876,1.1300976407048948,1.0562984509558222,0.7971856211985577,0.8236344692971898,1.0,1.0,106.27136344818253
88,right,RCA,0.6,apport,2,True,True,0.8255857108186192,0.9421836790719414,0.6946111294000403,0.9421836790744784,0.9769314173742305,0.976928309887208,0.9730412092940888,1.1300976407048948,1.0562984509558222,0.7965825266842907,0.8236344692971898,1.0,1.0,106.27136344818253
88,right,RCA,0.6,origin,2,True,True,0.8255857108186192,0.9421836790725028,0.6946111294000403,0.9421836790744784,0.9769314173742248,0.976928309887208,0.9729988714660266,1.1300976407048948,1.0562984509558222,0.79621923329002,0.8236344692971898,1.0,1.0,106.27136344818253
88,right,RCA,0.6,length,2,True,True,0.8255857108186192,0.9421836790730642,0.6946111294000403,0.9421836790749099,0.9769314173742106,0.976928309887208,0.9730659890133829,1.1300976407048948,1.0562984509558222,0.7967952091109758,0.8236344692971898,1.0,1.0,106.27136344818253
88,right,RCA,0.75,share,1,True,True,0.8255857108186192,0.9421836790725028,0.6946111294000403,0.9421836790744784,0.9769314173742248,0.976928309887208,0.9730108960565268,1.1300976407048948,1.0562984509558222,0.7963224027347184,0.8236344692971898,0.0,1.0,93.46359837329075
88,right,RCA,0.75,leaf3,1,True,True,0.8255857108186192,0.9421836790719414,0.6946111294000403,0.9421836790744784,0.9769314173742273,0.976928309887208,0.973010896056531,1.1300976407048948,1.0562984509558222,0.7963224027357475,0.8236344692971898,0.0,1.0,93.46359837329075
88,right,RCA,0.75,leaf266,1,True,True,0.8255857108186192,0.9421836790725028,0.6946111294000403,0.9421836790744784,0.9769314173742248,0.976928309887208,0.9730108960565268,1.1300976407048948,1.0562984509558222,0.7963224027347184,0.8236344692971898,0.0,1.0,93.46359837329075
88,right,RCA,0.75,apport,1,True,True,0.8255857108186192,0.9421836790725028,0.6946111294000403,0.9421836790744784,0.9769314173742248,0.976928309887208,0.9730108960565268,1.1300976407048948,1.0562984509558222,0.7963224027347184,0.8236344692971898,0.0,1.0,93.46359837329075
88,right,RCA,0.75,origin,1,True,True,0.8255857108186192,0.9421836790719414,0.6946111294000403,0.9421836790744784,0.9769314173742273,0.976928309887208,0.973010896056531,1.1300976407048948,1.0562984509558222,0.7963224027357475,0.8236344692971898,0.0,1.0,93.46359837329075
88,right,RCA,0.75,length,1,True,True,0.8255857108186192,0.9421836790719414,0.6946111294000403,0.9421836790744784,0.9769314173742273,0.976928309887208,0.973010896056531,1.1300976407048948,1.0562984509558222,0.7963224027357475,0.8236344692971898,0.0,1.0,93.46359837329075
88,right,RCA,0.9,share,1,True,True,0.8255857108186192,0.9421836790719414,0.6946111294000403,0.9421836790744784,0.9769314173742296,0.976928309887208,0.9726865940215706,1.1300976407048948,1.0562984509558222,0.793543156480491,0.8236344692971898,0.0,1.0,73.99429070895872
88,right,RCA,0.9,leaf3,1,True,True,0.8255857108186192,0.9421836790719414,0.6946111294000403,0.9421836790744784,0.9769314173742296,0.976928309887208,0.9726865940215706,1.1300976407048948,1.0562984509558222,0.793543156480491,0.8236344692971898,0.0,1.0,73.99429070895872
88,right,RCA,0.9,leaf266,1,True,True,0.8255857108186192,0.9421836790725028,0.6946111294000403,0.9421836790744784,0.9769314173742241,0.976928309887208,0.9726865940215706,1.1300976407048948,1.0562984509558222,0.793543156480491,0.8236344692971898,0.0,1.0,73.99429070895872
88,right,RCA,0.9,apport,1,True,True,0.8255857108186192,0.9421836790719414,0.6946111294000403,0.9421836790744784,0.9769314173742296,0.976928309887208,0.9726865940215706,1.1300976407048948,1.0562984509558222,0.793543156480491,0.8236344692971898,0.0,1.0,73.99429070895872
88,right,RCA,0.9,origin,1,True,True,0.8255857108186192,0.9421836790719414,0.6946111294000403,0.9421836790744784,0.9769314173742296,0.976928309887208,0.9726865940215706,1.1300976407048948,1.0562984509558222,0.793543156480491,0.8236344692971898,0.0,1.0,73.99429070895872
88,right,RCA,0.9,length,1,True,True,0.8255857108186192,0.9421836790719414,0.6946111294000403,0.9421836790744784,0.9769314173742296,0.976928309887208,0.9726865940215706,1.1300976407048948,1.0562984509558222,0.793543156480491,0.8236344692971898,0.0,1.0,73.99429070895872
88,right,RCA,1.0,share,1,True,True,0.8255857108186192,0.9421836790719414,0.6946111294000403,0.9421836790744784,0.9769314173742302,0.976928309887208,0.9726519240222238,1.1300976407048948,1.0562984509558222,0.7932464386743948,0.8236344692971898,0.0,1.0,39.47347901279531
88,right,RCA,1.0,leaf3,1,True,True,0.8255857108186192,0.9421836790719414,0.6946111294000403,0.9421836790744784,0.9769314173742302,0.976928309887208,0.9726519240222238,1.1300976407048948,1.0562984509558222,0.7932464386743948,0.8236344692971898,0.0,1.0,39.47347901279531
88,right,RCA,1.0,leaf266,1,True,True,0.8255857108186192,0.9421836790719414,0.6946111294000403,0.9421836790744784,0.9769314173742302,0.976928309887208,0.9726519240222238,1.1300976407048948,1.0562984509558222,0.7932464386746473,0.8236344692971898,0.0,1.0,39.47347901279531
88,right,RCA,1.0,apport,1,True,True,0.8255857108186192,0.9421836790719414,0.6946111294000403,0.9421836790744784,0.9769314173742302,0.976928309887208,0.9726519240222238,1.1300976407048948,1.0562984509558222,0.7932464386743948,0.8236344692971898,0.0,1.0,39.47347901279531
88,right,RCA,1.0,origin,1,True,True,0.8255857108186192,0.9421836790719414,0.6946111294000403,0.9421836790744784,0.9769314173742302,0.976928309887208,0.9726519240222238,1.1300976407048948,1.0562984509558222,0.7932464386743948,0.8236344692971898,0.0,1.0,39.47347901279531
88,right,RCA,1.0,length,1,True,True,0.8255857108186192,0.9421836790719414,0.6946111294000403,0.9421836790744784,0.9769314173742302,0.976928309887208,0.9726519240222238,1.1300976407048948,1.0562984509558222,0.7932464386746473,0.8236344692971898,0.0,1.0,39.47347901279531
95,left,LAD,0.5,share,6,True,True,0.6224121236291661,0.6756968214063706,0.3308917347579037,0.43608721167322717,0.9856269025042261,0.9858902836529945,0.9844052167043518,1.330231066956831,0.9951095589830427,0.9179392415015667,0.9261847206674162,1.0,1.0,94.62520272703804
95,left,LCX,0.5,share,6,True,True,0.5033350492497812,0.7569292156648147,0.11577905988431442,0.20892980057872873,0.9789541258533989,0.9788900924929658,0.9711120576207941,1.1084291804838478,0.8205378691039024,0.8269568703243853,0.8915492631704005,2.0,2.0,104.10684804640209
95,left,LAD,0.5,leaf3,6,True,True,0.6224121236291661,0.8646031673538883,0.3308917347579037,0.458061523643166,0.9841378976172381,0.9858902836529945,0.9828519000103056,1.330231066956831,0.9951095589830427,0.8897148930037667,0.9261847206674162,1.0,1.0,94.62520272703804
95,left,LCX,0.5,leaf3,6,True,True,0.5033350492497812,0.5680228697210992,0.11577905988431442,0.19891814421408163,0.9826053859531928,0.9788900924929658,0.97724952008236,1.1084291804838478,0.8205378691039024,0.8762417252041816,0.8915492631704005,2.0,2.0,104.10684804640209
95,left,LAD,0.5,leaf266,6,True,True,0.6224121236291661,0.84719310679806,0.3308917347579037,0.46168334342689704,0.9841890948045577,0.9858902836529945,0.9828790671415895,1.330231066956831,0.9951095589830427,0.89219965664095,0.9261847206674162,1.0,1.0,94.62520272703804
95,left,LCX,0.5,leaf266,6,True,True,0.5033350492497812,0.5854329302742576,0.11577905988431442,0.2025074165385189,0.982226993045553,0.9788900924929658,0.9766531208147639,1.1084291804838478,0.8205378691039024,0.8717195806219116,0.8915492631704005,2.0,2.0,104.10684804640209
95,left,LAD,0.5,apport,6,True,True,0.6224121236291661,0.6440416289352542,0.3308917347579037,0.4532268078585535,0.9855591930458081,0.9858902836529945,0.9842678448342083,1.330231066956831,0.9951095589830427,0.9221250877070691,0.9261847206674162,1.0,1.0,94.62520272703804
95,left,LCX,0.5,apport,6,True,True,0.5033350492497812,0.7885844081333309,0.11577905988431442,0.25418565843191354,0.9775074686183316,0.9788900924929658,0.9693626563950041,1.1084291804838478,0.8205378691039024,0.818677995025188,0.8915492631704005,2.0,2.0,104.10684804640209
95,left,LAD,0.5,origin,6,True,True,0.6224121236291661,0.7318368031042347,0.3308917347579037,0.43839707673580325,0.9852486943821038,0.9858902836529945,0.9840191462119237,1.330231066956831,0.9951095589830427,0.9097509137060196,0.9261847206674162,1.0,1.0,94.62520272703804
95,left,LCX,0.5,origin,6,True,True,0.5033350492497812,0.7007892339693839,0.11577905988431442,0.21287111512188206,0.9797387601003504,0.9788900924929658,0.972678645963616,1.1084291804838478,0.8205378691039024,0.8414772465520947,0.8915492631704005,2.0,2.0,104.10684804640209
95,left,LAD,0.5,length,6,True,True,0.6224121236291661,0.7459439514251671,0.3308917347579037,0.3913856696478848,0.9858787233650996,0.9858902836529945,0.98498713411577,1.330231066956831,0.9951095589830427,0.9093155926286114,0.9261847206674162,1.0,1.0,94.62520272703804
95,left,LCX,0.5,length,6,True,True,0.5033350492497812,0.6866820856568169,0.11577905988431442,0.5207293290008048,0.9753798716554236,0.9788900924929658,0.9698089119350156,1.1084291804838478,0.8205378691039024,0.8482779975470975,0.8915492631704005,2.0,2.0,104.10684804640209
95,left,LAD,0.6,share,6,True,True,0.6224121236291661,0.6713662866105109,0.3308917347579037,0.43410627743812163,0.9856835419662534,0.9858902836529945,0.9844775667916835,1.330231066956831,0.9951095589830427,0.918654016084544,0.9261847206674162,1.0,1.0,89.99929737213301
95,left,LCX,0.6,share,6,True,True,0.5033350492497812,0.7612597504782336,0.11577905988431442,0.21424799830484212,0.9787937161182628,0.9788900924929658,0.9708295914946974,1.1084291804838478,0.8205378691039024,0.8254630131641322,0.8915492631704005,2.0,2.0,85.46122108550917
95,left,LAD,0.6,leaf3,6,True,True,0.6224121236291661,0.7478008790157654,0.3308917347579037,0.43834883723962875,0.985151888306752,0.9858902836529945,0.9839351160421074,1.330231066956831,0.9951095589830427,0.9075000668875328,0.9261847206674162,1.0,1.0,89.99929737213301
95,left,LCX,0.6,leaf3,6,True,True,0.5033350492497812,0.684825158060615,0.11577905988431442,0.21371740159586372,0.9802296617870644,0.9788900924929658,0.9732918435385521,1.1084291804838478,0.8205378691039024,0.8453726636523515,0.8915492631704005,2.0,2.0,85.46122108550917
95,left,LAD,0.6,leaf266,6,True,True,0.6224121236291661,0.7435036194636115,0.3308917347579037,0.44245946517819723,0.9851155188170264,0.9858902836529945,0.9838783297354572,1.330231066956831,0.9951095589830427,0.9080263531649843,0.9261847206674162,1.0,1.0,89.99929737213301
95,left,LCX,0.6,leaf266,6,True,True,0.5033350492497812,0.6891224176053699,0.11577905988431442,0.2157019555684216,0.9801186842666826,0.9788900924929658,0.9731263357750483,1.1084291804838478,0.8205378691039024,0.8442394630162707,0.8915492631704005,2.0,2.0,85.46122108550917
95,left,LAD,0.6,apport,6,True,True,0.6224121236291661,0.6382080026933316,0.3308917347579037,0.452601958003478,0.9856043563452146,0.9858902836529945,0.9843165126878916,1.330231066956831,0.9951095589830427,0.9229910245771172,0.9261847206674162,1.0,1.0,89.99929737213301
95,left,LCX,0.6,apport,6,True,True,0.5033350492497812,0.794418034378743,0.11577905988431442,0.2457473955401146,0.9775616503954695,0.9788900924929658,0.9692034764171895,1.1084291804838478,0.8205378691039024,0.8166346941336844,0.8915492631704005,2.0,2.0,85.46122108550917
95,left,LAD,0.6,origin,6,True,True,0.6224121236291661,0.7275303563996469,0.3308917347579037,0.4367364486368094,0.9853003067648456,0.9858902836529945,0.9840843638854836,1.330231066956831,0.9951095589830427,0.9104686225593802,0.9261847206674162,1.0,1.0,89.99929737213301
95,left,LCX,0.6,origin,6,True,True,0.5033350492497812,0.7050956806653967,0.11577905988431442,0.21858599796710482,0.9795701401064705,0.9788900924929658,0.9723816844329639,1.1084291804838478,0.8205378691039024,0.8399158262671141,0.8915492631704005,2.0,2.0,85.46122108550917
95,left,LAD,0.6,length,6,True,True,0.6224121236291661,0.7223456947733667,0.3308917347579037,0.38085715229472605,0.9861833126138898,0.9858902836529945,0.9853250698907992,1.330231066956831,0.9951095589830427,0.9129895439065553,0.9261847206674162,1.0,1.0,89.99929737213301
95,left,LCX,0.6,length,6,True,True,0.5033350492497812,0.7102803423010933,0.11577905988431442,0.5502103069820931,0.9744608255284201,0.9788900924929658,0.9681615824628611,1.1084291804838478,0.8205378691039024,0.8394024443320047,0.8915492631704005,2.0,2.0,85.46122108550917
95,left,LAD,0.75,share,6,True,True,0.6224121236291661,0.6705740382213208,0.3308917347579037,0.4337880750379432,0.9856932304785351,0.9858902836529945,0.9844644353763172,1.330231066956831,0.9951095589830427,0.9186917890851444,0.9261847206674162,1.0,1.0,59.66301499645655
95,left,LCX,0.75,share,6,True,True,0.5033350492497812,0.762051998855345,0.11577905988431442,0.22057363654322382,0.9786802955249367,0.9788900924929658,0.9704530556630468,1.1084291804838478,0.8205378691039024,0.8236504104081147,0.8915492631704005,2.0,2.0,40.95984413318575
95,left,LAD,0.75,leaf3,6,True,True,0.6224121236291661,0.7120140338913584,0.3308917347579037,0.47491857116121994,0.9848134030301187,0.9858902836529945,0.9833903273033171,1.330231066956831,0.9951095589830427,0.9117503998098537,0.9261847206674162,1.0,1.0,59.66301499645655
95,left,LCX,0.75,leaf3,6,True,True,0.5033350492497812,0.7206120031949648,0.11577905988431442,0.2334282369428671,0.9792556808483405,0.9788900924929658,0.9715945341018852,1.1084291804838478,0.8205378691039024,0.8343096430937054,0.8915492631704005,2.0,2.0,40.95984413318575
95,left,LAD,0.75,leaf266,6,True,True,0.6224121236291661,0.712121798323091,0.3308917347579037,0.47471482857594466,0.984815848627415,0.9858902836529945,0.9833938547121638,1.330231066956831,0.9951095589830427,0.9117400328978733,0.9261847206674162,1.0,1.0,59.66301499645655
95,left,LCX,0.75,leaf266,6,True,True,0.5033350492497812,0.720504238756441,0.11577905988431442,0.23387899716745564,0.9792505939410262,0.9788900924929658,0.9715909111574302,1.1084291804838478,0.8205378691039024,0.8343315709280186,0.8915492631704005,2.0,2.0,40.95984413318575
95,left,LAD,0.75,apport,6,True,True,0.6224121236291661,0.6364463700715923,0.3308917347579037,0.4557825914451381,0.9855666626659575,0.9858902836529945,0.9842351266382391,1.330231066956831,0.9951095589830427,0.9230688246341746,0.9261847206674162,1.0,1.0,59.66301499645655
95,left,LCX,0.75,apport,6,True,True,0.5033350492497812,0.7961796670024737,0.11577905988431442,0.2556046229089488,0.9773773367731345,0.9788900924929658,0.9686819071202527,1.1084291804838478,0.8205378691039024,0.8142162532282341,0.8915492631704005,2.0,2.0,40.95984413318575
95,left,LAD,0.75,origin,6,True,True,0.6224121236291661,0.7269608319109517,0.3308917347579037,0.43608615790454874,0.9853136938304344,0.9858902836529945,0.9840773203998532,1.330231066956831,0.9951095589830427,0.9104915288665901,0.9261847206674162,1.0,1.0,59.66301499645655
95,left,LCX,0.75,origin,6,True,True,0.5033350492497812,0.7056652051641731,0.11577905988431442,0.22504666857629982,0.9794593035134669,0.9788900924929658,0.9720179507702055,1.1084291804838478,0.8205378691039024,0.8382206996363469,0.8915492631704005,2.0,2.0,40.95984413318575
95,left,LAD,0.75,length,6,True,True,0.6224121236291661,0.6990544006682761,0.3308917347579037,0.3715873376678731,0.9864668498333431,0.9858902836529945,0.9855841612767224,1.330231066956831,0.9951095589830427,0.9164134121258678,0.9261847206674162,1.0,1.0,59.66301499645655
95,left,LCX,0.75,length,6,True,True,0.5033350492497812,0.7335716364105422,0.11577905988431442,0.5829926488053553,0.9734904960789302,0.9788900924929658,0.9656556696808453,1.1084291804838478,0.8205378691039024,0.8261065732498176,0.8915492631704005,2.0,2.0,40.95984413318575
95,left,LAD,0.9,share,3,True,True,0.6224121236291661,0.6742179494392659,0.3308917347579037,0.4357256170256895,0.9856414473941388,0.9858902836529945,0.984341338389975,1.330231066956831,0.9951095589830427,0.9172793050151529,0.9261847206674162,0.0,1.0,35.69607339167501
95,left,LCX,0.9,share,3,False,True,0.5033350492497812,0.7584080876431369,0.11577905988431442,,,0.9788900924929658,,1.1084291804838478,0.8205378691039024,,,,,
95,left,LAD,0.9,leaf3,3,True,True,0.6224121236291661,0.9521436612555698,0.3308917347579037,0.47334715135215777,0.9833701441588312,0.9858902836529945,0.9818118145840713,1.330231066956831,0.9951095589830427,0.8725722009220305,0.9261847206674162,0.0,1.0,35.69607339167501
95,left,LCX,0.9,leaf3,3,False,True,0.5033350492497812,0.4804823758184209,0.11577905988431442,,,0.9788900924929658,,1.1084291804838478,0.8205378691039024,,,,,
95,left,LAD,0.9,leaf266,3,True,True,0.6224121236291661,0.9523233934065743,0.3308917347579037,0.4733703249025239,0.9833686929380159,0.9858902836529945,0.9818102043831881,1.330231066956831,0.9951095589830427,0.8725422629824418,0.9261847206674162,0.0,1.0,35.69607339167501
95,left,LCX,0.9,leaf266,3,False,True,0.5033350492497812,0.4803026436694574,0.11577905988431442,,,0.9788900924929658,,1.1084291804838478,0.8205378691039024,,,,,
95,left,LAD,0.9,apport,3,True,True,0.6224121236291661,0.6582856056092035,0.3308917347579037,0.41694762327080487,0.986024879379112,0.9858902836529945,0.9848167862734184,1.330231066956831,0.9951095589830427,0.9200027200109729,0.9261847206674162,0.0,1.0,35.69607339167501
95,left,LCX,0.9,apport,3,False,True,0.5033350492497812,0.7743404314699148,0.11577905988431442,,,0.9788900924929658,,1.1084291804838478,0.8205378691039024,,,,,
95,left,LAD,0.9,origin,3,True,True,0.6224121236291661,1.0700534688412946,0.3308917347579037,0.6895474099654273,0.9793558760973993,0.9858902836529945,0.9767799064315222,1.330231066956831,0.9951095589830427,0.8495282090392364,0.9261847206674162,0.0,1.0,35.69607339167501
95,left,LCX,0.9,origin,3,False,True,0.5033350492497812,0.3625725682355844,0.11577905988431442,,,0.9788900924929658,,1.1084291804838478,0.8205378691039024,,,,,
95,left,LAD,0.9,length,3,True,True,0.6224121236291661,1.3637034837220523,0.3308917347579037,0.9193586053053107,0.9740604656414147,0.9858902836529945,0.9703863700313834,1.330231066956831,0.9951095589830427,0.797611891563483,0.9261847206674162,0.0,1.0,35.69607339167501
95,left,LCX,0.9,length,3,False,True,0.5033350492497812,0.06892255334653553,0.11577905988431442,,,0.9788900924929658,,1.1084291804838478,0.8205378691039024,,,,,
95,left,LAD,1.0,share,2,False,True,0.6224121236291661,0.671370949714722,0.3308917347579037,,,0.9858902836529945,,1.330231066956831,0.9951095589830427,,,,,
95,left,LCX,1.0,share,2,False,True,0.5033350492497812,0.7612550873620841,0.11577905988431442,,,0.9788900924929658,,1.1084291804838478,0.8205378691039024,,,,,
95,left,LAD,1.0,leaf3,2,False,True,0.6224121236291661,0.7098246516169919,0.3308917347579037,,,0.9858902836529945,,1.330231066956831,0.9951095589830427,,,,,
95,left,LCX,1.0,leaf3,2,False,True,0.5033350492497812,0.7228013854582985,0.11577905988431442,,,0.9788900924929658,,1.1084291804838478,0.8205378691039024,,,,,
95,left,LAD,1.0,leaf266,2,False,True,0.6224121236291661,0.7103113668761122,0.3308917347579037,,,0.9858902836529945,,1.330231066956831,0.9951095589830427,,,,,
95,left,LCX,1.0,leaf266,2,False,True,0.5033350492497812,0.7223146701902033,0.11577905988431442,,,0.9788900924929658,,1.1084291804838478,0.8205378691039024,,,,,
95,left,LAD,1.0,apport,2,False,True,0.6224121236291661,0.671370949714722,0.3308917347579037,,,0.9858902836529945,,1.330231066956831,0.9951095589830427,,,,,
95,left,LCX,1.0,apport,2,False,True,0.5033350492497812,0.7612550873620841,0.11577905988431442,,,0.9788900924929658,,1.1084291804838478,0.8205378691039024,,,,,
95,left,LAD,1.0,origin,2,False,True,0.6224121236291661,0.4938056641380444,0.3308917347579037,,,0.9858902836529945,,1.330231066956831,0.9951095589830427,,,,,
95,left,LCX,1.0,origin,2,False,True,0.5033350492497812,0.9388203729428587,0.11577905988431442,,,0.9788900924929658,,1.1084291804838478,0.8205378691039024,,,,,
95,left,LAD,1.0,length,2,False,True,0.6224121236291661,0.5895347378171232,0.3308917347579037,,,0.9858902836529945,,1.330231066956831,0.9951095589830427,,,,,
95,left,LCX,1.0,length,2,False,True,0.5033350492497812,0.8430912992630708,0.11577905988431442,,,0.9788900924929658,,1.1084291804838478,0.8205378691039024,,,,,
95,right,RCA,0.5,share,2,True,True,1.3901952501548211,1.7576085987987593,1.0013793861489122,1.757608598790314,0.9784607752564873,0.9764415412723166,0.9724706839491096,1.3554131707579653,1.2186796485612406,0.7654640801687778,0.8068392023463172,1.0,1.0,130.45369719583678
95,right,RCA,0.5,leaf3,2,True,True,1.3901952501548211,1.7576085987976142,1.0013793861489122,1.757608598790314,0.9784607752564884,0.9764415412723166,0.9724265310215211,1.3554131707579653,1.2186796485612406,0.7650421028073334,0.8068392023463172,1.0,1.0,130.45369719583678
95,right,RCA,0.5,leaf266,2,True,True,1.3901952501548211,1.7576085987987593,1.0013793861489122,1.757608598790314,0.9784607752564876,0.9764415412723166,0.9724265400556525,1.3554131707579653,1.2186796485612406,0.7650421891259187,0.8068392023463172,1.0,1.0,130.45369719583678
95,right,RCA,0.5,apport,2,True,True,1.3901952501548211,1.7576085987987593,1.0013793861489122,1.757608598790314,0.9784607752564861,0.9764415412723166,0.9724316232125736,1.3554131707579653,1.2186796485612406,0.7650907582509724,0.8068392023463172,1.0,1.0,130.45369719583678
95,right,RCA,0.5,origin,2,True,True,1.3901952501548211,1.7576085987987593,1.0013793861489122,1.757608598790314,0.9784607752564876,0.9764415412723166,0.9724706839491096,1.3554131707579653,1.2186796485612406,0.7654640801687778,0.8068392023463172,1.0,1.0,130.45369719583678
95,right,RCA,0.5,length,2,True,True,1.3901952501548211,1.7576085987987593,1.0013793861489122,1.7576085987910577,0.9784607752564776,0.9764415412723166,0.9724321066120097,1.3554131707579653,1.2186796485612406,0.7650953772456721,0.8068392023463172,1.0,1.0,130.45369719583678
95,right,RCA,0.6,share,1,True,True,1.3901952501548211,1.7576085987987593,1.0013793861489122,1.757608598790314,0.9784607752564876,0.9764415412723166,0.9721690239085043,1.3554131707579653,1.2186796485612406,0.7625855904221183,0.8068392023463172,0.0,1.0,101.4596857875656
95,right,RCA,0.6,leaf3,1,True,True,1.3901952501548211,1.7576085987987593,1.0013793861489122,1.757608598790314,0.9784607752564869,0.9764415412723166,0.9721690239085043,1.3554131707579653,1.2186796485612406,0.7625855904221965,0.8068392023463172,0.0,1.0,101.4596857875656
95,right,RCA,0.6,leaf266,1,True,True,1.3901952501548211,1.7576085987987593,1.0013793861489122,1.757608598790314,0.9784607752564876,0.9764415412723166,0.9721690239085043,1.3554131707579653,1.2186796485612406,0.7625855904221183,0.8068392023463172,0.0,1.0,101.4596857875656
95,right,RCA,0.6,apport,1,True,True,1.3901952501548211,1.7576085987987593,1.0013793861489122,1.757608598790314,0.9784607752564869,0.9764415412723166,0.9721690239085043,1.3554131707579653,1.2186796485612406,0.7625855904221965,0.8068392023463172,0.0,1.0,101.4596857875656
95,right,RCA,0.6,origin,1,True,True,1.3901952501548211,1.7576085987987593,1.0013793861489122,1.757608598790314,0.9784607752564876,0.9764415412723166,0.9721690239085043,1.3554131707579653,1.2186796485612406,0.7625855904221965,0.8068392023463172,0.0,1.0,101.4596857875656
95,right,RCA,0.6,length,1,True,True,1.3901952501548211,1.7576085987987593,1.0013793861489122,1.757608598790314,0.9784607752564869,0.9764415412723166,0.9721690239085043,1.3554131707579653,1.2186796485612406,0.7625855904222114,0.8068392023463172,0.0,1.0,101.4596857875656
95,right,RCA,0.75,share,1,True,True,1.3901952501548211,1.7576085987987593,1.0013793861489122,1.757608598790314,0.9784607752564872,0.9764415412723166,0.970710261573879,1.3554131707579653,1.2186796485612406,0.7488206867256758,0.8068392023463172,0.0,1.0,78.4893068932593
95,right,RCA,0.75,leaf3,1,True,True,1.3901952501548211,1.7576085987976142,1.0013793861489122,1.757608598790314,0.9784607752564884,0.9764415412723166,0.970710261573879,1.3554131707579653,1.2186796485612406,0.7488206867256562,0.8068392023463172,0.0,1.0,78.4893068932593
95,right,RCA,0.75,leaf266,1,True,True,1.3901952501548211,1.7576085987987593,1.0013793861489122,1.757608598790314,0.9784607752564872,0.9764415412723166,0.970710261573879,1.3554131707579653,1.2186796485612406,0.7488206867256779,0.8068392023463172,0.0,1.0,78.4893068932593
95,right,RCA,0.75,apport,1,True,True,1.3901952501548211,1.7576085987976142,1.0013793861489122,1.757608598790314,0.9784607752564884,0.9764415412723166,0.970710261573879,1.3554131707579653,1.2186796485612406,0.7488206867256562,0.8068392023463172,0.0,1.0,78.4893068932593
95,right,RCA,0.75,origin,1,True,True,1.3901952501548211,1.7576085987987593,1.0013793861489122,1.757608598790314,0.9784607752564872,0.9764415412723166,0.970710261573879,1.3554131707579653,1.2186796485612406,0.7488206867256758,0.8068392023463172,0.0,1.0,78.4893068932593
95,right,RCA,0.75,length,1,True,True,1.3901952501548211,1.7576085987976142,1.0013793861489122,1.757608598790314,0.9784607752564884,0.9764415412723166,0.970710261573879,1.3554131707579653,1.2186796485612406,0.7488206867256562,0.8068392023463172,0.0,1.0,78.4893068932593
95,right,RCA,0.9,share,1,True,True,1.3901952501548211,1.7576085987987593,1.0013793861489122,1.757608598790314,0.9784607752564872,0.9764415412723166,0.970710261573879,1.3554131707579653,1.2186796485612406,0.7488206867256758,0.8068392023463172,0.0,1.0,78.4893068932593
95,right,RCA,0.9,leaf3,1,True,True,1.3901952501548211,1.7576085987976142,1.0013793861489122,1.757608598790314,0.9784607752564884,0.9764415412723166,0.970710261573879,1.3554131707579653,1.2186796485612406,0.7488206867256562,0.8068392023463172,0.0,1.0,78.4893068932593
95,right,RCA,0.9,leaf266,1,True,True,1.3901952501548211,1.7576085987987593,1.0013793861489122,1.757608598790314,0.9784607752564872,0.9764415412723166,0.970710261573879,1.3554131707579653,1.2186796485612406,0.7488206867256779,0.8068392023463172,0.0,1.0,78.4893068932593
95,right,RCA,0.9,apport,1,True,True,1.3901952501548211,1.7576085987976142,1.0013793861489122,1.757608598790314,0.9784607752564884,0.9764415412723166,0.970710261573879,1.3554131707579653,1.2186796485612406,0.7488206867256562,0.8068392023463172,0.0,1.0,78.4893068932593
95,right,RCA,0.9,origin,1,True,True,1.3901952501548211,1.7576085987987593,1.0013793861489122,1.757608598790314,0.9784607752564872,0.9764415412723166,0.970710261573879,1.3554131707579653,1.2186796485612406,0.7488206867256758,0.8068392023463172,0.0,1.0,78.4893068932593
95,right,RCA,0.9,length,1,True,True,1.3901952501548211,1.7576085987976142,1.0013793861489122,1.757608598790314,0.9784607752564884,0.9764415412723166,0.970710261573879,1.3554131707579653,1.2186796485612406,0.7488206867256562,0.8068392023463172,0.0,1.0,78.4893068932593
95,right,RCA,1.0,share,1,True,True,1.3901952501548211,1.7576085987987593,1.0013793861489122,1.757608598790314,0.9784607752564863,0.9764415412723166,0.9706906200460094,1.3554131707579653,1.2186796485612406,0.7486371554690604,0.8068392023463172,0.0,1.0,60.9955159291492
95,right,RCA,1.0,leaf3,1,True,True,1.3901952501548211,1.7576085987976142,1.0013793861489122,1.757608598790314,0.9784607752564897,0.9764415412723166,0.9706906200460138,1.3554131707579653,1.2186796485612406,0.7486371554692604,0.8068392023463172,0.0,1.0,60.9955159291492
95,right,RCA,1.0,leaf266,1,True,True,1.3901952501548211,1.7576085987987593,1.0013793861489122,1.757608598790314,0.9784607752564863,0.9764415412723166,0.9706906200460094,1.3554131707579653,1.2186796485612406,0.7486371554690604,0.8068392023463172,0.0,1.0,60.9955159291492
95,right,RCA,1.0,apport,1,True,True,1.3901952501548211,1.7576085987987593,1.0013793861489122,1.757608598790314,0.9784607752564863,0.9764415412723166,0.9706906200460094,1.3554131707579653,1.2186796485612406,0.7486371554690604,0.8068392023463172,0.0,1.0,60.9955159291492
95,right,RCA,1.0,origin,1,True,True,1.3901952501548211,1.7576085987987593,1.0013793861489122,1.757608598790314,0.9784607752564863,0.9764415412723166,0.9706906200460094,1.3554131707579653,1.2186796485612406,0.7486371554690604,0.8068392023463172,0.0,1.0,60.9955159291492
95,right,RCA,1.0,length,1,True,True,1.3901952501548211,1.7576085987987593,1.0013793861489122,1.757608598790314,0.9784607752564863,0.9764415412723166,0.9706906200460094,1.3554131707579653,1.2186796485612406,0.7486371554690604,0.8068392023463172,0.0,1.0,60.9955159291492
100,left,LCX,0.5,share,7,True,True,0.31126059368087833,0.3945366827357574,0.23080072986647412,0.39453668274019965,0.9857125574297838,0.9874157277418333,0.9830552173496717,1.1139472957671555,0.8402143395801671,0.9240242323969576,0.9439197201940829,2.0,2.0,102.14755713955398
100,left,LCX,0.5,leaf3,7,True,True,0.31126059368087833,0.2373034784533176,0.23080072986647412,0.23730347845472965,0.9909526840213572,0.9874157277418333,0.9895254078552911,1.1139472957671555,0.8402143395801671,0.9594044164944213,0.9439197201940829,2.0,2.0,102.14755713955398
100,left,LCX,0.5,leaf266,7,True,True,0.31126059368087833,0.24958863856114094,0.23080072986647412,0.24958863856130098,0.9905432552722077,0.9874157277418333,0.9890189223676031,1.1139472957671555,0.8402143395801671,0.9568478333024947,0.9439197201940829,2.0,2.0,102.14755713955398
100,left,LCX,0.5,apport,7,True,True,0.31126059368087833,0.3872087425697656,0.23080072986647412,0.3872087425734472,0.9859567764184463,0.9874157277418333,0.9833977789640875,1.1139472957671555,0.8402143395801671,0.9260185140360875,0.9439197201940829,2.0,2.0,102.14755713955398
100,left,LCX,0.5,origin,7,True,True,0.31126059368087833,0.4184338570808523,0.23080072986647412,0.4184338570823419,0.9849161339306385,0.9874157277418333,0.9821562347034469,1.1139472957671555,0.8402143395801671,0.9187108264438324,0.9439197201940829,2.0,2.0,102.14755713955398
100,left,LCX,0.5,length,7,True,True,0.31126059368087833,0.3901516420832247,0.23080072986647412,0.3901516420828692,0.9858586981145857,0.9874157277418333,0.9833805108463933,1.1139472957671555,0.8402143395801671,0.9259029815791004,0.9439197201940829,2.0,2.0,102.14755713955398
100,left,LCX,0.6,share,7,True,True,0.31126059368087833,0.39545534685351835,0.23080072986647412,0.39545534685445105,0.9856819410197301,0.9874157277418333,0.9829926075310875,1.1139472957671555,0.8402143395801671,0.9236595210308144,0.9439197201940829,2.0,2.0,90.80358603424948
100,left,LCX,0.6,leaf3,7,True,True,0.31126059368087833,0.2607382541798266,0.23080072986647412,0.2607382541815153,0.9901716709267498,0.9874157277418333,0.9885446536028599,1.1139472957671555,0.8402143395801671,0.9544187587907109,0.9439197201940829,2.0,2.0,90.80358603424948
100,left,LCX,0.6,leaf266,7,True,True,0.31126059368087833,0.27021998258388413,0.23080072986647412,0.2702199825869984,0.9898556724239062,0.9874157277418333,0.9881530760724482,1.1139472957671555,0.8402143395801671,0.9523855188582734,0.9439197201940829,2.0,2.0,90.80358603424948
100,left,LCX,0.6,apport,7,True,True,0.31126059368087833,0.38836060807742,0.23080072986647412,0.38836060807917167,0.9859183880824579,0.9874157277418333,0.9833083462085039,1.1139472957671555,0.8402143395801671,0.9255015350763367,0.9439197201940829,2.0,2.0,90.80358603424948
100,left,LCX,0.6,origin,7,True,True,0.31126059368087833,0.4204029587263727,0.23080072986647412,0.420402958723971,0.9848505094848953,0.9874157277418333,0.982011826854812,1.1139472957671555,0.8402143395801671,0.9178572046789728,0.9439197201940829,2.0,2.0,90.80358603424948
100,left,LCX,0.6,length,7,True,True,0.31126059368087833,0.3928611506411432,0.23080072986647412,0.3928611506443172,0.9857683980540921,0.9874157277418333,0.9831861842687499,1.1139472957671555,0.8402143395801671,0.9247760836185442,0.9439197201940829,2.0,2.0,90.80358603424948
100,left,LCX,0.75,share,6,True,True,0.31126059368087833,0.39504278813311194,0.23080072986647412,0.3950427881331421,0.985695690405105,0.9874157277418333,0.982888724829797,1.1139472957671555,0.8402143395801671,0.9230659144204213,0.9439197201940829,2.0,2.0,65.44210229018397
100,left,LCX,0.75,leaf3,6,True,True,0.31126059368087833,0.39043570859851856,0.23080072986647412,0.3904357085991869,0.9858492310016317,0.9874157277418333,0.9830864458154974,1.1139472957671555,0.8402143395801671,0.9242244818049992,0.9439197201940829,2.0,2.0,65.44210229018397
100,left,LCX,0.75,leaf266,6,True,True,0.31126059368087833,0.3908794794368912,0.23080072986647412,0.39087947943795603,0.9858344414068637,0.9874157277418333,0.9830680120750945,1.1139472957671555,0.8402143395801671,0.9241164972011328,0.9439197201940829,2.0,2.0,65.44210229018397
100,left,LCX,0.75,apport,6,True,True,0.31126059368087833,0.42076375289667295,0.23080072986647412,0.42076375290026724,0.9848384852617096,0.9874157277418333,0.9818300398265091,1.1139472957671555,0.8402143395801671,0.9167919691432025,0.9439197201940829,2.0,2.0,65.44210229018397
100,left,LCX,0.75,origin,6,True,True,0.31126059368087833,0.406596145193148,0.23080072986647412,0.40659614519133913,0.9853106505287168,0.9874157277418333,0.9824213000389868,1.1139472957671555,0.8402143395801671,0.9203080329245004,0.9439197201940829,2.0,2.0,65.44210229018397
100,left,LCX,0.75,length,6,True,True,0.31126059368087833,0.3636358063349132,0.23080072986647412,0.3636358063382935,0.9867423940019832,0.9874157277418333,0.9842143094699447,1.1139472957671555,0.8402143395801671,0.9307610524577574,0.9439197201940829,2.0,2.0,65.44210229018397
100,left,LCX,0.9,share,2,False,True,0.31126059368087833,0.3974605294460312,0.23080072986647412,,,0.9874157277418333,,1.1139472957671555,0.8402143395801671,,,,,
100,left,LCX,0.9,leaf3,2,False,True,0.31126059368087833,0.39751986067704037,0.23080072986647412,,,0.9874157277418333,,1.1139472957671555,0.8402143395801671,,,,,
100,left,LCX,0.9,leaf266,2,False,True,0.31126059368087833,0.39751313646514147,0.23080072986647412,,,0.9874157277418333,,1.1139472957671555,0.8402143395801671,,,,,
100,left,LCX,0.9,apport,2,False,True,0.31126059368087833,0.371617912500143,0.23080072986647412,,,0.9874157277418333,,1.1139472957671555,0.8402143395801671,,,,,
100,left,LCX,0.9,origin,2,False,True,0.31126059368087833,0.517835891083276,0.23080072986647412,,,0.9874157277418333,,1.1139472957671555,0.8402143395801671,,,,,
100,left,LCX,0.9,length,2,False,True,0.31126059368087833,0.47569946338437336,0.23080072986647412,,,0.9874157277418333,,1.1139472957671555,0.8402143395801671,,,,,
100,left,LCX,1.0,share,2,False,True,0.31126059368087833,0.39717497988192463,0.23080072986647412,,,0.9874157277418333,,1.1139472957671555,0.8402143395801671,,,,,
100,left,LCX,1.0,leaf3,2,False,True,0.31126059368087833,0.3991398809703749,0.23080072986647412,,,0.9874157277418333,,1.1139472957671555,0.8402143395801671,,,,,
100,left,LCX,1.0,leaf266,2,False,True,0.31126059368087833,0.39891719401853265,0.23080072986647412,,,0.9874157277418333,,1.1139472957671555,0.8402143395801671,,,,,
100,left,LCX,1.0,apport,2,False,True,0.31126059368087833,0.39717497988192463,0.23080072986647412,,,0.9874157277418333,,1.1139472957671555,0.8402143395801671,,,,,
100,left,LCX,1.0,origin,2,False,True,0.31126059368087833,0.39717497988192463,0.23080072986647412,,,0.9874157277418333,,1.1139472957671555,0.8402143395801671,,,,,
100,left,LCX,1.0,length,2,False,True,0.31126059368087833,0.40348184222173084,0.23080072986647412,,,0.9874157277418333,,1.1139472957671555,0.8402143395801671,,,,,
100,right,RCA,0.5,share,2,True,True,0.7858285973382516,0.9200560799689634,0.6384377364600212,0.9200560799702409,0.9753415081085715,0.9780538877402121,0.9779970869611495,1.1094079848288896,1.0208738011113918,0.8465928860951036,0.839686544672166,1.0,1.0,120.22479678462446
100,right,RCA,0.5,leaf3,2,True,True,0.7858285973382516,0.9200560799684651,0.6384377364600212,0.9200560799698833,0.9753415081085831,0.9780538877402121,0.9782245652476675,1.1094079848288896,1.0208738011113918,0.8486018300001268,0.839686544672166,1.0,1.0,120.22479678462446
100,right,RCA,0.5,leaf266,2,True,True,0.7858285973382516,0.9200560799684651,0.6384377364600212,0.9200560799698833,0.9753415081085824,0.9780538877402121,0.9781975617134481,1.1094079848288896,1.0208738011113918,0.848363523468675,0.839686544672166,1.0,1.0,120.22479678462446
100,right,RCA,0.5,apport,2,True,True,0.7858285973382516,0.9200560799699604,0.6384377364600212,0.9200560799713136,0.9753415081085464,0.9780538877402121,0.97813486212838,1.1094079848288896,1.0208738011113918,0.8478100194220395,0.839686544672166,1.0,1.0,120.22479678462446
100,right,RCA,0.5,origin,2,True,True,0.7858285973382516,0.9200560799679666,0.6384377364600212,0.9200560799695257,0.9753415081085939,0.9780538877402121,0.9779970869611495,1.1094079848288896,1.0208738011113918,0.8465928860951036,0.839686544672166,1.0,1.0,120.22479678462446
100,right,RCA,0.5,length,2,True,True,0.7858285973382516,0.9200560799684651,0.6384377364600212,0.9200560799698833,0.9753415081085834,0.9780538877402121,0.9783136487498179,1.1094079848288896,1.0208738011113918,0.8493876602888253,0.839686544672166,1.0,1.0,120.22479678462446
100,right,RCA,0.6,share,2,True,True,0.7858285973382516,0.9200560799684651,0.6384377364600212,0.9200560799698833,0.9753415081085864,0.9780538877402121,0.9779734750230347,1.1094079848288896,1.0208738011113918,0.8463841745819561,0.839686544672166,1.0,1.0,116.63194934536688
100,right,RCA,0.6,leaf3,2,True,True,0.7858285973382516,0.9200560799684651,0.6384377364600212,0.9200560799698833,0.9753415081085834,0.9780538877402121,0.9781204994094712,1.1094079848288896,1.0208738011113918,0.8476831920153249,0.839686544672166,1.0,1.0,116.63194934536688
100,right,RCA,0.6,leaf266,2,True,True,0.7858285973382516,0.9200560799679666,0.6384377364600212,0.9200560799695257,0.9753415081085994,0.9780538877402121,0.978103817490002,1.1094079848288896,1.0208738011113918,0.8475358689620446,0.839686544672166,1.0,1.0,116.63194934536688
100,right,RCA,0.6,apport,2,True,True,0.7858285973382516,0.9200560799684651,0.6384377364600212,0.9200560799698833,0.9753415081085811,0.9780538877402121,0.9780648576786226,1.1094079848288896,1.0208738011113918,0.8471917348727741,0.839686544672166,1.0,1.0,116.63194934536688
100,right,RCA,0.6,origin,2,True,True,0.7858285973382516,0.9200560799699604,0.6384377364600212,0.9200560799713136,0.9753415081085425,0.9780538877402121,0.9779734750230347,1.1094079848288896,1.0208738011113918,0.8463841745819561,0.839686544672166,1.0,1.0,116.63194934536688
100,right,RCA,0.6,length,2,True,True,0.7858285973382516,0.9200560799684651,0.6384377364600212,0.9200560799698833,0.9753415081085823,0.9780538877402121,0.9783037938222738,1.1094079848288896,1.0208738011113918,0.8493007524891077,0.839686544672166,1.0,1.0,116.63194934536688
100,right,RCA,0.75,share,1,True,True,0.7858285973382516,0.9200560799684651,0.6384377364600212,0.9200560799698833,0.975341508108582,0.9780538877402121,0.9777623384357733,1.1094079848288896,1.0208738011113918,0.8445163690217069,0.839686544672166,0.0,1.0,98.3097982843222
100,right,RCA,0.75,leaf3,1,True,True,0.7858285973382516,0.9200560799684651,0.6384377364600212,0.9200560799698833,0.975341508108582,0.9780538877402121,0.9777623384357733,1.1094079848288896,1.0208738011113918,0.8445163690218093,0.839686544672166,0.0,1.0,98.3097982843222
100,right,RCA,0.75,leaf266,1,True,True,0.7858285973382516,0.9200560799684651,0.6384377364600212,0.9200560799698833,0.975341508108582,0.9780538877402121,0.9777623384357733,1.1094079848288896,1.0208738011113918,0.8445163690217069,0.839686544672166,0.0,1.0,98.3097982843222
100,right,RCA,0.75,apport,1,True,True,0.7858285973382516,0.9200560799684651,0.6384377364600212,0.9200560799698833,0.9753415081085851,0.9780538877402121,0.9777623384357733,1.1094079848288896,1.0208738011113918,0.8445163690218093,0.839686544672166,0.0,1.0,98.3097982843222
100,right,RCA,0.75,origin,1,True,True,0.7858285973382516,0.9200560799684651,0.6384377364600212,0.9200560799698833,0.975341508108582,0.9780538877402121,0.9777623384357733,1.1094079848288896,1.0208738011113918,0.8445163690217069,0.839686544672166,0.0,1.0,98.3097982843222
100,right,RCA,0.75,length,1,True,True,0.7858285973382516,0.9200560799684651,0.6384377364600212,0.9200560799698833,0.975341508108582,0.9780538877402121,0.9777623384357733,1.1094079848288896,1.0208738011113918,0.8445163690216683,0.839686544672166,0.0,1.0,98.3097982843222
100,right,RCA,0.9,share,1,True,True,0.7858285973382516,0.9200560799684651,0.6384377364600212,0.9200560799702409,0.9753415081085793,0.9780538877402121,0.9731222828587792,1.1094079848288896,1.0208738011113918,0.8067605526663363,0.839686544672166,0.0,1.0,55.249223886457074
100,right,RCA,0.9,leaf3,1,True,True,0.7858285973382516,0.9200560799684651,0.6384377364600212,0.9200560799702409,0.9753415081085793,0.9780538877402121,0.9731222828587792,1.1094079848288896,1.0208738011113918,0.8067605526663363,0.839686544672166,0.0,1.0,55.249223886457074
100,right,RCA,0.9,leaf266,1,True,True,0.7858285973382516,0.9200560799684651,0.6384377364600212,0.9200560799702409,0.9753415081085793,0.9780538877402121,0.9731222828587792,1.1094079848288896,1.0208738011113918,0.8067605526663363,0.839686544672166,0.0,1.0,55.249223886457074
100,right,RCA,0.9,apport,1,True,True,0.7858285973382516,0.9200560799684651,0.6384377364600212,0.9200560799702409,0.9753415081085793,0.9780538877402121,0.9731222828587792,1.1094079848288896,1.0208738011113918,0.8067605526663363,0.839686544672166,0.0,1.0,55.249223886457074
100,right,RCA,0.9,origin,1,True,True,0.7858285973382516,0.9200560799684651,0.6384377364600212,0.9200560799702409,0.9753415081085793,0.9780538877402121,0.9731222828587792,1.1094079848288896,1.0208738011113918,0.8067605526663363,0.839686544672166,0.0,1.0,55.249223886457074
100,right,RCA,0.9,length,1,True,True,0.7858285973382516,0.9200560799684651,0.6384377364600212,0.9200560799702409,0.9753415081085793,0.9780538877402121,0.9731222828587792,1.1094079848288896,1.0208738011113918,0.8067605526660528,0.839686544672166,0.0,1.0,55.249223886457074
100,right,RCA,1.0,share,1,True,True,0.7858285973382516,0.9200560799684651,0.6384377364600212,0.9200560799695257,0.9753415081085902,0.9780538877402121,0.9711943977112978,1.1094079848288896,1.0208738011113918,0.7919225610113743,0.839686544672166,0.0,1.0,26.236031596248075
100,right,RCA,1.0,leaf3,1,True,True,0.7858285973382516,0.9200560799689634,0.6384377364600212,0.9200560799702409,0.9753415081085749,0.9780538877402121,0.9711943977112796,1.1094079848288896,1.0208738011113918,0.7919225610110885,0.839686544672166,0.0,1.0,26.236031596248075
100,right,RCA,1.0,leaf266,1,True,True,0.7858285973382516,0.9200560799684651,0.6384377364600212,0.9200560799698833,0.9753415081085823,0.9780538877402121,0.9711943977112883,1.1094079848288896,1.0208738011113918,0.7919225610113195,0.839686544672166,0.0,1.0,26.236031596248075
100,right,RCA,1.0,apport,1,True,True,0.7858285973382516,0.9200560799684651,0.6384377364600212,0.9200560799695257,0.9753415081085902,0.9780538877402121,0.9711943977112978,1.1094079848288896,1.0208738011113918,0.7919225610113743,0.839686544672166,0.0,1.0,26.236031596248075
100,right,RCA,1.0,origin,1,True,True,0.7858285973382516,0.9200560799684651,0.6384377364600212,0.9200560799695257,0.9753415081085902,0.9780538877402121,0.9711943977112978,1.1094079848288896,1.0208738011113918,0.7919225610113743,0.839686544672166,0.0,1.0,26.236031596248075
100,right,RCA,1.0,length,1,True,True,0.7858285973382516,0.9200560799684651,0.6384377364600212,0.9200560799695257,0.9753415081085902,0.9780538877402121,0.9711943977112978,1.1094079848288896,1.0208738011113918,0.7919225610113743,0.839686544672166,0.0,1.0,26.236031596248075
102,left,LAD,0.5,share,6,True,True,0.8429767067664038,1.4039257239115328,0.3286579846463335,0.7608213981872725,0.98714640769295,0.9915476790591341,0.9883193459392511,1.582244495277828,1.1734260389842086,0.8949435343719192,0.9409615405985388,1.0,1.0,126.32555644728113
102,left,LCX,0.5,share,6,True,True,0.4928326575510708,0.8241043483355417,0.13706762257714816,0.3796668103969748,0.9764110733256951,0.9845032029679586,0.9741547300589234,1.166080192555197,0.8780571164825254,0.8379134012725525,0.913588440264905,1.0,1.0,99.53067080054129
102,left,LAD,0.5,leaf3,6,True,True,0.8429767067664038,1.4643755336062756,0.3286579846463335,1.054264014521966,0.984829667397373,0.9915476790591341,0.9864617042305825,1.582244495277828,1.1734260389842086,0.8905565658938597,0.9409615405985388,1.0,1.0,126.32555644728113
102,left,LCX,0.5,leaf3,6,True,True,0.4928326575510708,1.603839130063854,0.13706762257714816,0.40525716788440885,0.9590323815079075,0.9845032029679586,0.9542971707810142,1.166080192555197,0.8780571164825254,0.6696015882263746,0.913588440264905,1.0,1.0,99.53067080054129
102,left,LAD,0.5,leaf266,6,True,True,0.8429767067664038,1.4464168018140215,0.3286579846463335,1.0103157186597018,0.9851832549671662,0.9915476790591341,0.9867123971125507,1.582244495277828,1.1734260389842086,0.8917700025428167,0.9409615405985388,1.0,1.0,126.32555644728113
102,left,LCX,0.5,leaf266,6,True,True,0.4928326575510708,1.5655024220638516,0.13706762257714816,0.424668021136837,0.9597124095660645,0.9845032029679586,0.9551216491154226,1.166080192555197,0.8780571164825254,0.6770492561781063,0.913588440264905,1.0,1.0,99.53067080054129
102,left,LAD,0.5,apport,6,True,True,0.8429767067664038,1.5713610516573482,0.3286579846463335,1.0013293602594775,0.984801344358816,0.9915476790591341,0.9864436712984781,1.582244495277828,1.1734260389842086,0.8797222416590077,0.9409615405985388,1.0,1.0,126.32555644728113
102,left,LCX,0.5,apport,6,True,True,0.4928326575510708,0.8693198279318215,0.13706762257714816,0.2909486488989562,0.9761644963831002,0.9845032029679586,0.9736557110927797,1.166080192555197,0.8780571164825254,0.826624474515763,0.913588440264905,1.0,1.0,99.53067080054129
102,left,LAD,0.5,origin,6,True,True,0.8429767067664038,1.23293641047527,0.3286579846463335,0.6678002110412422,0.9883091864791362,0.9915476790591341,0.9893691459359206,1.582244495277828,1.1734260389842086,0.9106386337385077,0.9409615405985388,1.0,1.0,126.32555644728113
102,left,LCX,0.5,origin,6,True,True,0.4928326575510708,0.5227672004010682,0.13706762257714816,0.24793624885585044,0.9841554333515259,0.9845032029679586,0.9828442398694015,1.166080192555197,0.8780571164825254,0.9070195992629826,0.913588440264905,1.0,1.0,99.53067080054129
102,left,LAD,0.5,length,6,True,True,0.8429767067664038,2.258631200009735,0.3286579846463335,1.4578746978586867,0.9793889984614395,0.9915476790591341,0.9825991821538183,1.582244495277828,1.1734260389842086,0.8205464575546881,0.9409615405985388,1.0,1.0,126.32555644728113
102,left,LCX,0.5,length,6,True,True,0.4928326575510708,0.9847822594541247,0.13706762257714816,0.8497005456826294,0.9689079436584873,0.9845032029679586,0.9674110993008086,1.166080192555197,0.8780571164825254,0.8092697694034228,0.913588440264905,1.0,1.0,99.53067080054129
102,left,LAD,0.6,share,6,True,True,0.8429767067664038,1.4101724188530425,0.3286579846463335,0.7447894997513517,0.9872531805120124,0.9915476790591341,0.9884400883309119,1.582244495277828,1.1734260389842086,0.8954952147620893,0.9409615405985388,1.0,1.0,126.32555644728113
102,left,LCX,0.6,share,6,True,True,0.4928326575510708,0.8287537339306977,0.13706762257714816,0.3948544576052787,0.9761805725264361,0.9845032029679586,0.9739169565530902,1.166080192555197,0.8780571164825254,0.83684887546015,0.913588440264905,1.0,1.0,82.59549125827141
102,left,LAD,0.6,leaf3,6,True,True,0.8429767067664038,1.3892634586045889,0.3286579846463335,0.8479825679612936,0.9864465617235468,0.9915476790591341,0.9876760284613776,1.582244495277828,1.1734260389842086,0.8967553905196485,0.9409615405985388,1.0,1.0,126.32555644728113
102,left,LCX,0.6,leaf3,6,True,True,0.4928326575510708,1.4323680131444898,0.13706762257714816,0.4949397172122,0.9620498334152178,0.9845032029679586,0.9579663363564933,1.166080192555197,0.8780571164825254,0.7038533265985084,0.913588440264905,1.0,1.0,82.59549125827141
102,left,LAD,0.6,leaf266,6,True,True,0.8429767067664038,1.3791410493640421,0.3286579846463335,0.8240238949687935,0.9866424370895099,0.9915476790591341,0.9878321413253942,1.582244495277828,1.1734260389842086,0.8976728083122323,0.9409615405985388,1.0,1.0,126.32555644728113
102,left,LCX,0.6,leaf266,6,True,True,0.4928326575510708,1.4144877313415543,0.13706762257714816,0.5072076866294938,0.9623398712956535,0.9845032029679586,0.9583355849270332,1.166080192555197,0.8780571164825254,0.7076289416694008,0.913588440264905,1.0,1.0,82.59549125827141
102,left,LAD,0.6,apport,6,True,True,0.8429767067664038,1.531784238731687,0.3286579846463335,0.8733204498422075,0.9858246141018492,0.9915476790591341,0.9872466709197927,1.582244495277828,1.1734260389842086,0.8840609652223702,0.9409615405985388,1.0,1.0,126.32555644728113
102,left,LCX,0.6,apport,6,True,True,0.4928326575510708,0.8579024749062395,0.13706762257714816,0.34143633573129206,0.9759897560971091,0.9845032029679586,0.9735477467673398,1.166080192555197,0.8780571164825254,0.8295410413646757,0.913588440264905,1.0,1.0,82.59549125827141
102,left,LAD,0.6,origin,6,True,True,0.8429767067664038,1.2354735883731733,0.3286579846463335,0.6542751707132745,0.9884056317649693,0.9915476790591341,0.9894781414001348,1.582244495277828,1.1734260389842086,0.9112637586219219,0.9409615405985388,1.0,1.0,126.32555644728113
102,left,LCX,0.6,origin,6,True,True,0.4928326575510708,0.5210808441046996,0.13706762257714816,0.2523992720889153,0.9841548898746609,0.9845032029679586,0.9828498097019237,1.166080192555197,0.8780571164825254,0.9073622373500407,0.913588440264905,1.0,1.0,82.59549125827141
102,left,LAD,0.6,length,6,True,True,0.8429767067664038,2.211739929507085,0.3286579846463335,1.3951373473977948,0.9800288210991411,0.9915476790591341,0.9830695102876661,1.582244495277828,1.1734260389842086,0.8256526917269758,0.9409615405985388,1.0,1.0,126.32555644728113
102,left,LCX,0.6,length,6,True,True,0.4928326575510708,1.0636326837570622,0.13706762257714816,0.9362255061239516,0.9664422133818171,0.9845032029679586,0.9649779692951239,1.166080192555197,0.8780571164825254,0.7930340099315871,0.913588440264905,1.0,1.0,82.59549125827141
102,left,LAD,0.75,share,6,True,True,0.8429767067664038,1.4206916743115303,0.3286579846463335,0.742234067229203,0.9872484897557716,0.9915476790591341,0.9878041302053489,1.582244495277828,1.1734260389842086,0.8878062555593601,0.9409615405985388,1.0,1.0,118.44511099203555
102,left,LCX,0.75,share,6,True,True,0.4928326575510708,0.8353031871255422,0.13706762257714816,0.41089830564963464,0.9759010241604377,0.9845032029679586,0.9730274493671001,1.166080192555197,0.8780571164825254,0.8315625466440665,0.913588440264905,1.0,1.0,48.477531314527035
102,left,LAD,0.75,leaf3,6,True,True,0.8429767067664038,1.2902963653411033,0.3286579846463335,0.623063407358493,0.9883099622460549,0.9915476790591341,0.9887472756977035,1.582244495277828,1.1734260389842086,0.9015534094265024,0.9409615405985388,1.0,1.0,118.44511099203555
102,left,LCX,0.75,leaf3,6,True,True,0.4928326575510708,1.2970946763252371,0.13706762257714816,0.6339147561338918,0.9638545740892847,0.9845032029679586,0.9591702043222359,1.166080192555197,0.8780571164825254,0.7258495470464201,0.913588440264905,1.0,1.0,48.477531314527035
102,left,LAD,0.75,leaf266,6,True,True,0.8429767067664038,1.2915369913085564,0.3286579846463335,0.62420920814567,0.9882989944429659,0.9915476790591341,0.988736473237314,1.582244495277828,1.1734260389842086,0.9014214069226708,0.9409615405985388,1.0,1.0,118.44511099203555
102,left,LCX,0.75,leaf266,6,True,True,0.4928326575510708,1.2983344682085272,0.13706762257714816,0.6348471956501117,0.9638194165015045,0.9845032029679586,0.9591298567529404,1.166080192555197,0.8780571164825254,0.7255813987339184,0.913588440264905,1.0,1.0,48.477531314527035
102,left,LAD,0.75,apport,6,True,True,0.8429767067664038,1.5038295656394967,0.3286579846463335,0.7526187319033142,0.9867705279080481,0.9915476790591341,0.9873614916972258,1.582244495277828,1.1734260389842086,0.8801172493447488,0.9409615405985388,1.0,1.0,118.44511099203555
102,left,LCX,0.75,apport,6,True,True,0.4928326575510708,0.8516421343054915,0.13706762257714816,0.4188611828632268,0.9754741916665748,0.9845032029679586,0.9725121555108275,1.166080192555197,0.8780571164825254,0.8276403851792675,0.913588440264905,1.0,1.0,48.477531314527035
102,left,LAD,0.75,origin,6,True,True,0.8429767067664038,1.242721652577236,0.3286579846463335,0.6519334849433509,0.9884068281100244,0.9915476790591341,0.988969809255908,1.582244495277828,1.1734260389842086,0.9054520253943912,0.9409615405985388,1.0,1.0,118.44511099203555
102,left,LCX,0.75,origin,6,True,True,0.4928326575510708,0.5204471188901757,0.13706762257714816,0.2571435974289893,0.9841288031242903,0.9845032029679586,0.9825569798134324,1.166080192555197,0.8780571164825254,0.9060094409542496,0.913588440264905,1.0,1.0,48.477531314527035
102,left,LAD,0.75,length,6,True,True,0.8429767067664038,2.1713258578485735,0.3286579846463335,1.3655202024115576,0.9804038516493625,0.9915476790591341,0.9815596522623289,1.582244495277828,1.1734260389842086,0.8099017646130542,0.9409615405985388,1.0,1.0,118.44511099203555
102,left,LCX,0.75,length,6,True,True,0.4928326575510708,1.1458061268661608,0.13706762257714816,1.0270827802930491,0.963866781273795,0.9845032029679586,0.9591292608510175,1.166080192555197,0.8780571164825254,0.7552094019542526,0.913588440264905,1.0,1.0,48.477531314527035
102,left,LAD,0.9,share,5,True,True,0.8429767067664038,1.4449858808827702,0.3286579846463335,0.7676049173720646,0.9869914096078625,0.9915476790591341,0.9871671554330824,1.582244495277828,1.1734260389842086,0.8791068351763585,0.9409615405985388,1.0,1.0,83.59644525627488
102,left,LCX,0.9,share,5,False,True,0.4928326575510708,0.8352875310711949,0.13706762257714816,,,0.9845032029679586,,1.166080192555197,0.8780571164825254,,,,,
102,left,LAD,0.9,leaf3,5,True,True,0.8429767067664038,1.5496658566116512,0.3286579846463335,0.7564428811436086,0.9863650692665459,0.9915476790591341,0.986546900011736,1.582244495277828,1.1734260389842086,0.8686946711355791,0.9409615405985388,1.0,1.0,83.59644525627488
102,left,LCX,0.9,leaf3,5,False,True,0.4928326575510708,0.7871294198877968,0.13706762257714816,,,0.9845032029679586,,1.166080192555197,0.8780571164825254,,,,,
102,left,LAD,0.9,leaf266,5,True,True,0.8429767067664038,1.5514442016003809,0.3286579846463335,0.7580278126995096,0.9863496848048273,0.9915476790591341,0.9865312028406559,1.582244495277828,1.1734260389842086,0.8684900751774729,0.9409615405985388,1.0,1.0,83.59644525627488
102,left,LCX,0.9,leaf266,5,False,True,0.4928326575510708,0.7886172453463691,0.13706762257714816,,,0.9845032029679586,,1.166080192555197,0.8780571164825254,,,,,
102,left,LAD,0.9,apport,5,True,True,0.8429767067664038,1.5946678572380848,0.3286579846463335,0.8109144915358201,0.9860314195341223,0.9915476790591341,0.9862273003172315,1.582244495277828,1.1734260389842086,0.8633878780192856,0.9409615405985388,1.0,1.0,83.59644525627488
102,left,LCX,0.9,apport,5,False,True,0.4928326575510708,0.713222588678249,0.13706762257714816,,,0.9845032029679586,,1.166080192555197,0.8780571164825254,,,,,
102,left,LAD,0.9,origin,5,True,True,0.8429767067664038,1.093421617202505,0.3286579846463335,0.58307387661241,0.9894749289118943,0.9915476790591341,0.9896637984261447,1.582244495277828,1.1734260389842086,0.9166572505856271,0.9409615405985388,1.0,1.0,83.59644525627488
102,left,LCX,0.9,origin,5,False,True,0.4928326575510708,0.9893519876909678,0.13706762257714816,,,0.9845032029679586,,1.166080192555197,0.8780571164825254,,,,,
102,left,LAD,0.9,length,5,True,True,0.8429767067664038,1.9746838538365896,0.3286579846463335,1.2830130448606347,0.981692215605612,0.9915476790591341,0.9818270348501252,1.582244495277828,1.1734260389842086,0.8177037965440666,0.9409615405985388,1.0,1.0,83.59644525627488
102,left,LCX,0.9,length,5,False,True,0.4928326575510708,1.4487263613573156,0.13706762257714816,,,0.9845032029679586,,1.166080192555197,0.8780571164825254,,,,,
102,left,LAD,1.0,share,5,True,True,0.8429767067664038,1.4548410724462917,0.3286579846463335,0.7779102594442845,0.9868866841532467,0.9915476790591341,0.9869629276368901,1.582244495277828,1.1734260389842086,0.8764177660000794,0.9409615405985388,1.0,1.0,59.85795750808034
102,left,LCX,1.0,share,5,False,True,0.4928326575510708,0.8342567664579976,0.13706762257714816,,,0.9845032029679586,,1.166080192555197,0.8780571164825254,,,,,
102,left,LAD,1.0,leaf3,5,True,True,0.8429767067664038,1.565580248477024,0.3286579846463335,0.7758873323366077,0.986198333804459,0.9915476790591341,0.9862722129561621,1.582244495277828,1.1734260389842086,0.8649635653019013,0.9409615405985388,1.0,1.0,59.85795750808034
102,left,LCX,1.0,leaf3,5,False,True,0.4928326575510708,0.803069995049164,0.13706762257714816,,,0.9845032029679586,,1.166080192555197,0.8780571164825254,,,,,
102,left,LAD,1.0,leaf266,5,True,True,0.8429767067664038,1.5667098743617773,0.3286579846463335,0.776420428510053,0.9861901283294061,0.9915476790591341,0.9862640304565202,1.582244495277828,1.1734260389842086,0.8648394380521208,0.9409615405985388,1.0,1.0,59.85795750808034
102,left,LCX,1.0,leaf266,5,False,True,0.4928326575510708,0.8025839928673683,0.13706762257714816,,,0.9845032029679586,,1.166080192555197,0.8780571164825254,,,,,
102,left,LAD,1.0,apport,5,True,True,0.8429767067664038,1.6116527838445291,0.3286579846463335,0.8287064798789664,0.9858564139113608,0.9915476790591341,0.985937297528483,1.582244495277828,1.1734260389842086,0.8594858049134955,0.9409615405985388,1.0,1.0,59.85795750808034
102,left,LCX,1.0,apport,5,False,True,0.4928326575510708,0.711415050315793,0.13706762257714816,,,0.9845032029679586,,1.166080192555197,0.8780571164825254,,,,,
102,left,LAD,1.0,origin,5,True,True,0.8429767067664038,1.0986693994846868,0.3286579846463335,0.5887721071882993,0.9894181524209756,0.9915476790591341,0.9895449253768455,1.582244495277828,1.1734260389842086,0.9152339203601859,0.9409615405985388,1.0,1.0,59.85795750808034
102,left,LCX,1.0,origin,5,False,True,0.4928326575510708,0.9906636576986417,0.13706762257714816,,,0.9845032029679586,,1.166080192555197,0.8780571164825254,,,,,
102,left,LAD,1.0,length,5,True,True,0.8429767067664038,1.9919659169659825,0.3286579846463335,1.3070656739300661,0.9814629735218224,0.9915476790591341,0.9813916423175822,1.582244495277828,1.1734260389842086,0.8128373595784382,0.9409615405985388,1.0,1.0,59.85795750808034
102,left,LCX,1.0,length,5,False,True,0.4928326575510708,1.4401798790543103,0.13706762257714816,,,0.9845032029679586,,1.166080192555197,0.8780571164825254,,,,,
102,right,RCA,0.5,share,2,True,True,1.9237487194137308,2.1946340825840327,1.621136997214375,2.194634082590171,0.9823129934095491,0.9811847182901748,0.9800883000543514,1.4948841459767783,1.3933352796080827,0.7779630525622323,0.7864931908470224,1.0,1.0,178.37704879259053
102,right,RCA,0.5,leaf3,2,True,True,1.9237487194137308,2.1946340825822426,1.621136997214375,2.194634082590171,0.9823129934095552,0.9811847182901748,0.9800884612190796,1.4948841459767783,1.3933352796080827,0.7779626816241718,0.7864931908470224,1.0,1.0,178.37704879259053
102,right,RCA,0.5,leaf266,2,True,True,1.9237487194137308,2.1946340825840327,1.621136997214375,2.194634082590171,0.9823129934095495,0.9811847182901748,0.9800902881960029,1.4948841459767783,1.3933352796080827,0.7779750697722804,0.7864931908470224,1.0,1.0,178.37704879259053
102,right,RCA,0.5,apport,2,True,True,1.9237487194137308,2.1946340825840327,1.621136997214375,2.194634082590171,0.9823129934095491,0.9811847182901748,0.9800883772592622,1.4948841459767783,1.3933352796080827,0.777962674850165,0.7864931908470224,1.0,1.0,178.37704879259053
102,right,RCA,0.5,origin,2,True,True,1.9237487194137308,2.1946340825840327,1.621136997214375,2.194634082590171,0.9823129934095494,0.9811847182901748,0.9800883000543513,1.4948841459767783,1.3933352796080827,0.7779630525620082,0.7864931908470224,1.0,1.0,178.37704879259053
102,right,RCA,0.5,length,2,True,True,1.9237487194137308,2.1946340825822426,1.621136997214375,2.194634082590171,0.9823129934095544,0.9811847182901748,0.9808101952476154,1.4948841459767783,1.3933352796080827,0.7868165911297909,0.7864931908470224,1.0,1.0,178.37704879259053
102,right,RCA,0.6,share,2,True,True,1.9237487194137308,2.1946340825840327,1.621136997214375,2.194634082590171,0.9823129934095498,0.9811847182901748,0.9800943855693787,1.4948841459767783,1.3933352796080827,0.778038488583882,0.7864931908470224,1.0,1.0,176.2012006563165
102,right,RCA,0.6,leaf3,2,True,True,1.9237487194137308,2.1946340825840327,1.621136997214375,2.194634082590171,0.9823129934095495,0.9811847182901748,0.9801431288121771,1.4948841459767783,1.3933352796080827,0.7784114176025401,0.7864931908470224,1.0,1.0,176.2012006563165
102,right,RCA,0.6,leaf266,2,True,True,1.9237487194137308,2.1946340825822426,1.621136997214375,2.1946340825888777,0.9823129934095671,0.9811847182901748,0.9801406051978546,1.4948841459767783,1.3933352796080827,0.7783847828691006,0.7864931908470224,1.0,1.0,176.2012006563165
102,right,RCA,0.6,apport,2,True,True,1.9237487194137308,2.1946340825840327,1.621136997214375,2.194634082590171,0.9823129934095494,0.9811847182901748,0.9800949881446928,1.4948841459767783,1.3933352796080827,0.7779292658331352,0.7864931908470224,1.0,1.0,176.2012006563165
102,right,RCA,0.6,origin,2,True,True,1.9237487194137308,2.1946340825840327,1.621136997214375,2.194634082590171,0.982312993409549,0.9811847182901748,0.9800943855693787,1.4948841459767783,1.3933352796080827,0.778038488583882,0.7864931908470224,1.0,1.0,176.2012006563165
102,right,RCA,0.6,length,2,True,True,1.9237487194137308,2.194634082587611,1.621136997214375,2.194634082594052,0.9823129934095215,0.9811847182901748,0.9810039982270753,1.4948841459767783,1.3933352796080827,0.7893987086040717,0.7864931908470224,1.0,1.0,176.2012006563165
102,right,RCA,0.75,share,2,True,True,1.9237487194137308,2.1946340825840327,1.621136997214375,2.194634082590171,0.9823129934095498,0.9811847182901748,0.979270294488897,1.4948841459767783,1.3933352796080827,0.7672803662881996,0.7864931908470224,1.0,1.0,153.1330179582684
102,right,RCA,0.75,leaf3,2,True,True,1.9237487194137308,2.1946340825840327,1.621136997214375,2.194634082590171,0.9823129934095495,0.9811847182901748,0.9792898975009579,1.4948841459767783,1.3933352796080827,0.7673534596189312,0.7864931908470224,1.0,1.0,153.1330179582684
102,right,RCA,0.75,leaf266,2,True,True,1.9237487194137308,2.1946340825840327,1.621136997214375,2.194634082590171,0.9823129934095498,0.9811847182901748,0.9792893729627841,1.4948841459767783,1.3933352796080827,0.7673483727959083,0.7864931908470224,1.0,1.0,153.1330179582684
102,right,RCA,0.75,apport,2,True,True,1.9237487194137308,2.1946340825840327,1.621136997214375,2.194634082590171,0.9823129934095468,0.9811847182901748,0.9792595834209377,1.4948841459767783,1.3933352796080827,0.7670814650811746,0.7864931908470224,1.0,1.0,153.1330179582684
102,right,RCA,0.75,origin,2,True,True,1.9237487194137308,2.1946340825840327,1.621136997214375,2.194634082590171,0.9823129934095486,0.9811847182901748,0.979270294488897,1.4948841459767783,1.3933352796080827,0.7672803662881996,0.7864931908470224,1.0,1.0,153.1330179582684
102,right,RCA,0.75,length,2,True,True,1.9237487194137308,2.194634082587611,1.621136997214375,2.194634082594052,0.9823129934095238,0.9811847182901748,0.9800670206880304,1.4948841459767783,1.3933352796080827,0.7765136222467279,0.7864931908470224,1.0,1.0,153.1330179582684
102,right,RCA,0.9,share,2,True,True,1.9237487194137308,2.1946340825840327,1.621136997214375,2.194634082590171,0.9823129934095498,0.9811847182901748,0.978771699467006,1.4948841459767783,1.3933352796080827,0.7615928196714785,0.7864931908470224,1.0,1.0,129.65844968824683
102,right,RCA,0.9,leaf3,2,True,True,1.9237487194137308,2.1946340825840327,1.621136997214375,2.194634082590171,0.9823129934095486,0.9811847182901748,0.9784791320808024,1.4948841459767783,1.3933352796080827,0.7583753424328357,0.7864931908470224,1.0,1.0,129.65844968824683
102,right,RCA,0.9,leaf266,2,True,True,1.9237487194137308,2.194634082585822,1.621136997214375,2.194634082592758,0.98231299340953,0.9811847182901748,0.9784809212605449,1.4948841459767783,1.3933352796080827,0.7583950062434958,0.7864931908470224,1.0,1.0,129.65844968824683
102,right,RCA,0.9,apport,2,True,True,1.9237487194137308,2.1946340825822426,1.621136997214375,2.194634082590171,0.9823129934095564,0.9811847182901748,0.9785954522837415,1.4948841459767783,1.3933352796080827,0.7596537240473409,0.7864931908470224,1.0,1.0,129.65844968824683
102,right,RCA,0.9,origin,2,True,True,1.9237487194137308,2.1946340825840327,1.621136997214375,2.194634082590171,0.9823129934095498,0.9811847182901748,0.978771699467006,1.4948841459767783,1.3933352796080827,0.7615928196714785,0.7864931908470224,1.0,1.0,129.65844968824683
102,right,RCA,0.9,length,2,True,True,1.9237487194137308,2.1946340825840327,1.621136997214375,2.194634082591465,0.9823129934095464,0.9811847182901748,0.979903026374619,1.4948841459767783,1.3933352796080827,0.7742272701378322,0.7864931908470224,1.0,1.0,129.65844968824683
102,right,RCA,1.0,share,1,True,True,1.9237487194137308,2.1946340825840327,1.621136997214375,2.194634082590171,0.9823129934095485,0.9811847182901748,0.9779687766874128,1.4948841459767783,1.3933352796080827,0.7526392956696649,0.7864931908470224,0.0,1.0,114.5798373730092
102,right,RCA,1.0,leaf3,1,True,True,1.9237487194137308,2.1946340825840327,1.621136997214375,2.194634082590171,0.9823129934095485,0.9811847182901748,0.9779687766874128,1.4948841459767783,1.3933352796080827,0.7526392956696649,0.7864931908470224,0.0,1.0,114.5798373730092
102,right,RCA,1.0,leaf266,1,True,True,1.9237487194137308,2.1946340825840327,1.621136997214375,2.194634082590171,0.9823129934095485,0.9811847182901748,0.9779687766874128,1.4948841459767783,1.3933352796080827,0.7526392956696649,0.7864931908470224,0.0,1.0,114.5798373730092
102,right,RCA,1.0,apport,1,True,True,1.9237487194137308,2.1946340825840327,1.621136997214375,2.194634082590171,0.9823129934095504,0.9811847182901748,0.977968776687415,1.4948841459767783,1.3933352796080827,0.752639295669935,0.7864931908470224,0.0,1.0,114.5798373730092
102,right,RCA,1.0,origin,1,True,True,1.9237487194137308,2.1946340825840327,1.621136997214375,2.194634082590171,0.9823129934095485,0.9811847182901748,0.9779687766874128,1.4948841459767783,1.3933352796080827,0.7526392956696649,0.7864931908470224,0.0,1.0,114.5798373730092
102,right,RCA,1.0,length,1,True,True,1.9237487194137308,2.1946340825840327,1.621136997214375,2.194634082590171,0.9823129934095485,0.9811847182901748,0.9779687766874128,1.4948841459767783,1.3933352796080827,0.7526392956696649,0.7864931908470224,0.0,1.0,114.5798373730092
103,right,RCA,0.5,share,2,True,True,1.2928467369231944,1.518445260115082,1.0417162964608029,1.518445260122023,0.9800926914725716,0.9839984652915902,0.9830287784117485,1.322641526471616,1.2337821131157205,0.8104459685622173,0.8180135044195641,1.0,1.0,127.02535226874117
103,right,RCA,0.5,leaf3,2,True,True,1.2928467369231944,1.5184452601162277,1.0417162964608029,1.518445260123556,0.9800926914725542,0.9839984652915902,0.9830717006209583,1.322641526471616,1.2337821131157205,0.8111517971924685,0.8180135044195641,1.0,1.0,127.02535226874117
103,right,RCA,0.5,leaf266,2,True,True,1.2928467369231944,1.518445260115082,1.0417162964608029,1.5184452601227896,0.980092691472564,0.9839984652915902,0.983071920540059,1.322641526471616,1.2337821131157205,0.8111550266642987,0.8180135044195641,1.0,1.0,127.02535226874117
103,right,RCA,0.5,apport,2,True,True,1.2928467369231944,1.518445260115082,1.0417162964608029,1.5184452601227896,0.980092691472565,0.9839984652915902,0.9830400677451493,1.322641526471616,1.2337821131157205,0.8106739406817253,0.8180135044195641,1.0,1.0,127.02535226874117
103,right,RCA,0.5,origin,2,True,True,1.2928467369231944,1.518445260115082,1.0417162964608029,1.518445260122023,0.9800926914725716,0.9839984652915902,0.9830287784117485,1.322641526471616,1.2337821131157205,0.8104459685622173,0.8180135044195641,1.0,1.0,127.02535226874117
103,right,RCA,0.5,length,2,True,True,1.2928467369231944,1.518445260113936,1.0417162964608029,1.518445260122023,0.9800926914725756,0.9839984652915902,0.983152274325636,1.322641526471616,1.2337821131157205,0.8123074923159546,0.8180135044195641,1.0,1.0,127.02535226874117
103,right,RCA,0.6,share,2,True,True,1.2928467369231944,1.518445260115082,1.0417162964608029,1.5184452601227896,0.9800926914725645,0.9839984652915902,0.9824240894939943,1.322641526471616,1.2337821131157205,0.802242096677344,0.8180135044195641,1.0,1.0,111.71239205453874
103,right,RCA,0.6,leaf3,2,True,True,1.2928467369231944,1.518445260113936,1.0417162964608029,1.5184452601204905,0.9800926914725873,0.9839984652915902,0.9825174406509292,1.322641526471616,1.2337821131157205,0.803681150009625,0.8180135044195641,1.0,1.0,111.71239205453874
103,right,RCA,0.6,leaf266,2,True,True,1.2928467369231944,1.518445260115082,1.0417162964608029,1.5184452601227896,0.980092691472564,0.9839984652915902,0.9825176657951533,1.322641526471616,1.2337821131157205,0.8036843873775658,0.8180135044195641,1.0,1.0,111.71239205453874
103,right,RCA,0.6,apport,2,True,True,1.2928467369231944,1.518445260115082,1.0417162964608029,1.5184452601227896,0.980092691472564,0.9839984652915902,0.9824588057803099,1.322641526471616,1.2337821131157205,0.8028208713571445,0.8180135044195641,1.0,1.0,111.71239205453874
103,right,RCA,0.6,origin,2,True,True,1.2928467369231944,1.518445260115082,1.0417162964608029,1.5184452601227896,0.9800926914725645,0.9839984652915902,0.9824240894939943,1.322641526471616,1.2337821131157205,0.802242096677344,0.8180135044195641,1.0,1.0,111.71239205453874
103,right,RCA,0.6,length,2,True,True,1.2928467369231944,1.518445260115082,1.0417162964608029,1.5184452601227896,0.9800926914725644,0.9839984652915902,0.9826486055635923,1.322641526471616,1.2337821131157205,0.8055335653179457,0.8180135044195641,1.0,1.0,111.71239205453874
103,right,RCA,0.75,share,2,True,True,1.2928467369231944,1.518445260115082,1.0417162964608029,1.518445260122023,0.9800926914725715,0.9839984652915902,0.9809799013694501,1.322641526471616,1.2337821131157205,0.7828859754814218,0.8180135044195641,1.0,1.0,88.96256092487384
103,right,RCA,0.75,leaf3,2,True,True,1.2928467369231944,1.518445260115082,1.0417162964608029,1.5184452601227896,0.9800926914725645,0.9839984652915902,0.9807839074370314,1.322641526471616,1.2337821131157205,0.7805697653968888,0.8180135044195641,1.0,1.0,88.96256092487384
103,right,RCA,0.75,leaf266,2,True,True,1.2928467369231944,1.518445260115082,1.0417162964608029,1.518445260122023,0.980092691472571,0.9839984652915902,0.9807837478779444,1.322641526471616,1.2337821131157205,0.7805678718808619,0.8180135044195641,1.0,1.0,88.96256092487384
103,right,RCA,0.75,apport,2,True,True,1.2928467369231944,1.518445260115082,1.0417162964608029,1.5184452601227896,0.9800926914725652,0.9839984652915902,0.980860371557763,1.322641526471616,1.2337821131157205,0.7814753491557545,0.8180135044195641,1.0,1.0,88.96256092487384
103,right,RCA,0.75,origin,2,True,True,1.2928467369231944,1.5184452601162277,1.0417162964608029,1.518445260123556,0.9800926914725528,0.9839984652915902,0.9809799013694501,1.322641526471616,1.2337821131157205,0.7828859754814218,0.8180135044195641,1.0,1.0,88.96256092487384
103,right,RCA,0.75,length,2,True,True,1.2928467369231944,1.518445260115082,1.0417162964608029,1.5184452601227896,0.9800926914725642,0.9839984652915902,0.980692115032244,1.322641526471616,1.2337821131157205,0.7794767440659631,0.8180135044195641,1.0,1.0,88.96256092487384
103,right,RCA,0.9,share,1,True,True,1.2928467369231944,1.518445260115082,1.0417162964608029,1.5184452601227896,0.9800926914725642,0.9839984652915902,0.9805386596416281,1.322641526471616,1.2337821131157205,0.7776641691847369,0.8180135044195641,0.0,1.0,66.4045603687124
103,right,RCA,0.9,leaf3,1,True,True,1.2928467369231944,1.518445260115082,1.0417162964608029,1.5184452601227896,0.980092691472564,0.9839984652915902,0.9805386596416276,1.322641526471616,1.2337821131157205,0.7776641691849763,0.8180135044195641,0.0,1.0,66.4045603687124
103,right,RCA,0.9,leaf266,1,True,True,1.2928467369231944,1.518445260115082,1.0417162964608029,1.5184452601227896,0.980092691472564,0.9839984652915902,0.9805386596416276,1.322641526471616,1.2337821131157205,0.7776641691849763,0.8180135044195641,0.0,1.0,66.4045603687124
103,right,RCA,0.9,apport,1,True,True,1.2928467369231944,1.518445260115082,1.0417162964608029,1.5184452601227896,0.9800926914725642,0.9839984652915902,0.9805386596416281,1.322641526471616,1.2337821131157205,0.7776641691847369,0.8180135044195641,0.0,1.0,66.4045603687124
103,right,RCA,0.9,origin,1,True,True,1.2928467369231944,1.518445260115082,1.0417162964608029,1.5184452601227896,0.9800926914725642,0.9839984652915902,0.9805386596416281,1.322641526471616,1.2337821131157205,0.7776641691847369,0.8180135044195641,0.0,1.0,66.4045603687124
103,right,RCA,0.9,length,1,True,True,1.2928467369231944,1.518445260115082,1.0417162964608029,1.5184452601227896,0.980092691472564,0.9839984652915902,0.9805386596416276,1.322641526471616,1.2337821131157205,0.7776641691849763,0.8180135044195641,0.0,1.0,66.4045603687124
103,right,RCA,1.0,share,1,True,True,1.2928467369231944,1.518445260115082,1.0417162964608029,1.5184452601227896,0.9800926914725642,0.9839984652915902,0.9805386596416281,1.322641526471616,1.2337821131157205,0.7776641691847369,0.8180135044195641,0.0,1.0,66.4045603687124
103,right,RCA,1.0,leaf3,1,True,True,1.2928467369231944,1.518445260115082,1.0417162964608029,1.5184452601227896,0.980092691472564,0.9839984652915902,0.9805386596416276,1.322641526471616,1.2337821131157205,0.7776641691849763,0.8180135044195641,0.0,1.0,66.4045603687124
103,right,RCA,1.0,leaf266,1,True,True,1.2928467369231944,1.518445260115082,1.0417162964608029,1.5184452601227896,0.980092691472564,0.9839984652915902,0.9805386596416276,1.322641526471616,1.2337821131157205,0.7776641691849763,0.8180135044195641,0.0,1.0,66.4045603687124
103,right,RCA,1.0,apport,1,True,True,1.2928467369231944,1.518445260115082,1.0417162964608029,1.5184452601227896,0.9800926914725642,0.9839984652915902,0.9805386596416281,1.322641526471616,1.2337821131157205,0.7776641691847369,0.8180135044195641,0.0,1.0,66.4045603687124
103,right,RCA,1.0,origin,1,True,True,1.2928467369231944,1.518445260115082,1.0417162964608029,1.5184452601227896,0.9800926914725642,0.9839984652915902,0.9805386596416281,1.322641526471616,1.2337821131157205,0.7776641691847369,0.8180135044195641,0.0,1.0,66.4045603687124
103,right,RCA,1.0,length,1,True,True,1.2928467369231944,1.518445260115082,1.0417162964608029,1.5184452601227896,0.980092691472564,0.9839984652915902,0.9805386596416276,1.322641526471616,1.2337821131157205,0.7776641691849763,0.8180135044195641,0.0,1.0,66.4045603687124
109,right,RCA,0.5,share,2,True,True,0.580547748933109,0.6575076177069993,0.49422285033222163,0.657507617707199,0.9749175395464083,0.9777710192990426,0.9762301518368907,1.0082297308494494,0.9510864189274627,0.8329078322628604,0.8421358993500234,1.0,1.0,171.946093188455
109,right,RCA,0.5,leaf3,2,True,True,0.580547748933109,0.6575076177069993,0.49422285033222163,0.657507617707199,0.9749175395464089,0.9777710192990426,0.9762785448999605,1.0082297308494494,0.9510864189274627,0.8333092685520224,0.8421358993500234,1.0,1.0,171.946093188455
109,right,RCA,0.5,leaf266,2,True,True,0.580547748933109,0.6575076177074057,0.49422285033222163,0.6575076177074701,0.9749175395464015,0.9777710192990426,0.976275449954128,1.0082297308494494,0.9510864189274627,0.8332835946965741,0.8421358993500234,1.0,1.0,171.946093188455
109,right,RCA,0.5,apport,2,True,True,0.580547748933109,0.6575076177069993,0.49422285033222163,0.657507617707199,0.9749175395464076,0.9777710192990426,0.9762336826661325,1.0082297308494494,0.9510864189274627,0.8329371213360185,0.8421358993500234,1.0,1.0,171.946093188455
109,right,RCA,0.5,origin,2,True,True,0.580547748933109,0.6575076177069993,0.49422285033222163,0.657507617707199,0.9749175395464083,0.9777710192990426,0.9762301518368907,1.0082297308494494,0.9510864189274627,0.8329078322628604,0.8421358993500234,1.0,1.0,171.946093188455
109,right,RCA,0.5,length,2,True,True,0.580547748933109,0.6575076177069993,0.49422285033222163,0.6575076177069277,0.9749175395464156,0.9777710192990426,0.9762251959713383,1.0082297308494494,0.9510864189274627,0.8328667222599094,0.8421358993500234,1.0,1.0,171.946093188455
109,right,RCA,0.6,share,1,True,True,0.580547748933109,0.6575076177069993,0.49422285033222163,0.657507617707199,0.9749175395464071,0.9777710192990426,0.9764443023740078,1.0082297308494494,0.9510864189274627,0.8346843392935943,0.8421358993500234,0.0,1.0,144.60072918877313
109,right,RCA,0.6,leaf3,1,True,True,0.580547748933109,0.6575076177069993,0.49422285033222163,0.657507617707199,0.9749175395464088,0.9777710192990426,0.9764443023740078,1.0082297308494494,0.9510864189274627,0.8346843392935943,0.8421358993500234,0.0,1.0,144.60072918877313
109,right,RCA,0.6,leaf266,1,True,True,0.580547748933109,0.6575076177069993,0.49422285033222163,0.657507617707199,0.9749175395464071,0.9777710192990426,0.9764443023740078,1.0082297308494494,0.9510864189274627,0.8346843392935943,0.8421358993500234,0.0,1.0,144.60072918877313
109,right,RCA,0.6,apport,1,True,True,0.580547748933109,0.6575076177069993,0.49422285033222163,0.657507617707199,0.9749175395464071,0.9777710192990426,0.9764443023740078,1.0082297308494494,0.9510864189274627,0.8346843392935943,0.8421358993500234,0.0,1.0,144.60072918877313
109,right,RCA,0.6,origin,1,True,True,0.580547748933109,0.6575076177069993,0.49422285033222163,0.657507617707199,0.9749175395464088,0.9777710192990426,0.9764443023740078,1.0082297308494494,0.9510864189274627,0.8346843392935943,0.8421358993500234,0.0,1.0,144.60072918877313
109,right,RCA,0.6,length,1,True,True,0.580547748933109,0.6575076177069993,0.49422285033222163,0.657507617707199,0.9749175395464071,0.9777710192990426,0.9764443023740078,1.0082297308494494,0.9510864189274627,0.8346843392935943,0.8421358993500234,0.0,1.0,144.60072918877313
109,right,RCA,0.75,share,1,True,True,0.580547748933109,0.6575076177069993,0.49422285033222163,0.657507617707199,0.9749175395464118,0.9777710192990426,0.975927662177098,1.0082297308494494,0.9510864189274627,0.8303988378090346,0.8421358993500234,0.0,1.0,103.08399705720193
109,right,RCA,0.75,leaf3,1,True,True,0.580547748933109,0.6575076177069993,0.49422285033222163,0.657507617707199,0.9749175395464077,0.9777710192990426,0.975927662177098,1.0082297308494494,0.9510864189274627,0.8303988378090346,0.8421358993500234,0.0,1.0,103.08399705720193
109,right,RCA,0.75,leaf266,1,True,True,0.580547748933109,0.6575076177069993,0.49422285033222163,0.657507617707199,0.9749175395464077,0.9777710192990426,0.975927662177098,1.0082297308494494,0.9510864189274627,0.8303988378090346,0.8421358993500234,0.0,1.0,103.08399705720193
109,right,RCA,0.75,apport,1,True,True,0.580547748933109,0.6575076177069993,0.49422285033222163,0.657507617707199,0.9749175395464118,0.9777710192990426,0.975927662177098,1.0082297308494494,0.9510864189274627,0.8303988378090346,0.8421358993500234,0.0,1.0,103.08399705720193
109,right,RCA,0.75,origin,1,True,True,0.580547748933109,0.6575076177069993,0.49422285033222163,0.657507617707199,0.9749175395464077,0.9777710192990426,0.975927662177098,1.0082297308494494,0.9510864189274627,0.8303988378090346,0.8421358993500234,0.0,1.0,103.08399705720193
109,right,RCA,0.75,length,1,True,True,0.580547748933109,0.6575076177069993,0.49422285033222163,0.657507617707199,0.9749175395464118,0.9777710192990426,0.975927662177098,1.0082297308494494,0.9510864189274627,0.8303988378090346,0.8421358993500234,0.0,1.0,103.08399705720193
109,right,RCA,0.9,share,1,True,True,0.580547748933109,0.6575076177069993,0.49422285033222163,0.6575076177069277,0.9749175395464156,0.9777710192990426,0.9734903073645613,1.0082297308494494,0.9510864189274627,0.8112816624899893,0.8421358993500234,0.0,1.0,41.97358247596656
109,right,RCA,0.9,leaf3,1,True,True,0.580547748933109,0.6575076177069993,0.49422285033222163,0.6575076177069277,0.9749175395464156,0.9777710192990426,0.9734903073645613,1.0082297308494494,0.9510864189274627,0.8112816624899893,0.8421358993500234,0.0,1.0,41.97358247596656
109,right,RCA,0.9,leaf266,1,True,True,0.580547748933109,0.6575076177069993,0.49422285033222163,0.6575076177074701,0.9749175395464037,0.9777710192990426,0.9734903073645613,1.0082297308494494,0.9510864189274627,0.8112816624899893,0.8421358993500234,0.0,1.0,41.97358247596656
109,right,RCA,0.9,apport,1,True,True,0.580547748933109,0.6575076177069993,0.49422285033222163,0.6575076177069277,0.9749175395464156,0.9777710192990426,0.9734903073645613,1.0082297308494494,0.9510864189274627,0.8112816624899893,0.8421358993500234,0.0,1.0,41.97358247596656
109,right,RCA,0.9,origin,1,True,True,0.580547748933109,0.6575076177069993,0.49422285033222163,0.6575076177069277,0.9749175395464156,0.9777710192990426,0.9734903073645613,1.0082297308494494,0.9510864189274627,0.8112816624899893,0.8421358993500234,0.0,1.0,41.97358247596656
109,right,RCA,0.9,length,1,True,True,0.580547748933109,0.6575076177069993,0.49422285033222163,0.6575076177069277,0.9749175395464155,0.9777710192990426,0.973490307364561,1.0082297308494494,0.9510864189274627,0.8112816624899893,0.8421358993500234,0.0,1.0,41.97358247596656
109,right,RCA,1.0,share,1,False,True,0.580547748933109,0.6575076177074057,0.49422285033222163,,,0.9777710192990426,,1.0082297308494494,0.9510864189274627,,,,,
109,right,RCA,1.0,leaf3,1,False,True,0.580547748933109,0.6575076177074057,0.49422285033222163,,,0.9777710192990426,,1.0082297308494494,0.9510864189274627,,,,,
109,right,RCA,1.0,leaf266,1,False,True,0.580547748933109,0.6575076177074057,0.49422285033222163,,,0.9777710192990426,,1.0082297308494494,0.9510864189274627,,,,,
109,right,RCA,1.0,apport,1,False,True,0.580547748933109,0.6575076177074057,0.49422285033222163,,,0.9777710192990426,,1.0082297308494494,0.9510864189274627,,,,,
109,right,RCA,1.0,origin,1,False,True,0.580547748933109,0.6575076177074057,0.49422285033222163,,,0.9777710192990426,,1.0082297308494494,0.9510864189274627,,,,,
109,right,RCA,1.0,length,1,False,True,0.580547748933109,0.6575076177069993,0.49422285033222163,,,0.9777710192990426,,1.0082297308494494,0.9510864189274627,,,,,
112,left,LAD,0.5,share,6,True,True,0.29579898030779006,0.4280575180086021,0.1488316775751804,0.2184979717326172,0.9803544240263881,0.9824106940713682,0.9760637009464134,1.0689202639120972,0.7875976083648205,0.8983916144381066,0.9336590225504487,2.0,2.0,80.21400347898634
112,left,LCX,0.5,share,6,True,True,0.27824027650335714,0.25739351303122765,0.1578710372316421,0.13962931595037872,0.9857889944520553,0.985832074637495,0.9866692756054106,1.019003849452997,0.9278211258160305,0.9378659390479134,0.931628037533484,2.0,2.0,46.517051538540755
112,left,LAD,0.5,leaf3,6,True,True,0.29579898030779006,0.35575033242503684,0.1488316775751804,0.26993032910364356,0.980738350204922,0.9824106940713682,0.9747604178740036,1.0689202639120972,0.7875976083648205,0.9135540305974659,0.9336590225504487,2.0,2.0,80.21400347898634
112,left,LCX,0.5,leaf3,6,True,True,0.27824027650335714,0.3297006986171441,0.1578710372316421,0.21157748908706675,0.9831439709559249,0.985832074637495,0.9839169859366086,1.019003849452997,0.9278211258160305,0.9168441342855579,0.931628037533484,2.0,2.0,46.517051538540755
112,left,LAD,0.5,leaf266,6,True,True,0.29579898030779006,0.3528660511350088,0.1488316775751804,0.26371104192834766,0.9809511948496444,0.9824106940713682,0.9751740276540317,1.0689202639120972,0.7875976083648205,0.9145987388609303,0.9336590225504487,2.0,2.0,80.21400347898634
112,left,LCX,0.5,leaf266,6,True,True,0.27824027650335714,0.332584979906311,0.1578710372316421,0.2144310645246175,0.9830384751557187,0.985832074637495,0.9838078819506874,1.019003849452997,0.9278211258160305,0.9159799989824204,0.931628037533484,2.0,2.0,46.517051538540755
112,left,LAD,0.5,apport,6,True,True,0.29579898030779006,0.3980708254100961,0.1488316775751804,0.2786846612650223,0.979585636454322,0.9824106940713682,0.9734082467266987,1.0689202639120972,0.7875976083648205,0.9028091882445044,0.9336590225504487,2.0,2.0,80.21400347898634
112,left,LCX,0.5,apport,6,True,True,0.27824027650335714,0.2873802056379257,0.1578710372316421,0.16952449517276538,0.9846920272129728,0.985832074637495,0.9855260065227257,1.019003849452997,0.9278211258160305,0.9293065749011148,0.931628037533484,2.0,2.0,46.517051538540755
112,left,LAD,0.5,origin,6,True,True,0.29579898030779006,0.343797443235018,0.1488316775751804,0.2256963746523158,0.9820612896974495,0.9824106940713682,0.9775536524797309,1.0689202639120972,0.7875976083648205,0.9191121990553222,0.9336590225504487,2.0,2.0,80.21400347898634
112,left,LCX,0.5,origin,6,True,True,0.27824027650335714,0.3416535878028699,0.1578710372316421,0.17448410029855085,0.9827434207821708,0.985832074637495,0.9835687543906475,1.019003849452997,0.9278211258160305,0.9138114067396683,0.931628037533484,2.0,2.0,46.517051538540755
112,left,LAD,0.5,length,6,True,True,0.29579898030779006,0.3349983185483347,0.1488316775751804,0.20418085705258862,0.9827713335141464,0.9824106940713682,0.9788210831278646,1.0689202639120972,0.7875976083648205,0.9219849721917651,0.9336590225504487,2.0,2.0,80.21400347898634
112,left,LCX,0.5,length,6,True,True,0.27824027650335714,0.35045271249693394,0.1578710372316421,0.08992135065345867,0.9824914403203204,0.985832074637495,0.9834950588352643,1.019003849452997,0.9278211258160305,0.9127681663567226,0.931628037533484,2.0,2.0,46.517051538540755
112,left,LAD,0.6,share,6,True,True,0.29579898030779006,0.42970395012856166,0.1488316775751804,0.21731839929601546,0.9803458840736692,0.9824106940713682,0.9760372465012782,1.0689202639120972,0.7875976083648205,0.8976669205472819,0.9336590225504487,2.0,2.0,80.21400347898634
112,left,LCX,0.6,share,6,True,True,0.27824027650335714,0.25574708090843046,0.1578710372316421,0.13853561660416586,0.9858488136750811,0.985832074637495,0.9867283135918533,1.019003849452997,0.9278211258160305,0.9383460016673093,0.931628037533484,2.0,2.0,44.94378498173165
112,left,LAD,0.6,leaf3,6,True,True,0.29579898030779006,0.3628738149043937,0.1488316775751804,0.2574618557981228,0.9808772942422643,0.9824106940713682,0.9753061517711369,1.0689202639120972,0.7875976083648205,0.9124505076196012,0.9336590225504487,2.0,2.0,80.21400347898634
112,left,LCX,0.6,leaf3,6,True,True,0.27824027650335714,0.32257721613847967,0.1578710372316421,0.2198514180486815,0.9833930444922329,0.985832074637495,0.9841610541194106,1.019003849452997,0.9278211258160305,0.9188319028823081,0.931628037533484,2.0,2.0,44.94378498173165
112,left,LAD,0.6,leaf266,6,True,True,0.29579898030779006,0.36026000349836734,0.1488316775751804,0.2536487258782828,0.9810266428653003,0.9824106940713682,0.975576220353388,1.0689202639120972,0.7875976083648205,0.9132990105268699,0.9336590225504487,2.0,2.0,80.21400347898634
112,left,LCX,0.6,leaf266,6,True,True,0.27824027650335714,0.32519102754227436,0.1578710372316421,0.22123861910327555,0.9832983393113122,0.985832074637495,0.9840640664811775,1.019003849452997,0.9278211258160305,0.9180631612157358,0.931628037533484,2.0,2.0,44.94378498173165
112,left,LAD,0.6,apport,6,True,True,0.29579898030779006,0.3988953850345483,0.1488316775751804,0.27029812319360347,0.9797675430647619,0.9824106940713682,0.9738481742613527,1.0689202639120972,0.7875976083648205,0.902938897354315,0.9336590225504487,2.0,2.0,80.21400347898634
112,left,LCX,0.6,apport,6,True,True,0.27824027650335714,0.2865556460097322,0.1578710372316421,0.1694095550769506,0.9847216614737107,0.985832074637495,0.9855575045911442,1.019003849452997,0.9278211258160305,0.9295593856564754,0.931628037533484,2.0,2.0,44.94378498173165
112,left,LAD,0.6,origin,6,True,True,0.29579898030779006,0.34433581280444103,0.1488316775751804,0.22535721983791923,0.9820573853379372,0.9824106940713682,0.9775243991993539,1.0689202639120972,0.7875976083648205,0.9188166059367783,0.9336590225504487,2.0,2.0,80.21400347898634
112,left,LCX,0.6,origin,6,True,True,0.27824027650335714,0.34111521823554597,0.1578710372316421,0.17382193844794483,0.9827632092611457,0.985832074637495,0.9835955172747557,1.019003849452997,0.9278211258160305,0.9140407406344876,0.931628037533484,2.0,2.0,44.94378498173165
112,left,LAD,0.6,length,6,True,True,0.29579898030779006,0.334879114624305,0.1488316775751804,0.20311411352951717,0.9827994680406676,0.9824106940713682,0.9788643427385816,1.0689202639120972,0.7875976083648205,0.9219413968864555,0.9336590225504487,2.0,2.0,80.21400347898634
112,left,LCX,0.6,length,6,True,True,0.27824027650335714,0.35057191641809604,0.1578710372316421,0.08939280645865856,0.9824875645131446,0.985832074637495,0.9835188875995835,1.019003849452997,0.9278211258160305,0.9129500856172013,0.931628037533484,2.0,2.0,44.94378498173165
112,left,LAD,0.75,share,4,True,True,0.29579898030779006,0.4300507818941929,0.1488316775751804,0.21611831987591248,0.9803668116128625,0.9824106940713682,0.9758704908837438,1.0689202639120972,0.7875976083648205,0.8964898490612597,0.9336590225504487,2.0,2.0,43.14316967989934
112,left,LCX,0.75,share,4,True,True,0.27824027650335714,0.2554002491548331,0.1578710372316421,0.1372824001945115,0.9858621810749563,0.985832074637495,0.9866856843049315,1.019003849452997,0.9278211258160305,0.9381885452786504,0.931628037533484,1.0,2.0,27.30453811925011
112,left,LAD,0.75,leaf3,4,True,True,0.29579898030779006,0.3256345832458039,0.1488316775751804,0.16423134016060342,0.9839342181404065,0.9824106940713682,0.9809705137866839,1.0689202639120972,0.7875976083648205,0.92559231263425,0.9336590225504487,2.0,2.0,43.14316967989934
112,left,LCX,0.75,leaf3,4,True,True,0.27824027650335714,0.359816447798685,0.1578710372316421,0.20141698518263124,0.9820723804292679,0.985832074637495,0.9827845227974364,1.019003849452997,0.9278211258160305,0.9077525272759178,0.931628037533484,1.0,2.0,27.30453811925011
112,left,LAD,0.75,leaf266,4,True,True,0.29579898030779006,0.32774864547799465,0.1488316775751804,0.165016534536038,0.9838683275443749,0.9824106940713682,0.9808822997266643,1.0689202639120972,0.7875976083648205,0.9250359477131008,0.9336590225504487,2.0,2.0,43.14316967989934
112,left,LCX,0.75,leaf266,4,True,True,0.27824027650335714,0.35770238555893846,0.1578710372316421,0.19793147997234187,0.9821507486694709,0.985832074637495,0.9828668379494532,1.019003849452997,0.9278211258160305,0.9084093776302353,0.931628037533484,1.0,2.0,27.30453811925011
112,left,LAD,0.75,apport,4,True,True,0.29579898030779006,0.386404377792737,0.1488316775751804,0.19658171129650442,0.9818065983298045,0.9824106940713682,0.9779014166029932,1.0689202639120972,0.7875976083648205,0.9087697984517582,0.9336590225504487,2.0,2.0,43.14316967989934
112,left,LCX,0.75,apport,4,True,True,0.27824027650335714,0.2990466532503486,0.1578710372316421,0.1611618472391825,0.9842802225469974,0.985832074637495,0.9850573634466977,1.019003849452997,0.9278211258160305,0.9257907290024746,0.931628037533484,1.0,2.0,27.30453811925011
112,left,LAD,0.75,origin,4,True,True,0.29579898030779006,0.2746282825036298,0.1488316775751804,0.14147364331233153,0.9856150394446894,0.9824106940713682,0.9832945948983154,1.0689202639120972,0.7875976083648205,0.9388954419227146,0.9336590225504487,2.0,2.0,43.14316967989934
112,left,LCX,0.75,origin,4,True,True,0.27824027650335714,0.4108227485299887,0.1578710372316421,0.22125264544173062,0.9802297080903825,0.985832074637495,0.9809046436901333,1.019003849452997,0.9278211258160305,0.8922618161649439,0.931628037533484,1.0,2.0,27.30453811925011
112,left,LAD,0.75,length,4,True,True,0.29579898030779006,0.23713859637420867,0.1488316775751804,0.0828287568231522,0.9878515537985104,0.9824106940713682,0.9870729838311639,1.0689202639120972,0.7875976083648205,0.9502493227964957,0.9336590225504487,2.0,2.0,43.14316967989934
112,left,LCX,0.75,length,4,True,True,0.27824027650335714,0.4483124346714894,0.1578710372316421,0.13485192780842192,0.9789509753077593,0.985832074637495,0.9797695591375272,1.019003849452997,0.9278211258160305,0.88217474720132,0.931628037533484,1.0,2.0,27.30453811925011
112,left,LAD,0.9,share,2,False,True,0.29579898030779006,0.431098003574106,0.1488316775751804,,,0.9824106940713682,,1.0689202639120972,0.7875976083648205,,,,,
112,left,LCX,0.9,share,2,True,True,0.27824027650335714,0.2543530274748872,0.1578710372316421,0.2543530274750779,0.9858120231629677,0.985832074637495,0.9866119402364888,1.019003849452997,0.9278211258160305,0.9380953167851753,0.931628037533484,0.0,2.0,21.812200767002498
112,left,LAD,0.9,leaf3,2,False,True,0.29579898030779006,0.3573469698220017,0.1488316775751804,,,0.9824106940713682,,1.0689202639120972,0.7875976083648205,,,,,
112,left,LCX,0.9,leaf3,2,True,True,0.27824027650335714,0.32810406122386176,0.1578710372316421,0.32810406122529606,0.9831139089014107,0.985832074637495,0.9838162804873148,1.019003849452997,0.9278211258160305,0.9166403139706236,0.931628037533484,0.0,2.0,21.812200767002498
112,left,LAD,0.9,leaf266,2,False,True,0.29579898030779006,0.35580299844476165,0.1488316775751804,,,0.9824106940713682,,1.0689202639120972,0.7875976083648205,,,,,
112,left,LCX,0.9,leaf266,2,True,True,0.27824027650335714,0.32964803260396,0.1578710372316421,0.32964803260757386,0.9830574241174225,0.985832074637495,0.9837577612065568,1.019003849452997,0.9278211258160305,0.9161771971184381,0.931628037533484,0.0,2.0,21.812200767002498
112,left,LAD,0.9,apport,2,False,True,0.29579898030779006,0.431098003574106,0.1488316775751804,,,0.9824106940713682,,1.0689202639120972,0.7875976083648205,,,,,
112,left,LCX,0.9,apport,2,True,True,0.27824027650335714,0.2543530274748872,0.1578710372316421,0.2543530274750779,0.9858120231629677,0.985832074637495,0.9866119402364888,1.019003849452997,0.9278211258160305,0.9380953167851753,0.931628037533484,0.0,2.0,21.812200767002498
112,left,LAD,0.9,origin,2,False,True,0.29579898030779006,0.47870499096937497,0.1488316775751804,,,0.9824106940713682,,1.0689202639120972,0.7875976083648205,,,,,
112,left,LCX,0.9,origin,2,True,True,0.27824027650335714,0.20674604007415742,0.1578710372316421,0.20674604007334293,0.9875536813490893,0.985832074637495,0.9884169434840827,1.019003849452997,0.9278211258160305,0.9511026192089839,0.931628037533484,0.0,2.0,21.812200767002498
112,left,LAD,0.9,length,2,False,True,0.29579898030779006,0.5714278942614069,0.1488316775751804,,,0.9824106940713682,,1.0689202639120972,0.7875976083648205,,,,,
112,left,LCX,0.9,length,2,True,True,0.27824027650335714,0.1140231367814979,0.1578710372316421,0.11402313678666588,0.9909458641433663,0.985832074637495,0.9919333557664808,1.019003849452997,0.9278211258160305,0.9739410253576575,0.931628037533484,0.0,2.0,21.812200767002498
112,left,LAD,1.0,share,2,False,True,0.29579898030779006,0.4315352215798515,0.1488316775751804,,,0.9824106940713682,,1.0689202639120972,0.7875976083648205,,,,,
112,left,LCX,1.0,share,2,False,True,0.27824027650335714,0.2539158094602923,0.1578710372316421,,,0.985832074637495,,1.019003849452997,0.9278211258160305,,,,,
112,left,LAD,1.0,leaf3,2,False,True,0.29579898030779006,0.3428472424756112,0.1488316775751804,,,0.9824106940713682,,1.0689202639120972,0.7875976083648205,,,,,
112,left,LCX,1.0,leaf3,2,False,True,0.27824027650335714,0.34260378856882945,0.1578710372316421,,,0.985832074637495,,1.019003849452997,0.9278211258160305,,,,,
112,left,LAD,1.0,leaf266,2,False,True,0.29579898030779006,0.34298085650549925,0.1488316775751804,,,0.9824106940713682,,1.0689202639120972,0.7875976083648205,,,,,
112,left,LCX,1.0,leaf266,2,False,True,0.27824027650335714,0.34247017453608947,0.1578710372316421,,,0.985832074637495,,1.019003849452997,0.9278211258160305,,,,,
112,left,LAD,1.0,apport,2,False,True,0.29579898030779006,0.4315352215798515,0.1488316775751804,,,0.9824106940713682,,1.0689202639120972,0.7875976083648205,,,,,
112,left,LCX,1.0,apport,2,False,True,0.27824027650335714,0.2539158094602923,0.1578710372316421,,,0.985832074637495,,1.019003849452997,0.9278211258160305,,,,,
112,left,LAD,1.0,origin,2,False,True,0.29579898030779006,0.4315352215798515,0.1488316775751804,,,0.9824106940713682,,1.0689202639120972,0.7875976083648205,,,,,
112,left,LCX,1.0,origin,2,False,True,0.27824027650335714,0.2539158094602923,0.1578710372316421,,,0.985832074637495,,1.019003849452997,0.9278211258160305,,,,,
112,left,LAD,1.0,length,2,False,True,0.29579898030779006,0.35318632929926025,0.1488316775751804,,,0.9824106940713682,,1.0689202639120972,0.7875976083648205,,,,,
112,left,LCX,1.0,length,2,False,True,0.27824027650335714,0.33226470174397243,0.1578710372316421,,,0.985832074637495,,1.019003849452997,0.9278211258160305,,,,,
112,right,RCA,0.5,share,2,True,True,1.1573991439685016,1.4671514155349341,0.8375229144884907,1.4671514155352,0.9769461111091704,0.9791306384128797,0.9749938366095431,1.2728640287828008,1.1423997981552458,0.7723542026780956,0.8170405996835909,1.0,1.0,141.26158543444916
112,right,RCA,0.5,leaf3,2,True,True,1.1573991439685016,1.4671514155367322,0.8375229144884907,1.467151415536455,0.9769461111091451,0.9791306384128797,0.975299184883184,1.2728640287828008,1.1423997981552458,0.7754895495527185,0.8170405996835909,1.0,1.0,141.26158543444916
112,right,RCA,0.5,leaf266,2,True,True,1.1573991439685016,1.4671514155367322,0.8375229144884907,1.467151415536455,0.9769461111091534,0.9791306384128797,0.9752779247728258,1.2728640287828008,1.1423997981552458,0.775270874921143,0.8170405996835909,1.0,1.0,141.26158543444916
112,right,RCA,0.5,apport,2,True,True,1.1573991439685016,1.4671514155367322,0.8375229144884907,1.467151415536455,0.9769461111091534,0.9791306384128797,0.975188247279385,1.2728640287828008,1.1423997981552458,0.7743490932639672,0.8170405996835909,1.0,1.0,141.26158543444916
112,right,RCA,0.5,origin,2,True,True,1.1573991439685016,1.4671514155367322,0.8375229144884907,1.467151415536455,0.9769461111091483,0.9791306384128797,0.9749938366095431,1.2728640287828008,1.1423997981552458,0.7723542026786051,0.8170405996835909,1.0,1.0,141.26158543444916
112,right,RCA,0.5,length,2,True,True,1.1573991439685016,1.4671514155367322,0.8375229144884907,1.4671514155358274,0.9769461111091546,0.9791306384128797,0.9750917964545114,1.2728640287828008,1.1423997981552458,0.7733588006654223,0.8170405996835909,1.0,1.0,141.26158543444916
112,right,RCA,0.6,share,1,True,True,1.1573991439685016,1.4671514155367322,0.8375229144884907,1.4671514155358274,0.9769461111091542,0.9791306384128797,0.9751876234956997,1.2728640287828008,1.1423997981552458,0.7743426849616842,0.8170405996835909,0.0,1.0,117.93246180160679
112,right,RCA,0.6,leaf3,1,True,True,1.1573991439685016,1.4671514155367322,0.8375229144884907,1.4671514155358274,0.9769461111091542,0.9791306384128797,0.9751876234956997,1.2728640287828008,1.1423997981552458,0.7743426849616842,0.8170405996835909,0.0,1.0,117.93246180160679
112,right,RCA,0.6,leaf266,1,True,True,1.1573991439685016,1.4671514155367322,0.8375229144884907,1.4671514155358274,0.9769461111091542,0.9791306384128797,0.9751876234956997,1.2728640287828008,1.1423997981552458,0.7743426849616842,0.8170405996835909,0.0,1.0,117.93246180160679
112,right,RCA,0.6,apport,1,True,True,1.1573991439685016,1.4671514155367322,0.8375229144884907,1.4671514155358274,0.9769461111091542,0.9791306384128797,0.9751876234956997,1.2728640287828008,1.1423997981552458,0.7743426849616842,0.8170405996835909,0.0,1.0,117.93246180160679
112,right,RCA,0.6,origin,1,True,True,1.1573991439685016,1.4671514155367322,0.8375229144884907,1.467151415536455,0.9769461111091536,0.9791306384128797,0.9751876234956997,1.2728640287828008,1.1423997981552458,0.7743426849616842,0.8170405996835909,0.0,1.0,117.93246180160679
112,right,RCA,0.6,length,1,True,True,1.1573991439685016,1.4671514155367322,0.8375229144884907,1.467151415536455,0.9769461111091536,0.9791306384128797,0.9751876234956989,1.2728640287828008,1.1423997981552458,0.7743426849618016,0.8170405996835909,0.0,1.0,117.93246180160679
112,right,RCA,0.75,share,1,True,True,1.1573991439685016,1.4671514155367322,0.8375229144884907,1.467151415536455,0.9769461111091521,0.9791306384128797,0.9740966479260054,1.2728640287828008,1.1423997981552458,0.7632106823477643,0.8170405996835909,0.0,1.0,83.44770889767511
112,right,RCA,0.75,leaf3,1,True,True,1.1573991439685016,1.4671514155367322,0.8375229144884907,1.467151415536455,0.9769461111091521,0.9791306384128797,0.9740966479260054,1.2728640287828008,1.1423997981552458,0.7632106823477643,0.8170405996835909,0.0,1.0,83.44770889767511
112,right,RCA,0.75,leaf266,1,True,True,1.1573991439685016,1.4671514155367322,0.8375229144884907,1.467151415536455,0.9769461111091521,0.9791306384128797,0.9740966479260054,1.2728640287828008,1.1423997981552458,0.7632106823477643,0.8170405996835909,0.0,1.0,83.44770889767511
112,right,RCA,0.75,apport,1,True,True,1.1573991439685016,1.4671514155367322,0.8375229144884907,1.467151415536455,0.9769461111091521,0.9791306384128797,0.9740966479260054,1.2728640287828008,1.1423997981552458,0.7632106823477643,0.8170405996835909,0.0,1.0,83.44770889767511
112,right,RCA,0.75,origin,1,True,True,1.1573991439685016,1.4671514155367322,0.8375229144884907,1.4671514155358274,0.9769461111091542,0.9791306384128797,0.9740966479260054,1.2728640287828008,1.1423997981552458,0.7632106823477643,0.8170405996835909,0.0,1.0,83.44770889767511
112,right,RCA,0.75,length,1,True,True,1.1573991439685016,1.4671514155367322,0.8375229144884907,1.4671514155358274,0.9769461111091542,0.9791306384128797,0.9740966479260053,1.2728640287828008,1.1423997981552458,0.7632106823477643,0.8170405996835909,0.0,1.0,83.44770889767511
112,right,RCA,0.9,share,1,True,True,1.1573991439685016,1.4671514155367322,0.8375229144884907,1.467151415536455,0.9769461111091522,0.9791306384128797,0.9740266211758783,1.2728640287828008,1.1423997981552458,0.7625014817711425,0.8170405996835909,0.0,1.0,66.8269544376342
112,right,RCA,0.9,leaf3,1,True,True,1.1573991439685016,1.467151415535833,0.8375229144884907,1.4671514155358274,0.9769461111091566,0.9791306384128797,0.9740266211758783,1.2728640287828008,1.1423997981552458,0.7625014817711425,0.8170405996835909,0.0,1.0,66.8269544376342
112,right,RCA,0.9,leaf266,1,True,True,1.1573991439685016,1.467151415535833,0.8375229144884907,1.4671514155358274,0.9769461111091566,0.9791306384128797,0.974026621175883,1.2728640287828008,1.1423997981552458,0.7625014817717218,0.8170405996835909,0.0,1.0,66.8269544376342
112,right,RCA,0.9,apport,1,True,True,1.1573991439685016,1.4671514155367322,0.8375229144884907,1.467151415536455,0.9769461111091522,0.9791306384128797,0.9740266211758783,1.2728640287828008,1.1423997981552458,0.7625014817711425,0.8170405996835909,0.0,1.0,66.8269544376342
112,right,RCA,0.9,origin,1,True,True,1.1573991439685016,1.4671514155367322,0.8375229144884907,1.467151415536455,0.9769461111091522,0.9791306384128797,0.9740266211758783,1.2728640287828008,1.1423997981552458,0.7625014817711425,0.8170405996835909,0.0,1.0,66.8269544376342
112,right,RCA,0.9,length,1,True,True,1.1573991439685016,1.4671514155367322,0.8375229144884907,1.467151415536455,0.9769461111091522,0.9791306384128797,0.9740266211758783,1.2728640287828008,1.1423997981552458,0.7625014817713393,0.8170405996835909,0.0,1.0,66.8269544376342
112,right,RCA,1.0,share,1,True,True,1.1573991439685016,1.4671514155367322,0.8375229144884907,1.4671514155358274,0.9769461111091545,0.9791306384128797,0.9737071233928258,1.2728640287828008,1.1423997981552458,0.7592741851910288,0.8170405996835909,0.0,1.0,47.444806592837914
112,right,RCA,1.0,leaf3,1,True,True,1.1573991439685016,1.4671514155367322,0.8375229144884907,1.467151415536455,0.9769461111091507,0.9791306384128797,0.9737071233928208,1.2728640287828008,1.1423997981552458,0.7592741851923643,0.8170405996835909,0.0,1.0,47.444806592837914
112,right,RCA,1.0,leaf266,1,True,True,1.1573991439685016,1.4671514155367322,0.8375229144884907,1.4671514155358274,0.9769461111091545,0.9791306384128797,0.9737071233928258,1.2728640287828008,1.1423997981552458,0.7592741851910288,0.8170405996835909,0.0,1.0,47.444806592837914
112,right,RCA,1.0,apport,1,True,True,1.1573991439685016,1.4671514155367322,0.8375229144884907,1.4671514155358274,0.9769461111091545,0.9791306384128797,0.9737071233928258,1.2728640287828008,1.1423997981552458,0.7592741851910288,0.8170405996835909,0.0,1.0,47.444806592837914
112,right,RCA,1.0,origin,1,True,True,1.1573991439685016,1.4671514155367322,0.8375229144884907,1.4671514155358274,0.9769461111091545,0.9791306384128797,0.9737071233928258,1.2728640287828008,1.1423997981552458,0.7592741851910288,0.8170405996835909,0.0,1.0,47.444806592837914
112,right,RCA,1.0,length,1,True,True,1.1573991439685016,1.4671514155367322,0.8375229144884907,1.467151415536455,0.9769461111091507,0.9791306384128797,0.9737071233928208,1.2728640287828008,1.1423997981552458,0.7592741851923643,0.8170405996835909,0.0,1.0,47.444806592837914
114,left,LCX,0.5,share,9,True,True,1.4448240682604967,2.2823528344715194,0.8895181440585218,1.269537482962116,0.9640754448256138,0.9752925893358526,0.9634438797849693,1.2670270918161104,1.1463201445844104,0.6453697675802331,0.767885433708371,4.0,4.0,134.18095278179453
114,left,LCX,0.5,leaf3,9,True,True,1.4448240682604967,2.199299917084204,0.8895181440585218,1.1988683360454158,0.9653699359124098,0.9752925893358526,0.9648201470295521,1.2670270918161104,1.1463201445844104,0.657236704227225,0.767885433708371,4.0,4.0,134.18095278179453
114,left,LCX,0.5,leaf266,9,True,True,1.4448240682604967,2.1922377536117943,0.8895181440585218,1.2252791332977668,0.9653763213380927,0.9752925893358526,0.9648040143061687,1.2670270918161104,1.1463201445844104,0.6579042291822661,0.767885433708371,4.0,4.0,134.18095278179453
114,left,LCX,0.5,apport,9,True,True,1.4448240682604967,2.2457923650776537,0.8895181440585218,1.3552728032445764,0.9642715884550606,0.9752925893358526,0.9636822719449022,1.2670270918161104,1.1463201445844104,0.6501316417782207,0.767885433708371,4.0,4.0,134.18095278179453
114,left,LCX,0.5,origin,9,True,True,1.4448240682604967,2.159463488619112,0.8895181440585218,1.2690402067533784,0.9656580007748311,0.9752925893358526,0.9650953652803906,1.2670270918161104,1.1463201445844104,0.6625620907402059,0.767885433708371,4.0,4.0,134.18095278179453
114,left,LCX,0.5,length,9,True,True,1.4448240682604967,2.1576351175092934,0.8895181440585218,1.295447649308195,0.9655970644427305,0.9752925893358526,0.9650134913192716,1.2670270918161104,1.1463201445844104,0.6624170771642989,0.767885433708371,4.0,4.0,134.18095278179453
114,left,LCX,0.6,share,8,True,True,1.4448240682604967,2.3036861082389,0.8895181440585218,1.3039194288570242,0.963691030399019,0.9752925893358526,0.9628951891772909,1.2670270918161104,1.1463201445844104,0.6411979052079022,0.767885433708371,3.0,4.0,67.17621039755261
114,left,LCX,0.6,leaf3,8,True,True,1.4448240682604967,2.267813311763629,0.8895181440585218,1.4902122160503102,0.9635567168115746,0.9752925893358526,0.9627905065443632,1.2670270918161104,1.1463201445844104,0.645198320045615,0.767885433708371,3.0,4.0,67.17621039755261
114,left,LCX,0.6,leaf266,8,True,True,1.4448240682604967,2.239308841719533,0.8895181440585218,1.4548769451973196,0.9640364373278176,0.9752925893358526,0.9632456107118474,1.2670270918161104,1.1463201445844104,0.6489701666549172,0.767885433708371,3.0,4.0,67.17621039755261
114,left,LCX,0.6,apport,8,True,True,1.4448240682604967,2.2852543655408377,0.8895181440585218,1.497317280056709,0.9633096145517276,0.9752925893358526,0.9625180239456237,1.2670270918161104,1.1463201445844104,0.6427723926727159,0.767885433708371,3.0,4.0,67.17621039755261
114,left,LCX,0.6,origin,8,True,True,1.4448240682604967,2.2344896584489944,0.8895181440585218,1.404520954260782,0.9642594881482838,0.9752925893358526,0.9634939305653328,1.2670270918161104,1.1463201445844104,0.6503813436553143,0.767885433708371,3.0,4.0,67.17621039755261
114,left,LCX,0.6,length,8,True,True,1.4448240682604967,2.2133252123505307,0.8895181440585218,1.3863668047667834,0.9645898296748088,0.9752925893358526,0.9637871161566046,1.2670270918161104,1.1463201445844104,0.6527895271183333,0.767885433708371,3.0,4.0,67.17621039755261
114,left,LCX,0.75,share,4,True,True,1.4448240682604967,2.255029792029556,0.8895181440585218,1.234385655843303,0.9645393796292222,0.9752925893358526,0.9628739697369244,1.2670270918161104,1.1463201445844104,0.6401383656856272,0.767885433708371,2.0,4.0,67.17621039755261
114,left,LCX,0.75,leaf3,4,True,True,1.4448240682604967,2.3595839833734433,0.8895181440585218,1.635064660341217,0.9619128137203595,0.9752925893358526,0.9602075629013376,1.2670270918161104,1.1463201445844104,0.6259876778687063,0.767885433708371,2.0,4.0,67.17621039755261
114,left,LCX,0.75,leaf266,4,True,True,1.4448240682604967,2.3598534111805574,0.8895181440585218,1.6259619417697555,0.9619384605332602,0.9752925893358526,0.9602167713069186,1.2670270918161104,1.1463201445844104,0.6258597568935123,0.767885433708371,2.0,4.0,67.17621039755261
114,left,LCX,0.75,apport,4,True,True,1.4448240682604967,2.4862986306022754,0.8895181440585218,1.604637731450828,0.9603799495358782,0.9752925893358526,0.9586572723331201,1.2670270918161104,1.1463201445844104,0.6098495838999594,0.767885433708371,2.0,4.0,67.17621039755261
114,left,LCX,0.75,origin,4,True,True,1.4448240682604967,2.0796379773143068,0.8895181440585218,1.4903906668191425,0.9659770127038623,0.9752925893358526,0.9643156550894311,1.2670270918161104,1.1463201445844104,0.6642971072359661,0.767885433708371,2.0,4.0,67.17621039755261
114,left,LCX,0.75,length,4,True,True,1.4448240682604967,1.5690906045804385,0.8895181440585218,1.119574528622741,0.9737311517331115,0.9752925893358526,0.9724205791040204,1.2670270918161104,1.1463201445844104,0.7457196353487855,0.767885433708371,2.0,4.0,67.17621039755261
114,left,LCX,0.9,share,3,True,True,1.4448240682604967,2.258918547501642,0.8895181440585218,1.237319140001601,0.9644799688908275,0.9752925893358526,0.9625928292167175,1.2670270918161104,1.1463201445844104,0.6382778825499676,0.767885433708371,1.0,4.0,53.73708560702212
114,left,LCX,0.9,leaf3,3,True,True,1.4448240682604967,2.192991535373334,0.8895181440585218,0.9789428171195516,0.9661544750218591,0.9752925893358526,0.9643497626431583,1.2670270918161104,1.1463201445844104,0.647745198324617,0.767885433708371,1.0,4.0,53.73708560702212
114,left,LCX,0.9,leaf266,3,True,True,1.4448240682604967,2.1828423461068773,0.8895181440585218,0.9869804390767221,0.9662593373358046,0.9752925893358526,0.964459560895273,1.2670270918161104,1.1463201445844104,0.6491597388100505,0.767885433708371,1.0,4.0,53.73708560702212
114,left,LCX,0.9,apport,3,True,True,1.4448240682604967,2.357013672957511,0.8895181440585218,1.194021437482964,0.9633564577387882,0.9752925893358526,0.9614136101651859,1.2670270918161104,1.1463201445844104,0.625109418678233,0.767885433708371,1.0,4.0,53.73708560702212
114,left,LCX,0.9,origin,3,True,True,1.4448240682604967,2.3813737218143864,0.8895181440585218,1.102294156041644,0.9633364358667077,0.9752925893358526,0.9613925924587196,1.2670270918161104,1.1463201445844104,0.6220107040552605,0.767885433708371,1.0,4.0,53.73708560702212
114,left,LCX,0.9,length,3,True,True,1.4448240682604967,1.771598057709948,0.8895181440585218,0.8923805426218303,0.9718525317206811,0.9752925893358526,0.9703330233441575,1.2670270918161104,1.1463201445844104,0.7114279766277284,0.767885433708371,1.0,4.0,53.73708560702212
114,left,LCX,1.0,share,2,True,True,1.4448240682604967,3.217569608476887,0.8895181440585218,1.7648041771835903,0.9504599273898959,0.9752925893358526,0.9477179628697184,1.2670270918161104,1.1463201445844104,0.5253554799774903,0.767885433708371,1.0,4.0,44.571759902841514
114,left,LCX,1.0,leaf3,2,True,True,1.4448240682604967,3.2175696084822127,0.8895181440585218,1.610800712103365,0.9509524726772038,0.9752925893358526,0.9482550446554859,1.2670270918161104,1.1463201445844104,0.5256454732682383,0.767885433708371,1.0,4.0,44.571759902841514
114,left,LCX,1.0,leaf266,2,True,True,1.4448240682604967,3.217569608476,0.8895181440585218,1.6098825196338673,0.9509554093084371,0.9752925893358526,0.9482582504568631,1.2670270918161104,1.1463201445844104,0.5256472249978876,0.767885433708371,1.0,4.0,44.571759902841514
114,left,LCX,1.0,apport,2,True,True,1.4448240682604967,3.217569608475112,0.8895181440585218,1.679065365136933,0.9507341436083456,0.9752925893358526,0.9480168244268585,1.2670270918161104,1.1463201445844104,0.5255159932039509,0.767885433708371,1.0,4.0,44.571759902841514
114,left,LCX,1.0,origin,2,True,True,1.4448240682604967,3.217569608476887,0.8895181440585218,1.4919261479085846,0.9513326661122283,0.9752925893358526,0.9486704452489069,1.2670270918161104,1.1463201445844104,0.5258745068766482,0.767885433708371,1.0,4.0,44.571759902841514
114,left,LCX,1.0,length,2,True,True,1.4448240682604967,3.217569608476887,0.8895181440585218,1.6211032977475932,0.9509195221848615,0.9752925893358526,0.9482190768940729,1.2670270918161104,1.1463201445844104,0.5256258364665014,0.767885433708371,1.0,4.0,44.571759902841514
125,left,LAD,0.5,share,5,True,True,1.032643303826881,3.465776950053774,0.3915048709524278,1.34174252761322,0.9329370508318773,0.9297618440348353,0.8307933083786723,1.1940031487289662,0.9591668529592906,0.46414362026658373,0.7768292378547677,1.0,1.0,117.04120524131977
125,left,LCX,0.5,share,5,True,True,1.7649879007530775,4.010365134628489,0.26496073783847446,1.2213781507373735,0.9470806818379692,0.9641578727937374,0.8709955788957726,1.4087877505199538,0.8360860509325198,0.5093740462068479,0.7630269671008635,1.0,1.0,45.839891275446014
125,left,LAD,0.5,leaf3,5,True,True,1.032643303826881,2.637816214884377,0.3915048709524278,0.7453577291956861,0.9524334814384275,0.9297618440348353,0.8743561905877728,1.1940031487289662,0.9591668529592906,0.5391115197399932,0.7768292378547677,1.0,1.0,117.04120524131977
125,left,LCX,0.5,leaf3,5,True,True,1.7649879007530775,4.838325869820659,0.26496073783847446,2.3556025313638322,0.9133308783973033,0.9641578727937374,0.7572321461448929,1.4087877505199538,0.8360860509325198,0.42432127235675143,0.7630269671008635,1.0,1.0,45.839891275446014
125,left,LAD,0.5,leaf266,5,True,True,1.032643303826881,2.663921101348784,0.3915048709524278,0.7780504382902295,0.9516082051661066,0.9297618440348353,0.8728657909711988,1.1940031487289662,0.9591668529592906,0.5363754271476923,0.7768292378547677,1.0,1.0,117.04120524131977
125,left,LCX,0.5,leaf266,5,True,True,1.7649879007530775,4.812220983354375,0.26496073783847446,2.2764712389802098,0.9155472581598002,0.9641578727937374,0.7647295183117412,1.4087877505199538,0.8360860509325198,0.42786812023763615,0.7630269671008635,1.0,1.0,45.839891275446014
125,left,LAD,0.5,apport,5,True,True,1.032643303826881,3.3587225572654082,0.3915048709524278,1.0037110679453554,0.9394136500274644,0.9297618440348353,0.8352537419903565,1.1940031487289662,0.9591668529592906,0.46915574972674284,0.7768292378547677,1.0,1.0,117.04120524131977
125,left,LCX,0.5,apport,5,True,True,1.7649879007530775,4.117419527426346,0.26496073783847446,1.6698182065196228,0.9346988861890475,0.9641578727937374,0.8260667093226954,1.4087877505199538,0.8360860509325198,0.48559612663896523,0.7630269671008635,1.0,1.0,45.839891275446014
125,left,LAD,0.5,origin,5,True,True,1.032643303826881,3.218136715232143,0.3915048709524278,1.2891747859516207,0.9368610110662351,0.9297618440348353,0.8439359188944021,1.1940031487289662,0.9591668529592906,0.48563652104016625,0.7768292378547677,1.0,1.0,117.04120524131977
125,left,LCX,0.5,origin,5,True,True,1.7649879007530775,4.2580053694820545,0.26496073783847446,1.9523610597866174,0.9265783060792225,0.9641578727937374,0.7977807788449552,1.4087877505199538,0.8360860509325198,0.4663869147336149,0.7630269671008635,1.0,1.0,45.839891275446014
125,left,LAD,0.5,length,5,True,True,1.032643303826881,2.6649729570032226,0.3915048709524278,1.668166714994997,0.9381001059250057,0.9297618440348353,0.8777787909352264,1.1940031487289662,0.9591668529592906,0.556878448106764,0.7768292378547677,1.0,1.0,117.04120524131977
125,left,LCX,0.5,length,5,True,True,1.7649879007530775,4.8111691276725965,0.26496073783847446,2.1049924138274583,0.9201077745495371,0.9641578727937374,0.7812589140508709,1.4087877505199538,0.8360860509325198,0.4365641140553439,0.7630269671008635,1.0,1.0,45.839891275446014
125,left,LAD,0.6,share,5,True,True,1.032643303826881,3.6805177042492705,0.3915048709524278,1.7753743017972334,0.92365130689482,0.9297618440348353,0.8145896398152278,1.1940031487289662,0.9591668529592906,0.441726846138565,0.7768292378547677,1.0,1.0,96.2642502328902
125,left,LCX,0.6,share,5,True,True,1.7649879007530775,3.7956243804576544,0.26496073783847446,1.1002183518779127,0.9512373601154575,0.9641578727937374,0.8836733802890867,1.4087877505199538,0.8360860509325198,0.5263341926168527,0.7630269671008635,1.0,1.0,45.839891275446014
125,left,LAD,0.6,leaf3,5,True,True,1.032643303826881,2.761012354476344,0.3915048709524278,1.158238995202817,0.9446182796059143,0.9297618440348353,0.8635432576708462,1.1940031487289662,0.9591668529592906,0.5222617013804417,0.7768292378547677,1.0,1.0,96.2642502328902
125,left,LCX,0.6,leaf3,5,True,True,1.7649879007530775,4.715129730213876,0.26496073783847446,2.0447401627784614,0.9221279325541103,0.9641578727937374,0.7869845894055136,1.4087877505199538,0.8360860509325198,0.43716159197942894,0.7630269671008635,1.0,1.0,45.839891275446014
125,left,LAD,0.6,leaf266,5,True,True,1.032643303826881,2.7832548240353994,0.3915048709524278,1.1711881556662442,0.9441411014323424,0.9297618440348353,0.862308433443225,1.1940031487289662,0.9591668529592906,0.5199024895990859,0.7768292378547677,1.0,1.0,96.2642502328902
125,left,LCX,0.6,leaf266,5,True,True,1.7649879007530775,4.692887260653791,0.26496073783847446,1.9894822866732638,0.923693168069207,0.9641578727937374,0.7923983027307192,1.4087877505199538,0.8360860509325198,0.4399972951025988,0.7630269671008635,1.0,1.0,45.839891275446014
125,left,LAD,0.6,apport,5,True,True,1.032643303826881,3.410296312608457,0.3915048709524278,1.4523304937886394,0.9319610192236881,0.9297618440348353,0.8280983201272517,1.1940031487289662,0.9591668529592906,0.46109378284240615,0.7768292378547677,1.0,1.0,96.2642502328902
125,left,LCX,0.6,apport,5,True,True,1.7649879007530775,4.065845772093171,0.26496073783847446,1.4889042489137647,0.9397306800436639,0.9641578727937374,0.844063807538295,1.4087877505199538,0.8360860509325198,0.4929631741503389,0.7630269671008635,1.0,1.0,45.839891275446014
125,left,LAD,0.6,origin,5,True,True,1.032643303826881,3.445133144532855,0.3915048709524278,1.6884373903358962,0.9279415745589582,0.9297618440348353,0.8270199294768874,1.1940031487289662,0.9591668529592906,0.4602956913198485,0.7768292378547677,1.0,1.0,96.2642502328902
125,left,LCX,0.6,origin,5,True,True,1.7649879007530775,4.031008940153301,0.26496073783847446,1.8006873193127473,0.9315992056001472,0.9641578727937374,0.8133747922407594,1.4087877505199538,0.8360860509325198,0.4833961598721327,0.7630269671008635,1.0,1.0,45.839891275446014
125,left,LAD,0.6,length,5,True,True,1.032643303826881,3.2034571494093114,0.3915048709524278,2.39234812369285,0.920321453399678,0.9297618440348353,0.8478345610783906,1.1940031487289662,0.9591668529592906,0.49767386323029755,0.7768292378547677,1.0,1.0,96.2642502328902
125,left,LCX,0.6,length,5,True,True,1.7649879007530775,4.272684935298809,0.26496073783847446,1.7828610313670765,0.9310175586512656,0.9641578727937374,0.8143620498487827,1.4087877505199538,0.8360860509325198,0.4719065248940044,0.7630269671008635,1.0,1.0,45.839891275446014
125,left,LAD,0.75,share,5,True,True,1.032643303826881,3.860050731207219,0.3915048709524278,2.121317771395915,0.9161395559887429,0.9297618440348353,0.8104381138780723,1.1940031487289662,0.9591668529592906,0.43609734091134766,0.7768292378547677,1.0,1.0,64.6502140774903
125,left,LCX,0.75,share,5,True,True,1.7649879007530775,3.6160913534721457,0.26496073783847446,0.978777727677666,0.955247767091835,0.9641578727937374,0.8960189745805429,1.4087877505199538,0.8360860509325198,0.5327813202827323,0.7630269671008635,1.0,1.0,35.7151995471102
125,left,LAD,0.75,leaf3,5,True,True,1.032643303826881,2.9537541064337174,0.3915048709524278,1.3804274371299656,0.9388159571428448,0.9297618440348353,0.8540262874642717,1.1940031487289662,0.9591668529592906,0.5053448374921732,0.7768292378547677,1.0,1.0,64.6502140774903
125,left,LCX,0.75,leaf3,5,True,True,1.7649879007530775,4.522387978263211,0.26496073783847446,1.4754191086408635,0.938095495422046,0.9641578727937374,0.8435622069275353,1.4087877505199538,0.8360860509325198,0.4540014848320663,0.7630269671008635,1.0,1.0,35.7151995471102
125,left,LAD,0.75,leaf266,5,True,True,1.032643303826881,2.9530066993885846,0.3915048709524278,1.381331495510635,0.9388116885866465,0.9297618440348353,0.8540721876703261,1.1940031487289662,0.9591668529592906,0.5054388482279992,0.7768292378547677,1.0,1.0,64.6502140774903
125,left,LCX,0.75,leaf266,5,True,True,1.7649879007530775,4.523135385318289,0.26496073783847446,1.4758834374233836,0.9380798954270891,0.9641578727937374,0.8435135929581641,1.4087877505199538,0.8360860509325198,0.45394347930111667,0.7630269671008635,1.0,1.0,35.7151995471102
125,left,LAD,0.75,apport,5,True,True,1.032643303826881,3.539306664046351,0.3915048709524278,1.7098241444993867,0.926428190875947,0.9297618440348353,0.8235619097474338,1.1940031487289662,0.9591668529592906,0.4548692155274975,0.7768292378547677,1.0,1.0,64.6502140774903
125,left,LCX,0.75,apport,5,True,True,1.7649879007530775,3.936835420658627,0.26496073783847446,1.1479333231847382,0.949353058757927,0.9641578727937374,0.8781705009789852,1.4087877505199538,0.8360860509325198,0.5024943738386045,0.7630269671008635,1.0,1.0,35.7151995471102
125,left,LAD,0.75,origin,5,True,True,1.032643303826881,3.6273842148913853,0.3915048709524278,2.005021481194206,0.9208406122353437,0.9297618440348353,0.8219561503642684,1.1940031487289662,0.9591668529592906,0.45298902607969393,0.7768292378547677,1.0,1.0,64.6502140774903
125,left,LCX,0.75,origin,5,True,True,1.7649879007530775,3.848757869785506,0.26496073783847446,1.6842957330357433,0.9354873357255737,0.9641578727937374,0.8262067017188817,1.4087877505199538,0.8360860509325198,0.49278540046967645,0.7630269671008635,1.0,1.0,35.7151995471102
125,left,LAD,0.75,length,5,True,True,1.032643303826881,3.7110076793275195,0.3915048709524278,3.0781330129653126,0.903515524866953,0.9297618440348353,0.8385539616967003,1.1940031487289662,0.9591668529592906,0.48014716917413935,0.7768292378547677,1.0,1.0,64.6502140774903
125,left,LCX,0.75,length,5,True,True,1.7649879007530775,3.765134405358537,0.26496073783847446,1.4900226589675627,0.9410140034560867,0.9641578727937374,0.8456224688920781,1.4087877505199538,0.8360860509325198,0.5043961770436008,0.7630269671008635,1.0,1.0,35.7151995471102
125,left,LAD,0.9,share,4,True,True,1.032643303826881,3.9787514731506275,0.3915048709524278,2.3091098905360274,0.9117936352746219,0.9297618440348353,0.7725593567364305,1.1940031487289662,0.9591668529592906,0.3971474071410622,0.7768292378547677,1.0,1.0,32.89282211186336
125,left,LCX,0.9,share,4,False,True,1.7649879007530775,3.497390611561237,0.26496073783847446,,,0.9641578727937374,,1.4087877505199538,0.8360860509325198,,,,,
125,left,LAD,0.9,leaf3,4,True,True,1.032643303826881,3.6696155431568163,0.3915048709524278,1.7709536276475861,0.9238559909750002,0.9297618440348353,0.7953458781922695,1.1940031487289662,0.9591668529592906,0.4213457964832452,0.7768292378547677,1.0,1.0,32.89282211186336
125,left,LCX,0.9,leaf3,4,False,True,1.7649879007530775,3.806526541534619,0.26496073783847446,,,0.9641578727937374,,1.4087877505199538,0.8360860509325198,,,,,
125,left,LAD,0.9,leaf266,4,True,True,1.032643303826881,3.6686076334160655,0.3915048709524278,1.771714018021237,0.9238571899424682,0.9297618440348353,0.7953966060691289,1.1940031487289662,0.9591668529592906,0.4214201392714935,0.7768292378547677,1.0,1.0,32.89282211186336
125,left,LCX,0.9,leaf266,4,False,True,1.7649879007530775,3.807534451280938,0.26496073783847446,,,0.9641578727937374,,1.4087877505199538,0.8360860509325198,,,,,
125,left,LAD,0.9,apport,4,True,True,1.032643303826881,3.863285456087837,0.3915048709524278,1.947138426150604,0.918739397530491,0.9297618440348353,0.7825162061980948,1.1940031487289662,0.9591668529592906,0.4064034877526391,0.7768292378547677,1.0,1.0,32.89282211186336
125,left,LCX,0.9,apport,4,False,True,1.7649879007530775,3.6128566285792187,0.26496073783847446,,,0.9641578727937374,,1.4087877505199538,0.8360860509325198,,,,,
125,left,LAD,0.9,origin,4,True,True,1.032643303826881,2.8295916391993345,0.3915048709524278,1.6580955545044442,0.9361741245222434,0.9297618440348353,0.8450280961498139,1.1940031487289662,0.9591668529592906,0.49781020758188793,0.7768292378547677,1.0,1.0,32.89282211186336
125,left,LCX,0.9,origin,4,False,True,1.7649879007530775,4.6465504455027755,0.26496073783847446,,,0.9641578727937374,,1.4087877505199538,0.8360860509325198,,,,,
125,left,LAD,0.9,length,4,True,True,1.032643303826881,3.700888978425392,0.3915048709524278,3.1870240749081775,0.9019924268237531,0.9297618440348353,0.7805131245115051,1.1940031487289662,0.9591668529592906,0.4145861017480354,0.7768292378547677,1.0,1.0,32.89282211186336
125,left,LCX,0.9,length,4,False,True,1.7649879007530775,3.775253106257431,0.26496073783847446,,,0.9641578727937374,,1.4087877505199538,0.8360860509325198,,,,,
125,left,LAD,1.0,share,2,False,True,1.032643303826881,4.006707802549792,0.3915048709524278,,,0.9297618440348353,,1.1940031487289662,0.9591668529592906,,,,,
125,left,LCX,1.0,share,2,False,True,1.7649879007530775,3.469434282118173,0.26496073783847446,,,0.9641578727937374,,1.4087877505199538,0.8360860509325198,,,,,
125,left,LAD,1.0,leaf3,2,False,True,1.032643303826881,3.6751953505052852,0.3915048709524278,,,0.9297618440348353,,1.1940031487289662,0.9591668529592906,,,,,
125,left,LCX,1.0,leaf3,2,False,True,1.7649879007530775,3.800946734193926,0.26496073783847446,,,0.9641578727937374,,1.4087877505199538,0.8360860509325198,,,,,
125,left,LAD,1.0,leaf266,2,False,True,1.032643303826881,3.6754977154289734,0.3915048709524278,,,0.9297618440348353,,1.1940031487289662,0.9591668529592906,,,,,
125,left,LCX,1.0,leaf266,2,False,True,1.7649879007530775,3.800644369274818,0.26496073783847446,,,0.9641578727937374,,1.4087877505199538,0.8360860509325198,,,,,
125,left,LAD,1.0,apport,2,False,True,1.032643303826881,3.9158670772755295,0.3915048709524278,,,0.9297618440348353,,1.1940031487289662,0.9591668529592906,,,,,
125,left,LCX,1.0,apport,2,False,True,1.7649879007530775,3.560275007402458,0.26496073783847446,,,0.9641578727937374,,1.4087877505199538,0.8360860509325198,,,,,
125,left,LAD,1.0,origin,2,False,True,1.032643303826881,2.531035360204464,0.3915048709524278,,,0.9297618440348353,,1.1940031487289662,0.9591668529592906,,,,,
125,left,LCX,1.0,origin,2,False,True,1.7649879007530775,4.945106724510623,0.26496073783847446,,,0.9641578727937374,,1.4087877505199538,0.8360860509325198,,,,,
125,left,LAD,1.0,length,2,False,True,1.032643303826881,4.315657872447039,0.3915048709524278,,,0.9297618440348353,,1.1940031487289662,0.9591668529592906,,,,,
125,left,LCX,1.0,length,2,False,True,1.7649879007530775,3.1604842122354726,0.26496073783847446,,,0.9641578727937374,,1.4087877505199538,0.8360860509325198,,,,,
125,right,RCA,0.5,share,3,True,True,1.6093181798576608,1.618512398626225,1.5978488698364057,1.618512398625812,0.9846757545190081,0.972549625824677,0.9731399117251042,1.4186273228541264,1.4134168149838158,0.800358147186851,0.7948368540079488,2.0,2.0,115.98557414647267
125,right,RCA,0.5,leaf3,3,True,True,1.6093181798576608,1.618512398626225,1.5978488698364057,1.618512398625812,0.9846757545190087,0.972549625824677,0.9731100467558428,1.4186273228541264,1.4134168149838158,0.8000943311293747,0.7948368540079488,2.0,2.0,115.98557414647267
125,right,RCA,0.5,leaf266,3,True,True,1.6093181798576608,1.618512398622233,1.5978488698364057,1.618512398622981,0.9846757545190393,0.972549625824677,0.9731073291795875,1.4186273228541264,1.4134168149838158,0.8000703274155682,0.7948368540079488,2.0,2.0,115.98557414647267
125,right,RCA,0.5,apport,3,True,True,1.6093181798576608,1.618512398624229,1.5978488698364057,1.618512398625812,0.9846757545190139,0.972549625824677,0.9731822219151934,1.4186273228541264,1.4134168149838158,0.8007319803223735,0.7948368540079488,2.0,2.0,115.98557414647267
125,right,RCA,0.5,origin,3,True,True,1.6093181798576608,1.618512398624229,1.5978488698364057,1.618512398625812,0.9846757545190115,0.972549625824677,0.9731184493863076,1.4186273228541264,1.4134168149838158,0.8001685520735304,0.7948368540079488,2.0,2.0,115.98557414647267
125,right,RCA,0.5,length,3,True,True,1.6093181798576608,1.6185123986282215,1.5978488698364057,1.6185123986286427,0.9846757545189876,0.972549625824677,0.9734128898504317,1.4186273228541264,1.4134168149838158,0.8027716880601455,0.7948368540079488,2.0,2.0,115.98557414647267
125,right,RCA,0.6,share,3,True,True,1.6093181798576608,1.618512398626225,1.5978488698364057,1.618512398625812,0.9846757545190078,0.972549625824677,0.9729202532370334,1.4186273228541264,1.4134168149838158,0.7984188822129596,0.7948368540079488,2.0,2.0,112.86733727828219
125,right,RCA,0.6,leaf3,3,True,True,1.6093181798576608,1.6185123986282215,1.5978488698364057,1.6185123986286427,0.9846757545189824,0.972549625824677,0.9729089864239427,1.4186273228541264,1.4134168149838158,0.7983194830989409,0.7948368540079488,2.0,2.0,112.86733727828219
125,right,RCA,0.6,leaf266,3,True,True,1.6093181798576608,1.618512398626225,1.5978488698364057,1.618512398625812,0.9846757545190081,0.972549625824677,0.9729098364389028,1.4186273228541264,1.4134168149838158,0.7983269819365696,0.7948368540079488,2.0,2.0,112.86733727828219
125,right,RCA,0.6,apport,3,True,True,1.6093181798576608,1.618512398626225,1.5978488698364057,1.6185123986272274,0.9846757545190012,0.972549625824677,0.9729451955184953,1.4186273228541264,1.4134168149838158,0.7986389550183612,0.7948368540079488,2.0,2.0,112.86733727828219
125,right,RCA,0.6,origin,3,True,True,1.6093181798576608,1.618512398626225,1.5978488698364057,1.618512398625812,0.9846757545190084,0.972549625824677,0.9729104622100705,1.4186273228541264,1.4134168149838158,0.7983325025202844,0.7948368540079488,2.0,2.0,112.86733727828219
125,right,RCA,0.6,length,3,True,True,1.6093181798576608,1.6185123986282215,1.5978488698364057,1.6185123986286427,0.984675754518988,0.972549625824677,0.9731528262309862,1.4186273228541264,1.4134168149838158,0.8004722437504965,0.7948368540079488,2.0,2.0,112.86733727828219
125,right,RCA,0.75,share,3,True,True,1.6093181798576608,1.618512398626225,1.5978488698364057,1.6185123986272274,0.9846757545190005,0.972549625824677,0.9724990896184418,1.4186273228541264,1.4134168149838158,0.794708088873411,0.7948368540079488,2.0,2.0,108.69286438523906
125,right,RCA,0.75,leaf3,3,True,True,1.6093181798576608,1.6185123986282215,1.5978488698364057,1.6185123986286427,0.9846757545189855,0.972549625824677,0.9725033303305796,1.4186273228541264,1.4134168149838158,0.7947454024566502,0.7948368540079488,2.0,2.0,108.69286438523906
125,right,RCA,0.75,leaf266,3,True,True,1.6093181798576608,1.618512398624229,1.5978488698364057,1.6185123986243966,0.9846757545190268,0.972549625824677,0.9725034070212768,1.4186273228541264,1.4134168149838158,0.7947460772541111,0.7948368540079488,2.0,2.0,108.69286438523906
125,right,RCA,0.75,apport,3,True,True,1.6093181798576608,1.618512398626225,1.5978488698364057,1.618512398625812,0.9846757545190087,0.972549625824677,0.9725053961417708,1.4186273228541264,1.4134168149838158,0.7947635796932091,0.7948368540079488,2.0,2.0,108.69286438523906
125,right,RCA,0.75,origin,3,True,True,1.6093181798576608,1.618512398626225,1.5978488698364057,1.618512398625812,0.9846757545190074,0.972549625824677,0.9724975925898731,1.4186273228541264,1.4134168149838158,0.7946949169307695,0.7948368540079488,2.0,2.0,108.69286438523906
125,right,RCA,0.75,length,3,True,True,1.6093181798576608,1.618512398626225,1.5978488698364057,1.6185123986272274,0.9846757545189945,0.972549625824677,0.972552434090434,1.4186273228541264,1.4134168149838158,0.7951775374939756,0.7948368540079488,2.0,2.0,108.69286438523906
125,right,RCA,0.9,share,2,True,True,1.6093181798576608,1.618512398626225,1.5978488698364057,1.618512398625812,0.9846757545190079,0.972549625824677,0.9724100014516037,1.4186273228541264,1.4134168149838158,0.7939244550488628,0.7948368540079488,1.0,2.0,104.16687080435213
125,right,RCA,0.9,leaf3,2,True,True,1.6093181798576608,1.618512398624229,1.5978488698364057,1.618512398625812,0.9846757545190145,0.972549625824677,0.9724100151871024,1.4186273228541264,1.4134168149838158,0.7939245758310753,0.7948368540079488,1.0,2.0,104.16687080435213
125,right,RCA,0.9,leaf266,2,True,True,1.6093181798576608,1.618512398626225,1.5978488698364057,1.618512398625812,0.9846757545190091,0.972549625824677,0.9724099729362992,1.4186273228541264,1.4134168149838158,0.7939242043025908,0.7948368540079488,1.0,2.0,104.16687080435213
125,right,RCA,0.9,apport,2,True,True,1.6093181798576608,1.618512398626225,1.5978488698364057,1.618512398625812,0.9846757545190093,0.972549625824677,0.9724100080770228,1.4186273228541264,1.4134168149838158,0.7939245133149705,0.7948368540079488,1.0,2.0,104.16687080435213
125,right,RCA,0.9,origin,2,True,True,1.6093181798576608,1.618512398624229,1.5978488698364057,1.6185123986243966,0.9846757545190261,0.972549625824677,0.9724100014513707,1.4186273228541264,1.4134168149838158,0.7939244550488628,0.7948368540079488,1.0,2.0,104.16687080435213
125,right,RCA,0.9,length,2,True,True,1.6093181798576608,1.618512398624229,1.5978488698364057,1.6185123986243966,0.9846757545190218,0.972549625824677,0.972415530330478,1.4186273228541264,1.4134168149838158,0.7939730743693689,0.7948368540079488,1.0,2.0,104.16687080435213
125,right,RCA,1.0,share,1,True,True,1.6093181798576608,1.618512398626225,1.5978488698364057,1.618512398625812,0.9846757545190062,0.972549625824677,0.9723528394109162,1.4186273228541264,1.4134168149838158,0.7934218951969663,0.7948368540079488,0.0,2.0,99.23285281246692
125,right,RCA,1.0,leaf3,1,True,True,1.6093181798576608,1.618512398626225,1.5978488698364057,1.618512398625812,0.9846757545190062,0.972549625824677,0.9723528394109162,1.4186273228541264,1.4134168149838158,0.7934218951969663,0.7948368540079488,0.0,2.0,99.23285281246692
125,right,RCA,1.0,leaf266,1,True,True,1.6093181798576608,1.618512398626225,1.5978488698364057,1.618512398625812,0.9846757545190091,0.972549625824677,0.9723528394109162,1.4186273228541264,1.4134168149838158,0.7934218951969663,0.7948368540079488,0.0,2.0,99.23285281246692
125,right,RCA,1.0,apport,1,True,True,1.6093181798576608,1.618512398626225,1.5978488698364057,1.618512398625812,0.9846757545190062,0.972549625824677,0.9723528394109162,1.4186273228541264,1.4134168149838158,0.7934218951969663,0.7948368540079488,0.0,2.0,99.23285281246692
125,right,RCA,1.0,origin,1,True,True,1.6093181798576608,1.618512398626225,1.5978488698364057,1.618512398625812,0.9846757545190091,0.972549625824677,0.9723528394109162,1.4186273228541264,1.4134168149838158,0.7934218951969663,0.7948368540079488,0.0,2.0,99.23285281246692
125,right,RCA,1.0,length,1,True,True,1.6093181798576608,1.618512398626225,1.5978488698364057,1.618512398625812,0.9846757545190062,0.972549625824677,0.9723528394109162,1.4186273228541264,1.4134168149838158,0.7934218951974868,0.7948368540079488,0.0,2.0,99.23285281246692
129,left,LAD,0.5,share,6,True,True,0.8336444092042052,0.9798792265985842,0.5798202396081545,0.9798792265995049,0.9868164834065459,0.9875968326766273,0.9847439021979211,1.4120745105208155,1.2154435391708596,0.895281720358017,0.913856009439371,1.0,1.0,128.6528886195531
129,left,LCX,0.5,share,6,True,True,0.6146991045533348,1.2681627646762748,0.10587140390227702,0.47926908411461033,0.9736812141525619,0.9874581204608696,0.9665191308702161,1.3529761618462497,0.7531698427711812,0.8186420842310455,0.9321657030103543,1.0,1.0,27.381324064809167
129,left,LAD,0.5,leaf3,6,True,True,0.8336444092042052,0.6448239723264607,0.5798202396081545,0.6448239723278985,0.9902843898138717,0.9875968326766273,0.9888693150054529,1.4120745105208155,1.2154435391708596,0.9397973153230603,0.913856009439371,1.0,1.0,128.6528886195531
129,left,LCX,0.5,leaf3,6,True,True,0.6146991045533348,1.5578340175251122,0.10587140390227702,1.079143994038627,0.9531922205087987,0.9874581204608696,0.9389715134709798,1.3529761618462497,0.7531698427711812,0.7531190117956872,0.9321657030103543,1.0,1.0,27.381324064809167
129,left,LAD,0.5,leaf266,6,True,True,0.8336444092042052,0.681777609611704,0.5798202396081545,0.681777609611593,0.9898398658087426,0.9875968326766273,0.9883560227998487,1.4120745105208155,1.2154435391708596,0.9351446501551272,0.913856009439371,1.0,1.0,128.6528886195531
129,left,LCX,0.5,leaf266,6,True,True,0.6146991045533348,1.494516415597247,0.10587140390227702,1.0089309912443167,0.955822517917348,0.9874581204608696,0.9424405756032033,1.3529761618462497,0.7531698427711812,0.7649125506348406,0.9321657030103543,1.0,1.0,27.381324064809167
129,left,LAD,0.5,apport,6,True,True,0.8336444092042052,1.1451900707488494,0.5798202396081545,1.145190070754931,0.984846253868784,0.9875968326766273,0.9825320902993994,1.4120745105208155,1.2154435391708596,0.8721037006935141,0.913856009439371,1.0,1.0,128.6528886195531
129,left,LCX,0.5,apport,6,True,True,0.6146991045533348,1.0420516649841602,0.10587140390227702,0.6110156873313771,0.971468054632103,0.9874581204608696,0.9630574217846847,1.3529761618462497,0.7531698427711812,0.8491695838544967,0.9321657030103543,1.0,1.0,27.381324064809167
129,left,LAD,0.5,origin,6,True,True,0.8336444092042052,0.9124370480624451,0.5798202396081545,0.9124370480693171,0.9869428120979598,0.9875968326766273,0.9851224618291261,1.4120745105208155,1.2154435391708596,0.9041423432003489,0.913856009439371,1.0,1.0,128.6528886195531
129,left,LCX,0.5,origin,6,True,True,0.6146991045533348,0.797203893477005,0.10587140390227702,0.290676929028027,0.9831209637480989,0.9874581204608696,0.9787435572418685,1.3529761618462497,0.7531698427711812,0.899409005322456,0.9321657030103543,1.0,1.0,27.381324064809167
129,left,LAD,0.5,length,6,True,True,0.8336444092042052,1.283608596082613,0.5798202396081545,1.2836085960918924,0.983302637319068,0.9875968326766273,0.9807464233358937,1.4120745105208155,1.2154435391708596,0.852194363916123,0.913856009439371,1.0,1.0,128.6528886195531
129,left,LCX,0.5,length,6,True,True,0.6146991045533348,1.0387271242769092,0.10587140390227702,0.27656840063657356,0.9816428438804881,0.9874581204608696,0.977105545865564,1.3529761618462497,0.7531698427711812,0.8627051221454247,0.9321657030103543,1.0,1.0,27.381324064809167
129,left,LAD,0.6,share,6,True,True,0.8336444092042052,1.021391195268008,0.5798202396081545,1.0213911952735393,0.9863887344701944,0.9875968326766273,0.9840827984781289,1.4120745105208155,1.2154435391708596,0.8877844877687399,0.913856009439371,1.0,1.0,112.28951935540155
129,left,LCX,0.6,share,6,True,True,0.6146991045533348,1.247595594832993,0.10587140390227702,0.4629862495952774,0.9743376317345243,0.9874581204608696,0.9673498922972832,1.3529761618462497,0.7531698427711812,0.8219705173524111,0.9321657030103543,1.0,1.0,27.381324064809167
129,left,LAD,0.6,leaf3,6,True,True,0.8336444092042052,0.8725622094593488,0.5798202396081545,0.8725622094655603,0.9876184200518148,0.9875968326766273,0.985716900638156,1.4120745105208155,1.2154435391708596,0.9091843832671385,0.913856009439371,1.0,1.0,112.28951935540155
129,left,LCX,0.6,leaf3,6,True,True,0.6146991045533348,1.285751044385911,0.10587140390227702,0.8514844617575184,0.9622478035520124,0.9874581204608696,0.9508329186919446,1.3529761618462497,0.7531698427711812,0.8021578460373137,0.9321657030103543,1.0,1.0,27.381324064809167
129,left,LAD,0.6,leaf266,6,True,True,0.8336444092042052,0.8887743549571029,0.5798202396081545,0.8887743549698933,0.9874204839010855,0.9875968326766273,0.9854915641612215,1.4120745105208155,1.2154435391708596,0.9069326779777594,0.913856009439371,1.0,1.0,112.28951935540155
129,left,LCX,0.6,leaf266,6,True,True,0.6146991045533348,1.2519841426772031,0.10587140390227702,0.8096398255326414,0.9637840541413965,0.9874581204608696,0.9528748490933806,1.3529761618462497,0.7531698427711812,0.8088798294597224,0.9321657030103543,1.0,1.0,27.381324064809167
129,left,LAD,0.6,apport,6,True,True,0.8336444092042052,1.2166041547535662,0.5798202396081545,1.216604154761576,0.9840800521450154,0.9875968326766273,0.9814871398730795,1.4120745105208155,1.2154435391708596,0.8601399575402218,0.913856009439371,1.0,1.0,112.28951935540155
129,left,LCX,0.6,apport,6,True,True,0.6146991045533348,1.0049848058114006,0.10587140390227702,0.5668404633157561,0.9731010702031824,0.9874581204608696,0.9652215831338707,1.3529761618462497,0.7531698427711812,0.8564627313749831,0.9321657030103543,1.0,1.0,27.381324064809167
129,left,LAD,0.6,origin,6,True,True,0.8336444092042052,0.949077235355304,0.5798202396081545,0.9490772353639444,0.9865568729219415,0.9875968326766273,0.984532423665532,1.4120745105208155,1.2154435391708596,0.8976289105492599,0.913856009439371,1.0,1.0,112.28951935540155
129,left,LCX,0.6,origin,6,True,True,0.6146991045533348,0.7814431397279576,0.10587140390227702,0.2816238445575371,0.9835200651824629,0.9874581204608696,0.9792485121689927,1.3529761618462497,0.7531698427711812,0.9019298185238416,0.9321657030103543,1.0,1.0,27.381324064809167
129,left,LAD,0.6,length,6,True,True,0.8336444092042052,1.359014286976174,0.5798202396081545,1.3590142869778201,0.9825339292138104,0.9875968326766273,0.9795236970255651,1.4120745105208155,1.2154435391708596,0.8377661071600121,0.913856009439371,1.0,1.0,112.28951935540155
129,left,LCX,0.6,length,6,True,True,0.6146991045533348,0.9957051727389409,0.10587140390227702,0.25892451416622553,0.982517786886793,0.9874581204608696,0.9781980096436655,1.3529761618462497,0.7531698427711812,0.8697008768338487,0.9321657030103543,1.0,1.0,27.381324064809167
129,left,LAD,0.75,share,6,True,True,0.8336444092042052,1.0291188162422138,0.5798202396081545,1.029118816246052,0.9863353383455031,0.9875968326766273,0.9840190231096244,1.4120745105208155,1.2154435391708596,0.8869021457621717,0.913856009439371,1.0,1.0,87.58709232795681
129,left,LCX,0.75,share,6,True,True,0.6146991045533348,1.2667139149064979,0.10587140390227702,0.4443085352216332,0.9747535006976782,0.9874581204608696,0.9679747904771382,1.3529761618462497,0.7531698427711812,0.8196664421796526,0.9321657030103543,1.0,1.0,22.676524698520893
129,left,LAD,0.75,leaf3,6,True,True,0.8336444092042052,1.0116125885457161,0.5798202396081545,1.0116125885433565,0.9859548873832396,0.9875968326766273,0.9837209197775125,1.4120745105208155,1.2154435391708596,0.888780376904229,0.913856009439371,1.0,1.0,87.58709232795681
129,left,LCX,0.75,leaf3,6,True,True,0.6146991045533348,1.0209614383572942,0.10587140390227702,0.511192767601389,0.9746635612154031,0.9874581204608696,0.9674277908903772,1.3529761618462497,0.7531698427711812,0.8561077704653565,0.9321657030103543,1.0,1.0,22.676524698520893
129,left,LAD,0.75,leaf266,6,True,True,0.8336444092042052,1.0113475168386283,0.5798202396081545,1.0113475168395374,0.9859572362985622,0.9875968326766273,0.9837238009575762,1.4120745105208155,1.2154435391708596,0.8888176896726848,0.913856009439371,1.0,1.0,87.58709232795681
129,left,LCX,0.75,leaf266,6,True,True,0.6146991045533348,1.0214422409423702,0.10587140390227702,0.5116681264771321,0.9746453420544361,0.9874581204608696,0.9674035803891519,1.3529761618462497,0.7531698427711812,0.8560144904674584,0.9321657030103543,1.0,1.0,22.676524698520893
129,left,LAD,0.75,apport,6,True,True,0.8336444092042052,1.2475932744382212,0.5798202396081545,1.2475932744377674,0.9837629367078202,0.9875968326766273,0.9810266206726532,1.4120745105208155,1.2154435391708596,0.8548615613521751,0.913856009439371,1.0,1.0,87.58709232795681
129,left,LCX,0.75,apport,6,True,True,0.6146991045533348,0.9871677170740317,0.10587140390227702,0.4445417911214511,0.9769527531279532,0.9874581204608696,0.9705077727311683,1.3529761618462497,0.7531698427711812,0.8638971358791582,0.9321657030103543,1.0,1.0,22.676524698520893
129,left,LAD,0.75,origin,6,True,True,0.8336444092042052,0.9631319897689998,0.5798202396081545,0.9631319897866095,0.9864236834805957,0.9875968326766273,0.9843566550919618,1.4120745105208155,1.2154435391708596,0.8958147200756212,0.913856009439371,1.0,1.0,87.58709232795681
129,left,LCX,0.75,origin,6,True,True,0.6146991045533348,0.7838998678088807,0.10587140390227702,0.2726677265210986,0.9837724419838434,0.9874581204608696,0.9796000605309364,1.3529761618462497,0.7531698427711812,0.9019162325642882,0.9321657030103543,1.0,1.0,22.676524698520893
129,left,LAD,0.75,length,6,True,True,0.8336444092042052,1.3916116681083404,0.5798202396081545,1.3916116681120592,0.982233654654506,0.9875968326766273,0.9792869151210228,1.4120745105208155,1.2154435391708596,0.8346740427887114,0.913856009439371,1.0,1.0,87.58709232795681
129,left,LCX,0.75,length,6,True,True,0.6146991045533348,0.9976122422783101,0.10587140390227702,0.24329249833672276,0.9829770769653188,0.9874581204608696,0.9788440593509325,1.3529761618462497,0.7531698427711812,0.8699906677720878,0.9321657030103543,1.0,1.0,22.676524698520893
129,left,LAD,0.9,share,4,True,True,0.8336444092042052,1.0235041162362462,0.5798202396081545,1.0235041162467386,0.9864034876910565,0.9875968326766273,0.9840331597797888,1.4120745105208155,1.2154435391708596,0.8874506407874123,0.913856009439371,0.0,1.0,63.266578017316334
129,left,LCX,0.9,share,4,False,True,0.6146991045533348,1.2796322293995677,0.10587140390227702,,,0.9874581204608696,,1.3529761618462497,0.7531698427711812,,,,,
129,left,LAD,0.9,leaf3,4,True,True,0.8336444092042052,0.747853310585808,0.5798202396081545,0.747853310588838,0.9880805162579352,0.9875968326766273,0.9863055116806053,1.4120745105208155,1.2154435391708596,0.9246128274588907,0.913856009439371,0.0,1.0,63.266578017316334
129,left,LCX,0.9,leaf3,4,False,True,0.6146991045533348,0.7704786961853152,0.10587140390227702,,,0.9874581204608696,,1.3529761618462497,0.7531698427711812,,,,,
129,left,LAD,0.9,leaf266,4,True,True,0.8336444092042052,0.7485212584060713,0.5798202396081545,0.748521258416357,0.9880723752312505,0.9875968326766273,0.9862956212915827,1.4120745105208155,1.2154435391708596,0.9245227495869832,0.913856009439371,0.0,1.0,63.266578017316334
129,left,LCX,0.9,leaf266,4,False,True,0.6146991045533348,0.7705774721655985,0.10587140390227702,,,0.9874581204608696,,1.3529761618462497,0.7531698427711812,,,,,
129,left,LAD,0.9,apport,4,True,True,0.8336444092042052,1.0524057543809104,0.5798202396081545,1.0524057543885883,0.9855996365032585,0.9875968326766273,0.9831609395004363,1.4120745105208155,1.2154435391708596,0.8827898938130379,0.913856009439371,0.0,1.0,63.266578017316334
129,left,LCX,0.9,apport,4,False,True,0.6146991045533348,1.0268547720968675,0.10587140390227702,,,0.9874581204608696,,1.3529761618462497,0.7531698427711812,,,,,
129,left,LAD,0.9,origin,4,True,True,0.8336444092042052,0.7674305044059189,0.5798202396081545,0.7674305044155109,0.9881511424978026,0.9875968326766273,0.9864009760795619,1.4120745105208155,1.2154435391708596,0.9223359058929526,0.913856009439371,0.0,1.0,63.266578017316334
129,left,LCX,0.9,origin,4,False,True,0.6146991045533348,0.6486258707546356,0.10587140390227702,,,0.9874581204608696,,1.3529761618462497,0.7531698427711812,,,,,
129,left,LAD,0.9,length,4,True,True,0.8336444092042052,1.270702335384102,0.5798202396081545,1.2707023353843296,0.9832754152566818,0.9875968326766273,0.9803927338204321,1.4120745105208155,1.2154435391708596,0.8509720155389159,0.913856009439371,0.0,1.0,63.266578017316334
129,left,LCX,0.9,length,4,False,True,0.6146991045533348,0.9577408278811604,0.10587140390227702,,,0.9874581204608696,,1.3529761618462497,0.7531698427711812,,,,,
129,left,LAD,1.0,share,3,True,True,0.8336444092042052,1.2832609668753978,0.5798202396081545,1.2832609668820871,0.9842127986361436,0.9875968326766273,0.9809327555376687,1.4120745105208155,1.2154435391708596,0.845781564258413,0.913856009439371,0.0,1.0,46.72553917069101
129,left,LCX,1.0,share,3,False,True,0.6146991045533348,1.2874205212721799,0.10587140390227702,,,0.9874581204608696,,1.3529761618462497,0.7531698427711812,,,,,
129,left,LAD,1.0,leaf3,3,True,True,0.8336444092042052,0.7986676403673644,0.5798202396081545,0.7986676403762668,0.9892408034368361,0.9875968326766273,0.9872113520186174,1.4120745105208155,1.2154435391708596,0.9179029505523387,0.913856009439371,0.0,1.0,46.72553917069101
129,left,LCX,1.0,leaf3,3,False,True,0.6146991045533348,1.4518608176034966,0.10587140390227702,,,0.9874581204608696,,1.3529761618462497,0.7531698427711812,,,,,
129,left,LAD,1.0,leaf266,3,True,True,0.8336444092042052,0.8235925513512703,0.5798202396081545,0.8235925513589282,0.9889608771030055,0.9875968326766273,0.9868705879979556,1.4120745105208155,1.2154435391708596,0.9143745487536755,0.913856009439371,0.0,1.0,46.72553917069101
129,left,LCX,1.0,leaf266,3,False,True,0.6146991045533348,1.4024001019901602,0.10587140390227702,,,0.9874581204608696,,1.3529761618462497,0.7531698427711812,,,,,
129,left,LAD,1.0,apport,3,True,True,0.8336444092042052,1.346247374452946,0.5798202396081545,1.3462473744551957,0.9834866923662561,0.9875968326766273,0.9800544059144161,1.4120745105208155,1.2154435391708596,0.8360949714459012,0.913856009439371,0.0,1.0,46.72553917069101
129,left,LCX,1.0,apport,3,False,True,0.6146991045533348,1.126416875093617,0.10587140390227702,,,0.9874581204608696,,1.3529761618462497,0.7531698427711812,,,,,
129,left,LAD,1.0,origin,3,True,True,0.8336444092042052,0.5100420408903565,0.5798202396081545,0.5100420408954229,0.992396731032313,0.9875968326766273,0.9910954701910879,1.4120745105208155,1.2154435391708596,0.9554330113547792,0.913856009439371,0.0,1.0,46.72553917069101
129,left,LCX,1.0,origin,3,False,True,0.6146991045533348,1.8599892143517274,0.10587140390227702,,,0.9874581204608696,,1.3529761618462497,0.7531698427711812,,,,,
129,left,LAD,1.0,length,3,True,True,0.8336444092042052,1.181119417754436,0.5798202396081545,1.1811194177585016,0.9854168140834928,0.9875968326766273,0.9823861277348623,1.4120745105208155,1.2154435391708596,0.8615062266731365,0.913856009439371,0.0,1.0,46.72553917069101
129,left,LCX,1.0,length,3,False,True,0.6146991045533348,1.5995507290293212,0.10587140390227702,,,0.9874581204608696,,1.3529761618462497,0.7531698427711812,,,,,
129,right,RCA,0.5,share,2,True,True,2.1418991300790604,2.179809324080286,2.0945325330178446,2.1798093240538643,0.9859352564005156,0.9840258307261485,0.9862775979881092,1.5623368819815937,1.55105561474087,0.8223987349184091,0.7866353863386275,1.0,1.0,140.65031214566596
129,right,RCA,0.5,leaf3,2,True,True,2.1418991300790604,2.179809324080286,2.0945325330178446,2.179809324055716,0.985935256400514,0.9840258307261485,0.9860871182285287,1.5623368819815937,1.55105561474087,0.8193891746113768,0.7866353863386275,1.0,1.0,140.65031214566596
129,right,RCA,0.5,leaf266,2,True,True,2.1418991300790604,2.1798093240784024,2.0945325330178446,2.1798093240538643,0.9859352564005188,0.9840258307261485,0.986058689636501,1.5623368819815937,1.55105561474087,0.8189410247993321,0.7866353863386275,1.0,1.0,140.65031214566596
129,right,RCA,0.5,apport,2,True,True,2.1418991300790604,2.179809324080286,2.0945325330178446,2.179809324055716,0.9859352564005138,0.9840258307261485,0.98615393130585,1.5623368819815937,1.55105561474087,0.8204434887808157,0.7866353863386275,1.0,1.0,140.65031214566596
129,right,RCA,0.5,origin,2,True,True,2.1418991300790604,2.179809324080286,2.0945325330178446,2.1798093240538643,0.9859352564005156,0.9840258307261485,0.9862775979881092,1.5623368819815937,1.55105561474087,0.8223987349180124,0.7866353863386275,1.0,1.0,140.65031214566596
129,right,RCA,0.5,length,2,True,True,2.1418991300790604,2.1798093240821688,2.0945325330178446,2.1798093240575684,0.9859352564005014,0.9840258307261485,0.9860811548486235,1.5623368819815937,1.55105561474087,0.8192951446974815,0.7866353863386275,1.0,1.0,140.65031214566596
129,right,RCA,0.6,share,2,True,True,2.1418991300790604,2.179809324080286,2.0945325330178446,2.179809324055716,0.9859352564005135,0.9840258307261485,0.9860595389789273,1.5623368819815937,1.55105561474087,0.8188473780644366,0.7866353863386275,1.0,1.0,132.82022117800176
129,right,RCA,0.6,leaf3,2,True,True,2.1418991300790604,2.1798093240821688,2.0945325330178446,2.179809324055716,0.9859352564005038,0.9840258307261485,0.9855958029010343,1.5623368819815937,1.55105561474087,0.8115961398434296,0.7866353863386275,1.0,1.0,132.82022117800176
129,right,RCA,0.6,leaf266,2,True,True,2.1418991300790604,2.179809324080286,2.0945325330178446,2.179809324055716,0.9859352564005138,0.9840258307261485,0.9855964668875525,1.5623368819815937,1.55105561474087,0.8116064529433601,0.7866353863386275,1.0,1.0,132.82022117800176
129,right,RCA,0.6,apport,2,True,True,2.1418991300790604,2.1798093240784024,2.0945325330178446,2.1798093240538643,0.9859352564005236,0.9840258307261485,0.98574538987251,1.5623368819815937,1.55105561474087,0.8139251424629034,0.7866353863386275,1.0,1.0,132.82022117800176
129,right,RCA,0.6,origin,2,True,True,2.1418991300790604,2.179809324080286,2.0945325330178446,2.179809324055716,0.9859352564005135,0.9840258307261485,0.9860595389789273,1.5623368819815937,1.55105561474087,0.8188473780644366,0.7866353863386275,1.0,1.0,132.82022117800176
129,right,RCA,0.6,length,2,True,True,2.1418991300790604,2.1798093240784024,2.0945325330178446,2.1798093240538643,0.9859352564005188,0.9840258307261485,0.9858446481586506,1.5623368819815937,1.55105561474087,0.8154761681545768,0.7866353863386275,1.0,1.0,132.82022117800176
129,right,RCA,0.75,share,2,True,True,2.1418991300790604,2.1798093240784024,2.0945325330178446,2.1798093240538643,0.98593525640052,0.9840258307261485,0.9849048754319549,1.5623368819815937,1.55105561474087,0.7997337416496539,0.7866353863386275,1.0,1.0,105.64127484016666
129,right,RCA,0.75,leaf3,2,True,True,2.1418991300790604,2.179809324080286,2.0945325330178446,2.179809324055716,0.9859352564005132,0.9840258307261485,0.98452916289538,1.5623368819815937,1.55105561474087,0.7942659228305958,0.7866353863386275,1.0,1.0,105.64127484016666
129,right,RCA,0.75,leaf266,2,True,True,2.1418991300790604,2.179809324080286,2.0945325330178446,2.179809324055716,0.9859352564005069,0.9840258307261485,0.9845294080905291,1.5623368819815937,1.55105561474087,0.7942694550017202,0.7866353863386275,1.0,1.0,105.64127484016666
129,right,RCA,0.75,apport,2,True,True,2.1418991300790604,2.179809324080286,2.0945325330178446,2.179809324055716,0.9859352564005147,0.9840258307261485,0.9846487234310524,1.5623368819815937,1.55105561474087,0.7959945508495343,0.7866353863386275,1.0,1.0,105.64127484016666
129,right,RCA,0.75,origin,2,True,True,2.1418991300790604,2.179809324080286,2.0945325330178446,2.179809324055716,0.9859352564005126,0.9840258307261485,0.9849048754319549,1.5623368819815937,1.55105561474087,0.7997337416496632,0.7866353863386275,1.0,1.0,105.64127484016666
129,right,RCA,0.75,length,2,True,True,2.1418991300790604,2.179809324080286,2.0945325330178446,2.179809324055716,0.9859352564005132,0.9840258307261485,0.984727847366659,1.5623368819815937,1.55105561474087,0.797144758097197,0.7866353863386275,1.0,1.0,105.64127484016666
129,right,RCA,0.9,share,1,True,True,2.1418991300790604,2.179809324080286,2.0945325330178446,2.179809324055716,0.9859352564005123,0.9840258307261485,0.983706435195637,1.5623368819815937,1.55105561474087,0.7819545460989152,0.7866353863386275,0.0,1.0,78.45264780209193
129,right,RCA,0.9,leaf3,1,True,True,2.1418991300790604,2.179809324080286,2.0945325330178446,2.179809324055716,0.9859352564005123,0.9840258307261485,0.983706435195637,1.5623368819815937,1.55105561474087,0.7819545460989152,0.7866353863386275,0.0,1.0,78.45264780209193
129,right,RCA,0.9,leaf266,1,True,True,2.1418991300790604,2.179809324080286,2.0945325330178446,2.179809324055716,0.9859352564005146,0.9840258307261485,0.983706435195637,1.5623368819815937,1.55105561474087,0.7819545460989152,0.7866353863386275,0.0,1.0,78.45264780209193
129,right,RCA,0.9,apport,1,True,True,2.1418991300790604,2.179809324080286,2.0945325330178446,2.179809324055716,0.9859352564005123,0.9840258307261485,0.983706435195637,1.5623368819815937,1.55105561474087,0.7819545460989152,0.7866353863386275,0.0,1.0,78.45264780209193
129,right,RCA,0.9,origin,1,True,True,2.1418991300790604,2.179809324080286,2.0945325330178446,2.179809324055716,0.9859352564005123,0.9840258307261485,0.983706435195637,1.5623368819815937,1.55105561474087,0.7819545460989152,0.7866353863386275,0.0,1.0,78.45264780209193
129,right,RCA,0.9,length,1,True,True,2.1418991300790604,2.179809324080286,2.0945325330178446,2.179809324055716,0.9859352564005146,0.9840258307261485,0.983706435195637,1.5623368819815937,1.55105561474087,0.7819545460989152,0.7866353863386275,0.0,1.0,78.45264780209193
129,right,RCA,1.0,share,1,True,True,2.1418991300790604,2.179809324080286,2.0945325330178446,2.1798093240538643,0.9859352564005173,0.9840258307261485,0.983621197873535,1.5623368819815937,1.55105561474087,0.7806176365862243,0.7866353863386275,0.0,1.0,66.59657346745321
129,right,RCA,1.0,leaf3,1,True,True,2.1418991300790604,2.179809324080286,2.0945325330178446,2.1798093240538643,0.9859352564005173,0.9840258307261485,0.983621197873535,1.5623368819815937,1.55105561474087,0.7806176365862243,0.7866353863386275,0.0,1.0,66.59657346745321
129,right,RCA,1.0,leaf266,1,True,True,2.1418991300790604,2.179809324080286,2.0945325330178446,2.1798093240538643,0.9859352564005173,0.9840258307261485,0.983621197873535,1.5623368819815937,1.55105561474087,0.7806176365862243,0.7866353863386275,0.0,1.0,66.59657346745321
129,right,RCA,1.0,apport,1,True,True,2.1418991300790604,2.179809324080286,2.0945325330178446,2.1798093240538643,0.9859352564005173,0.9840258307261485,0.983621197873535,1.5623368819815937,1.55105561474087,0.7806176365862243,0.7866353863386275,0.0,1.0,66.59657346745321
129,right,RCA,1.0,origin,1,True,True,2.1418991300790604,2.179809324080286,2.0945325330178446,2.1798093240538643,0.9859352564005173,0.9840258307261485,0.983621197873535,1.5623368819815937,1.55105561474087,0.7806176365862243,0.7866353863386275,0.0,1.0,66.59657346745321
129,right,RCA,1.0,length,1,True,True,2.1418991300790604,2.179809324080286,2.0945325330178446,2.1798093240538643,0.9859352564005173,0.9840258307261485,0.983621197873535,1.5623368819815937,1.55105561474087,0.7806176365862338,0.7866353863386275,0.0,1.0,66.59657346745321
138,left,LAD,0.5,share,5,True,True,0.5993626688882564,0.8983099458962923,0.2937602303866395,0.6558560153369432,0.9859306404604852,0.9890614430458105,0.9840360453920858,1.3421527714583394,1.0613502200858997,0.8847696992934756,0.9313555088021553,1.0,1.0,129.36609085000217
138,left,LAD,0.5,leaf3,5,True,True,0.5993626688882564,0.867331795589533,0.2937602303866395,0.7195763474813391,0.9859032108123679,0.9890614430458105,0.9841552143378937,1.3421527714583394,1.0613502200858997,0.8898062027263145,0.9313555088021553,1.0,1.0,129.36609085000217
138,left,LAD,0.5,leaf266,5,True,True,0.5993626688882564,0.8361259745600532,0.2937602303866395,0.6720426996535223,0.9864518934985426,0.9890614430458105,0.9847242446469149,1.3421527714583394,1.0613502200858997,0.8947892516988706,0.9313555088021553,1.0,1.0,129.36609085000217
138,left,LAD,0.5,apport,5,True,True,0.5993626688882564,0.72529392976107,0.2937602303866395,0.5602399722627174,0.9881064856377657,0.9890614430458105,0.986539218614506,1.3421527714583394,1.0613502200858997,0.9123607790936398,0.9313555088021553,1.0,1.0,129.36609085000217
138,left,LAD,0.5,origin,5,True,True,0.5993626688882564,0.6592815712619003,0.2937602303866395,0.4816536385493528,0.9891538524472252,0.9890614430458105,0.9876859731509477,1.3421527714583394,1.0613502200858997,0.9226213490772553,0.9313555088021553,1.0,1.0,129.36609085000217
138,left,LAD,0.5,length,5,True,True,0.5993626688882564,0.8969291229480492,0.2937602303866395,0.6241624608686428,0.986107558877347,0.9890614430458105,0.9841876433017533,1.3421527714583394,1.0613502200858997,0.8850490030967679,0.9313555088021553,1.0,1.0,129.36609085000217
138,left,LAD,0.6,share,5,True,True,0.5993626688882564,0.9001107605754209,0.2937602303866395,0.6493940283240908,0.9859464610290282,0.9890614430458105,0.9840449688309992,1.3421527714583394,1.0613502200858997,0.8845499815863966,0.9313555088021553,1.0,1.0,129.36609085000217
138,left,LAD,0.6,leaf3,5,True,True,0.5993626688882564,0.8474907589087726,0.2937602303866395,0.624765433921379,0.9865852462068452,0.9890614430458105,0.9847831525675688,1.3421527714583394,1.0613502200858997,0.8930321388894098,0.9313555088021553,1.0,1.0,129.36609085000217
138,left,LAD,0.6,leaf266,5,True,True,0.5993626688882564,0.8212806574264941,0.2937602303866395,0.5864703298567123,0.9870376879713998,0.9890614430458105,0.9852636028078701,1.3421527714583394,1.0613502200858997,0.8972863121805695,0.9313555088021553,1.0,1.0,129.36609085000217
138,left,LAD,0.6,apport,5,True,True,0.5993626688882564,0.7252472287623075,0.2937602303866395,0.5293846671031787,0.9882661053904301,0.9890614430458105,0.9866736074182915,1.3421527714583394,1.0613502200858997,0.9124635089818509,0.9313555088021553,1.0,1.0,129.36609085000217
138,left,LAD,0.6,origin,5,True,True,0.5993626688882564,0.6585963030430726,0.2937602303866395,0.4770334374739689,0.9891843498946812,0.9890614430458105,0.9877146853355501,1.3421527714583394,1.0613502200858997,0.9227667961025421,0.9313555088021553,1.0,1.0,129.36609085000217
138,left,LAD,0.6,length,5,True,True,0.5993626688882564,0.9009221121290428,0.2937602303866395,0.6174909814236326,0.9861031407775476,0.9890614430458105,0.9841736919992959,1.3421527714583394,1.0613502200858997,0.8845036546835574,0.9313555088021553,1.0,1.0,129.36609085000217
138,left,LAD,0.75,share,5,True,True,0.5993626688882564,0.8986905082693024,0.2937602303866395,0.6430638166900807,0.985992927345637,0.9890614430458105,0.9840302205105755,1.3421527714583394,1.0613502200858997,0.8841255574263339,0.9313555088021553,1.0,1.0,129.36609085000217
138,left,LAD,0.75,leaf3,5,True,True,0.5993626688882564,0.741046250890376,0.2937602303866395,0.43784814152225854,0.9885846434895523,0.9890614430458105,0.9868142726954402,1.3421527714583394,1.0613502200858997,0.909565574933203,0.9313555088021553,1.0,1.0,129.36609085000217
138,left,LAD,0.75,leaf266,5,True,True,0.5993626688882564,0.7301641956489221,0.2937602303866395,0.42330948513989075,0.9887654705449478,0.9890614430458105,0.987011004621042,1.3421527714583394,1.0613502200858997,0.9113025992396602,0.9313555088021553,1.0,1.0,129.36609085000217
138,left,LAD,0.75,apport,5,True,True,0.5993626688882564,0.7206457179309704,0.2937602303866395,0.47915391537208674,0.9885699688471093,0.9890614430458105,0.9868963468314169,1.3421527714583394,1.0613502200858997,0.9127863112313057,0.9313555088021553,1.0,1.0,129.36609085000217
138,left,LAD,0.75,origin,5,True,True,0.5993626688882564,0.6545850580931339,0.2937602303866395,0.4713874185512865,0.9892524847458086,0.9890614430458105,0.9877519890049314,1.3421527714583394,1.0613502200858997,0.9230638150741652,0.9313555088021553,1.0,1.0,129.36609085000217
138,left,LAD,0.75,length,5,True,True,0.5993626688882564,0.8998720508148519,0.2937602303866395,0.6103146996669836,0.9861503713257246,0.9890614430458105,0.9841453809501408,1.3421527714583394,1.0613502200858997,0.8838457226646044,0.9313555088021553,1.0,1.0,129.36609085000217
138,left,LAD,0.9,share,3,True,True,0.5993626688882564,0.8852125028114607,0.2937602303866395,0.8852125028076913,0.9848748914729412,0.9890614430458105,0.9829348264858548,1.3421527714583394,1.0613502200858997,0.884263420428277,0.9313555088021553,0.0,1.0,109.7473616723041
138,left,LAD,0.9,leaf3,3,True,True,0.5993626688882564,0.5295918090988189,0.2937602303866395,0.5295918091081527,0.99016782398989,0.9890614430458105,0.9889578057402,1.3421527714583394,1.0613502200858997,0.9407168389753462,0.9313555088021553,0.0,1.0,109.7473616723041
138,left,LAD,0.9,leaf266,3,True,True,0.5993626688882564,0.5297388582596733,0.2937602303866395,0.5297388582601821,0.990165635362305,0.9890614430458105,0.9889552923488001,1.3421527714583394,1.0613502200858997,0.9406954318892014,0.9313555088021553,0.0,1.0,109.7473616723041
138,left,LAD,0.9,apport,3,True,True,0.5993626688882564,0.7339067521750637,0.2937602303866395,0.7339067521790429,0.9871268727038058,0.9890614430458105,0.9854886011393742,1.3421527714583394,1.0613502200858997,0.9092110723012286,0.9313555088021553,0.0,1.0,109.7473616723041
138,left,LAD,0.9,origin,3,True,True,0.5993626688882564,0.6176138965494483,0.2937602303866395,0.6176138965525139,0.9888577343997521,0.9890614430458105,0.9874598972321438,1.3421527714583394,1.0613502200858997,0.9275449235482108,0.9313555088021553,0.0,1.0,109.7473616723041
138,left,LAD,0.9,length,3,True,True,0.5993626688882564,0.8013775578907943,0.2937602303866395,0.8013775578888542,0.986122661115934,0.9890614430458105,0.9843480707086111,1.3421527714583394,1.0613502200858997,0.8982055874333031,0.9313555088021553,0.0,1.0,109.7473616723041
138,left,LAD,1.0,share,2,True,True,0.5993626688882564,0.9084198783733488,0.2937602303866395,0.9084198783779974,0.9845294811103292,0.9890614430458105,0.9824412627702066,1.3421527714583394,1.0613502200858997,0.8794121984534682,0.9313555088021553,0.0,1.0,53.74668860297811
138,left,LAD,1.0,leaf3,2,True,True,0.5993626688882564,0.8122787595496078,0.2937602303866395,0.812278759556568,0.9859604114893631,0.9890614430458105,0.9840808522553848,1.3421527714583394,1.0613502200858997,0.8956601607173811,0.9313555088021553,0.0,1.0,53.74668860297811
138,left,LAD,1.0,leaf266,2,True,True,0.5993626688882564,0.8121818837809238,0.2937602303866395,0.8121818837830356,0.9859618533540268,0.9890614430458105,0.9840825051639902,1.3421527714583394,1.0613502200858997,0.8956763562172304,0.9313555088021553,0.0,1.0,53.74668860297811
138,left,LAD,1.0,apport,2,True,True,0.5993626688882564,0.8842711578483371,0.2937602303866395,0.8842711578549113,0.9848889021180655,0.9890614430458105,0.9828529474614198,1.3421527714583394,1.0613502200858997,0.8835226416917842,0.9313555088021553,0.0,1.0,53.74668860297811
138,left,LAD,1.0,origin,2,True,True,0.5993626688882564,0.8691877131358918,0.2937602303866395,0.869187713139294,0.9851133987697122,0.9890614430458105,0.9831101384627591,1.3421527714583394,1.0613502200858997,0.8860810474092875,0.9313555088021553,0.0,1.0,53.74668860297811
138,left,LAD,1.0,length,2,True,True,0.5993626688882564,0.9919547439599262,0.2937602303866395,0.9919547439615898,0.9832861777419742,0.9890614430458105,0.9810179310217327,1.3421527714583394,1.0613502200858997,0.8650862101372606,0.9313555088021553,0.0,1.0,53.74668860297811
138,right,RCA,0.5,share,2,True,True,1.1788786269728915,1.352273668177565,0.9840380326054556,1.3522736681805358,0.9798627068300657,0.9815932902367228,0.9802087694729498,1.2777594036904927,1.198911680510536,0.8116584260955081,0.81758698059706,1.0,1.0,187.10655157654753
138,right,RCA,0.5,leaf3,2,True,True,1.1788786269728915,1.352273668177565,0.9840380326054556,1.3522736681805358,0.9798627068300662,0.9815932902367228,0.9801040037930304,1.2777594036904927,1.198911680510536,0.8104598021306263,0.81758698059706,1.0,1.0,187.10655157654753
138,right,RCA,0.5,leaf266,2,True,True,1.1788786269728915,1.352273668177565,0.9840380326054556,1.3522736681805358,0.9798627068300662,0.9815932902367228,0.9801040538294645,1.2777594036904927,1.198911680510536,0.8104603743680405,0.81758698059706,1.0,1.0,187.10655157654753
138,right,RCA,0.5,apport,2,True,True,1.1788786269728915,1.3522736681803535,0.9840380326054556,1.3522736681830727,0.9798627068300292,0.9815932902367228,0.9801248382282844,1.2777594036904927,1.198911680510536,0.8106980925434364,0.81758698059706,1.0,1.0,187.10655157654753
138,right,RCA,0.5,origin,2,True,True,1.1788786269728915,1.352273668177565,0.9840380326054556,1.3522736681805358,0.9798627068300662,0.9815932902367228,0.9802087694729498,1.2777594036904927,1.198911680510536,0.8116584260954504,0.81758698059706,1.0,1.0,187.10655157654753
138,right,RCA,0.5,length,2,True,True,1.1788786269728915,1.352273668177565,0.9840380326054556,1.3522736681805358,0.9798627068300662,0.9815932902367228,0.9807446110391478,1.2777594036904927,1.198911680510536,0.8178031417488535,0.81758698059706,1.0,1.0,187.10655157654753
138,right,RCA,0.6,share,2,True,True,1.1788786269728915,1.3522736681784944,0.9840380326054556,1.3522736681811702,0.9798627068300538,0.9815932902367228,0.9793453328363164,1.2777594036904927,1.198911680510536,0.8018103306849745,0.81758698059706,1.0,1.0,163.95140336947256
138,right,RCA,0.6,leaf3,2,True,True,1.1788786269728915,1.352273668177565,0.9840380326054556,1.3522736681805358,0.9798627068300653,0.9815932902367228,0.979166561617122,1.2777594036904927,1.198911680510536,0.7997806126894739,0.81758698059706,1.0,1.0,163.95140336947256
138,right,RCA,0.6,leaf266,2,True,True,1.1788786269728915,1.352273668177565,0.9840380326054556,1.3522736681805358,0.9798627068300654,0.9815932902367228,0.9791670466568878,1.2777594036904927,1.198911680510536,0.7997861150718367,0.81758698059706,1.0,1.0,163.95140336947256
138,right,RCA,0.6,apport,2,True,True,1.1788786269728915,1.352273668177565,0.9840380326054556,1.3522736681805358,0.9798627068300699,0.9815932902367228,0.9792194376872827,1.2777594036904927,1.198911680510536,0.8003805980031248,0.81758698059706,1.0,1.0,163.95140336947256
138,right,RCA,0.6,origin,2,True,True,1.1788786269728915,1.3522736681784944,0.9840380326054556,1.3522736681811702,0.9798627068300538,0.9815932902367228,0.9793453328363164,1.2777594036904927,1.198911680510536,0.8018103306849745,0.81758698059706,1.0,1.0,163.95140336947256
138,right,RCA,0.6,length,2,True,True,1.1788786269728915,1.3522736681766354,0.9840380326054556,1.3522736681792675,0.9798627068300857,0.9815932902367228,0.9799101336290844,1.2777594036904927,1.198911680510536,0.8082443079826731,0.81758698059706,1.0,1.0,163.95140336947256
138,right,RCA,0.75,share,1,True,True,1.1788786269728915,1.352273668177565,0.9840380326054556,1.3522736681805358,0.9798627068300665,0.9815932902367228,0.9782431478598653,1.2777594036904927,1.198911680510536,0.789353821053792,0.81758698059706,0.0,1.0,128.47669806757705
138,right,RCA,0.75,leaf3,1,True,True,1.1788786269728915,1.352273668177565,0.9840380326054556,1.3522736681805358,0.9798627068300665,0.9815932902367228,0.9782431478598653,1.2777594036904927,1.198911680510536,0.789353821053792,0.81758698059706,0.0,1.0,128.47669806757705
138,right,RCA,0.75,leaf266,1,True,True,1.1788786269728915,1.352273668177565,0.9840380326054556,1.3522736681805358,0.9798627068300643,0.9815932902367228,0.9782431478598637,1.2777594036904927,1.198911680510536,0.7893538210535663,0.81758698059706,0.0,1.0,128.47669806757705
138,right,RCA,0.75,apport,1,True,True,1.1788786269728915,1.352273668177565,0.9840380326054556,1.3522736681805358,0.9798627068300643,0.9815932902367228,0.9782431478598637,1.2777594036904927,1.198911680510536,0.7893538210535663,0.81758698059706,0.0,1.0,128.47669806757705
138,right,RCA,0.75,origin,1,True,True,1.1788786269728915,1.352273668177565,0.9840380326054556,1.3522736681805358,0.9798627068300643,0.9815932902367228,0.9782431478598637,1.2777594036904927,1.198911680510536,0.7893538210535663,0.81758698059706,0.0,1.0,128.47669806757705
138,right,RCA,0.75,length,1,True,True,1.1788786269728915,1.352273668177565,0.9840380326054556,1.3522736681805358,0.9798627068300665,0.9815932902367228,0.9782431478598653,1.2777594036904927,1.198911680510536,0.7893538210536288,0.81758698059706,0.0,1.0,128.47669806757705
138,right,RCA,0.9,share,1,True,True,1.1788786269728915,1.352273668177565,0.9840380326054556,1.3522736681805358,0.9798627068300636,0.9815932902367228,0.9777647028203095,1.2777594036904927,1.198911680510536,0.7839924210883367,0.81758698059706,0.0,1.0,97.29425014860578
138,right,RCA,0.9,leaf3,1,True,True,1.1788786269728915,1.352273668177565,0.9840380326054556,1.3522736681805358,0.9798627068300636,0.9815932902367228,0.9777647028203095,1.2777594036904927,1.198911680510536,0.7839924210883367,0.81758698059706,0.0,1.0,97.29425014860578
138,right,RCA,0.9,leaf266,1,True,True,1.1788786269728915,1.352273668177565,0.9840380326054556,1.3522736681805358,0.9798627068300636,0.9815932902367228,0.9777647028203095,1.2777594036904927,1.198911680510536,0.7839924210883367,0.81758698059706,0.0,1.0,97.29425014860578
138,right,RCA,0.9,apport,1,True,True,1.1788786269728915,1.352273668177565,0.9840380326054556,1.3522736681805358,0.9798627068300636,0.9815932902367228,0.9777647028203095,1.2777594036904927,1.198911680510536,0.7839924210883367,0.81758698059706,0.0,1.0,97.29425014860578
138,right,RCA,0.9,origin,1,True,True,1.1788786269728915,1.352273668177565,0.9840380326054556,1.3522736681805358,0.9798627068300636,0.9815932902367228,0.9777647028203095,1.2777594036904927,1.198911680510536,0.7839924210883367,0.81758698059706,0.0,1.0,97.29425014860578
138,right,RCA,0.9,length,1,True,True,1.1788786269728915,1.352273668177565,0.9840380326054556,1.3522736681805358,0.9798627068300636,0.9815932902367228,0.9777647028203095,1.2777594036904927,1.198911680510536,0.7839924210883367,0.81758698059706,0.0,1.0,97.29425014860578
138,right,RCA,1.0,share,1,True,True,1.1788786269728915,1.352273668177565,0.9840380326054556,1.3522736681805358,0.9798627068300674,0.9815932902367228,0.9778447521415656,1.2777594036904927,1.198911680510536,0.7848873767165021,0.81758698059706,0.0,1.0,83.42394705924647
138,right,RCA,1.0,leaf3,1,True,True,1.1788786269728915,1.352273668177565,0.9840380326054556,1.3522736681805358,0.9798627068300674,0.9815932902367228,0.9778447521415613,1.2777594036904927,1.198911680510536,0.7848873767165492,0.81758698059706,0.0,1.0,83.42394705924647
138,right,RCA,1.0,leaf266,1,True,True,1.1788786269728915,1.352273668177565,0.9840380326054556,1.3522736681805358,0.9798627068300633,0.9815932902367228,0.9778447521415613,1.2777594036904927,1.198911680510536,0.7848873767165492,0.81758698059706,0.0,1.0,83.42394705924647
138,right,RCA,1.0,apport,1,True,True,1.1788786269728915,1.352273668177565,0.9840380326054556,1.3522736681805358,0.9798627068300674,0.9815932902367228,0.9778447521415656,1.2777594036904927,1.198911680510536,0.7848873767165021,0.81758698059706,0.0,1.0,83.42394705924647
138,right,RCA,1.0,origin,1,True,True,1.1788786269728915,1.352273668177565,0.9840380326054556,1.3522736681805358,0.9798627068300674,0.9815932902367228,0.9778447521415656,1.2777594036904927,1.198911680510536,0.7848873767165021,0.81758698059706,0.0,1.0,83.42394705924647
138,right,RCA,1.0,length,1,True,True,1.1788786269728915,1.352273668177565,0.9840380326054556,1.3522736681805358,0.9798627068300633,0.9815932902367228,0.9778447521415613,1.2777594036904927,1.198911680510536,0.7848873767165492,0.81758698059706,0.0,1.0,83.42394705924647
139,right,RCA,0.5,share,2,True,True,0.5909715547545078,0.5960567767940165,0.5846750039190021,0.5960567767932787,0.9784648695307615,0.978231640673929,0.9788429866640166,1.0162206061108896,1.0116956960470138,0.8479164111366845,0.8425328425851327,1.0,1.0,175.81755517628082
139,right,RCA,0.5,leaf3,2,True,True,0.5909715547545078,0.5960567767940165,0.5846750039190021,0.5960567767932787,0.9784648695307604,0.978231640673929,0.9790865199391497,1.0162206061108896,1.0116956960470138,0.8499623246001595,0.8425328425851327,1.0,1.0,175.81755517628082
139,right,RCA,0.5,leaf266,2,True,True,0.5909715547545078,0.5960567767940165,0.5846750039190021,0.5960567767932787,0.9784648695307615,0.978231640673929,0.9790573627532658,1.0162206061108896,1.0116956960470138,0.8497171112606443,0.8425328425851327,1.0,1.0,175.81755517628082
139,right,RCA,0.5,apport,2,True,True,0.5909715547545078,0.5960567767940165,0.5846750039190021,0.5960567767932787,0.9784648695307607,0.978231640673929,0.9788511052390779,1.0162206061108896,1.0116956960470138,0.8479844945515889,0.8425328425851327,1.0,1.0,175.81755517628082
139,right,RCA,0.5,origin,2,True,True,0.5909715547545078,0.5960567767940165,0.5846750039190021,0.5960567767935783,0.9784648695307598,0.978231640673929,0.9788429866640164,1.0162206061108896,1.0116956960470138,0.8479164111367782,0.8425328425851327,1.0,1.0,175.81755517628082
139,right,RCA,0.5,length,2,True,True,0.5909715547545078,0.5960567767940165,0.5846750039190021,0.5960567767932787,0.9784648695307627,0.978231640673929,0.9787188289180543,1.0162206061108896,1.0116956960470138,0.8468783173501808,0.8425328425851327,1.0,1.0,175.81755517628082
139,right,RCA,0.6,share,2,True,True,0.5909715547545078,0.5960567767940165,0.5846750039190021,0.5960567767932787,0.9784648695307632,0.978231640673929,0.9788521946791134,1.0162206061108896,1.0116956960470138,0.8480005529654908,0.8425328425851327,1.0,1.0,151.7799433339027
139,right,RCA,0.6,leaf3,2,True,True,0.5909715547545078,0.5960567767940165,0.5846750039190021,0.5960567767932787,0.9784648695307603,0.978231640673929,0.9788683613017042,1.0162206061108896,1.0116956960470138,0.8481359604669553,0.8425328425851327,1.0,1.0,151.7799433339027
139,right,RCA,0.6,leaf266,2,True,True,0.5909715547545078,0.5960567767955085,0.5846750039190021,0.596056776795076,0.9784648695307021,0.978231640673929,0.9788684863405137,1.0162206061108896,1.0116956960470138,0.8481370080752703,0.8425328425851327,1.0,1.0,151.7799433339027
139,right,RCA,0.6,apport,2,True,True,0.5909715547545078,0.5960567767940165,0.5846750039190021,0.5960567767935783,0.9784648695307592,0.978231640673929,0.9788528573245625,1.0162206061108896,1.0116956960470138,0.8480061014252787,0.8425328425851327,1.0,1.0,151.7799433339027
139,right,RCA,0.6,origin,2,True,True,0.5909715547545078,0.5960567767940165,0.5846750039190021,0.5960567767932787,0.9784648695307632,0.978231640673929,0.9788521946791134,1.0162206061108896,1.0116956960470138,0.8480005529654908,0.8425328425851327,1.0,1.0,151.7799433339027
139,right,RCA,0.6,length,2,True,True,0.5909715547545078,0.5960567767940165,0.5846750039190021,0.5960567767932787,0.978464869530762,0.978231640673929,0.9787468217618446,1.0162206061108896,1.0116956960470138,0.8471223618503748,0.8425328425851327,1.0,1.0,151.7799433339027
139,right,RCA,0.75,share,2,True,True,0.5909715547545078,0.5960567767940165,0.5846750039190021,0.5960567767932787,0.9784648695307606,0.978231640673929,0.9780552199147444,1.0162206061108896,1.0116956960470138,0.8411727206026881,0.8425328425851327,1.0,1.0,115.64899064341174
139,right,RCA,0.75,leaf3,2,True,True,0.5909715547545078,0.5960567767940165,0.5846750039190021,0.5960567767932787,0.9784648695307646,0.978231640673929,0.9780686366968119,1.0162206061108896,1.0116956960470138,0.8412827837974403,0.8425328425851327,1.0,1.0,115.64899064341174
139,right,RCA,0.75,leaf266,2,True,True,0.5909715547545078,0.5960567767945137,0.5846750039190021,0.5960567767935783,0.97846486953075,0.978231640673929,0.978068451106238,1.0162206061108896,1.0116956960470138,0.8412812611789444,0.8425328425851327,1.0,1.0,115.64899064341174
139,right,RCA,0.75,apport,2,True,True,0.5909715547545078,0.5960567767930218,0.5846750039190021,0.5960567767920807,0.9784648695308044,0.978231640673929,0.9780557723277915,1.0162206061108896,1.0116956960470138,0.8411772518156387,0.8425328425851327,1.0,1.0,115.64899064341174
139,right,RCA,0.75,origin,2,True,True,0.5909715547545078,0.5960567767940165,0.5846750039190021,0.5960567767932787,0.9784648695307606,0.978231640673929,0.9780552199147444,1.0162206061108896,1.0116956960470138,0.8411727206026881,0.8425328425851327,1.0,1.0,115.64899064341174
139,right,RCA,0.75,length,2,True,True,0.5909715547545078,0.596056776795011,0.5846750039190021,0.5960567767944769,0.9784648695307204,0.978231640673929,0.9779728430072934,1.0162206061108896,1.0116956960470138,0.840497970614497,0.8425328425851327,1.0,1.0,115.64899064341174
139,right,RCA,0.9,share,1,True,True,0.5909715547545078,0.5960567767940165,0.5846750039190021,0.5960567767932787,0.9784648695307668,0.978231640673929,0.9776320447985087,1.0162206061108896,1.0116956960470138,0.8376140577779364,0.8425328425851327,0.0,1.0,83.05615697759124
139,right,RCA,0.9,leaf3,1,True,True,0.5909715547545078,0.5960567767940165,0.5846750039190021,0.5960567767935783,0.9784648695307565,0.978231640673929,0.9776320447985087,1.0162206061108896,1.0116956960470138,0.8376140577779364,0.8425328425851327,0.0,1.0,83.05615697759124
139,right,RCA,0.9,leaf266,1,True,True,0.5909715547545078,0.5960567767940165,0.5846750039190021,0.5960567767932787,0.9784648695307668,0.978231640673929,0.9776320447985087,1.0162206061108896,1.0116956960470138,0.8376140577779364,0.8425328425851327,0.0,1.0,83.05615697759124
139,right,RCA,0.9,apport,1,True,True,0.5909715547545078,0.5960567767940165,0.5846750039190021,0.5960567767932787,0.9784648695307668,0.978231640673929,0.9776320447985087,1.0162206061108896,1.0116956960470138,0.8376140577779364,0.8425328425851327,0.0,1.0,83.05615697759124
139,right,RCA,0.9,origin,1,True,True,0.5909715547545078,0.5960567767940165,0.5846750039190021,0.5960567767932787,0.9784648695307668,0.978231640673929,0.9776320447985087,1.0162206061108896,1.0116956960470138,0.8376140577779364,0.8425328425851327,0.0,1.0,83.05615697759124
139,right,RCA,0.9,length,1,True,True,0.5909715547545078,0.5960567767940165,0.5846750039190021,0.5960567767935783,0.9784648695307565,0.978231640673929,0.9776320447985087,1.0162206061108896,1.0116956960470138,0.8376140577779364,0.8425328425851327,0.0,1.0,83.05615697759124
139,right,RCA,1.0,share,1,True,True,0.5909715547545078,0.5960567767940165,0.5846750039190021,0.5960567767932787,0.9784648695307668,0.978231640673929,0.9776320447985087,1.0162206061108896,1.0116956960470138,0.8376140577779364,0.8425328425851327,0.0,1.0,83.05615697759124
139,right,RCA,1.0,leaf3,1,True,True,0.5909715547545078,0.5960567767940165,0.5846750039190021,0.5960567767935783,0.9784648695307565,0.978231640673929,0.9776320447985087,1.0162206061108896,1.0116956960470138,0.8376140577779364,0.8425328425851327,0.0,1.0,83.05615697759124
139,right,RCA,1.0,leaf266,1,True,True,0.5909715547545078,0.5960567767940165,0.5846750039190021,0.5960567767932787,0.9784648695307668,0.978231640673929,0.9776320447985087,1.0162206061108896,1.0116956960470138,0.8376140577779364,0.8425328425851327,0.0,1.0,83.05615697759124
139,right,RCA,1.0,apport,1,True,True,0.5909715547545078,0.5960567767940165,0.5846750039190021,0.5960567767932787,0.9784648695307668,0.978231640673929,0.9776320447985087,1.0162206061108896,1.0116956960470138,0.8376140577779364,0.8425328425851327,0.0,1.0,83.05615697759124
139,right,RCA,1.0,origin,1,True,True,0.5909715547545078,0.5960567767940165,0.5846750039190021,0.5960567767932787,0.9784648695307668,0.978231640673929,0.9776320447985087,1.0162206061108896,1.0116956960470138,0.8376140577779364,0.8425328425851327,0.0,1.0,83.05615697759124
139,right,RCA,1.0,length,1,True,True,0.5909715547545078,0.5960567767940165,0.5846750039190021,0.5960567767935783,0.9784648695307565,0.978231640673929,0.9776320447985087,1.0162206061108896,1.0116956960470138,0.8376140577779364,0.8425328425851327,0.0,1.0,83.05615697759124
148,right,RCA,0.5,share,2,True,True,0.842502955456057,0.9205440353941235,0.7536883942427481,0.9205440353858243,0.9784910404729154,0.9778538969060842,0.9767795250879604,1.1382181186206386,1.0876768208945096,0.8170418992096011,0.8259186220755859,1.0,1.0,153.3617632067033
148,right,RCA,0.5,leaf3,2,True,True,0.842502955456057,0.9205440353928058,0.7536883942427481,0.9205440353849306,0.9784910404729366,0.9778538969060842,0.9768181726819987,1.1382181186206386,1.0876768208945096,0.8174119485419592,0.8259186220755859,1.0,1.0,153.3617632067033
148,right,RCA,0.5,leaf266,2,True,True,0.842502955456057,0.9205440353928058,0.7536883942427481,0.9205440353849306,0.9784910404729367,0.9778538969060842,0.9768165496016855,1.1382181186206386,1.0876768208945096,0.8173970677958008,0.8259186220755859,1.0,1.0,153.3617632067033
148,right,RCA,0.5,apport,2,True,True,0.842502955456057,0.9205440353928058,0.7536883942427481,0.9205440353849306,0.9784910404729369,0.9778538969060842,0.9767796353528622,1.1382181186206386,1.0876768208945096,0.8170531843278485,0.8259186220755859,1.0,1.0,153.3617632067033
148,right,RCA,0.5,origin,2,True,True,0.842502955456057,0.9205440353921468,0.7536883942427481,0.9205440353844837,0.9784910404729531,0.9778538969060842,0.9767795250879604,1.1382181186206386,1.0876768208945096,0.8170418992101027,0.8259186220755859,1.0,1.0,153.3617632067033
148,right,RCA,0.5,length,2,True,True,0.842502955456057,0.9205440353928058,0.7536883942427481,0.9205440353849306,0.9784910404729367,0.9778538969060842,0.9767811389697585,1.1382181186206386,1.0876768208945096,0.8170678697515709,0.8259186220755859,1.0,1.0,153.3617632067033
148,right,RCA,0.6,share,2,True,True,0.842502955456057,0.9205440353928058,0.7536883942427481,0.9205440353849306,0.9784910404729364,0.9778538969060842,0.9764096427854173,1.1382181186206386,1.0876768208945096,0.8136031015770493,0.8259186220755859,1.0,1.0,139.22513118271678
148,right,RCA,0.6,leaf3,2,True,True,0.842502955456057,0.9205440353928058,0.7536883942427481,0.9205440353849306,0.9784910404729373,0.9778538969060842,0.9765186615222521,1.1382181186206386,1.0876768208945096,0.8146320797760843,0.8259186220755859,1.0,1.0,139.22513118271678
148,right,RCA,0.6,leaf266,2,True,True,0.842502955456057,0.9205440353928058,0.7536883942427481,0.9205440353849306,0.9784910404729372,0.9778538969060842,0.9765189035415147,1.1382181186206386,1.0876768208945096,0.8146343184318119,0.8259186220755859,1.0,1.0,139.22513118271678
148,right,RCA,0.6,apport,2,True,True,0.842502955456057,0.9205440353928058,0.7536883942427481,0.9205440353849306,0.9784910404729374,0.9778538969060842,0.9764430051568261,1.1382181186206386,1.0876768208945096,0.8139250611771892,0.8259186220755859,1.0,1.0,139.22513118271678
148,right,RCA,0.6,origin,2,True,True,0.842502955456057,0.9205440353928058,0.7536883942427481,0.9205440353849306,0.9784910404729364,0.9778538969060842,0.9764096427854173,1.1382181186206386,1.0876768208945096,0.8136031015777118,0.8259186220755859,1.0,1.0,139.22513118271678
148,right,RCA,0.6,length,2,True,True,0.842502955456057,0.9205440353928058,0.7536883942427481,0.9205440353849306,0.9784910404729362,0.9778538969060842,0.9764570902880509,1.1382181186206386,1.0876768208945096,0.8140582075826244,0.8259186220755859,1.0,1.0,139.22513118271678
148,right,RCA,0.75,share,2,True,True,0.842502955456057,0.9205440353941235,0.7536883942427481,0.9205440353858243,0.9784910404729181,0.9778538969060842,0.9762422863386423,1.1382181186206386,1.0876768208945096,0.812054369407577,0.8259186220755859,1.0,1.0,118.04512905819952
148,right,RCA,0.75,leaf3,2,True,True,0.842502955456057,0.9205440353934646,0.7536883942427481,0.9205440353853774,0.9784910404729346,0.9778538969060842,0.9761485310859926,1.1382181186206386,1.0876768208945096,0.8111992116793607,0.8259186220755859,1.0,1.0,118.04512905819952
148,right,RCA,0.75,leaf266,2,True,True,0.842502955456057,0.9205440353934646,0.7536883942427481,0.9205440353853774,0.9784910404729324,0.9778538969060842,0.9761483847705945,1.1382181186206386,1.0876768208945096,0.8111978234215077,0.8259186220755859,1.0,1.0,118.04512905819952
148,right,RCA,0.75,apport,2,True,True,0.842502955456057,0.9205440353941235,0.7536883942427481,0.9205440353858243,0.9784910404729152,0.9778538969060842,0.9761958736062534,1.1382181186206386,1.0876768208945096,0.8116361260356214,0.8259186220755859,1.0,1.0,118.04512905819952
148,right,RCA,0.75,origin,2,True,True,0.842502955456057,0.9205440353941235,0.7536883942427481,0.9205440353858243,0.9784910404729181,0.9778538969060842,0.9762422863386423,1.1382181186206386,1.0876768208945096,0.812054369407577,0.8259186220755859,1.0,1.0,118.04512905819952
148,right,RCA,0.75,length,2,True,True,0.842502955456057,0.9205440353928058,0.7536883942427481,0.9205440353849306,0.9784910404729393,0.9778538969060842,0.9761828082111257,1.1382181186206386,1.0876768208945096,0.8115171266814368,0.8259186220755859,1.0,1.0,118.04512905819952
148,right,RCA,0.9,share,1,True,True,0.842502955456057,0.9205440353934646,0.7536883942427481,0.9205440353853774,0.9784910404729319,0.9778538969060842,0.9756040324085811,1.1382181186206386,1.0876768208945096,0.8063858845386729,0.8259186220755859,0.0,1.0,97.17055883763668
148,right,RCA,0.9,leaf3,1,True,True,0.842502955456057,0.9205440353934646,0.7536883942427481,0.9205440353853774,0.9784910404729319,0.9778538969060842,0.9756040324085811,1.1382181186206386,1.0876768208945096,0.8063858845386729,0.8259186220755859,0.0,1.0,97.17055883763668
148,right,RCA,0.9,leaf266,1,True,True,0.842502955456057,0.9205440353934646,0.7536883942427481,0.9205440353853774,0.9784910404729319,0.9778538969060842,0.9756040324085811,1.1382181186206386,1.0876768208945096,0.8063858845386729,0.8259186220755859,0.0,1.0,97.17055883763668
148,right,RCA,0.9,apport,1,True,True,0.842502955456057,0.9205440353934646,0.7536883942427481,0.9205440353853774,0.9784910404729319,0.9778538969060842,0.9756040324085811,1.1382181186206386,1.0876768208945096,0.8063858845386729,0.8259186220755859,0.0,1.0,97.17055883763668
148,right,RCA,0.9,origin,1,True,True,0.842502955456057,0.9205440353934646,0.7536883942427481,0.9205440353853774,0.9784910404729319,0.9778538969060842,0.9756040324085811,1.1382181186206386,1.0876768208945096,0.8063858845386729,0.8259186220755859,0.0,1.0,97.17055883763668
148,right,RCA,0.9,length,1,True,True,0.842502955456057,0.9205440353934646,0.7536883942427481,0.9205440353853774,0.9784910404729319,0.9778538969060842,0.9756040324085811,1.1382181186206386,1.0876768208945096,0.8063858845386729,0.8259186220755859,0.0,1.0,97.17055883763668
148,right,RCA,1.0,share,1,True,True,0.842502955456057,0.9205440353934646,0.7536883942427481,0.9205440353853774,0.9784910404729319,0.9778538969060842,0.9753591104636931,1.1382181186206386,1.0876768208945096,0.8041353633203754,0.8259186220755859,0.0,1.0,63.172636502967826
148,right,RCA,1.0,leaf3,1,True,True,0.842502955456057,0.9205440353934646,0.7536883942427481,0.9205440353853774,0.9784910404729319,0.9778538969060842,0.9753591104636931,1.1382181186206386,1.0876768208945096,0.8041353633203754,0.8259186220755859,0.0,1.0,63.172636502967826
148,right,RCA,1.0,leaf266,1,True,True,0.842502955456057,0.9205440353934646,0.7536883942427481,0.9205440353853774,0.9784910404729319,0.9778538969060842,0.9753591104636931,1.1382181186206386,1.0876768208945096,0.8041353633203754,0.8259186220755859,0.0,1.0,63.172636502967826
148,right,RCA,1.0,apport,1,True,True,0.842502955456057,0.9205440353934646,0.7536883942427481,0.9205440353853774,0.9784910404729319,0.9778538969060842,0.9753591104636931,1.1382181186206386,1.0876768208945096,0.8041353633203754,0.8259186220755859,0.0,1.0,63.172636502967826
148,right,RCA,1.0,origin,1,True,True,0.842502955456057,0.9205440353934646,0.7536883942427481,0.9205440353853774,0.9784910404729319,0.9778538969060842,0.9753591104636931,1.1382181186206386,1.0876768208945096,0.8041353633203754,0.8259186220755859,0.0,1.0,63.172636502967826
148,right,RCA,1.0,length,1,True,True,0.842502955456057,0.9205440353928058,0.7536883942427481,0.9205440353849306,0.9784910404729387,0.9778538969060842,0.9753591104637008,1.1382181186206386,1.0876768208945096,0.8041353633196825,0.8259186220755859,0.0,1.0,63.172636502967826
151,left,LAD,0.5,share,7,True,True,2.4623872015818207,3.46450559344753,1.6801681604725984,3.4645055934319715,0.976761408522388,0.9845999487827156,0.978600459130487,1.7565142472420336,1.5008140449276761,0.7602606861785257,0.8293376254498926,1.0,1.0,134.641274994893
151,left,LCX,0.5,share,7,True,True,2.4353898617742047,3.937051960015354,1.4948724747071667,3.214431468557965,0.9722902801187268,0.9848465647617736,0.9776059884710125,1.5417429362541195,1.5235606908832886,0.6648464070766704,0.7809693641525114,3.0,3.0,90.00954405565594
151,left,LAD,0.5,leaf3,7,True,True,2.4623872015818207,3.2881707387547525,1.6801681604725984,3.288170738748475,0.9768418085550645,0.9845999487827156,0.9794139008539325,1.7565142472420336,1.5008140449276761,0.7799756138512624,0.8293376254498926,1.0,1.0,134.641274994893
151,left,LCX,0.5,leaf3,7,True,True,2.4353898617742047,3.6219470677074694,1.4948724747071667,2.8582613046452714,0.9744261871356175,0.9848465647617736,0.9786990805594729,1.5417429362541195,1.5235606908832886,0.6809669892949515,0.7809693641525114,3.0,3.0,90.00954405565594
151,left,LAD,0.5,leaf266,7,True,True,2.4623872015818207,3.1752958169015355,1.6801681604725984,3.175295816890313,0.9774532042325588,0.9845999487827156,0.9797624561468556,1.7565142472420336,1.5008140449276761,0.7862984278350139,0.8293376254498926,1.0,1.0,134.641274994893
151,left,LCX,0.5,leaf266,7,True,True,2.4353898617742047,3.7257662481711256,1.4948724747071667,2.9223411363177485,0.9737993651171415,0.9848465647617736,0.9782310009952785,1.5417429362541195,1.5235606908832886,0.6731393838039288,0.7809693641525114,3.0,3.0,90.00954405565594
151,left,LAD,0.5,apport,7,True,True,2.4623872015818207,3.5501621905435283,1.6801681604725984,3.550162190554677,0.9759976799803357,0.9845999487827156,0.9784930297545887,1.7565142472420336,1.5008140449276761,0.759944099601458,0.8293376254498926,1.0,1.0,134.641274994893
151,left,LCX,0.5,apport,7,True,True,2.4353898617742047,3.6947032398546877,1.4948724747071667,3.016684261438742,0.973823026973407,0.9848465647617736,0.9783348636349339,1.5417429362541195,1.5235606908832886,0.6769891576579369,0.7809693641525114,3.0,3.0,90.00954405565594
151,left,LAD,0.5,origin,7,True,True,2.4623872015818207,2.927881076840483,1.6801681604725984,2.9278810768368375,0.978909037586355,0.9845999487827156,0.9805859183702222,1.7565142472420336,1.5008140449276761,0.799849773241414,0.8293376254498926,1.0,1.0,134.641274994893
151,left,LCX,0.5,origin,7,True,True,2.4353898617742047,4.0164583659653825,1.4948724747071667,2.8702703553852555,0.9723784842705628,0.9848465647617736,0.977799796013234,1.5417429362541195,1.5235606908832886,0.6600906187870667,0.7809693641525114,3.0,3.0,90.00954405565594
151,left,LAD,0.5,length,7,True,True,2.4623872015818207,2.0341572691809167,1.6801681604725984,2.0341572691779892,0.9830630012707686,0.9845999487827156,0.9847647976203047,1.7565142472420336,1.5008140449276761,0.8736939853719337,0.8293376254498926,1.0,1.0,134.641274994893
151,left,LCX,0.5,length,7,True,True,2.4353898617742047,4.463644156063208,1.4948724747071667,3.2064130733967566,0.9695917326305384,0.9848465647617736,0.9755502524365204,1.5417429362541195,1.5235606908832886,0.625782773598648,0.7809693641525114,3.0,3.0,90.00954405565594
151,left,LAD,0.6,share,7,True,True,2.4623872015818207,3.3913481535220096,1.6801681604725984,3.391348153520147,0.9772132836806511,0.9845999487827156,0.9789476608663791,1.7565142472420336,1.5008140449276761,0.7656550217781315,0.8293376254498926,1.0,1.0,134.641274994893
151,left,LCX,0.6,share,7,True,True,2.4353898617742047,4.034684674503682,1.4948724747071667,3.3114290803646327,0.9716477729371521,0.9848465647617736,0.9767838767334781,1.5417429362541195,1.5235606908832886,0.6525204814913238,0.7809693641525114,3.0,3.0,88.27788166388844
151,left,LAD,0.6,leaf3,7,True,True,2.4623872015818207,3.2844822013712296,1.6801681604725984,3.28448220136805,0.9771016101730203,0.9845999487827156,0.9791382674387976,1.7565142472420336,1.5008140449276761,0.7751314977360007,0.8293376254498926,1.0,1.0,134.641274994893
151,left,LCX,0.6,leaf3,7,True,True,2.4353898617742047,3.7561975608456692,1.4948724747071667,2.9186525197460473,0.9736480747049897,0.9848465647617736,0.9779701652209201,1.5417429362541195,1.5235606908832886,0.66870696710508,0.7809693641525114,3.0,3.0,88.27788166388844
151,left,LAD,0.6,leaf266,7,True,True,2.4623872015818207,3.180019714282564,1.6801681604725984,3.1800197142723134,0.9776566507415102,0.9845999487827156,0.9795216245109726,1.7565142472420336,1.5008140449276761,0.7818226661957289,0.8293376254498926,1.0,1.0,134.641274994893
151,left,LCX,0.6,leaf266,7,True,True,2.4353898617742047,3.8463925234181806,1.4948724747071667,2.9762546574910145,0.9731007221322887,0.9848465647617736,0.9775552830716129,1.5417429362541195,1.5235606908832886,0.6619370660674048,0.7809693641525114,3.0,3.0,88.27788166388844
151,left,LAD,0.6,apport,7,True,True,2.4623872015818207,3.5455662048589014,1.6801681604725984,3.5455662048624967,0.9761394697428195,0.9845999487827156,0.978227213859,1.7565142472420336,1.5008140449276761,0.7561529707969822,0.8293376254498926,1.0,1.0,134.641274994893
151,left,LCX,0.6,apport,7,True,True,2.4353898617742047,3.762713809702552,1.4948724747071667,3.057513771422931,0.9734140620507079,0.9848465647617736,0.9778549259429566,1.5417429362541195,1.5235606908832886,0.6692883997511948,0.7809693641525114,3.0,3.0,88.27788166388844
151,left,LAD,0.6,origin,7,True,True,2.4623872015818207,2.8444704000740506,1.6801681604725984,2.8444704000661933,0.9794474939402292,0.9845999487827156,0.9810131394544788,1.7565142472420336,1.5008140449276761,0.8064857216303623,0.8293376254498926,1.0,1.0,134.641274994893
151,left,LCX,0.6,origin,7,True,True,2.4353898617742047,4.140460587461064,1.4948724747071667,2.963504446896101,0.9716056990311249,0.9848465647617736,0.9768751071180454,1.5417429362541195,1.5235606908832886,0.645848797466633,0.7809693641525114,3.0,3.0,88.27788166388844
151,left,LAD,0.6,length,7,True,True,2.4623872015818207,1.9523092889195341,1.6801681604725984,1.9523092889228544,0.9836114527872137,0.9845999487827156,0.9851899136065788,1.7565142472420336,1.5008140449276761,0.8801880145487672,0.8293376254498926,1.0,1.0,134.641274994893
151,left,LCX,0.6,length,7,True,True,2.4353898617742047,4.596281457139034,1.4948724747071667,3.295780865563781,0.9687800885225626,0.9848465647617736,0.9746025920306922,1.5417429362541195,1.5235606908832886,0.6122093422032165,0.7809693641525114,3.0,3.0,88.27788166388844
151,left,LAD,0.75,share,7,True,True,2.4623872015818207,3.242257634048007,1.6801681604725984,3.242257634028634,0.9780352164128819,0.9845999487827156,0.9793657136543809,1.7565142472420336,1.5008140449276761,0.773951119264023,0.8293376254498926,1.0,1.0,134.641274994893
151,left,LCX,0.75,share,7,True,True,2.4353898617742047,4.179656221516931,1.4948724747071667,3.441989044767188,0.9707131803286825,0.9848465647617736,0.9754485630212987,1.5417429362541195,1.5235606908832886,0.6335577642606901,0.7809693641525114,3.0,3.0,68.76662566778175
151,left,LAD,0.75,leaf3,7,True,True,2.4623872015818207,2.716639096630251,1.6801681604725984,2.71663909662783,0.9801603385754083,0.9845999487827156,0.9811254140877069,1.7565142472420336,1.5008140449276761,0.8119006551192554,0.8293376254498926,1.0,1.0,134.641274994893
151,left,LCX,0.75,leaf3,7,True,True,2.4353898617742047,4.269187339077273,1.4948724747071667,3.182637442021066,0.9706268362586267,0.9848465647617736,0.9752115360723321,1.5417429362541195,1.5235606908832886,0.6253682296561007,0.7809693641525114,3.0,3.0,68.76662566778175
151,left,LAD,0.75,leaf266,7,True,True,2.4623872015818207,2.671193648361946,1.6801681604725984,2.6711936483627805,0.9803958183248218,0.9845999487827156,0.9813269816627146,1.7565142472420336,1.5008140449276761,0.815387730368187,0.8293376254498926,1.0,1.0,134.641274994893
151,left,LCX,0.75,leaf266,7,True,True,2.4353898617742047,4.30515983704162,1.4948724747071667,3.2091808172664624,0.9704033814687412,0.9848465647617736,0.9750326560704979,1.5417429362541195,1.5235606908832886,0.6227939290123097,0.7809693641525114,3.0,3.0,68.76662566778175
151,left,LAD,0.75,apport,7,True,True,2.4623872015818207,3.301078676743902,1.6801681604725984,3.301078676716837,0.9774743380917503,0.9845999487827156,0.9786493910624785,1.7565142472420336,1.5008140449276761,0.7662855458931297,0.8293376254498926,1.0,1.0,134.641274994893
151,left,LCX,0.75,apport,7,True,True,2.4353898617742047,3.9933610662090406,1.4948724747071667,3.1997558141552864,0.972021670994618,0.9848465647617736,0.9763317812733305,1.5417429362541195,1.5235606908832886,0.6458456676376916,0.7809693641525114,3.0,3.0,68.76662566778175
151,left,LAD,0.75,origin,7,True,True,2.4623872015818207,2.6681513237265846,1.6801681604725984,2.6681513237437278,0.9803337025543442,0.9845999487827156,0.9815206297221413,1.7565142472420336,1.5008140449276761,0.8184545715666998,0.8293376254498926,1.0,1.0,134.641274994893
151,left,LCX,0.75,origin,7,True,True,2.4353898617742047,4.265073245805222,1.4948724747071667,3.0118227316484054,0.970894617943291,0.9848465647617736,0.975756534887642,1.5417429362541195,1.5235606908832886,0.6290901742291165,0.7809693641525114,3.0,3.0,68.76662566778175
151,left,LAD,0.75,length,7,True,True,2.4623872015818207,1.7681861362610471,1.6801681604725984,1.7681861362440072,0.9843981161027486,0.9845999487827156,0.9856870427352276,1.7565142472420336,1.5008140449276761,0.8940488511791889,0.8293376254498926,1.0,1.0,134.641274994893
151,left,LCX,0.75,length,7,True,True,2.4353898617742047,4.650690523774662,1.4948724747071667,3.279384707715048,0.9685237419363485,0.9848465647617736,0.9737575461464743,1.5417429362541195,1.5235606908832886,0.6005061842487116,0.7809693641525114,3.0,3.0,68.76662566778175
151,left,LAD,0.9,share,5,True,True,2.4623872015818207,2.9815678279685836,1.6801681604725984,2.981567827953973,0.9794258368261322,0.9845999487827156,0.9795412276524372,1.7565142472420336,1.5008140449276761,0.7817584320798263,0.8293376254498926,0.0,1.0,126.34815174331015
151,left,LCX,0.9,share,5,True,True,2.4353898617742047,4.407740426229991,1.4948724747071667,3.646079307526587,0.9692446886775834,0.9848465647617736,0.9736914142111305,1.5417429362541195,1.5235606908832886,0.6101315000361608,0.7809693641525114,2.0,3.0,51.5316332306905
151,left,LAD,0.9,leaf3,5,True,True,2.4623872015818207,1.3479291371864515,1.6801681604725984,1.3479291371679456,0.9870290501344037,0.9845999487827156,0.987342705894799,1.7565142472420336,1.5008140449276761,0.923184353206511,0.8293376254498926,0.0,1.0,126.34815174331015
151,left,LCX,0.9,leaf3,5,True,True,2.4353898617742047,5.230705764655579,1.4948724747071667,3.788865859278436,0.9648031273088249,0.9848465647617736,0.9698017214176624,1.5417429362541195,1.5235606908832886,0.553322380654857,0.7809693641525114,2.0,3.0,51.5316332306905
151,left,LAD,0.9,leaf266,5,True,True,2.4623872015818207,1.369177813656956,1.6801681604725984,1.369177813671356,0.9868661451420658,0.9845999487827156,0.9871865563038368,1.7565142472420336,1.5008140449276761,0.9214449177841668,0.8293376254498926,0.0,1.0,126.34815174331015
151,left,LCX,0.9,leaf266,5,True,True,2.4353898617742047,5.185074593132857,1.4948724747071667,3.719454052102686,0.9651381807265597,0.9848465647617736,0.9701261895777572,1.5417429362541195,1.5235606908832886,0.5564509637306252,0.7809693641525114,2.0,3.0,51.5316332306905
151,left,LAD,0.9,apport,5,True,True,2.4623872015818207,2.505730191407041,1.6801681604725984,2.505730191407349,0.9815391675632159,0.9845999487827156,0.9817154550518254,1.7565142472420336,1.5008140449276761,0.8231153063738651,0.8293376254498926,0.0,1.0,126.34815174331015
151,left,LCX,0.9,apport,5,True,True,2.4353898617742047,4.592179387569769,1.4948724747071667,3.6242215869256413,0.9683270239859696,0.9848465647617736,0.9727973637794712,1.5417429362541195,1.5235606908832886,0.5955919716960123,0.7809693641525114,2.0,3.0,51.5316332306905
151,left,LAD,0.9,origin,5,True,True,2.4623872015818207,1.8485103312534674,1.6801681604725984,1.8485103312462823,0.98465272275276,0.9845999487827156,0.9849106787507231,1.7565142472420336,1.5008140449276761,0.881268239251466,0.8293376254498926,0.0,1.0,126.34815174331015
151,left,LCX,0.9,origin,5,True,True,2.4353898617742047,4.953135847053193,1.4948724747071667,3.6093178330069007,0.9664908667015656,0.9848465647617736,0.9713528435762018,1.5417429362541195,1.5235606908832886,0.5719442447614596,0.7809693641525114,2.0,3.0,51.5316332306905
151,left,LAD,0.9,length,5,True,True,2.4623872015818207,1.3590861206913272,1.6801681604725984,1.3590861206919909,0.9864587713516818,0.9845999487827156,0.9868338264926058,1.7565142472420336,1.5008140449276761,0.9218428416105344,0.8293376254498926,0.0,1.0,126.34815174331015
151,left,LCX,0.9,length,5,True,True,2.4353898617742047,4.94224889174952,1.4948724747071667,3.593667152983818,0.966569491947177,0.9848465647617736,0.9712864221253229,1.5417429362541195,1.5235606908832886,0.571467576434232,0.7809693641525114,2.0,3.0,51.5316332306905
151,left,LAD,1.0,share,4,True,True,2.4623872015818207,3.6679512629497615,1.6801681604725984,3.6679512629316595,0.9767861286513189,0.9845999487827156,0.9766564816890583,1.7565142472420336,1.5008140449276761,0.7247556586198416,0.8293376254498926,0.0,1.0,99.50338085637058
151,left,LCX,1.0,share,4,True,True,2.4353898617742047,4.364706152346521,1.4948724747071667,3.608152674617142,0.9695209213465285,0.9848465647617736,0.973413386299357,1.5417429362541195,1.5235606908832886,0.6077159382784025,0.7809693641525114,2.0,3.0,51.5316332306905
151,left,LAD,1.0,leaf3,4,True,True,2.4623872015818207,1.843676534784206,1.6801681604725984,1.8436765347724613,0.9869356822709453,0.9845999487827156,0.9868872999772709,1.7565142472420336,1.5008140449276761,0.8833702439516257,0.8293376254498926,0.0,1.0,99.50338085637058
151,left,LCX,1.0,leaf3,4,True,True,2.4353898617742047,6.188980880519501,1.4948724747071667,4.2327904330437,0.9592304312313321,0.9848465647617736,0.9647663383819726,1.5417429362541195,1.5235606908832886,0.4970469097975551,0.7809693641525114,2.0,3.0,51.5316332306905
151,left,LAD,1.0,leaf266,4,True,True,2.4623872015818207,1.8555008805115227,1.6801681604725984,1.8555008805182889,0.9868698962194957,0.9845999487827156,0.9868215151764984,1.7565142472420336,1.5008140449276761,0.8823271457412629,0.8293376254498926,0.0,1.0,99.50338085637058
151,left,LCX,1.0,leaf266,4,True,True,2.4353898617742047,6.177156534794778,1.4948724747071667,4.20739692835733,0.959327946684064,0.9848465647617736,0.9648612347768827,1.5417429362541195,1.5235606908832886,0.4977004980445667,0.7809693641525114,2.0,3.0,51.5316332306905
151,left,LAD,1.0,apport,4,True,True,2.4623872015818207,2.923794461777765,1.6801681604725984,2.9237944617739653,0.9809263270755231,0.9845999487827156,0.9808324542320477,1.7565142472420336,1.5008140449276761,0.7870044761053077,0.8293376254498926,0.0,1.0,99.50338085637058
151,left,LCX,1.0,apport,4,True,True,2.4353898617742047,5.108862953526886,1.4948724747071667,3.912996160089866,0.9652509860619574,0.9848465647617736,0.9698418433403208,1.5417429362541195,1.5235606908832886,0.5576210567434664,0.7809693641525114,2.0,3.0,51.5316332306905
151,left,LAD,1.0,origin,4,True,True,2.4623872015818207,2.2457731379151307,1.6801681604725984,2.245773137917216,0.9846985734786875,0.9845999487827156,0.9846304665340573,1.7565142472420336,1.5008140449276761,0.8474118649358591,0.8293376254498926,0.0,1.0,99.50338085637058
151,left,LCX,1.0,origin,4,True,True,2.4353898617742047,5.7868842773668145,1.4948724747071667,4.193722437300114,0.9613562376152843,0.9848465647617736,0.9664868533780288,1.5417429362541195,1.5235606908832886,0.517655182126101,0.7809693641525114,2.0,3.0,51.5316332306905
151,left,LAD,1.0,length,4,True,True,2.4623872015818207,1.7709892186772633,1.6801681604725984,1.7709892186604668,0.9873400861695923,0.9845999487827156,0.9872883418477894,1.7565142472420336,1.5008140449276761,0.8897495976304503,0.8293376254498926,0.0,1.0,99.50338085637058
151,left,LCX,1.0,length,4,True,True,2.4353898617742047,6.2616681966118675,1.4948724747071667,4.521540779776447,0.9584394693652606,0.9848465647617736,0.9639371431819272,1.5417429362541195,1.5235606908832886,0.4926703115855828,0.7809693641525114,2.0,3.0,51.5316332306905
151,right,RCA,0.5,share,2,True,True,2.8499225052090567,3.740427470851887,1.9471814068440922,3.7404274708402356,0.9814087974312293,0.9835750873953645,0.9823758711366094,1.7108302801808548,1.4926212941275638,0.7415131093117863,0.7660256165017206,1.0,1.0,133.40977471736184
151,right,RCA,0.5,leaf3,2,True,True,2.8499225052090567,3.740427470851887,1.9471814068440922,3.7404274708402356,0.9814087974312293,0.9835750873953645,0.9825156958922182,1.7108302801808548,1.4926212941275638,0.7438268702838089,0.7660256165017206,1.0,1.0,133.40977471736184
151,right,RCA,0.5,leaf266,2,True,True,2.8499225052090567,3.740427470848493,1.9471814068440922,3.740427470838689,0.9814087974312347,0.9835750873953645,0.9825295672218154,1.7108302801808548,1.4926212941275638,0.744056776221225,0.7660256165017206,1.0,1.0,133.40977471736184
151,right,RCA,0.5,apport,2,True,True,2.8499225052090567,3.740427470851887,1.9471814068440922,3.7404274708402356,0.9814087974312282,0.9835750873953645,0.9824928385547129,1.7108302801808548,1.4926212941275638,0.7434481735475521,0.7660256165017206,1.0,1.0,133.40977471736184
151,right,RCA,0.5,origin,2,True,True,2.8499225052090567,3.740427470851887,1.9471814068440922,3.7404274708402356,0.9814087974312294,0.9835750873953645,0.9823758711366074,1.7108302801808548,1.4926212941275638,0.741513109311854,0.7660256165017206,1.0,1.0,133.40977471736184
151,right,RCA,0.5,length,2,True,True,2.8499225052090567,3.740427470851887,1.9471814068440922,3.7404274708402356,0.9814087974312293,0.9835750873953645,0.9822430856674983,1.7108302801808548,1.4926212941275638,0.7393221372354615,0.7660256165017206,1.0,1.0,133.40977471736184
151,right,RCA,0.6,share,2,True,True,2.8499225052090567,3.740427470851887,1.9471814068440922,3.7404274708402356,0.9814087974312293,0.9835750873953645,0.9817104846824907,1.7108302801808548,1.4926212941275638,0.7305969192865548,0.7660256165017206,1.0,1.0,125.83541246172081
151,right,RCA,0.6,leaf3,2,True,True,2.8499225052090567,3.740427470851887,1.9471814068440922,3.7404274708402356,0.9814087974312293,0.9835750873953645,0.9820638395246709,1.7108302801808548,1.4926212941275638,0.7363743964500514,0.7660256165017206,1.0,1.0,125.83541246172081
151,right,RCA,0.6,leaf266,2,True,True,2.8499225052090567,3.740427470851887,1.9471814068440922,3.7404274708402356,0.9814087974312293,0.9835750873953645,0.9820617719593348,1.7108302801808548,1.4926212941275638,0.7363404612311186,0.7660256165017206,1.0,1.0,125.83541246172081
151,right,RCA,0.6,apport,2,True,True,2.8499225052090567,3.740427470851887,1.9471814068440922,3.7404274708402356,0.9814087974312294,0.9835750873953645,0.9820042182969609,1.7108302801808548,1.4926212941275638,0.7353964354325444,0.7660256165017206,1.0,1.0,125.83541246172081
151,right,RCA,0.6,origin,2,True,True,2.8499225052090567,3.740427470851887,1.9471814068440922,3.7404274708402356,0.9814087974312293,0.9835750873953645,0.9817104846824907,1.7108302801808548,1.4926212941275638,0.7305969192865548,0.7660256165017206,1.0,1.0,125.83541246172081
151,right,RCA,0.6,length,2,True,True,2.8499225052090567,3.740427470851887,1.9471814068440922,3.7404274708402356,0.981408797431229,0.9835750873953645,0.9815392366636561,1.7108302801808548,1.4926212941275638,0.7278131496177248,0.7660256165017206,1.0,1.0,125.83541246172081
151,right,RCA,0.75,share,1,True,True,2.8499225052090567,3.740427470851887,1.9471814068440922,3.7404274708402356,0.9814087974312292,0.9835750873953645,0.9808869714587825,1.7108302801808548,1.4926212941275638,0.717308586321663,0.7660256165017206,0.0,1.0,107.58580489328557
151,right,RCA,0.75,leaf3,1,True,True,2.8499225052090567,3.740427470851887,1.9471814068440922,3.7404274708402356,0.9814087974312292,0.9835750873953645,0.9808869714587825,1.7108302801808548,1.4926212941275638,0.717308586321663,0.7660256165017206,0.0,1.0,107.58580489328557
151,right,RCA,0.75,leaf266,1,True,True,2.8499225052090567,3.740427470851887,1.9471814068440922,3.7404274708402356,0.9814087974312297,0.9835750873953645,0.9808869714587825,1.7108302801808548,1.4926212941275638,0.717308586321663,0.7660256165017206,0.0,1.0,107.58580489328557
151,right,RCA,0.75,apport,1,True,True,2.8499225052090567,3.740427470851887,1.9471814068440922,3.7404274708402356,0.9814087974312297,0.9835750873953645,0.9808869714587825,1.7108302801808548,1.4926212941275638,0.717308586321663,0.7660256165017206,0.0,1.0,107.58580489328557
151,right,RCA,0.75,origin,1,True,True,2.8499225052090567,3.740427470851887,1.9471814068440922,3.7404274708402356,0.9814087974312292,0.9835750873953645,0.9808869714587825,1.7108302801808548,1.4926212941275638,0.717308586321663,0.7660256165017206,0.0,1.0,107.58580489328557
151,right,RCA,0.75,length,1,True,True,2.8499225052090567,3.740427470851887,1.9471814068440922,3.7404274708402356,0.9814087974312297,0.9835750873953645,0.9808869714587783,1.7108302801808548,1.4926212941275638,0.717308586321663,0.7660256165017206,0.0,1.0,107.58580489328557
151,right,RCA,0.9,share,1,True,True,2.8499225052090567,3.740427470851887,1.9471814068440922,3.7404274708402356,0.9814087974312288,0.9835750873953645,0.9806376668706623,1.7108302801808548,1.4926212941275638,0.713335357207086,0.7660256165017206,0.0,1.0,89.64009154593593
151,right,RCA,0.9,leaf3,1,True,True,2.8499225052090567,3.740427470851887,1.9471814068440922,3.7404274708402356,0.9814087974312297,0.9835750873953645,0.9806376668706623,1.7108302801808548,1.4926212941275638,0.713335357207086,0.7660256165017206,0.0,1.0,89.64009154593593
151,right,RCA,0.9,leaf266,1,True,True,2.8499225052090567,3.740427470851887,1.9471814068440922,3.7404274708402356,0.9814087974312288,0.9835750873953645,0.9806376668706623,1.7108302801808548,1.4926212941275638,0.713335357207086,0.7660256165017206,0.0,1.0,89.64009154593593
151,right,RCA,0.9,apport,1,True,True,2.8499225052090567,3.740427470851887,1.9471814068440922,3.7404274708402356,0.9814087974312288,0.9835750873953645,0.9806376668706623,1.7108302801808548,1.4926212941275638,0.713335357207086,0.7660256165017206,0.0,1.0,89.64009154593593
151,right,RCA,0.9,origin,1,True,True,2.8499225052090567,3.740427470851887,1.9471814068440922,3.7404274708402356,0.9814087974312288,0.9835750873953645,0.9806376668706623,1.7108302801808548,1.4926212941275638,0.713335357207086,0.7660256165017206,0.0,1.0,89.64009154593593
151,right,RCA,0.9,length,1,True,True,2.8499225052090567,3.740427470851887,1.9471814068440922,3.7404274708402356,0.9814087974312288,0.9835750873953645,0.9806376668706623,1.7108302801808548,1.4926212941275638,0.713335357207086,0.7660256165017206,0.0,1.0,89.64009154593593
151,right,RCA,1.0,share,1,True,True,2.8499225052090567,3.740427470851887,1.9471814068440922,3.7404274708402356,0.9814087974312292,0.9835750873953645,0.9807437782129081,1.7108302801808548,1.4926212941275638,0.715023633731307,0.7660256165017206,0.0,1.0,77.70258303723236
151,right,RCA,1.0,leaf3,1,True,True,2.8499225052090567,3.740427470851887,1.9471814068440922,3.7404274708402356,0.9814087974312292,0.9835750873953645,0.9807437782128999,1.7108302801808548,1.4926212941275638,0.715023633731307,0.7660256165017206,0.0,1.0,77.70258303723236
151,right,RCA,1.0,leaf266,1,True,True,2.8499225052090567,3.740427470851887,1.9471814068440922,3.7404274708402356,0.9814087974312292,0.9835750873953645,0.9807437782129081,1.7108302801808548,1.4926212941275638,0.715023633731307,0.7660256165017206,0.0,1.0,77.70258303723236
151,right,RCA,1.0,apport,1,True,True,2.8499225052090567,3.740427470848493,1.9471814068440922,3.7404274708402356,0.9814087974312313,0.9835750873953645,0.9807437782129115,1.7108302801808548,1.4926212941275638,0.7150236337312841,0.7660256165017206,0.0,1.0,77.70258303723236
151,right,RCA,1.0,origin,1,True,True,2.8499225052090567,3.740427470851887,1.9471814068440922,3.7404274708402356,0.9814087974312292,0.9835750873953645,0.9807437782129081,1.7108302801808548,1.4926212941275638,0.715023633731307,0.7660256165017206,0.0,1.0,77.70258303723236
151,right,RCA,1.0,length,1,True,True,2.8499225052090567,3.740427470848493,1.9471814068440922,3.7404274708402356,0.9814087974312313,0.9835750873953645,0.9807437782129115,1.7108302801808548,1.4926212941275638,0.7150236337312701,0.7660256165017206,0.0,1.0,77.70258303723236
175,right,RCA,0.5,share,2,True,True,0.6812784446015043,0.8123098102045094,0.5412128696369969,0.8123098102063209,0.9745355306195597,0.9717695545965618,0.9684447021212618,1.0646414267547581,0.9826429266440337,0.8079708818714745,0.8326400274437303,1.0,1.0,120.49720040747516
175,right,RCA,0.5,leaf3,2,True,True,0.6812784446015043,0.8123098102045094,0.5412128696369969,0.8123098102063209,0.9745355306195613,0.9717695545965618,0.9684004627327484,1.0646414267547581,0.9826429266440337,0.8076617461280268,0.8326400274437303,1.0,1.0,120.49720040747516
175,right,RCA,0.5,leaf266,2,True,True,0.6812784446015043,0.8123098102045094,0.5412128696369969,0.8123098102063209,0.9745355306195601,0.9717695545965618,0.9684020114344469,1.0646414267547581,0.9826429266440337,0.807672567103595,0.8326400274437303,1.0,1.0,120.49720040747516
175,right,RCA,0.5,apport,2,True,True,0.6812784446015043,0.8123098102045094,0.5412128696369969,0.8123098102063209,0.9745355306195601,0.9717695545965618,0.9684123156079959,1.0646414267547581,0.9826429266440337,0.8077445655873426,0.8326400274437303,1.0,1.0,120.49720040747516
175,right,RCA,0.5,origin,2,True,True,0.6812784446015043,0.8123098102045094,0.5412128696369969,0.8123098102063209,0.9745355306195633,0.9717695545965618,0.9684447021212618,1.0646414267547581,0.9826429266440337,0.8079708818714745,0.8326400274437303,1.0,1.0,120.49720040747516
175,right,RCA,0.5,length,2,True,True,0.6812784446015043,0.8123098102045094,0.5412128696369969,0.8123098102063209,0.9745355306195647,0.9717695545965618,0.9684521631576014,1.0646414267547581,0.9826429266440337,0.8080230240688516,0.8326400274437303,1.0,1.0,120.49720040747516
175,right,RCA,0.6,share,1,True,True,0.6812784446015043,0.8123098102045094,0.5412128696369969,0.8123098102063209,0.9745355306195613,0.9717695545965618,0.9680002597740979,1.0646414267547581,0.9826429266440337,0.8048680451262475,0.8326400274437303,0.0,1.0,110.20181015174177
175,right,RCA,0.6,leaf3,1,True,True,0.6812784446015043,0.8123098102045094,0.5412128696369969,0.8123098102063209,0.9745355306195597,0.9717695545965618,0.9680002597740961,1.0646414267547581,0.9826429266440337,0.8048680451267802,0.8326400274437303,0.0,1.0,110.20181015174177
175,right,RCA,0.6,leaf266,1,True,True,0.6812784446015043,0.8123098102045094,0.5412128696369969,0.8123098102063209,0.9745355306195597,0.9717695545965618,0.9680002597740961,1.0646414267547581,0.9826429266440337,0.8048680451267802,0.8326400274437303,0.0,1.0,110.20181015174177
175,right,RCA,0.6,apport,1,True,True,0.6812784446015043,0.8123098102045094,0.5412128696369969,0.8123098102063209,0.9745355306195613,0.9717695545965618,0.9680002597740979,1.0646414267547581,0.9826429266440337,0.8048680451262475,0.8326400274437303,0.0,1.0,110.20181015174177
175,right,RCA,0.6,origin,1,True,True,0.6812784446015043,0.8123098102045094,0.5412128696369969,0.8123098102063209,0.9745355306195613,0.9717695545965618,0.9680002597740979,1.0646414267547581,0.9826429266440337,0.8048680451262475,0.8326400274437303,0.0,1.0,110.20181015174177
175,right,RCA,0.6,length,1,True,True,0.6812784446015043,0.8123098102045094,0.5412128696369969,0.8123098102063209,0.9745355306195597,0.9717695545965618,0.9680002597740961,1.0646414267547581,0.9826429266440337,0.8048680451261117,0.8326400274437303,0.0,1.0,110.20181015174177
175,right,RCA,0.75,share,1,True,True,0.6812784446015043,0.8123098102045094,0.5412128696369969,0.8123098102063209,0.9745355306195609,0.9717695545965618,0.9669318619021452,1.0646414267547581,0.9826429266440337,0.7974366911693103,0.8326400274437303,0.0,1.0,91.14002149669798
175,right,RCA,0.75,leaf3,1,True,True,0.6812784446015043,0.8123098102049529,0.5412128696369969,0.8123098102067752,0.9745355306195574,0.9717695545965618,0.9669318619021398,1.0646414267547581,0.9826429266440337,0.7974366911689115,0.8326400274437303,0.0,1.0,91.14002149669798
175,right,RCA,0.75,leaf266,1,True,True,0.6812784446015043,0.8123098102045094,0.5412128696369969,0.8123098102063209,0.9745355306195609,0.9717695545965618,0.9669318619021452,1.0646414267547581,0.9826429266440337,0.7974366911693103,0.8326400274437303,0.0,1.0,91.14002149669798
175,right,RCA,0.75,apport,1,True,True,0.6812784446015043,0.8123098102045094,0.5412128696369969,0.8123098102063209,0.9745355306195609,0.9717695545965618,0.9669318619021452,1.0646414267547581,0.9826429266440337,0.7974366911693103,0.8326400274437303,0.0,1.0,91.14002149669798
175,right,RCA,0.75,origin,1,True,True,0.6812784446015043,0.8123098102045094,0.5412128696369969,0.8123098102063209,0.9745355306195609,0.9717695545965618,0.9669318619021452,1.0646414267547581,0.9826429266440337,0.7974366911693103,0.8326400274437303,0.0,1.0,91.14002149669798
175,right,RCA,0.75,length,1,True,True,0.6812784446015043,0.8123098102045094,0.5412128696369969,0.8123098102063209,0.9745355306195609,0.9717695545965618,0.9669318619021452,1.0646414267547581,0.9826429266440337,0.7974366911693103,0.8326400274437303,0.0,1.0,91.14002149669798
175,right,RCA,0.9,share,1,True,True,0.6812784446015043,0.8123098102049529,0.5412128696369969,0.8123098102067752,0.9745355306195589,0.9717695545965618,0.966441627014473,1.0646414267547581,0.9826429266440337,0.7940409667621333,0.8326400274437303,0.0,1.0,45.21101146273413
175,right,RCA,0.9,leaf3,1,True,True,0.6812784446015043,0.8123098102045094,0.5412128696369969,0.8123098102063209,0.9745355306195682,0.9717695545965618,0.966441627014473,1.0646414267547581,0.9826429266440337,0.794040966762485,0.8326400274437303,0.0,1.0,45.21101146273413
175,right,RCA,0.9,leaf266,1,True,True,0.6812784446015043,0.8123098102049529,0.5412128696369969,0.8123098102067752,0.9745355306195589,0.9717695545965618,0.9664416270144615,1.0646414267547581,0.9826429266440337,0.7940409667623991,0.8326400274437303,0.0,1.0,45.21101146273413
175,right,RCA,0.9,apport,1,True,True,0.6812784446015043,0.8123098102045094,0.5412128696369969,0.8123098102063209,0.9745355306195682,0.9717695545965618,0.966441627014473,1.0646414267547581,0.9826429266440337,0.7940409667624482,0.8326400274437303,0.0,1.0,45.21101146273413
175,right,RCA,0.9,origin,1,True,True,0.6812784446015043,0.8123098102049529,0.5412128696369969,0.8123098102067752,0.9745355306195589,0.9717695545965618,0.966441627014473,1.0646414267547581,0.9826429266440337,0.7940409667621333,0.8326400274437303,0.0,1.0,45.21101146273413
175,right,RCA,0.9,length,1,True,True,0.6812784446015043,0.8123098102049529,0.5412128696369969,0.8123098102067752,0.9745355306195589,0.9717695545965618,0.9664416270144615,1.0646414267547581,0.9826429266440337,0.7940409667623991,0.8326400274437303,0.0,1.0,45.21101146273413
175,right,RCA,1.0,share,1,False,True,0.6812784446015043,0.8123098102045094,0.5412128696369969,,,0.9717695545965618,,1.0646414267547581,0.9826429266440337,,,,,
175,right,RCA,1.0,leaf3,1,False,True,0.6812784446015043,0.8123098102053963,0.5412128696369969,,,0.9717695545965618,,1.0646414267547581,0.9826429266440337,,,,,
175,right,RCA,1.0,leaf266,1,False,True,0.6812784446015043,0.8123098102045094,0.5412128696369969,,,0.9717695545965618,,1.0646414267547581,0.9826429266440337,,,,,
175,right,RCA,1.0,apport,1,False,True,0.6812784446015043,0.8123098102045094,0.5412128696369969,,,0.9717695545965618,,1.0646414267547581,0.9826429266440337,,,,,
175,right,RCA,1.0,origin,1,False,True,0.6812784446015043,0.8123098102045094,0.5412128696369969,,,0.9717695545965618,,1.0646414267547581,0.9826429266440337,,,,,
175,right,RCA,1.0,length,1,False,True,0.6812784446015043,0.8123098102045094,0.5412128696369969,,,0.9717695545965618,,1.0646414267547581,0.9826429266440337,,,,,
196,left,LCX,0.5,share,3,True,True,0.6429005387865716,0.6429005387865716,0.4078223912685347,0.4436740130640567,0.9805554903465327,0.9841619715430909,0.9844000461272895,1.045849415564303,1.0490148157241508,0.8725321255180464,0.8696457284875333,2.0,2.0,86.30262240174287
196,left,LCX,0.5,leaf3,3,True,True,0.6429005387865716,0.6429005387848425,0.4078223912685347,0.3994359359228331,0.9807753067487724,0.9841619715430909,0.984588218487739,1.045849415564303,1.0490148157241508,0.8724341137099568,0.8696457284875333,2.0,2.0,86.30262240174287
196,left,LCX,0.5,leaf266,3,True,True,0.6429005387865716,0.6429005387865716,0.4078223912685347,0.4022716686277626,0.9807612161597832,0.9841619715430909,0.9845757186263754,1.045849415564303,1.0490148157241508,0.8724358303473333,0.8696457284875333,2.0,2.0,86.30262240174287
196,left,LCX,0.5,apport,3,True,True,0.6429005387865716,0.6429005387865716,0.4078223912685347,0.45375964435534255,0.9805053754381159,0.9841619715430909,0.9843564714230725,1.045849415564303,1.0490148157241508,0.8725493939594166,0.8696457284875333,2.0,2.0,86.30262240174287
196,left,LCX,0.5,origin,3,True,True,0.6429005387865716,0.6429005387874361,0.4078223912685347,0.3879002790196294,0.9808326267490571,0.9841619715430909,0.9846421725648894,1.045849415564303,1.0490148157241508,0.8724577382622793,0.8696457284875333,2.0,2.0,86.30262240174287
196,left,LCX,0.5,length,3,True,True,0.6429005387865716,0.6429005387874361,0.4078223912685347,0.45665437381187496,0.9804909916977543,0.9841619715430909,0.9843706707349128,1.045849415564303,1.0490148157241508,0.8728137832063101,0.8696457284875333,2.0,2.0,86.30262240174287
196,left,LCX,0.6,share,3,True,True,0.6429005387865716,0.6429005387865716,0.4078223912685347,0.44645320418302925,0.9805416807094002,0.9841619715430909,0.9843276111659066,1.045849415564303,1.0490148157241508,0.8719518306178979,0.8696457284875333,2.0,2.0,69.3435272196905
196,left,LCX,0.6,leaf3,3,True,True,0.6429005387865716,0.6429005387874361,0.4078223912685347,0.42737849115373977,0.9806364618359865,0.9841619715430909,0.98441267859252,1.045849415564303,1.0490148157241508,0.8719465302163906,0.8696457284875333,2.0,2.0,69.3435272196905
196,left,LCX,0.6,leaf266,3,True,True,0.6429005387865716,0.6429005387865716,0.4078223912685347,0.4272969615576861,0.9806368669517778,0.9841619715430909,0.9844130520413311,1.045849415564303,1.0490148157241508,0.8719466075627845,0.8696457284875333,2.0,2.0,69.3435272196905
196,left,LCX,0.6,apport,3,True,True,0.6429005387865716,0.6429005387848425,0.4078223912685347,0.45653840227746395,0.9804915679535581,0.9841619715430909,0.9842826565930304,1.045849415564303,1.0490148157241508,0.8719556582006904,0.8696457284875333,2.0,2.0,69.3435272196905
196,left,LCX,0.6,origin,3,True,True,0.6429005387865716,0.6429005387874361,0.4078223912685347,0.38988571165087643,0.9808227612511479,0.9841619715430909,0.9845873150641896,1.045849415564303,1.0490148157241508,0.872014115256246,0.8696457284875333,2.0,2.0,69.3435272196905
196,left,LCX,0.6,length,3,True,True,0.6429005387865716,0.6429005387904618,0.4078223912685347,0.460245028346705,0.9804731499465701,0.9841619715430909,0.9842843757493915,1.045849415564303,1.0490148157241508,0.8721344080895913,0.8696457284875333,2.0,2.0,69.3435272196905
196,left,LCX,0.75,share,3,True,True,0.6429005387865716,0.6429005387865716,0.4078223912685347,0.4476003060088295,0.9805359808279205,0.9841619715430909,0.9840332888728452,1.045849415564303,1.0490148157241508,0.8690395225541729,0.8696457284875333,2.0,2.0,44.47068446095294
196,left,LCX,0.75,leaf3,3,True,True,0.6429005387865716,0.6429005387857071,0.4078223912685347,0.4275485907631848,0.9806356166210869,0.9841619715430909,0.9841343685197754,1.045849415564303,1.0490148157241508,0.869125519553437,0.8696457284875333,2.0,2.0,44.47068446095294
196,left,LCX,0.75,leaf266,3,True,True,0.6429005387865716,0.6429005387861393,0.4078223912685347,0.4275403212179563,0.9806356577119585,0.9841619715430909,0.9841344084460287,1.045849415564303,1.0490148157241508,0.8691255379235552,0.8696457284875333,2.0,2.0,44.47068446095294
196,left,LCX,0.75,apport,3,True,True,0.6429005387865716,0.6429005387861393,0.4078223912685347,0.4578132795170135,0.980485233163533,0.9841619715430909,0.9839819855436478,1.045849415564303,1.0490148157241508,0.8689975307644691,0.8696457284875333,2.0,2.0,44.47068446095294
196,left,LCX,0.75,origin,3,True,True,0.6429005387865716,0.6429005387874361,0.4078223912685347,0.390057681555346,0.9808219067428015,0.9841619715430909,0.984323335404433,1.045849415564303,1.0490148157241508,0.8692865068966497,0.8696457284875333,2.0,2.0,44.47068446095294
196,left,LCX,0.75,length,3,True,True,0.6429005387865716,0.6429005387900295,0.4078223912685347,0.4619054125016407,0.9804648995954247,0.9841619715430909,0.9839601139564917,1.045849415564303,1.0490148157241508,0.8689679168909428,0.8696457284875333,2.0,2.0,44.47068446095294
196,left,LCX,0.9,share,1,True,True,0.6429005387865716,0.6429005387861393,0.4078223912685347,0.64290053878941,0.9795655454633571,0.9841619715430909,0.9830649891087568,1.045849415564303,1.0490148157241508,0.8683677120122026,0.8696457284875333,0.0,2.0,41.03444865969984
196,left,LCX,0.9,leaf3,1,True,True,0.6429005387865716,0.6429005387865716,0.4078223912685347,0.64290053878941,0.9795655454633517,0.9841619715430909,0.9830649891087568,1.045849415564303,1.0490148157241508,0.8683677120122026,0.8696457284875333,0.0,2.0,41.03444865969984
196,left,LCX,0.9,leaf266,1,True,True,0.6429005387865716,0.6429005387865716,0.4078223912685347,0.64290053878941,0.9795655454633517,0.9841619715430909,0.9830649891087568,1.045849415564303,1.0490148157241508,0.8683677120122026,0.8696457284875333,0.0,2.0,41.03444865969984
196,left,LCX,0.9,apport,1,True,True,0.6429005387865716,0.6429005387865716,0.4078223912685347,0.64290053878941,0.9795655454633517,0.9841619715430909,0.9830649891087568,1.045849415564303,1.0490148157241508,0.8683677120122026,0.8696457284875333,0.0,2.0,41.03444865969984
196,left,LCX,0.9,origin,1,True,True,0.6429005387865716,0.6429005387865716,0.4078223912685347,0.64290053878941,0.9795655454633517,0.9841619715430909,0.9830649891087568,1.045849415564303,1.0490148157241508,0.8683677120122026,0.8696457284875333,0.0,2.0,41.03444865969984
196,left,LCX,0.9,length,1,True,True,0.6429005387865716,0.6429005387865716,0.4078223912685347,0.64290053878941,0.9795655454633517,0.9841619715430909,0.9830649891087568,1.045849415564303,1.0490148157241508,0.8683677120122026,0.8696457284875333,0.0,2.0,41.03444865969984
196,left,LCX,1.0,share,1,True,True,0.6429005387865716,0.6429005387861393,0.4078223912685347,0.6429005387890313,0.979565545463363,0.9841619715430909,0.9830237355814118,1.045849415564303,1.0490148157241508,0.8679663406844488,0.8696457284875333,0.0,2.0,27.715484058035035
196,left,LCX,1.0,leaf3,1,True,True,0.6429005387865716,0.6429005387861393,0.4078223912685347,0.6429005387890313,0.979565545463363,0.9841619715430909,0.9830237355814118,1.045849415564303,1.0490148157241508,0.8679663406844488,0.8696457284875333,0.0,2.0,27.715484058035035
196,left,LCX,1.0,leaf266,1,True,True,0.6429005387865716,0.6429005387861393,0.4078223912685347,0.6429005387890313,0.979565545463363,0.9841619715430909,0.9830237355814118,1.045849415564303,1.0490148157241508,0.8679663406844488,0.8696457284875333,0.0,2.0,27.715484058035035
196,left,LCX,1.0,apport,1,True,True,0.6429005387865716,0.6429005387865716,0.4078223912685347,0.64290053878941,0.9795655454633531,0.9841619715430909,0.9830237355814038,1.045849415564303,1.0490148157241508,0.8679663406849073,0.8696457284875333,0.0,2.0,27.715484058035035
196,left,LCX,1.0,origin,1,True,True,0.6429005387865716,0.6429005387865716,0.4078223912685347,0.64290053878941,0.9795655454633531,0.9841619715430909,0.9830237355814038,1.045849415564303,1.0490148157241508,0.8679663406849073,0.8696457284875333,0.0,2.0,27.715484058035035
196,left,LCX,1.0,length,1,True,True,0.6429005387865716,0.6429005387861393,0.4078223912685347,0.6429005387890313,0.979565545463363,0.9841619715430909,0.9830237355814118,1.045849415564303,1.0490148157241508,0.8679663406844488,0.8696457284875333,0.0,2.0,27.715484058035035
211,left,LAD,0.5,share,5,True,True,0.35604106200714436,0.7501719378312246,0.3340888178927941,0.7501719378352302,0.9678126570709895,0.9798391173262591,0.9678725209596942,1.0269103784930005,1.0060336474357927,0.7996546163887139,0.9096701935211238,1.0,1.0,157.28064407097892
211,left,LAD,0.5,leaf3,5,True,True,0.35604106200714436,0.5087427659547485,0.3340888178927941,0.5087427659596342,0.974338656146251,0.9798391173262591,0.9739195623896735,1.0269103784930005,1.0060336474357927,0.8656051983989138,0.9096701935211238,1.0,1.0,157.28064407097892
211,left,LAD,0.5,leaf266,5,True,True,0.35604106200714436,0.5194438411590263,0.3340888178927941,0.5194438411667769,0.9740322164521535,0.9798391173262591,0.9736188003478562,1.0269103784930005,1.0060336474357927,0.8625568598317112,0.9096701935211238,1.0,1.0,157.28064407097892
211,left,LAD,0.5,apport,5,True,True,0.35604106200714436,0.6290664101066354,0.3340888178927941,0.6290664101102152,0.9710270102558075,0.9798391173262591,0.9707305850760424,1.0269103784930005,1.0060336474357927,0.8316208763436242,0.9096701935211238,1.0,1.0,157.28064407097892
211,left,LAD,0.5,origin,5,True,True,0.35604106200714436,0.5955677027083359,0.3340888178927941,0.5955677027118454,0.9724894968674206,0.9798391173262591,0.97233034045164,1.0269103784930005,1.0060336474357927,0.8429978847400277,0.9096701935211238,1.0,1.0,157.28064407097892
211,left,LAD,0.5,length,5,True,True,0.35604106200714436,0.6576469161954939,0.3340888178927941,0.6576469161993601,0.9703914663689808,0.9798391173262591,0.9705850523374023,1.0269103784930005,1.0060336474357927,0.8276180810368648,0.9096701935211238,1.0,1.0,157.28064407097892
211,left,LAD,0.6,share,5,True,True,0.35604106200714436,0.774523970546972,0.3340888178927941,0.7745239705499689,0.9671404366215985,0.9798391173262591,0.9671056507054321,1.0269103784930005,1.0060336474357927,0.7918771110937922,0.9096701935211238,1.0,1.0,126.58291673957689
211,left,LAD,0.6,leaf3,5,True,True,0.35604106200714436,0.5570206930692775,0.3340888178927941,0.5570206930723554,0.9730124908350956,0.9798391173262591,0.9725869530199092,1.0269103784930005,1.0060336474357927,0.8515477261577405,0.9096701935211238,1.0,1.0,126.58291673957689
211,left,LAD,0.6,leaf266,5,True,True,0.35604106200714436,0.5653787784636888,0.3340888178927941,0.5653787784685105,0.9727708057726094,0.9798391173262591,0.9723519502123009,1.0269103784930005,1.0060336474357927,0.8491703626039875,0.9096701935211238,1.0,1.0,126.58291673957689
211,left,LAD,0.6,apport,5,True,True,0.35604106200714436,0.6557291193994252,0.3340888178927941,0.6557291194046886,0.9703574336522373,0.9798391173262591,0.9700424644794359,1.0269103784930005,1.0060336474357927,0.8237597973996428,0.9096701935211238,1.0,1.0,126.58291673957689
211,left,LAD,0.6,origin,5,True,True,0.35604106200714436,0.6136418087896645,0.3340888178927941,0.6136418087949251,0.9719842366798572,0.9798391173262591,0.9717437039811585,1.0269103784930005,1.0060336474357927,0.8370180528105199,0.9096701935211238,1.0,1.0,126.58291673957689
211,left,LAD,0.6,length,5,True,True,0.35604106200714436,0.6902516216427158,0.3340888178927941,0.6902516216432919,0.9694910647378291,0.9798391173262591,0.9695921678804552,1.0269103784930005,1.0060336474357927,0.8173410252469896,0.9096701935211238,1.0,1.0,126.58291673957689
211,left,LAD,0.75,share,2,True,True,0.35604106200714436,1.0672126525992103,0.3340888178927941,1.0672126526037549,0.9604751049212471,0.9798391173262591,0.959657447196249,1.0269103784930005,1.0060336474357927,0.7067426627426057,0.9096701935211238,0.0,1.0,62.571188725793924
211,left,LAD,0.75,leaf3,2,True,True,0.35604106200714436,0.8548779882643177,0.3340888178927941,0.8548779882634445,0.9668989116583327,0.9798391173262591,0.9662018118574878,1.0269103784930005,1.0060336474357927,0.7639501669333454,0.9096701935211238,0.0,1.0,62.571188725793924
211,left,LAD,0.75,leaf266,2,True,True,0.35604106200714436,0.8548840840209816,0.3340888178927941,0.854884084026918,0.966898727242035,0.9798391173262591,0.9662016222694193,1.0269103784930005,1.0060336474357927,0.7639484446002437,0.9096701935211238,0.0,1.0,62.571188725793924
211,left,LAD,0.75,apport,2,True,True,0.35604106200714436,1.0067232575591492,0.3340888178927941,1.0067232575623764,0.9623051037327818,0.9798391173262591,0.961509707822088,1.0269103784930005,1.0060336474357927,0.7224483643889044,0.9096701935211238,0.0,1.0,62.571188725793924
211,left,LAD,0.75,origin,2,True,True,0.35604106200714436,0.7280689038561593,0.3340888178927941,0.7280689038626077,0.9707352944424503,0.9798391173262591,0.9701672238555205,1.0269103784930005,1.0060336474357927,0.8006242571098237,0.9096701935211238,0.0,1.0,62.571188725793924
211,left,LAD,0.75,length,2,True,True,0.35604106200714436,0.9183949778831466,0.3340888178927941,0.9183949778872914,0.9649773183701097,0.9798391173262591,0.9642316861758718,1.0269103784930005,1.0060336474357927,0.746241121436513,0.9096701935211238,0.0,1.0,62.571188725793924
211,left,LAD,0.9,share,2,True,True,0.35604106200714436,1.0353784073054402,0.3340888178927941,1.0353784073070482,0.9614381932612254,0.9798391173262591,0.9597204575446997,1.0269103784930005,1.0060336474357927,0.709075949868037,0.9096701935211238,0.0,1.0,52.955715948586736
211,left,LAD,0.9,leaf3,2,True,True,0.35604106200714436,0.8943657446290001,0.3340888178927941,0.8943657446338367,0.9657042799849089,0.9798391173262591,0.9641748201606977,1.0269103784930005,1.0060336474357927,0.7481236200663843,0.9096701935211238,0.0,1.0,52.955715948586736
211,left,LAD,0.9,leaf266,2,True,True,0.35604106200714436,0.8835238266277301,0.3340888178927941,0.8835238266312624,0.9660322828860335,0.9798391173262591,0.9645175594762874,1.0269103784930005,1.0060336474357927,0.7512284827401688,0.9096701935211238,0.0,1.0,52.955715948586736
211,left,LAD,0.9,apport,2,True,True,0.35604106200714436,1.012789101198026,0.3340888178927941,1.012789101201509,0.9621215924471925,0.9798391173262591,0.9604335945279173,1.0269103784930005,1.0060336474357927,0.7151581709516479,0.9096701935211238,0.0,1.0,52.955715948586736
211,left,LAD,0.9,origin,2,True,True,0.35604106200714436,0.7580912255230764,0.3340888178927941,0.7580912255258418,0.9698270226217186,0.9798391173262591,0.9684855030913533,1.0269103784930005,1.0060336474357927,0.7880848554787714,0.9096701935211238,0.0,1.0,52.955715948586736
211,left,LAD,0.9,length,2,True,True,0.35604106200714436,0.8886736389875425,0.3340888178927941,0.8886736389884416,0.9658764844937566,0.9798391173262591,0.9643547567730448,1.0269103784930005,1.0060336474357927,0.7497519690688185,0.9096701935211238,0.0,1.0,52.955715948586736
211,left,LAD,1.0,share,2,True,True,0.35604106200714436,1.041724942794211,0.3340888178927941,1.0417249427983388,0.9612461901440653,0.9798391173262591,0.9593969130093176,1.0269103784930005,1.0060336474357927,0.7064895046430083,0.9096701935211238,0.0,1.0,27.31340936745712
211,left,LAD,1.0,leaf3,2,True,True,0.35604106200714436,0.79912846795637,0.3340888178927941,0.7991284679575383,0.9685855140096753,0.9798391173262591,0.967107351015375,1.0269103784930005,1.0060336474357927,0.775263546915529,0.9096701935211238,0.0,1.0,27.31340936745712
211,left,LAD,1.0,leaf266,2,True,True,0.35604106200714436,0.7993390222302489,0.3340888178927941,0.7993390222342336,0.9685791440654666,0.9798391173262591,0.9671006571233588,1.0269103784930005,1.0060336474357927,0.7752009231942245,0.9096701935211238,0.0,1.0,27.31340936745712
211,left,LAD,1.0,apport,2,True,True,0.35604106200714436,1.0028664231577586,0.3340888178927941,1.002866423160374,0.9624217853819638,0.9798391173262591,0.9606316671137013,1.0269103784930005,1.0060336474357927,0.7170099587550789,0.9096701935211238,0.0,1.0,27.31340936745712
211,left,LAD,1.0,origin,2,True,True,0.35604106200714436,0.7602732430591134,0.3340888178927941,0.7602732430615272,0.9697610095710846,0.9798391173262591,0.9683426827269224,1.0269103784930005,1.0060336474357927,0.7868920778958167,0.9096701935211238,0.0,1.0,27.31340936745712
211,left,LAD,1.0,length,2,True,True,0.35604106200714436,0.8930210368256806,0.3340888178927941,0.8930210368300135,0.9657449617222813,0.9798391173262591,0.9641226608775417,1.0269103784930005,1.0060336474357927,0.7478047642581939,0.9096701935211238,0.0,1.0,27.31340936745712
211,right,RCA,0.5,share,2,True,True,0.9273069299526574,0.9942052287976366,0.8476990464695464,0.9942052287944331,0.9800515666301848,0.9792919110694172,0.9782974917711311,1.18307220163328,1.1497621656255181,0.821284813821629,0.8308388370847162,1.0,1.0,133.7420210291431
211,right,RCA,0.5,leaf3,2,True,True,0.9273069299526574,0.9942052287960014,0.8476990464695464,0.9942052287932017,0.9800515666302009,0.9792919110694172,0.9784830657251963,1.18307220163328,1.1497621656255181,0.8231297462873022,0.8308388370847162,1.0,1.0,133.7420210291431
211,right,RCA,0.5,leaf266,2,True,True,0.9273069299526574,0.9942052287968189,0.8476990464695464,0.9942052287938176,0.9800515666301975,0.9792919110694172,0.9784730364923696,1.18307220163328,1.1497621656255181,0.8230300057356168,0.8308388370847162,1.0,1.0,133.7420210291431
211,right,RCA,0.5,apport,2,True,True,0.9273069299526574,0.9942052287976366,0.8476990464695464,0.9942052287944331,0.9800515666301804,0.9792919110694172,0.9783748586513321,1.18307220163328,1.1497621656255181,0.8220538213716476,0.8308388370847162,1.0,1.0,133.7420210291431
211,right,RCA,0.5,origin,2,True,True,0.9273069299526574,0.9942052287976366,0.8476990464695464,0.9942052287944331,0.9800515666301848,0.9792919110694172,0.9782974917711311,1.18307220163328,1.1497621656255181,0.8212848138202974,0.8308388370847162,1.0,1.0,133.7420210291431
211,right,RCA,0.5,length,2,True,True,0.9273069299526574,0.9942052287968189,0.8476990464695464,0.9942052287944331,0.9800515666301859,0.9792919110694172,0.9783510798571715,1.18307220163328,1.1497621656255181,0.8218174419183766,0.8308388370847162,1.0,1.0,133.7420210291431
211,right,RCA,0.6,share,2,True,True,0.9273069299526574,0.9942052287976366,0.8476990464695464,0.9942052287944331,0.9800515666301848,0.9792919110694172,0.9782974917711311,1.18307220163328,1.1497621656255181,0.821284813821629,0.8308388370847162,1.0,1.0,133.7420210291431
211,right,RCA,0.6,leaf3,2,True,True,0.9273069299526574,0.9942052287960014,0.8476990464695464,0.9942052287932017,0.9800515666302009,0.9792919110694172,0.9784830657251963,1.18307220163328,1.1497621656255181,0.8231297462873022,0.8308388370847162,1.0,1.0,133.7420210291431
211,right,RCA,0.6,leaf266,2,True,True,0.9273069299526574,0.9942052287968189,0.8476990464695464,0.9942052287938176,0.9800515666301975,0.9792919110694172,0.9784730364923696,1.18307220163328,1.1497621656255181,0.8230300057356168,0.8308388370847162,1.0,1.0,133.7420210291431
211,right,RCA,0.6,apport,2,True,True,0.9273069299526574,0.9942052287976366,0.8476990464695464,0.9942052287944331,0.9800515666301804,0.9792919110694172,0.9783748586513321,1.18307220163328,1.1497621656255181,0.8220538213716476,0.8308388370847162,1.0,1.0,133.7420210291431
211,right,RCA,0.6,origin,2,True,True,0.9273069299526574,0.9942052287976366,0.8476990464695464,0.9942052287944331,0.9800515666301848,0.9792919110694172,0.9782974917711311,1.18307220163328,1.1497621656255181,0.8212848138202974,0.8308388370847162,1.0,1.0,133.7420210291431
211,right,RCA,0.6,length,2,True,True,0.9273069299526574,0.9942052287968189,0.8476990464695464,0.9942052287944331,0.9800515666301859,0.9792919110694172,0.9783510798571715,1.18307220163328,1.1497621656255181,0.8218174419183766,0.8308388370847162,1.0,1.0,133.7420210291431
211,right,RCA,0.75,share,1,True,True,0.9273069299526574,0.9942052287976366,0.8476990464695464,0.9942052287944331,0.9800515666301831,0.9792919110694172,0.9781197225840165,1.18307220163328,1.1497621656255181,0.8195187196921275,0.8308388370847162,0.0,1.0,112.46296147723616
211,right,RCA,0.75,leaf3,1,True,True,0.9273069299526574,0.9942052287968189,0.8476990464695464,0.9942052287944331,0.9800515666301859,0.9792919110694172,0.978119722583979,1.18307220163328,1.1497621656255181,0.8195187196924457,0.8308388370847162,0.0,1.0,112.46296147723616
211,right,RCA,0.75,leaf266,1,True,True,0.9273069299526574,0.9942052287968189,0.8476990464695464,0.9942052287944331,0.9800515666301859,0.9792919110694172,0.978119722583979,1.18307220163328,1.1497621656255181,0.8195187196924457,0.8308388370847162,0.0,1.0,112.46296147723616
211,right,RCA,0.75,apport,1,True,True,0.9273069299526574,0.9942052287968189,0.8476990464695464,0.9942052287944331,0.9800515666301859,0.9792919110694172,0.978119722583979,1.18307220163328,1.1497621656255181,0.8195187196924457,0.8308388370847162,0.0,1.0,112.46296147723616
211,right,RCA,0.75,origin,1,True,True,0.9273069299526574,0.9942052287968189,0.8476990464695464,0.9942052287944331,0.9800515666301859,0.9792919110694172,0.978119722583979,1.18307220163328,1.1497621656255181,0.8195187196924457,0.8308388370847162,0.0,1.0,112.46296147723616
211,right,RCA,0.75,length,1,True,True,0.9273069299526574,0.9942052287968189,0.8476990464695464,0.9942052287944331,0.9800515666301859,0.9792919110694172,0.978119722583979,1.18307220163328,1.1497621656255181,0.8195187196923304,0.8308388370847162,0.0,1.0,112.46296147723616
211,right,RCA,0.9,share,1,True,True,0.9273069299526574,0.9942052287968189,0.8476990464695464,0.9942052287938176,0.9800515666301897,0.9792919110694172,0.9781166219185873,1.18307220163328,1.1497621656255181,0.8194879266788365,0.8308388370847162,0.0,1.0,98.5678997111302
211,right,RCA,0.9,leaf3,1,True,True,0.9273069299526574,0.9942052287976366,0.8476990464695464,0.9942052287944331,0.980051566630184,0.9792919110694172,0.9781166219186018,1.18307220163328,1.1497621656255181,0.8194879266784196,0.8308388370847162,0.0,1.0,98.5678997111302
211,right,RCA,0.9,leaf266,1,True,True,0.9273069299526574,0.9942052287976366,0.8476990464695464,0.9942052287944331,0.980051566630184,0.9792919110694172,0.9781166219186018,1.18307220163328,1.1497621656255181,0.8194879266784196,0.8308388370847162,0.0,1.0,98.5678997111302
211,right,RCA,0.9,apport,1,True,True,0.9273069299526574,0.9942052287968189,0.8476990464695464,0.9942052287938176,0.9800515666301897,0.9792919110694172,0.9781166219185873,1.18307220163328,1.1497621656255181,0.8194879266788365,0.8308388370847162,0.0,1.0,98.5678997111302
211,right,RCA,0.9,origin,1,True,True,0.9273069299526574,0.9942052287968189,0.8476990464695464,0.9942052287938176,0.9800515666301897,0.9792919110694172,0.9781166219185873,1.18307220163328,1.1497621656255181,0.8194879266788365,0.8308388370847162,0.0,1.0,98.5678997111302
211,right,RCA,0.9,length,1,True,True,0.9273069299526574,0.9942052287968189,0.8476990464695464,0.9942052287938176,0.9800515666301897,0.9792919110694172,0.9781166219185873,1.18307220163328,1.1497621656255181,0.8194879266788365,0.8308388370847162,0.0,1.0,98.5678997111302
211,right,RCA,1.0,share,1,True,True,0.9273069299526574,0.9942052287968189,0.8476990464695464,0.9942052287938176,0.9800515666301897,0.9792919110694172,0.9781166219185873,1.18307220163328,1.1497621656255181,0.8194879266788365,0.8308388370847162,0.0,1.0,98.5678997111302
211,right,RCA,1.0,leaf3,1,True,True,0.9273069299526574,0.9942052287976366,0.8476990464695464,0.9942052287944331,0.980051566630184,0.9792919110694172,0.9781166219186018,1.18307220163328,1.1497621656255181,0.8194879266784196,0.8308388370847162,0.0,1.0,98.5678997111302
211,right,RCA,1.0,leaf266,1,True,True,0.9273069299526574,0.9942052287976366,0.8476990464695464,0.9942052287944331,0.980051566630184,0.9792919110694172,0.9781166219186018,1.18307220163328,1.1497621656255181,0.8194879266784196,0.8308388370847162,0.0,1.0,98.5678997111302
211,right,RCA,1.0,apport,1,True,True,0.9273069299526574,0.9942052287968189,0.8476990464695464,0.9942052287938176,0.9800515666301897,0.9792919110694172,0.9781166219185873,1.18307220163328,1.1497621656255181,0.8194879266788365,0.8308388370847162,0.0,1.0,98.5678997111302
211,right,RCA,1.0,origin,1,True,True,0.9273069299526574,0.9942052287968189,0.8476990464695464,0.9942052287938176,0.9800515666301897,0.9792919110694172,0.9781166219185873,1.18307220163328,1.1497621656255181,0.8194879266788365,0.8308388370847162,0.0,1.0,98.5678997111302
211,right,RCA,1.0,length,1,True,True,0.9273069299526574,0.9942052287968189,0.8476990464695464,0.9942052287938176,0.9800515666301897,0.9792919110694172,0.9781166219185873,1.18307220163328,1.1497621656255181,0.8194879266788365,0.8308388370847162,0.0,1.0,98.5678997111302
218,left,LAD,0.5,share,6,True,True,0.16844753027531836,0.24039966651944922,0.13277538695887836,0.24039966651684788,0.9775459080818825,0.9654642715213976,0.948615008849562,1.0243730748232789,0.946907670545793,0.9092470279530619,0.9386237157414662,0.0,0.0,87.46779757993201
218,left,LCX,0.5,share,6,True,True,0.42142049908290896,0.3536548544351441,0.11840190084203105,0.13627461843924116,0.9888807810029318,0.98615152372524,0.9883195814978875,1.1174618782993593,0.9098972576051215,0.9495944204573441,0.9362750228364828,1.0,1.0,85.43451712721573
218,left,LAD,0.5,leaf3,6,True,True,0.16844753027531836,0.3643236925837591,0.13277538695887836,0.36432369257936,0.9727927561006665,0.9654642715213976,0.9334940475157476,1.0243730748232789,0.946907670545793,0.8706741916777262,0.9386237157414662,0.0,0.0,87.46779757993201
218,left,LCX,0.5,leaf3,6,True,True,0.42142049908290896,0.37120785838324016,0.11840190084203105,0.1227187922260989,0.9884956831101105,0.98615152372524,0.987829971975011,1.1174618782993593,0.9098972576051215,0.9463828723166173,0.9362750228364828,1.0,1.0,85.43451712721573
218,left,LAD,0.5,leaf266,6,True,True,0.16844753027531836,0.33858989839944065,0.13277538695887836,0.33858989839620796,0.9740331667870722,0.9654642715213976,0.9370574944550459,1.0243730748232789,0.946907670545793,0.8790900994247403,0.9386237157414662,0.0,0.0,87.46779757993201
218,left,LCX,0.5,leaf266,6,True,True,0.42142049908290896,0.38844097374081993,0.11840190084203105,0.12845744231999198,0.9880775783189149,0.98615152372524,0.9873062526127521,1.1174618782993593,0.9098972576051215,0.9432220247467312,0.9362750228364828,1.0,1.0,85.43451712721573
218,left,LAD,0.5,apport,6,True,True,0.16844753027531836,0.3033370816799209,0.13277538695887836,0.3033370816799008,0.9756479251003094,0.9654642715213976,0.9409734177533934,1.0243730748232789,0.946907670545793,0.8897664891381468,0.9386237157414662,0.0,0.0,87.46779757993201
218,left,LCX,0.5,apport,6,True,True,0.42142049908290896,0.4223746793798351,0.11840190084203105,0.12153002894408511,0.9872925904851065,0.98615152372524,0.986278725504302,1.1174618782993593,0.9098972576051215,0.9367962252989399,0.9362750228364828,1.0,1.0,85.43451712721573
218,left,LAD,0.5,origin,6,True,True,0.16844753027531836,0.26542197326045347,0.13277538695887836,0.2654219732572285,0.977471892830152,0.9654642715213976,0.9458254564015242,1.0243730748232789,0.946907670545793,0.9018048437941435,0.9386237157414662,0.0,0.0,87.46779757993201
218,left,LCX,0.5,origin,6,True,True,0.42142049908290896,0.45638062780808114,0.11840190084203105,0.18720405211315,0.9863533407465436,0.98615152372524,0.9852348919915815,1.1174618782993593,0.9098972576051215,0.9305695838587374,0.9362750228364828,1.0,1.0,85.43451712721573
218,left,LAD,0.5,length,6,True,True,0.16844753027531836,0.3453789097843564,0.13277538695887836,0.3453789097808378,0.9753655754033633,0.9654642715213976,0.9399293198136189,1.0243730748232789,0.946907670545793,0.8804203560513622,0.9386237157414662,0.0,0.0,87.46779757993201
218,left,LCX,0.5,length,6,True,True,0.42142049908290896,0.4987806269375215,0.11840190084203105,0.22753238082732793,0.985269570436753,0.98615152372524,0.9839560063088866,1.1174618782993593,0.9098972576051215,0.9225125243725859,0.9362750228364828,1.0,1.0,85.43451712721573
218,left,LAD,0.6,share,6,True,True,0.16844753027531836,0.23825776103941385,0.13277538695887836,0.2382577610369871,0.9776676766467545,0.9654642715213976,0.9488831099941114,1.0243730748232789,0.946907670545793,0.9099174728443511,0.9386237157414662,0.0,0.0,87.46779757993201
218,left,LCX,0.6,share,6,True,True,0.42142049908290896,0.3562238237780171,0.11840190084203105,0.13809109093525151,0.9888164340370867,0.98615152372524,0.9881823402836198,1.1174618782993593,0.9098972576051215,0.9488034852979446,0.9362750228364828,1.0,1.0,69.35539269315093
218,left,LAD,0.6,leaf3,6,True,True,0.16844753027531836,0.2614895321641982,0.13277538695887836,0.2614895321616891,0.9782397053603596,0.9654642715213976,0.9494501838449947,1.0243730748232789,0.946907670545793,0.9059647014922891,0.9386237157414662,0.0,0.0,87.46779757993201
218,left,LCX,0.6,leaf3,6,True,True,0.42142049908290896,0.4584300614675087,0.11840190084203105,0.15171420294814103,0.9863796280280192,0.98615152372524,0.9850723829900261,1.1174618782993593,0.9098972576051215,0.9294328927173864,0.9362750228364828,1.0,1.0,69.35539269315093
218,left,LAD,0.6,leaf266,6,True,True,0.16844753027531836,0.2498626811031994,0.13277538695887836,0.24986268110204124,0.9787732969637513,0.9654642715213976,0.9509350950686798,1.0243730748232789,0.946907670545793,0.9096485343570295,0.9386237157414662,0.0,0.0,87.46779757993201
218,left,LCX,0.6,leaf266,6,True,True,0.42142049908290896,0.4652973570448098,0.11840190084203105,0.1541178195997429,0.9862127702847852,0.98615152372524,0.9848561248255717,1.1174618782993593,0.9098972576051215,0.9280758262283421,0.9362750228364828,1.0,1.0,69.35539269315093
218,left,LAD,0.6,apport,6,True,True,0.16844753027531836,0.27763947088555,0.13277538695887836,0.2776394708822595,0.9767115668116578,0.9654642715213976,0.9441712239016576,1.0243730748232789,0.946907670545793,0.8978329548257665,0.9386237157414662,0.0,0.0,87.46779757993201
218,left,LCX,0.6,apport,6,True,True,0.42142049908290896,0.42511992329084664,0.11840190084203105,0.12253860374588622,0.9872257878061761,0.98615152372524,0.9861257711375312,1.1174618782993593,0.9098972576051215,0.9359032946569026,0.9362750228364828,1.0,1.0,69.35539269315093
218,left,LAD,0.6,origin,6,True,True,0.16844753027531836,0.26236835240460255,0.13277538695887836,0.2623683524022205,0.9776602332728239,0.9654642715213976,0.9462581262457775,1.0243730748232789,0.946907670545793,0.902812879220147,0.9386237157414662,0.0,0.0,87.46779757993201
218,left,LCX,0.6,origin,6,True,True,0.42142049908290896,0.46101831333622467,0.11840190084203105,0.1908229517335298,0.986236463274061,0.98615152372524,0.9849793806314494,1.1174618782993593,0.9098972576051215,0.9290202373200304,0.9362750228364828,1.0,1.0,69.35539269315093
218,left,LAD,0.6,length,6,True,True,0.16844753027531836,0.34082772664459193,0.13277538695887836,0.34082772664117705,0.9756397979032606,0.9654642715213976,0.9406565567420309,1.0243730748232789,0.946907670545793,0.8820061079949362,0.9386237157414662,0.0,0.0,87.46779757993201
218,left,LCX,0.6,length,6,True,True,0.42142049908290896,0.5050304003603082,0.11840190084203105,0.23308798239161613,0.9851106393592983,0.98615152372524,0.983604018287596,1.1174618782993593,0.9098972576051215,0.9203508905342461,0.9362750228364828,1.0,1.0,69.35539269315093
218,left,LAD,0.75,share,4,True,True,0.16844753027531836,0.37313304632337946,0.13277538695887836,0.3731330463210934,0.9708717535662927,0.9654642715213976,0.9222839587720987,1.0243730748232789,0.946907670545793,0.8579009399377018,0.9386237157414662,0.0,0.0,79.79277137624499
218,left,LCX,0.75,share,4,True,True,0.42142049908290896,0.36356066463535125,0.11840190084203105,0.14123971168810454,0.9886369473856039,0.98615152372524,0.9879604318365378,1.1174618782993593,0.9098972576051215,0.9472331278065901,0.9362750228364828,1.0,1.0,45.21702846791118
218,left,LAD,0.75,leaf3,4,True,True,0.16844753027531836,0.25189890407823035,0.13277538695887836,0.2518989040760303,0.9781175123659309,0.9654642715213976,0.9444753076634229,1.0243730748232789,0.946907670545793,0.902796124701423,0.9386237157414662,0.0,0.0,79.79277137624499
218,left,LCX,0.75,leaf3,4,True,True,0.42142049908290896,0.519855694449466,0.11840190084203105,0.25944132453220703,0.984705949245115,0.98615152372524,0.982959191456572,1.1174618782993593,0.9098972576051215,0.9164478352924013,0.9362750228364828,1.0,1.0,45.21702846791118
218,left,LAD,0.75,leaf266,4,True,True,0.16844753027531836,0.25200657376798535,0.13277538695887836,0.25200657376321883,0.9781115617305126,0.9654642715213976,0.9444576718418454,1.0243730748232789,0.946907670545793,0.9027582193610538,0.9386237157414662,0.0,0.0,79.79277137624499
218,left,LCX,0.75,leaf266,4,True,True,0.42142049908290896,0.519737803660167,0.11840190084203105,0.25935378856022834,0.9847089109253845,0.98615152372524,0.9829630631273205,1.1174618782993593,0.9098972576051215,0.916472286991492,0.9362750228364828,1.0,1.0,45.21702846791118
218,left,LAD,0.75,apport,4,True,True,0.16844753027531836,0.3521601105086867,0.13277538695887836,0.35216011050834467,0.9713964531722009,0.9654642715213976,0.9233522232745504,1.0243730748232789,0.946907670545793,0.8631047228793263,0.9386237157414662,0.0,0.0,79.79277137624499
218,left,LCX,0.75,apport,4,True,True,0.42142049908290896,0.35913069689864174,0.11840190084203105,0.1395194488754029,0.9887449409534034,0.98615152372524,0.9880943800303292,1.1174618782993593,0.9098972576051215,0.9480448872193618,0.9362750228364828,1.0,1.0,45.21702846791118
218,left,LAD,0.75,origin,4,True,True,0.16844753027531836,0.28023616285908554,0.13277538695887836,0.28023616285562847,0.9775584910156498,0.9654642715213976,0.9434928471134338,1.0243730748232789,0.946907670545793,0.8962254166314264,0.9386237157414662,0.0,0.0,79.79277137624499
218,left,LCX,0.75,origin,4,True,True,0.42142049908290896,0.5323145399405897,0.11840190084203105,0.20675719818302948,0.9845231012620879,0.98615152372524,0.9826242262060707,1.1174618782993593,0.9098972576051215,0.9139525294863142,0.9362750228364828,1.0,1.0,45.21702846791118
218,left,LAD,0.75,length,4,True,True,0.16844753027531836,0.32974887974133416,0.13277538695887836,0.32974887973814854,0.9768583566189646,0.9654642715213976,0.9428262447253983,1.0243730748232789,0.946907670545793,0.8855026209966621,0.9386237157414662,0.0,0.0,79.79277137624499
218,left,LCX,0.75,length,4,True,True,0.42142049908290896,0.5660278799577595,0.11840190084203105,0.22861310432575768,0.9836828223635049,0.98615152372524,0.9815164296299363,1.1174618782993593,0.9098972576051215,0.9068667843542038,0.9362750228364828,1.0,1.0,45.21702846791118
218,left,LAD,0.9,share,3,False,False,0.16844753027531836,,0.13277538695887836,,,0.9654642715213976,,1.0243730748232789,0.946907670545793,,,,,
218,left,LCX,0.9,share,3,True,True,0.42142049908290896,0.3546088898544944,0.11840190084203105,0.1379675550323086,0.9888547446362357,0.98615152372524,0.9881289147540689,1.1174618782993593,0.9098972576051215,0.9487021167827443,0.9362750228364828,1.0,1.0,21.293105613584096
218,left,LAD,0.9,leaf3,3,False,False,0.16844753027531836,,0.13277538695887836,,,0.9654642715213976,,1.0243730748232789,0.946907670545793,,,,,
218,left,LCX,0.9,leaf3,3,True,True,0.42142049908290896,0.5879086895603379,0.11840190084203105,0.2930681326566643,0.9830318261790504,0.98615152372524,0.9806415883529532,1.1174618782993593,0.9098972576051215,0.9018236732163781,0.9362750228364828,1.0,1.0,21.293105613584096
218,left,LAD,0.9,leaf266,3,False,False,0.16844753027531836,,0.13277538695887836,,,0.9654642715213976,,1.0243730748232789,0.946907670545793,,,,,
218,left,LCX,0.9,leaf266,3,True,True,0.42142049908290896,0.5992117160332046,0.11840190084203105,0.29884415637242956,0.9827533673730222,0.98615152372524,0.9802645385146909,1.1174618782993593,0.9098972576051215,0.8993939005820497,0.9362750228364828,1.0,1.0,21.293105613584096
218,left,LAD,0.9,apport,3,False,False,0.16844753027531836,,0.13277538695887836,,,0.9654642715213976,,1.0243730748232789,0.946907670545793,,,,,
218,left,LCX,0.9,apport,3,True,True,0.42142049908290896,0.439253208755698,0.11840190084203105,0.17094388687251455,0.9867910643222391,0.98615152372524,0.9855145129795077,1.1174618782993593,0.9098972576051215,0.9326094639710458,0.9362750228364828,1.0,1.0,21.293105613584096
218,left,LAD,0.9,origin,3,False,False,0.16844753027531836,,0.13277538695887836,,,0.9654642715213976,,1.0243730748232789,0.946907670545793,,,,,
218,left,LCX,0.9,origin,3,True,True,0.42142049908290896,0.439253208755698,0.11840190084203105,0.17094388687251455,0.9867910643222391,0.98615152372524,0.9855145129795077,1.1174618782993593,0.9098972576051215,0.9326094639710458,0.9362750228364828,1.0,1.0,21.293105613584096
218,left,LAD,0.9,length,3,False,False,0.16844753027531836,,0.13277538695887836,,,0.9654642715213976,,1.0243730748232789,0.946907670545793,,,,,
218,left,LCX,0.9,length,3,True,True,0.42142049908290896,0.4824844306156317,0.11840190084203105,0.1953451700256539,0.9857211767861821,0.98615152372524,0.9841374078353093,1.1174618782993593,0.9098972576051215,0.9239482158918991,0.9362750228364828,1.0,1.0,21.293105613584096
218,left,LAD,1.0,share,2,False,False,0.16844753027531836,,0.13277538695887836,,,0.9654642715213976,,1.0243730748232789,0.946907670545793,,,,,
218,left,LCX,1.0,share,2,False,True,0.42142049908290896,0.35467187252053095,0.11840190084203105,,,0.98615152372524,,1.1174618782993593,0.9098972576051215,,,,,
218,left,LAD,1.0,leaf3,2,False,False,0.16844753027531836,,0.13277538695887836,,,0.9654642715213976,,1.0243730748232789,0.946907670545793,,,,,
218,left,LCX,1.0,leaf3,2,False,True,0.42142049908290896,0.48979786058243385,0.11840190084203105,,,0.98615152372524,,1.1174618782993593,0.9098972576051215,,,,,
218,left,LAD,1.0,leaf266,2,False,False,0.16844753027531836,,0.13277538695887836,,,0.9654642715213976,,1.0243730748232789,0.946907670545793,,,,,
218,left,LCX,1.0,leaf266,2,False,True,0.42142049908290896,0.4924860882686617,0.11840190084203105,,,0.98615152372524,,1.1174618782993593,0.9098972576051215,,,,,
218,left,LAD,1.0,apport,2,False,False,0.16844753027531836,,0.13277538695887836,,,0.9654642715213976,,1.0243730748232789,0.946907670545793,,,,,
218,left,LCX,1.0,apport,2,False,True,0.42142049908290896,0.35467187252053095,0.11840190084203105,,,0.98615152372524,,1.1174618782993593,0.9098972576051215,,,,,
218,left,LAD,1.0,origin,2,False,False,0.16844753027531836,,0.13277538695887836,,,0.9654642715213976,,1.0243730748232789,0.946907670545793,,,,,
218,left,LCX,1.0,origin,2,False,True,0.42142049908290896,0.3229373418683269,0.11840190084203105,,,0.98615152372524,,1.1174618782993593,0.9098972576051215,,,,,
218,left,LAD,1.0,length,2,False,False,0.16844753027531836,,0.13277538695887836,,,0.9654642715213976,,1.0243730748232789,0.946907670545793,,,,,
218,left,LCX,1.0,length,2,False,True,0.42142049908290896,0.35573014784310075,0.11840190084203105,,,0.98615152372524,,1.1174618782993593,0.9098972576051215,,,,,
218,right,RCA,0.5,share,2,True,True,1.2320954881668986,1.4081093292690214,1.0347968307310424,1.408109329258413,0.9804611676332552,0.9802677685427169,0.9782123270941473,1.3008416596337473,1.2291918528424728,0.8029804771023472,0.8191121497533127,1.0,1.0,87.97360310548373
218,right,RCA,0.5,leaf3,2,True,True,1.2320954881668986,1.4081093292690214,1.0347968307310424,1.408109329258413,0.980461167633255,0.9802677685427169,0.978201260668322,1.3008416596337473,1.2291918528424728,0.8028603900421614,0.8191121497533127,1.0,1.0,87.97360310548373
218,right,RCA,0.5,leaf266,2,True,True,1.2320954881668986,1.408109329269943,1.0347968307310424,1.4081093292590954,0.9804611676332444,0.9802677685427169,0.9781952293882438,1.3008416596337473,1.2291918528424728,0.8027949457092591,0.8191121497533127,1.0,1.0,87.97360310548373
218,right,RCA,0.5,apport,2,True,True,1.2320954881668986,1.4081093292690214,1.0347968307310424,1.408109329258413,0.9804611676332552,0.9802677685427169,0.9781916735848765,1.3008416596337473,1.2291918528424728,0.8027563636383767,0.8191121497533127,1.0,1.0,87.97360310548373
218,right,RCA,0.5,origin,2,True,True,1.2320954881668986,1.4081093292690214,1.0347968307310424,1.408109329258413,0.9804611676332565,0.9802677685427169,0.9782123270941473,1.3008416596337473,1.2291918528424728,0.8029804771023472,0.8191121497533127,1.0,1.0,87.97360310548373
218,right,RCA,0.5,length,2,True,True,1.2320954881668986,1.4081093292690214,1.0347968307310424,1.408109329258413,0.9804611676332583,0.9802677685427169,0.9784355326746673,1.3008416596337473,1.2291918528424728,0.8054045599373815,0.8191121497533127,1.0,1.0,87.97360310548373
218,right,RCA,0.6,share,2,True,True,1.2320954881668986,1.4081093292690214,1.0347968307310424,1.408109329258413,0.9804611676332552,0.9802677685427169,0.9780952919974605,1.3008416596337473,1.2291918528424728,0.8017109533313473,0.8191121497533127,1.0,1.0,87.97360310548373
218,right,RCA,0.6,leaf3,2,True,True,1.2320954881668986,1.4081093292690214,1.0347968307310424,1.408109329258413,0.9804611676332552,0.9802677685427169,0.9780928148065817,1.3008416596337473,1.2291918528424728,0.8016840938532115,0.8191121497533127,1.0,1.0,87.97360310548373
218,right,RCA,0.6,leaf266,2,True,True,1.2320954881668986,1.4081093292690214,1.0347968307310424,1.4081093292590954,0.9804611676332485,0.9802677685427169,0.9780947280395068,1.3008416596337473,1.2291918528424728,0.8017048384516003,0.8191121497533127,1.0,1.0,87.97360310548373
218,right,RCA,0.6,apport,2,True,True,1.2320954881668986,1.4081093292690214,1.0347968307310424,1.408109329258413,0.9804611676332561,0.9802677685427169,0.978093561124839,1.3008416596337473,1.2291918528424728,0.8016921859180399,0.8191121497533127,1.0,1.0,87.97360310548373
218,right,RCA,0.6,origin,2,True,True,1.2320954881668986,1.4081093292690214,1.0347968307310424,1.408109329258413,0.9804611676332561,0.9802677685427169,0.9780952919974605,1.3008416596337473,1.2291918528424728,0.8017109533313473,0.8191121497533127,1.0,1.0,87.97360310548373
218,right,RCA,0.6,length,2,True,True,1.2320954881668986,1.4081093292690214,1.0347968307310424,1.408109329258413,0.9804611676332586,0.9802677685427169,0.9782759659975879,1.3008416596337473,1.2291918528424728,0.8036712346881734,0.8191121497533127,1.0,1.0,87.97360310548373
218,right,RCA,0.75,share,1,True,True,1.2320954881668986,1.4081093292690214,1.0347968307310424,1.408109329258413,0.9804611676332552,0.9802677685427169,0.977449033357312,1.3008416596337473,1.2291918528424728,0.7947208409098857,0.8191121497533127,0.0,1.0,66.94935091753979
218,right,RCA,0.75,leaf3,1,True,True,1.2320954881668986,1.4081093292690214,1.0347968307310424,1.408109329258413,0.9804611676332552,0.9802677685427169,0.977449033357312,1.3008416596337473,1.2291918528424728,0.7947208409098857,0.8191121497533127,0.0,1.0,66.94935091753979
218,right,RCA,0.75,leaf266,1,True,True,1.2320954881668986,1.4081093292690214,1.0347968307310424,1.408109329258413,0.9804611676332573,0.9802677685427169,0.977449033357312,1.3008416596337473,1.2291918528424728,0.7947208409098857,0.8191121497533127,0.0,1.0,66.94935091753979
218,right,RCA,0.75,apport,1,True,True,1.2320954881668986,1.4081093292690214,1.0347968307310424,1.408109329258413,0.9804611676332573,0.9802677685427169,0.977449033357312,1.3008416596337473,1.2291918528424728,0.7947208409103339,0.8191121497533127,0.0,1.0,66.94935091753979
218,right,RCA,0.75,origin,1,True,True,1.2320954881668986,1.4081093292690214,1.0347968307310424,1.408109329258413,0.9804611676332552,0.9802677685427169,0.977449033357312,1.3008416596337473,1.2291918528424728,0.7947208409098857,0.8191121497533127,0.0,1.0,66.94935091753979
218,right,RCA,0.75,length,1,True,True,1.2320954881668986,1.4081093292690214,1.0347968307310424,1.408109329258413,0.9804611676332573,0.9802677685427169,0.977449033357312,1.3008416596337473,1.2291918528424728,0.7947208409103322,0.8191121497533127,0.0,1.0,66.94935091753979
218,right,RCA,0.9,share,1,True,True,1.2320954881668986,1.4081093292690214,1.0347968307310424,1.408109329258413,0.9804611676332519,0.9802677685427169,0.9770556228916343,1.3008416596337473,1.2291918528424728,0.7904835062153969,0.8191121497533127,0.0,1.0,59.91757592641077
218,right,RCA,0.9,leaf3,1,True,True,1.2320954881668986,1.4081093292690214,1.0347968307310424,1.408109329258413,0.9804611676332564,0.9802677685427169,0.9770556228916343,1.3008416596337473,1.2291918528424728,0.7904835062153969,0.8191121497533127,0.0,1.0,59.91757592641077
218,right,RCA,0.9,leaf266,1,True,True,1.2320954881668986,1.4081093292690214,1.0347968307310424,1.408109329258413,0.9804611676332564,0.9802677685427169,0.9770556228916343,1.3008416596337473,1.2291918528424728,0.7904835062153969,0.8191121497533127,0.0,1.0,59.91757592641077
218,right,RCA,0.9,apport,1,True,True,1.2320954881668986,1.4081093292690214,1.0347968307310424,1.408109329258413,0.9804611676332519,0.9802677685427169,0.9770556228916343,1.3008416596337473,1.2291918528424728,0.7904835062153969,0.8191121497533127,0.0,1.0,59.91757592641077
218,right,RCA,0.9,origin,1,True,True,1.2320954881668986,1.4081093292690214,1.0347968307310424,1.408109329258413,0.9804611676332519,0.9802677685427169,0.9770556228916343,1.3008416596337473,1.2291918528424728,0.7904835062153969,0.8191121497533127,0.0,1.0,59.91757592641077
218,right,RCA,0.9,length,1,True,True,1.2320954881668986,1.4081093292690214,1.0347968307310424,1.408109329258413,0.9804611676332564,0.9802677685427169,0.9770556228916343,1.3008416596337473,1.2291918528424728,0.7904835062162191,0.8191121497533127,0.0,1.0,59.91757592641077
218,right,RCA,1.0,share,1,True,True,1.2320954881668986,1.4081093292690214,1.0347968307310424,1.408109329258413,0.9804611676332519,0.9802677685427169,0.9770556228916343,1.3008416596337473,1.2291918528424728,0.7904835062153969,0.8191121497533127,0.0,1.0,59.91757592641077
218,right,RCA,1.0,leaf3,1,True,True,1.2320954881668986,1.4081093292690214,1.0347968307310424,1.408109329258413,0.9804611676332564,0.9802677685427169,0.9770556228916343,1.3008416596337473,1.2291918528424728,0.7904835062153969,0.8191121497533127,0.0,1.0,59.91757592641077
218,right,RCA,1.0,leaf266,1,True,True,1.2320954881668986,1.4081093292690214,1.0347968307310424,1.408109329258413,0.9804611676332564,0.9802677685427169,0.9770556228916343,1.3008416596337473,1.2291918528424728,0.7904835062153969,0.8191121497533127,0.0,1.0,59.91757592641077
218,right,RCA,1.0,apport,1,True,True,1.2320954881668986,1.4081093292690214,1.0347968307310424,1.408109329258413,0.9804611676332519,0.9802677685427169,0.9770556228916343,1.3008416596337473,1.2291918528424728,0.7904835062153969,0.8191121497533127,0.0,1.0,59.91757592641077
218,right,RCA,1.0,origin,1,True,True,1.2320954881668986,1.4081093292690214,1.0347968307310424,1.408109329258413,0.9804611676332519,0.9802677685427169,0.9770556228916343,1.3008416596337473,1.2291918528424728,0.7904835062153969,0.8191121497533127,0.0,1.0,59.91757592641077
218,right,RCA,1.0,length,1,True,True,1.2320954881668986,1.4081093292690214,1.0347968307310424,1.408109329258413,0.9804611676332564,0.9802677685427169,0.9770556228916343,1.3008416596337473,1.2291918528424728,0.7904835062162191,0.8191121497533127,0.0,1.0,59.91757592641077
244,left,LAD,0.5,share,4,True,True,1.2800482739134713,2.2906759791207256,0.3514960091650316,1.791835992091012,0.9430021082396804,0.9782174064026176,0.943349557964774,1.3274868188021611,0.8680800571351754,0.6750055359110974,0.8144980637893514,1.0,1.0,60.37784943210806
244,left,LAD,0.5,leaf3,4,True,True,1.2800482739134713,1.5501835265967028,0.3514960091650316,1.0435922999539486,0.9645705679510642,0.9782174064026176,0.9629756691866844,1.3274868188021611,0.8680800571351754,0.7748562690794896,0.8144980637893514,1.0,1.0,60.37784943210806
244,left,LAD,0.5,leaf266,4,True,True,1.2800482739134713,1.5803201674832283,0.3514960091650316,1.039065381062404,0.9644760357767829,0.9782174064026176,0.9628848668594316,1.3274868188021611,0.8680800571351754,0.7703299316222838,0.8144980637893514,1.0,1.0,60.37784943210806
244,left,LAD,0.5,apport,4,True,True,1.2800482739134713,2.167203843178467,0.3514960091650316,1.516594376463626,0.9499680413354041,0.9782174064026176,0.949375743940891,1.3274868188021611,0.8680800571351754,0.6886457654439048,0.8144980637893514,1.0,1.0,60.37784943210806
244,left,LAD,0.5,origin,4,True,True,1.2800482739134713,1.3002718022980833,0.3514960091650316,1.0280214394043539,0.966543766082534,0.9782174064026176,0.9649163601365068,1.3274868188021611,0.8680800571351754,0.813865378993305,0.8144980637893514,1.0,1.0,60.37784943210806
244,left,LAD,0.5,length,4,True,True,1.2800482739134713,1.670665094334256,0.3514960091650316,1.096432360130572,0.9626041735381868,0.9782174064026176,0.9610870163015766,1.3274868188021611,0.8680800571351754,0.7567750663916684,0.8144980637893514,1.0,1.0,60.37784943210806
244,left,LAD,0.6,share,3,True,True,1.2800482739134713,2.20886833180642,0.3514960091650316,2.2088683318125995,0.9341955477761833,0.9782174064026176,0.9365578573334417,1.3274868188021611,0.8680800571351754,0.6946389352406636,0.8144980637893514,0.0,1.0,60.37784943210806
244,left,LAD,0.6,leaf3,3,True,True,1.2800482739134713,1.2018714929208314,0.3514960091650316,1.2018714929215353,0.9632904934292853,0.9782174064026176,0.9619127743783291,1.3274868188021611,0.8680800571351754,0.8310250225327762,0.8144980637893514,0.0,1.0,60.37784943210806
244,left,LAD,0.6,leaf266,3,True,True,1.2800482739134713,1.2089958222305948,0.3514960091650316,1.2089958222332877,0.963084651696562,0.9782174064026176,0.9617194509255692,1.3274868188021611,0.8680800571351754,0.8299260063712371,0.8144980637893514,0.0,1.0,60.37784943210806
244,left,LAD,0.6,apport,3,True,True,1.2800482739134713,2.0285263618774634,0.3514960091650316,2.028526361875889,0.9394061299861424,0.9782174064026176,0.9408153598300935,1.3274868188021611,0.8680800571351754,0.7159870595934071,0.8144980637893514,0.0,1.0,60.37784943210806
244,left,LAD,0.6,origin,3,True,True,1.2800482739134713,1.107500276164869,0.3514960091650316,1.1075002761649857,0.9660171409386726,0.9782174064026176,0.9645102384204153,1.3274868188021611,0.8680800571351754,0.8457157988362033,0.8144980637893514,0.0,1.0,60.37784943210806
244,left,LAD,0.6,length,3,True,True,1.2800482739134713,1.286411613330873,0.3514960091650316,1.2864116133357955,0.9608478936971266,0.9782174064026176,0.9596311153187626,1.3274868188021611,0.8680800571351754,0.8180768431122388,0.8144980637893514,0.0,1.0,60.37784943210806
244,left,LAD,0.75,share,3,True,True,1.2800482739134713,2.2874196458868457,0.3514960091650316,2.2874196458887006,0.9319259813527215,0.9782174064026176,0.9238942260436191,1.3274868188021611,0.8680800571351754,0.636592809163738,0.8144980637893514,0.0,1.0,48.527455051568246
244,left,LAD,0.75,leaf3,3,True,True,1.2800482739134713,1.2853854539860787,0.3514960091650316,1.2853854539850893,0.9608775423011396,0.9782174064026176,0.9559276168515933,1.3274868188021611,0.8680800571351754,0.7975030656025008,0.8144980637893514,0.0,1.0,48.527455051568246
244,left,LAD,0.75,leaf266,3,True,True,1.2800482739134713,1.2855255601846722,0.3514960091650316,1.2855255601894526,0.9608734942424102,0.9782174064026176,0.9559230537016999,1.3274868188021611,0.8680800571351754,0.7974777429501763,0.8144980637893514,0.0,1.0,48.527455051568246
244,left,LAD,0.75,apport,3,True,True,1.2800482739134713,2.108950720547108,0.3514960091650316,2.1089507205508253,0.9370824460832406,0.9782174064026176,0.9295451103937136,1.3274868188021611,0.8680800571351754,0.6619052316669785,0.8144980637893514,0.0,1.0,48.527455051568246
244,left,LAD,0.75,origin,3,True,True,1.2800482739134713,1.12145550957984,0.3514960091650316,1.1214555095845364,0.9656139353453711,0.9782174064026176,0.9612441691483316,1.3274868188021611,0.8680800571351754,0.8273919347524004,0.8144980637893514,0.0,1.0,48.527455051568246
244,left,LAD,0.75,length,3,True,True,1.2800482739134713,1.3121461421479714,0.3514960091650316,1.3121461421534957,0.9601043514252812,0.9782174064026176,0.9550613859833009,1.3274868188021611,0.8680800571351754,0.7926795063505268,0.8144980637893514,0.0,1.0,48.527455051568246
244,left,LAD,0.9,share,3,False,True,1.2800482739134713,2.4136416790678537,0.3514960091650316,,,0.9782174064026176,,1.3274868188021611,0.8680800571351754,,,,,
244,left,LAD,0.9,leaf3,3,False,True,1.2800482739134713,1.3035487986070249,0.3514960091650316,,,0.9782174064026176,,1.3274868188021611,0.8680800571351754,,,,,
244,left,LAD,0.9,leaf266,3,False,True,1.2800482739134713,1.3033749909185486,0.3514960091650316,,,0.9782174064026176,,1.3274868188021611,0.8680800571351754,,,,,
244,left,LAD,0.9,apport,3,False,True,1.2800482739134713,2.2189641315826973,0.3514960091650316,,,0.9782174064026176,,1.3274868188021611,0.8680800571351754,,,,,
244,left,LAD,0.9,origin,3,False,True,1.2800482739134713,1.1218989364202543,0.3514960091650316,,,0.9782174064026176,,1.3274868188021611,0.8680800571351754,,,,,
244,left,LAD,0.9,length,3,False,True,1.2800482739134713,1.3299534424488815,0.3514960091650316,,,0.9782174064026176,,1.3274868188021611,0.8680800571351754,,,,,
244,left,LAD,1.0,share,2,False,True,1.2800482739134713,2.4304957209896054,0.3514960091650316,,,0.9782174064026176,,1.3274868188021611,0.8680800571351754,,,,,
244,left,LAD,1.0,leaf3,2,False,True,1.2800482739134713,2.5444128220112785,0.3514960091650316,,,0.9782174064026176,,1.3274868188021611,0.8680800571351754,,,,,
244,left,LAD,1.0,leaf266,2,False,True,1.2800482739134713,2.479337301661082,0.3514960091650316,,,0.9782174064026176,,1.3274868188021611,0.8680800571351754,,,,,
244,left,LAD,1.0,apport,2,False,True,1.2800482739134713,2.450404677218221,0.3514960091650316,,,0.9782174064026176,,1.3274868188021611,0.8680800571351754,,,,,
244,left,LAD,1.0,origin,2,False,True,1.2800482739134713,2.964321876810222,0.3514960091650316,,,0.9782174064026176,,1.3274868188021611,0.8680800571351754,,,,,
244,left,LAD,1.0,length,2,False,True,1.2800482739134713,2.61860699772722,0.3514960091650316,,,0.9782174064026176,,1.3274868188021611,0.8680800571351754,,,,,
244,right,RCA,0.5,share,2,True,True,2.2636768836749472,2.5640735319182872,1.9367815367958787,2.564073531914001,0.9833726084840676,0.9849333387832875,0.9843830097523403,1.5758449996857093,1.4738490101279642,0.7743726076478235,0.7775626860061204,1.0,1.0,147.49440045721312
244,right,RCA,0.5,leaf3,2,True,True,2.2636768836749472,2.564073531921411,1.9367815367958787,2.564073531915632,0.9833726084840557,0.9849333387832875,0.9835619821571668,1.5758449996857093,1.4738490101279642,0.7612661106081431,0.7775626860061204,1.0,1.0,147.49440045721312
244,right,RCA,0.5,leaf266,2,True,True,2.2636768836749472,2.5640735319198495,1.9367815367958787,2.564073531915632,0.9833726084840579,0.9849333387832875,0.9835719766293096,1.5758449996857093,1.4738490101279642,0.7614239407179739,0.7775626860061204,1.0,1.0,147.49440045721312
244,right,RCA,0.5,apport,2,True,True,2.2636768836749472,2.5640735319198495,1.9367815367958787,2.564073531915632,0.9833726084840579,0.9849333387832875,0.9839298717216185,1.5758449996857093,1.4738490101279642,0.7671036332395513,0.7775626860061204,1.0,1.0,147.49440045721312
244,right,RCA,0.5,origin,2,True,True,2.2636768836749472,2.5640735319182872,1.9367815367958787,2.564073531914001,0.9833726084840676,0.9849333387832875,0.9843830097523403,1.5758449996857093,1.4738490101279642,0.7743726076478235,0.7775626860061204,1.0,1.0,147.49440045721312
244,right,RCA,0.5,length,2,True,True,2.2636768836749472,2.5640735319198495,1.9367815367958787,2.564073531915632,0.9833726084840583,0.9849333387832875,0.9852203560488801,1.5758449996857093,1.4738490101279642,0.788031329591943,0.7775626860061204,1.0,1.0,147.49440045721312
244,right,RCA,0.6,share,2,True,True,2.2636768836749472,2.5640735319198495,1.9367815367958787,2.564073531915632,0.9833726084840576,0.9849333387832875,0.9844316179677849,1.5758449996857093,1.4738490101279642,0.7751217974850386,0.7775626860061204,1.0,1.0,143.01162290942807
244,right,RCA,0.6,leaf3,2,True,True,2.2636768836749472,2.5640735319198495,1.9367815367958787,2.564073531915632,0.9833726084840584,0.9849333387832875,0.9836802797664808,1.5758449996857093,1.4738490101279642,0.7631370414389629,0.7775626860061204,1.0,1.0,143.01162290942807
244,right,RCA,0.6,leaf266,2,True,True,2.2636768836749472,2.564073531915164,1.9367815367958787,2.564073531910738,0.983372608484091,0.9849333387832875,0.9836820672539867,1.5758449996857093,1.4738490101279642,0.7631652490914121,0.7775626860061204,1.0,1.0,143.01162290942807
244,right,RCA,0.6,apport,2,True,True,2.2636768836749472,2.5640735319198495,1.9367815367958787,2.564073531914001,0.983372608484065,0.9849333387832875,0.9840226853811059,1.5758449996857093,1.4738490101279642,0.7685673478819841,0.7775626860061204,1.0,1.0,143.01162290942807
244,right,RCA,0.6,origin,2,True,True,2.2636768836749472,2.5640735319198495,1.9367815367958787,2.564073531915632,0.9833726084840584,0.9849333387832875,0.9844316179677856,1.5758449996857093,1.4738490101279642,0.7751217974840381,0.7775626860061204,1.0,1.0,143.01162290942807
244,right,RCA,0.6,length,2,True,True,2.2636768836749472,2.5640735319245342,1.9367815367958787,2.5640735319188948,0.9833726084840302,0.9849333387832875,0.9852651201439621,1.5758449996857093,1.4738490101279642,0.7887062307140664,0.7775626860061204,1.0,1.0,143.01162290942807
244,right,RCA,0.75,share,2,True,True,2.2636768836749472,2.5640735319198495,1.9367815367958787,2.564073531914001,0.9833726084840645,0.9849333387832875,0.9833996767956554,1.5758449996857093,1.4738490101279642,0.7574482286312388,0.7775626860061204,1.0,1.0,129.8719053366671
244,right,RCA,0.75,leaf3,2,True,True,2.2636768836749472,2.564073531921411,1.9367815367958787,2.564073531915632,0.9833726084840501,0.9849333387832875,0.9829975545983511,1.5758449996857093,1.4738490101279642,0.7517702635287121,0.7775626860061204,1.0,1.0,129.8719053366671
244,right,RCA,0.75,leaf266,2,True,True,2.2636768836749472,2.564073531921411,1.9367815367958787,2.564073531915632,0.9833726084840549,0.9849333387832875,0.9829981281749806,1.5758449996857093,1.4738490101279642,0.7517782049357729,0.7775626860061204,1.0,1.0,129.8719053366671
244,right,RCA,0.75,apport,2,True,True,2.2636768836749472,2.5640735319198495,1.9367815367958787,2.564073531915632,0.983372608484058,0.9849333387832875,0.983173503389311,1.5758449996857093,1.4738490101279642,0.7542318462956524,0.7775626860061204,1.0,1.0,129.8719053366671
244,right,RCA,0.75,origin,2,True,True,2.2636768836749472,2.5640735319198495,1.9367815367958787,2.564073531914001,0.9833726084840645,0.9849333387832875,0.9833996767956554,1.5758449996857093,1.4738490101279642,0.7574482286312388,0.7775626860061204,1.0,1.0,129.8719053366671
244,right,RCA,0.75,length,2,True,True,2.2636768836749472,2.564073531922973,1.9367815367958787,2.564073531917263,0.9833726084840437,0.9849333387832875,0.9838824642441145,1.5758449996857093,1.4738490101279642,0.7644563412674785,0.7775626860061204,1.0,1.0,129.8719053366671
244,right,RCA,0.9,share,2,True,True,2.2636768836749472,2.564073531922973,1.9367815367958787,2.564073531917263,0.9833726084840454,0.9849333387832875,0.983170974355241,1.5758449996857093,1.4738490101279642,0.7535473150639681,0.7775626860061204,1.0,1.0,116.43673556313546
244,right,RCA,0.9,leaf3,2,True,True,2.2636768836749472,2.5640735319198495,1.9367815367958787,2.564073531915632,0.9833726084840567,0.9849333387832875,0.982747737051096,1.5758449996857093,1.4738490101279642,0.7476865481486391,0.7775626860061204,1.0,1.0,116.43673556313546
244,right,RCA,0.9,leaf266,2,True,True,2.2636768836749472,2.5640735319198495,1.9367815367958787,2.564073531915632,0.9833726084840575,0.9849333387832875,0.9827490685651192,1.5758449996857093,1.4738490101279642,0.7477049284343277,0.7775626860061204,1.0,1.0,116.43673556313546
244,right,RCA,0.9,apport,2,True,True,2.2636768836749472,2.5640735319276575,1.9367815367958787,2.5640735319237886,0.9833726084840072,0.9849333387832875,0.9829401930682148,1.5758449996857093,1.4738490101279642,0.7503447011691219,0.7775626860061204,1.0,1.0,116.43673556313546
244,right,RCA,0.9,origin,2,True,True,2.2636768836749472,2.564073531922973,1.9367815367958787,2.564073531917263,0.9833726084840454,0.9849333387832875,0.983170974355241,1.5758449996857093,1.4738490101279642,0.7535473150639681,0.7775626860061204,1.0,1.0,116.43673556313546
244,right,RCA,0.9,length,2,True,True,2.2636768836749472,2.5640735319198495,1.9367815367958787,2.564073531915632,0.9833726084840575,0.9849333387832875,0.9836235187263246,1.5758449996857093,1.4738490101279642,0.7599084826731471,0.7775626860061204,1.0,1.0,116.43673556313546
244,right,RCA,1.0,share,1,True,True,2.2636768836749472,2.5640735319198495,1.9367815367958787,2.564073531915632,0.9833726084840593,0.9849333387832875,0.9824107272893158,1.5758449996857093,1.4738490101279642,0.7429502924764236,0.7775626860061204,0.0,1.0,107.13814774280468
244,right,RCA,1.0,leaf3,1,True,True,2.2636768836749472,2.5640735319198495,1.9367815367958787,2.564073531915632,0.9833726084840593,0.9849333387832875,0.9824107272893158,1.5758449996857093,1.4738490101279642,0.7429502924764236,0.7775626860061204,0.0,1.0,107.13814774280468
244,right,RCA,1.0,leaf266,1,True,True,2.2636768836749472,2.5640735319198495,1.9367815367958787,2.564073531915632,0.9833726084840576,0.9849333387832875,0.9824107272893129,1.5758449996857093,1.4738490101279642,0.7429502924775017,0.7775626860061204,0.0,1.0,107.13814774280468
244,right,RCA,1.0,apport,1,True,True,2.2636768836749472,2.5640735319198495,1.9367815367958787,2.564073531915632,0.9833726084840593,0.9849333387832875,0.9824107272893158,1.5758449996857093,1.4738490101279642,0.7429502924764236,0.7775626860061204,0.0,1.0,107.13814774280468
244,right,RCA,1.0,origin,1,True,True,2.2636768836749472,2.5640735319198495,1.9367815367958787,2.564073531915632,0.9833726084840593,0.9849333387832875,0.9824107272893158,1.5758449996857093,1.4738490101279642,0.7429502924764236,0.7775626860061204,0.0,1.0,107.13814774280468
244,right,RCA,1.0,length,1,True,True,2.2636768836749472,2.5640735319198495,1.9367815367958787,2.564073531915632,0.9833726084840593,0.9849333387832875,0.9824107272893158,1.5758449996857093,1.4738490101279642,0.7429502924764236,0.7775626860061204,0.0,1.0,107.13814774280468
251,right,RCA,0.5,share,2,True,True,0.6871715058026818,0.7267787636060203,0.639839772763941,0.7267787636034494,0.9785596664655795,0.9793502530424703,0.9784613374159898,1.070303579188163,1.046175417361157,0.8315919796037293,0.8389813664886684,1.0,1.0,103.84186262952564
251,right,RCA,0.5,leaf3,2,True,True,0.6871715058026818,0.7267787636064866,0.639839772763941,0.7267787636038462,0.9785596664655725,0.9793502530424703,0.9786162838802409,1.070303579188163,1.046175417361157,0.8330362438832953,0.8389813664886684,1.0,1.0,103.84186262952564
251,right,RCA,0.5,leaf266,2,True,True,0.6871715058026818,0.7267787636055542,0.639839772763941,0.7267787636030525,0.9785596664655952,0.9793502530424703,0.9785923398906442,1.070303579188163,1.046175417361157,0.8328130214882403,0.8389813664886684,1.0,1.0,103.84186262952564
251,right,RCA,0.5,apport,2,True,True,0.6871715058026818,0.7267787636078853,0.639839772763941,0.7267787636054336,0.978559666465526,0.9793502530424703,0.9784931628444977,1.070303579188163,1.046175417361157,0.8318885762080066,0.8389813664886684,1.0,1.0,103.84186262952564
251,right,RCA,0.5,origin,2,True,True,0.6871715058026818,0.7267787636060203,0.639839772763941,0.7267787636038462,0.9785596664655757,0.9793502530424703,0.9784613374159898,1.070303579188163,1.046175417361157,0.8315919796037293,0.8389813664886684,1.0,1.0,103.84186262952564
251,right,RCA,0.5,length,2,True,True,0.6871715058026818,0.7267787636060203,0.639839772763941,0.7267787636038462,0.9785596664655752,0.9793502530424703,0.9784623023551674,1.070303579188163,1.046175417361157,0.8316009719499249,0.8389813664886684,1.0,1.0,103.84186262952564
251,right,RCA,0.6,share,2,True,True,0.6871715058026818,0.7267787636060203,0.639839772763941,0.7267787636038462,0.9785596664655741,0.9793502530424703,0.978368546143263,1.070303579188163,1.046175417361157,0.8307273670920953,0.8389813664886684,1.0,1.0,89.11619663268166
251,right,RCA,0.6,leaf3,2,True,True,0.6871715058026818,0.7267787636060203,0.639839772763941,0.7267787636034494,0.9785596664655795,0.9793502530424703,0.9784631484261184,1.070303579188163,1.046175417361157,0.8316088565731102,0.8389813664886684,1.0,1.0,89.11619663268166
251,right,RCA,0.6,leaf266,2,True,True,0.6871715058026818,0.7267787636060203,0.639839772763941,0.7267787636038462,0.9785596664655762,0.9793502530424703,0.9784516517564184,1.070303579188163,1.046175417361157,0.8315017195299743,0.8389813664886684,1.0,1.0,89.11619663268166
251,right,RCA,0.6,apport,2,True,True,0.6871715058026818,0.7267787636055542,0.639839772763941,0.7267787636034494,0.9785596664655878,0.9793502530424703,0.9783978893052141,1.070303579188163,1.046175417361157,0.8310007561486499,0.8389813664886684,1.0,1.0,89.11619663268166
251,right,RCA,0.6,origin,2,True,True,0.6871715058026818,0.7267787636060203,0.639839772763941,0.7267787636038462,0.9785596664655741,0.9793502530424703,0.978368546143263,1.070303579188163,1.046175417361157,0.8307273670920953,0.8389813664886684,1.0,1.0,89.11619663268166
251,right,RCA,0.6,length,2,True,True,0.6871715058026818,0.7267787636060203,0.639839772763941,0.7267787636038462,0.9785596664655737,0.9793502530424703,0.9783716426316009,1.070303579188163,1.046175417361157,0.83075621582751,0.8389813664886684,1.0,1.0,89.11619663268166
251,right,RCA,0.75,share,1,True,True,0.6871715058026818,0.7267787636064866,0.639839772763941,0.7267787636038462,0.9785596664655704,0.9793502530424703,0.9779563450257924,1.070303579188163,1.046175417361157,0.8268896001027247,0.8389813664886684,0.0,1.0,68.29709463647038
251,right,RCA,0.75,leaf3,1,True,True,0.6871715058026818,0.7267787636060203,0.639839772763941,0.7267787636038462,0.9785596664655789,0.9793502530424703,0.9779563450258011,1.070303579188163,1.046175417361157,0.8268896001030367,0.8389813664886684,0.0,1.0,68.29709463647038
251,right,RCA,0.75,leaf266,1,True,True,0.6871715058026818,0.7267787636060203,0.639839772763941,0.7267787636038462,0.9785596664655789,0.9793502530424703,0.9779563450258011,1.070303579188163,1.046175417361157,0.8268896001041401,0.8389813664886684,0.0,1.0,68.29709463647038
251,right,RCA,0.75,apport,1,True,True,0.6871715058026818,0.7267787636064866,0.639839772763941,0.7267787636038462,0.9785596664655704,0.9793502530424703,0.9779563450257924,1.070303579188163,1.046175417361157,0.8268896001027247,0.8389813664886684,0.0,1.0,68.29709463647038
251,right,RCA,0.75,origin,1,True,True,0.6871715058026818,0.7267787636064866,0.639839772763941,0.7267787636038462,0.9785596664655704,0.9793502530424703,0.9779563450257924,1.070303579188163,1.046175417361157,0.8268896001027247,0.8389813664886684,0.0,1.0,68.29709463647038
251,right,RCA,0.75,length,1,True,True,0.6871715058026818,0.7267787636060203,0.639839772763941,0.7267787636038462,0.9785596664655789,0.9793502530424703,0.9779563450258011,1.070303579188163,1.046175417361157,0.8268896001041401,0.8389813664886684,0.0,1.0,68.29709463647038
251,right,RCA,0.9,share,1,True,True,0.6871715058026818,0.7267787636064866,0.639839772763941,0.7267787636038462,0.9785596664655704,0.9793502530424703,0.9779563450257924,1.070303579188163,1.046175417361157,0.8268896001027247,0.8389813664886684,0.0,1.0,68.29709463647038
251,right,RCA,0.9,leaf3,1,True,True,0.6871715058026818,0.7267787636060203,0.639839772763941,0.7267787636038462,0.9785596664655789,0.9793502530424703,0.9779563450258011,1.070303579188163,1.046175417361157,0.8268896001030367,0.8389813664886684,0.0,1.0,68.29709463647038
251,right,RCA,0.9,leaf266,1,True,True,0.6871715058026818,0.7267787636060203,0.639839772763941,0.7267787636038462,0.9785596664655789,0.9793502530424703,0.9779563450258011,1.070303579188163,1.046175417361157,0.8268896001041401,0.8389813664886684,0.0,1.0,68.29709463647038
251,right,RCA,0.9,apport,1,True,True,0.6871715058026818,0.7267787636064866,0.639839772763941,0.7267787636038462,0.9785596664655704,0.9793502530424703,0.9779563450257924,1.070303579188163,1.046175417361157,0.8268896001027247,0.8389813664886684,0.0,1.0,68.29709463647038
251,right,RCA,0.9,origin,1,True,True,0.6871715058026818,0.7267787636064866,0.639839772763941,0.7267787636038462,0.9785596664655704,0.9793502530424703,0.9779563450257924,1.070303579188163,1.046175417361157,0.8268896001027247,0.8389813664886684,0.0,1.0,68.29709463647038
251,right,RCA,0.9,length,1,True,True,0.6871715058026818,0.7267787636060203,0.639839772763941,0.7267787636038462,0.9785596664655789,0.9793502530424703,0.9779563450258011,1.070303579188163,1.046175417361157,0.8268896001041401,0.8389813664886684,0.0,1.0,68.29709463647038
251,right,RCA,1.0,share,1,True,True,0.6871715058026818,0.7267787636055542,0.639839772763941,0.7267787636030525,0.978559666465593,0.9793502530424703,0.9779569225387814,1.070303579188163,1.046175417361157,0.8268949732249532,0.8389813664886684,0.0,1.0,67.80530809445584
251,right,RCA,1.0,leaf3,1,True,True,0.6871715058026818,0.7267787636064866,0.639839772763941,0.726778763604243,0.9785596664655605,0.9793502530424703,0.9779569225387473,1.070303579188163,1.046175417361157,0.826894973225015,0.8389813664886684,0.0,1.0,67.80530809445584
251,right,RCA,1.0,leaf266,1,True,True,0.6871715058026818,0.7267787636064866,0.639839772763941,0.726778763604243,0.9785596664655605,0.9793502530424703,0.9779569225387473,1.070303579188163,1.046175417361157,0.826894973225015,0.8389813664886684,0.0,1.0,67.80530809445584
251,right,RCA,1.0,apport,1,True,True,0.6871715058026818,0.7267787636055542,0.639839772763941,0.7267787636030525,0.978559666465593,0.9793502530424703,0.9779569225387814,1.070303579188163,1.046175417361157,0.8268949732249532,0.8389813664886684,0.0,1.0,67.80530809445584
251,right,RCA,1.0,origin,1,True,True,0.6871715058026818,0.7267787636055542,0.639839772763941,0.7267787636030525,0.978559666465593,0.9793502530424703,0.9779569225387814,1.070303579188163,1.046175417361157,0.8268949732249532,0.8389813664886684,0.0,1.0,67.80530809445584
251,right,RCA,1.0,length,1,True,True,0.6871715058026818,0.7267787636055542,0.639839772763941,0.7267787636030525,0.978559666465593,0.9793502530424703,0.9779569225387814,1.070303579188163,1.046175417361157,0.8268949732249532,0.8389813664886684,0.0,1.0,67.80530809445584
252,left,LAD,0.5,share,5,True,True,0.5180147006833109,0.7710364223252744,0.28043364354273803,0.771036422327372,0.9824340076154352,0.9870444262952924,0.978871702329676,1.2407114471426344,0.9696367886813453,0.8773764156447023,0.9255302052840222,1.0,1.0,113.11495325145704
252,left,LAD,0.5,leaf3,5,True,True,0.5180147006833109,0.9561983927333267,0.28043364354273803,0.9561983927384992,0.9786757624218598,0.9870444262952924,0.9744846529574313,1.2407114471426344,0.9696367886813453,0.8429916770658202,0.9255302052840222,1.0,1.0,113.11495325145704
252,left,LAD,0.5,leaf266,5,True,True,0.5180147006833109,0.9554242742598134,0.28043364354273803,0.9554242742627418,0.9786914747575651,0.9870444262952924,0.9744540568114888,1.2407114471426344,0.9696367886813453,0.8427701815680878,0.9255302052840222,1.0,1.0,113.11495325145704
252,left,LAD,0.5,apport,5,True,True,0.5180147006833109,0.7832924327867068,0.28043364354273803,0.7832924327893154,0.982185246531756,0.9870444262952924,0.9786805538224476,1.2407114471426344,0.9696367886813453,0.875908065605903,0.9255302052840222,1.0,1.0,113.11495325145704
252,left,LAD,0.5,origin,5,True,True,0.5180147006833109,0.7509944545169995,0.28043364354273803,0.7509944545140246,0.9828408008085898,0.9870444262952924,0.9793676741194964,1.2407114471426344,0.9696367886813453,0.8812743223352444,0.9255302052840222,1.0,1.0,113.11495325145704
252,left,LAD,0.5,length,5,True,True,0.5180147006833109,1.1348434041063855,0.28043364354273803,1.1348434041126778,0.9750497923921544,0.9870444262952924,0.9701731776000873,1.2407114471426344,0.9696367886813453,0.8091892098796117,0.9255302052840222,1.0,1.0,113.11495325145704
252,left,LAD,0.6,share,4,True,True,0.5180147006833109,0.7965694997601724,0.28043364354273803,0.7965694997646716,0.9819157609941859,0.9870444262952924,0.9782432996919957,1.2407114471426344,0.9696367886813453,0.8723229357427448,0.9255302052840222,1.0,1.0,113.11495325145704
252,left,LAD,0.6,leaf3,4,True,True,0.5180147006833109,1.1989218675420739,0.28043364354273803,1.198921867549441,0.9737491874315864,0.9870444262952924,0.968233097940945,1.2407114471426344,0.9696367886813453,0.7940751102036779,0.9255302052840222,1.0,1.0,113.11495325145704
252,left,LAD,0.6,leaf266,4,True,True,0.5180147006833109,1.1985063888365788,0.28043364354273803,1.1985063888324377,0.9737576204314351,0.9870444262952924,0.968225419214251,1.2407114471426344,0.9696367886813453,0.794018197214705,0.9255302052840222,1.0,1.0,113.11495325145704
252,left,LAD,0.6,apport,4,True,True,0.5180147006833109,0.8252058402292978,0.28043364354273803,0.8252058402274078,0.9813345272306568,0.9870444262952924,0.9775063497983683,1.2407114471426344,0.9696367886813453,0.866609218681107,0.9255302052840222,1.0,1.0,113.11495325145704
252,left,LAD,0.6,origin,4,True,True,0.5180147006833109,0.7897281514291409,0.28043364354273803,0.7897281514337114,0.9820546203097249,0.9870444262952924,0.9784171161918009,1.2407114471426344,0.9696367886813453,0.8736637981589231,0.9255302052840222,1.0,1.0,113.11495325145704
252,left,LAD,0.6,length,4,True,True,0.5180147006833109,1.2661332424965166,0.28043364354273803,1.2661332424990719,0.9723849935514473,0.9870444262952924,0.967017064076175,1.2407114471426344,0.9696367886813453,0.7846282578960652,0.9255302052840222,1.0,1.0,113.11495325145704
252,left,LAD,0.75,share,3,True,True,0.5180147006833109,0.7569359957927125,0.28043364354273803,0.7569359957961445,0.9827202049383513,0.9870444262952924,0.9790575530403276,1.2407114471426344,0.9696367886813453,0.8789874746380414,0.9255302052840222,0.0,1.0,54.79371352072078
252,left,LAD,0.75,leaf3,3,True,True,0.5180147006833109,0.7984186445609265,0.28043364354273803,0.798418644561851,0.9818782287755279,0.9870444262952924,0.9779879905508062,1.2407114471426344,0.9696367886813453,0.8707617797148581,0.9255302052840222,0.0,1.0,54.79371352072078
252,left,LAD,0.75,leaf266,3,True,True,0.5180147006833109,0.7991497245946946,0.28043364354273803,0.7991497245923316,0.9818633899940606,0.9870444262952924,0.9779694676825856,1.2407114471426344,0.9696367886813453,0.8706167978203616,0.9255302052840222,0.0,1.0,54.79371352072078
252,left,LAD,0.75,apport,3,True,True,0.5180147006833109,0.7565308417227575,0.28043364354273803,0.756530841720877,0.9827284283782939,0.9870444262952924,0.9790618167442023,1.2407114471426344,0.9696367886813453,0.8790624654010815,0.9255302052840222,0.0,1.0,54.79371352072078
252,left,LAD,0.75,origin,3,True,True,0.5180147006833109,0.1935133842443643,0.28043364354273803,0.1935133842436109,0.9941560322690063,0.9870444262952924,0.99370873275272,1.2407114471426344,0.9696367886813453,0.9775186475324404,0.9255302052840222,0.0,1.0,54.79371352072078
252,left,LAD,0.75,length,3,True,True,0.5180147006833109,0.8185870538026834,0.28043364354273803,0.8185870538034754,0.9814688691919807,0.9870444262952924,0.977474616038805,1.2407114471426344,0.9696367886813453,0.8667574665659596,0.9255302052840222,0.0,1.0,54.79371352072078
252,left,LAD,0.9,share,3,True,True,0.5180147006833109,0.7774319655362788,0.28043364354273803,0.7774319655333329,0.9823041968369189,0.9870444262952924,0.9780779702800075,1.2407114471426344,0.9696367886813453,0.8714726610642796,0.9255302052840222,0.0,1.0,26.301256300650355
252,left,LAD,0.9,leaf3,3,True,True,0.5180147006833109,0.8194705793124115,0.28043364354273803,0.8194705793108865,0.9814509362142462,0.9870444262952924,0.9769164853137922,1.2407114471426344,0.9696367886813453,0.8627002019387138,0.9255302052840222,0.0,1.0,26.301256300650355
252,left,LAD,0.9,leaf266,3,True,True,0.5180147006833109,0.8202335464201111,0.28043364354273803,0.8202335464213809,0.9814354502185839,0.9870444262952924,0.9768962308727136,1.2407114471426344,0.9696367886813453,0.8625413187338026,0.9255302052840222,0.0,1.0,26.301256300650355
252,left,LAD,0.9,apport,3,True,True,0.5180147006833109,0.7770671349863834,0.28043364354273803,0.777067134988733,0.9823116018275565,0.9870444262952924,0.9780784873333046,1.2407114471426344,0.9696367886813453,0.8715407223055776,0.9255302052840222,0.0,1.0,26.301256300650355
252,left,LAD,0.9,origin,3,True,True,0.5180147006833109,0.8626053846241879,0.28043364354273803,0.8626053846267568,0.9805754261168609,0.9870444262952924,0.9758154343305258,1.2407114471426344,0.9696367886813453,0.8537392762499235,0.9255302052840222,0.0,1.0,26.301256300650355
252,left,LAD,0.9,length,3,True,True,0.5180147006833109,1.3095517356651651,0.28043364354273803,1.3095517356659367,0.9715037254222673,0.9870444262952924,0.9639754796655583,1.2407114471426344,0.9696367886813453,0.7621126118782854,0.9255302052840222,0.0,1.0,26.301256300650355
252,left,LAD,1.0,share,3,False,True,0.5180147006833109,0.7792210258681554,0.28043364354273803,,,0.9870444262952924,,1.2407114471426344,0.9696367886813453,,,,,
252,left,LAD,1.0,leaf3,3,False,True,0.5180147006833109,0.8282350774339501,0.28043364354273803,,,0.9870444262952924,,1.2407114471426344,0.9696367886813453,,,,,
252,left,LAD,1.0,leaf266,3,False,True,0.5180147006833109,0.8281843070173368,0.28043364354273803,,,0.9870444262952924,,1.2407114471426344,0.9696367886813453,,,,,
252,left,LAD,1.0,apport,3,False,True,0.5180147006833109,0.7788824158254067,0.28043364354273803,,,0.9870444262952924,,1.2407114471426344,0.9696367886813453,,,,,
252,left,LAD,1.0,origin,3,False,True,0.5180147006833109,0.865132686576356,0.28043364354273803,,,0.9870444262952924,,1.2407114471426344,0.9696367886813453,,,,,
252,left,LAD,1.0,length,3,False,True,0.5180147006833109,1.315963941246123,0.28043364354273803,,,0.9870444262952924,,1.2407114471426344,0.9696367886813453,,,,,
252,right,RCA,0.5,share,2,True,True,1.3006127310354023,1.6017346057877604,0.9811052226941932,1.6017346057843784,0.9786770349685898,0.981976883118635,0.9818700815632263,1.3231685590316848,1.2040588419193092,0.8208560983775127,0.8160498724687255,1.0,1.0,127.7004891744786
252,right,RCA,0.5,leaf3,2,True,True,1.3006127310354023,1.6017346057877604,0.9811052226941932,1.6017346057843784,0.9786770349685892,0.981976883118635,0.9808782077351853,1.3231685590316848,1.2040588419193092,0.8096174339944929,0.8160498724687255,1.0,1.0,127.7004891744786
252,right,RCA,0.5,leaf266,2,True,True,1.3006127310354023,1.601734605785342,0.9811052226941932,1.6017346057822381,0.9786770349686131,0.981976883118635,0.9808656575207613,1.3231685590316848,1.2040588419193092,0.809480735298903,0.8160498724687255,1.0,1.0,127.7004891744786
252,right,RCA,0.5,apport,2,True,True,1.3006127310354023,1.6017346057877604,0.9811052226941932,1.6017346057843784,0.9786770349685898,0.981976883118635,0.9813284754524632,1.3231685590316848,1.2040588419193092,0.8146456019462135,0.8160498724687255,1.0,1.0,127.7004891744786
252,right,RCA,0.5,origin,2,True,True,1.3006127310354023,1.6017346057877604,0.9811052226941932,1.6017346057843784,0.9786770349685898,0.981976883118635,0.9818700815632311,1.3231685590316848,1.2040588419193092,0.8208560983766708,0.8160498724687255,1.0,1.0,127.7004891744786
252,right,RCA,0.5,length,2,True,True,1.3006127310354023,1.6017346057865514,0.9811052226941932,1.601734605783665,0.9786770349685947,0.981976883118635,0.980890723024751,1.3231685590316848,1.2040588419193092,0.8097540507155432,0.8160498724687255,1.0,1.0,127.7004891744786
252,right,RCA,0.6,share,2,True,True,1.3006127310354023,1.6017346057877604,0.9811052226941932,1.6017346057843784,0.9786770349685895,0.981976883118635,0.9812277841987179,1.3231685590316848,1.2040588419193092,0.8128322685868936,0.8160498724687255,1.0,1.0,115.96896131152926
252,right,RCA,0.6,leaf3,2,True,True,1.3006127310354023,1.6017346057877604,0.9811052226941932,1.6017346057843784,0.9786770349685895,0.981976883118635,0.9799500482371842,1.3231685590316848,1.2040588419193092,0.7987813300470422,0.8160498724687255,1.0,1.0,115.96896131152926
252,right,RCA,0.6,leaf266,2,True,True,1.3006127310354023,1.601734605784133,0.9811052226941932,1.601734605781525,0.9786770349686255,0.981976883118635,0.979950088371255,1.3231685590316848,1.2040588419193092,0.7987817211949652,0.8160498724687255,1.0,1.0,115.96896131152926
252,right,RCA,0.6,apport,2,True,True,1.3006127310354023,1.6017346057877604,0.9811052226941932,1.6017346057843784,0.9786770349685897,0.981976883118635,0.9804719614166493,1.3231685590316848,1.2040588419193092,0.804341360633582,0.8160498724687255,1.0,1.0,115.96896131152926
252,right,RCA,0.6,origin,2,True,True,1.3006127310354023,1.6017346057877604,0.9811052226941932,1.6017346057843784,0.9786770349685895,0.981976883118635,0.9812277841987224,1.3231685590316848,1.2040588419193092,0.8128322685868837,0.8160498724687255,1.0,1.0,115.96896131152926
252,right,RCA,0.6,length,2,True,True,1.3006127310354023,1.601734605792597,0.9811052226941932,1.6017346057900854,0.9786770349685172,0.981976883118635,0.9800618263077883,1.3231685590316848,1.2040588419193092,0.7999161698142164,0.8160498724687255,1.0,1.0,115.96896131152926
252,right,RCA,0.75,share,1,True,True,1.3006127310354023,1.6017346057877604,0.9811052226941932,1.6017346057843784,0.9786770349685902,0.981976883118635,0.981773909639687,1.3231685590316848,1.2040588419193092,0.8166860981835574,0.8160498724687255,0.0,1.0,89.48068114089378
252,right,RCA,0.75,leaf3,1,True,True,1.3006127310354023,1.6017346057877604,0.9811052226941932,1.6017346057843784,0.9786770349685892,0.981976883118635,0.981773909639687,1.3231685590316848,1.2040588419193092,0.8166860981835574,0.8160498724687255,0.0,1.0,89.48068114089378
252,right,RCA,0.75,leaf266,1,True,True,1.3006127310354023,1.6017346057877604,0.9811052226941932,1.6017346057843784,0.9786770349685892,0.981976883118635,0.981773909639687,1.3231685590316848,1.2040588419193092,0.8166860981835574,0.8160498724687255,0.0,1.0,89.48068114089378
252,right,RCA,0.75,apport,1,True,True,1.3006127310354023,1.6017346057877604,0.9811052226941932,1.6017346057843784,0.9786770349685892,0.981976883118635,0.981773909639687,1.3231685590316848,1.2040588419193092,0.8166860981835574,0.8160498724687255,0.0,1.0,89.48068114089378
252,right,RCA,0.75,origin,1,True,True,1.3006127310354023,1.6017346057877604,0.9811052226941932,1.6017346057843784,0.9786770349685902,0.981976883118635,0.981773909639687,1.3231685590316848,1.2040588419193092,0.8166860981835574,0.8160498724687255,0.0,1.0,89.48068114089378
252,right,RCA,0.75,length,1,True,True,1.3006127310354023,1.6017346057877604,0.9811052226941932,1.6017346057843784,0.9786770349685892,0.981976883118635,0.981773909639687,1.3231685590316848,1.2040588419193092,0.8166860981831936,0.8160498724687255,0.0,1.0,89.48068114089378
252,right,RCA,0.9,share,1,True,True,1.3006127310354023,1.6017346057877604,0.9811052226941932,1.6017346057843784,0.9786770349685898,0.981976883118635,0.9798276108491876,1.3231685590316848,1.2040588419193092,0.7939286665547604,0.8160498724687255,0.0,1.0,62.75722366464082
252,right,RCA,0.9,leaf3,1,True,True,1.3006127310354023,1.6017346057877604,0.9811052226941932,1.6017346057843784,0.9786770349685874,0.981976883118635,0.9798276108491858,1.3231685590316848,1.2040588419193092,0.7939286665547604,0.8160498724687255,0.0,1.0,62.75722366464082
252,right,RCA,0.9,leaf266,1,True,True,1.3006127310354023,1.6017346057877604,0.9811052226941932,1.6017346057843784,0.9786770349685874,0.981976883118635,0.9798276108491858,1.3231685590316848,1.2040588419193092,0.7939286665547604,0.8160498724687255,0.0,1.0,62.75722366464082
252,right,RCA,0.9,apport,1,True,True,1.3006127310354023,1.6017346057877604,0.9811052226941932,1.6017346057843784,0.9786770349685898,0.981976883118635,0.9798276108491876,1.3231685590316848,1.2040588419193092,0.7939286665547604,0.8160498724687255,0.0,1.0,62.75722366464082
252,right,RCA,0.9,origin,1,True,True,1.3006127310354023,1.6017346057877604,0.9811052226941932,1.6017346057843784,0.9786770349685898,0.981976883118635,0.9798276108491876,1.3231685590316848,1.2040588419193092,0.7939286665547604,0.8160498724687255,0.0,1.0,62.75722366464082
252,right,RCA,0.9,length,1,True,True,1.3006127310354023,1.6017346057877604,0.9811052226941932,1.6017346057843784,0.9786770349685874,0.981976883118635,0.9798276108491858,1.3231685590316848,1.2040588419193092,0.793928666554965,0.8160498724687255,0.0,1.0,62.75722366464082
252,right,RCA,1.0,share,1,True,True,1.3006127310354023,1.6017346057877604,0.9811052226941932,1.6017346057843784,0.9786770349685868,0.981976883118635,0.97661397852376,1.3231685590316848,1.2040588419193092,0.7608704358782645,0.8160498724687255,0.0,1.0,45.33787684821606
252,right,RCA,1.0,leaf3,1,True,True,1.3006127310354023,1.6017346057877604,0.9811052226941932,1.6017346057843784,0.9786770349685898,0.981976883118635,0.976613978523764,1.3231685590316848,1.2040588419193092,0.7608704358787317,0.8160498724687255,0.0,1.0,45.33787684821606
252,right,RCA,1.0,leaf266,1,True,True,1.3006127310354023,1.6017346057877604,0.9811052226941932,1.6017346057843784,0.9786770349685898,0.981976883118635,0.976613978523764,1.3231685590316848,1.2040588419193092,0.7608704358787317,0.8160498724687255,0.0,1.0,45.33787684821606
252,right,RCA,1.0,apport,1,True,True,1.3006127310354023,1.6017346057877604,0.9811052226941932,1.6017346057843784,0.9786770349685868,0.981976883118635,0.97661397852376,1.3231685590316848,1.2040588419193092,0.7608704358782645,0.8160498724687255,0.0,1.0,45.33787684821606
252,right,RCA,1.0,origin,1,True,True,1.3006127310354023,1.6017346057877604,0.9811052226941932,1.6017346057843784,0.9786770349685868,0.981976883118635,0.97661397852376,1.3231685590316848,1.2040588419193092,0.7608704358782645,0.8160498724687255,0.0,1.0,45.33787684821606
252,right,RCA,1.0,length,1,True,True,1.3006127310354023,1.6017346057877604,0.9811052226941932,1.6017346057843784,0.9786770349685898,0.981976883118635,0.976613978523764,1.3231685590316848,1.2040588419193092,0.7608704358787317,0.8160498724687255,0.0,1.0,45.33787684821606
265,right,RCA,0.5,share,2,True,True,0.6239404838033693,0.7030529404199761,0.5333545589811701,0.7030529404159552,0.9759189798370803,0.9672275925298024,0.9636339138280641,1.0372487993587745,0.9863590945576358,0.8070924196073807,0.8274960482830804,1.0,1.0,89.45780115004517
265,right,RCA,0.5,leaf3,2,True,True,0.6239404838033693,0.7030529404199761,0.5333545589811701,0.7030529404159552,0.9759189798370809,0.9672275925298024,0.9635722480341163,1.0372487993587745,0.9863590945576358,0.8067555561137497,0.8274960482830804,1.0,1.0,89.45780115004517
265,right,RCA,0.5,leaf266,2,True,True,0.6239404838033693,0.7030529404205481,0.5333545589811701,0.7030529404162472,0.9759189798370657,0.9672275925298024,0.9635542215905091,1.0372487993587745,0.9863590945576358,0.8066571115558127,0.8274960482830804,1.0,1.0,89.45780115004517
265,right,RCA,0.5,apport,2,True,True,0.6239404838033693,0.7030529404199761,0.5333545589811701,0.7030529404159552,0.9759189798370781,0.9672275925298024,0.9636007434882362,1.0372487993587745,0.9863590945576358,0.8069111999703965,0.8274960482830804,1.0,1.0,89.45780115004517
265,right,RCA,0.5,origin,2,True,True,0.6239404838033693,0.7030529404199761,0.5333545589811701,0.7030529404159552,0.9759189798370803,0.9672275925298024,0.9636339138280641,1.0372487993587745,0.9863590945576358,0.8070924196073807,0.8274960482830804,1.0,1.0,89.45780115004517
265,right,RCA,0.5,length,2,True,True,0.6239404838033693,0.7030529404199761,0.5333545589811701,0.7030529404159552,0.9759189798370772,0.9672275925298024,0.9633666084769004,1.0372487993587745,0.9863590945576358,0.8056333157554828,0.8274960482830804,1.0,1.0,89.45780115004517
265,right,RCA,0.6,share,1,True,True,0.6239404838033693,0.7030529404199761,0.5333545589811701,0.7030529404159552,0.9759189798370803,0.9672275925298024,0.9643345747486625,1.0372487993587745,0.9863590945576358,0.8109306135833243,0.8274960482830804,0.0,1.0,89.45780115004517
265,right,RCA,0.6,leaf3,1,True,True,0.6239404838033693,0.7030529404199761,0.5333545589811701,0.7030529404159552,0.9759189798370781,0.9672275925298024,0.9643345747486625,1.0372487993587745,0.9863590945576358,0.8109306135833243,0.8274960482830804,0.0,1.0,89.45780115004517
265,right,RCA,0.6,leaf266,1,True,True,0.6239404838033693,0.7030529404199761,0.5333545589811701,0.7030529404159552,0.9759189798370781,0.9672275925298024,0.9643345747486625,1.0372487993587745,0.9863590945576358,0.8109306135833243,0.8274960482830804,0.0,1.0,89.45780115004517
265,right,RCA,0.6,apport,1,True,True,0.6239404838033693,0.7030529404199761,0.5333545589811701,0.7030529404159552,0.9759189798370781,0.9672275925298024,0.9643345747486625,1.0372487993587745,0.9863590945576358,0.8109306135833243,0.8274960482830804,0.0,1.0,89.45780115004517
265,right,RCA,0.6,origin,1,True,True,0.6239404838033693,0.7030529404199761,0.5333545589811701,0.7030529404159552,0.9759189798370803,0.9672275925298024,0.9643345747486625,1.0372487993587745,0.9863590945576358,0.8109306135833243,0.8274960482830804,0.0,1.0,89.45780115004517
265,right,RCA,0.6,length,1,True,True,0.6239404838033693,0.7030529404199761,0.5333545589811701,0.7030529404159552,0.9759189798370803,0.9672275925298024,0.9643345747486625,1.0372487993587745,0.9863590945576358,0.8109306135833243,0.8274960482830804,0.0,1.0,89.45780115004517
265,right,RCA,0.75,share,1,True,True,0.6239404838033693,0.7030529404199761,0.5333545589811701,0.7030529404159552,0.9759189798370809,0.9672275925298024,0.9628012021337238,1.0372487993587745,0.9863590945576358,0.8025566321064188,0.8274960482830804,0.0,1.0,66.01791405455053
265,right,RCA,0.75,leaf3,1,True,True,0.6239404838033693,0.7030529404199761,0.5333545589811701,0.7030529404159552,0.9759189798370809,0.9672275925298024,0.9628012021337238,1.0372487993587745,0.9863590945576358,0.8025566321064188,0.8274960482830804,0.0,1.0,66.01791405455053
265,right,RCA,0.75,leaf266,1,True,True,0.6239404838033693,0.7030529404199761,0.5333545589811701,0.7030529404159552,0.9759189798370712,0.9672275925298024,0.9628012021337238,1.0372487993587745,0.9863590945576358,0.8025566321064188,0.8274960482830804,0.0,1.0,66.01791405455053
265,right,RCA,0.75,apport,1,True,True,0.6239404838033693,0.7030529404199761,0.5333545589811701,0.7030529404159552,0.9759189798370712,0.9672275925298024,0.9628012021337238,1.0372487993587745,0.9863590945576358,0.8025566321064188,0.8274960482830804,0.0,1.0,66.01791405455053
265,right,RCA,0.75,origin,1,True,True,0.6239404838033693,0.7030529404199761,0.5333545589811701,0.7030529404159552,0.9759189798370809,0.9672275925298024,0.9628012021337238,1.0372487993587745,0.9863590945576358,0.8025566321064188,0.8274960482830804,0.0,1.0,66.01791405455053
265,right,RCA,0.75,length,1,True,True,0.6239404838033693,0.7030529404199761,0.5333545589811701,0.7030529404159552,0.9759189798370809,0.9672275925298024,0.9628012021337238,1.0372487993587745,0.9863590945576358,0.8025566321064188,0.8274960482830804,0.0,1.0,66.01791405455053
265,right,RCA,0.9,share,1,True,True,0.6239404838033693,0.7030529404199761,0.5333545589811701,0.7030529404159552,0.9759189798370749,0.9672275925298024,0.9628091768888146,1.0372487993587745,0.9863590945576358,0.8025999352999348,0.8274960482830804,0.0,1.0,63.33871905983558
265,right,RCA,0.9,leaf3,1,True,True,0.6239404838033693,0.7030529404199761,0.5333545589811701,0.7030529404156631,0.9759189798370846,0.9672275925298024,0.9628091768889074,1.0372487993587745,0.9863590945576358,0.8025999352987988,0.8274960482830804,0.0,1.0,63.33871905983558
265,right,RCA,0.9,leaf266,1,True,True,0.6239404838033693,0.7030529404199761,0.5333545589811701,0.7030529404159552,0.9759189798370749,0.9672275925298024,0.9628091768888146,1.0372487993587745,0.9863590945576358,0.8025999352999348,0.8274960482830804,0.0,1.0,63.33871905983558
265,right,RCA,0.9,apport,1,True,True,0.6239404838033693,0.7030529404199761,0.5333545589811701,0.7030529404156631,0.9759189798370846,0.9672275925298024,0.9628091768889074,1.0372487993587745,0.9863590945576358,0.8025999352987988,0.8274960482830804,0.0,1.0,63.33871905983558
265,right,RCA,0.9,origin,1,True,True,0.6239404838033693,0.7030529404199761,0.5333545589811701,0.7030529404159552,0.9759189798370749,0.9672275925298024,0.9628091768888146,1.0372487993587745,0.9863590945576358,0.8025999352999348,0.8274960482830804,0.0,1.0,63.33871905983558
265,right,RCA,0.9,length,1,True,True,0.6239404838033693,0.7030529404199761,0.5333545589811701,0.7030529404159552,0.9759189798370749,0.9672275925298024,0.9628091768888146,1.0372487993587745,0.9863590945576358,0.8025999352999348,0.8274960482830804,0.0,1.0,63.33871905983558
265,right,RCA,1.0,share,1,False,True,0.6239404838033693,0.7030529404199761,0.5333545589811701,,,0.9672275925298024,,1.0372487993587745,0.9863590945576358,,,,,
265,right,RCA,1.0,leaf3,1,False,True,0.6239404838033693,0.7030529404199761,0.5333545589811701,,,0.9672275925298024,,1.0372487993587745,0.9863590945576358,,,,,
265,right,RCA,1.0,leaf266,1,False,True,0.6239404838033693,0.7030529404199761,0.5333545589811701,,,0.9672275925298024,,1.0372487993587745,0.9863590945576358,,,,,
265,right,RCA,1.0,apport,1,False,True,0.6239404838033693,0.7030529404199761,0.5333545589811701,,,0.9672275925298024,,1.0372487993587745,0.9863590945576358,,,,,
265,right,RCA,1.0,origin,1,False,True,0.6239404838033693,0.7030529404199761,0.5333545589811701,,,0.9672275925298024,,1.0372487993587745,0.9863590945576358,,,,,
265,right,RCA,1.0,length,1,False,True,0.6239404838033693,0.7030529404199761,0.5333545589811701,,,0.9672275925298024,,1.0372487993587745,0.9863590945576358,,,,,
271,left,LAD,0.5,share,7,True,True,0.2573367700239779,0.23804933150661456,0.07362732301583001,0.09730709508466145,0.987041103396227,0.9870272473115972,0.9857375335309921,0.9827272937086111,0.7713403478356123,0.963900250419,0.9632356877085727,0.0,0.0,110.65029680450368
271,left,LAD,0.5,leaf3,7,True,True,0.2573367700239779,0.25774204968309694,0.07362732301583001,0.07874900617701276,0.9876813443258363,0.9870272473115972,0.9871654167009257,0.9827272937086111,0.7713403478356123,0.9641055312866873,0.9632356877085727,0.0,0.0,110.65029680450368
271,left,LAD,0.5,leaf266,7,True,True,0.2573367700239779,0.25872188178451994,0.07362732301583001,0.07999395810802426,0.9875968906068386,0.9870272473115972,0.9870396033783848,0.9827272937086111,0.7713403478356123,0.9638145971109079,0.9632356877085727,0.0,0.0,110.65029680450368
271,left,LAD,0.5,apport,7,True,True,0.2573367700239779,0.2899999160172652,0.07362732301583001,0.10047644259671012,0.9859680657717932,0.9870272473115972,0.9848496872688128,0.9827272937086111,0.7713403478356123,0.9570987098163017,0.9632356877085727,0.0,0.0,110.65029680450368
271,left,LAD,0.5,origin,7,True,True,0.2573367700239779,0.27097108184539587,0.07362732301583001,0.1330828724312689,0.9846187599437989,0.9870272473115972,0.9822427241975228,0.9827272937086111,0.7713403478356123,0.9549786898177672,0.9632356877085727,0.0,0.0,110.65029680450368
271,left,LAD,0.5,length,7,True,True,0.2573367700239779,0.33351577793201836,0.07362732301583001,0.19776138801018045,0.9802211475681194,0.9870272473115972,0.9760277911480967,0.9827272937086111,0.7713403478356123,0.9377394183543453,0.9632356877085727,0.0,0.0,110.65029680450368
271,left,LAD,0.6,share,6,True,True,0.2573367700239779,0.23986060552181032,0.07362732301583001,0.09850808678961612,0.9869459493290804,0.9870272473115972,0.9855766474458421,0.9827272937086111,0.7713403478356123,0.9634175332642064,0.9632356877085727,0.0,0.0,92.18636206428565
271,left,LAD,0.6,leaf3,6,True,True,0.2573367700239779,0.2804655661009767,0.07362732301583001,0.08741718857602176,0.986796398772394,0.9870272473115972,0.9860695465109667,0.9827272937086111,0.7713403478356123,0.959981687514892,0.9632356877085727,0.0,0.0,92.18636206428565
271,left,LAD,0.6,leaf266,6,True,True,0.2573367700239779,0.28308712013592147,0.07362732301583001,0.08879579284781991,0.9866770890796236,0.9870272473115972,0.9859137761063674,0.9827272937086111,0.7713403478356123,0.9594565905473227,0.9632356877085727,0.0,0.0,92.18636206428565
271,left,LAD,0.6,apport,6,True,True,0.2573367700239779,0.2897797568067343,0.07362732301583001,0.10103780707445818,0.9859407198395036,0.9870272473115972,0.9847613152579722,0.9827272937086111,0.7713403478356123,0.9569209114197844,0.9632356877085727,0.0,0.0,92.18636206428565
271,left,LAD,0.6,origin,6,True,True,0.2573367700239779,0.2945705628993936,0.07362732301583001,0.1454677466077399,0.9835493210462317,0.9870272473115972,0.9807979098054891,0.9827272937086111,0.7713403478356123,0.9500051718332961,0.9632356877085727,0.0,0.0,92.18636206428565
271,left,LAD,0.6,length,6,True,True,0.2573367700239779,0.35268301439516153,0.07362732301583001,0.21075536363153957,0.9792070421066451,0.9870272473115972,0.9745213944947034,0.9827272937086111,0.7713403478356123,0.9327161139352973,0.9632356877085727,0.0,0.0,92.18636206428565
271,left,LAD,0.75,share,4,True,True,0.2573367700239779,0.24009175820111897,0.07362732301583001,0.09962260494175408,0.9868857986118301,0.9870272473115972,0.98543879027752,0.9827272937086111,0.7713403478356123,0.9631765386174316,0.9632356877085727,0.0,0.0,29.207471472279163
271,left,LAD,0.75,leaf3,4,True,True,0.2573367700239779,0.28728488268185787,0.07362732301583001,0.14283285049278244,0.983785243429698,0.9870272473115972,0.9810418368746179,0.9827272937086111,0.7713403478356123,0.9511910880258062,0.9632356877085727,0.0,0.0,29.207471472279163
271,left,LAD,0.75,leaf266,4,True,True,0.2573367700239779,0.2888175859202014,0.07362732301583001,0.14361489752950912,0.9837168299895427,0.9870272473115972,0.9809543381171818,0.9827272937086111,0.7713403478356123,0.9508815310331713,0.9632356877085727,0.0,0.0,29.207471472279163
271,left,LAD,0.75,apport,4,True,True,0.2573367700239779,0.2852235678053776,0.07362732301583001,0.12090540770037081,0.9849927363671394,0.9870272473115972,0.9830234427013649,0.9827272937086111,0.7713403478356123,0.9546418110494742,0.9632356877085727,0.0,0.0,29.207471472279163
271,left,LAD,0.75,origin,4,True,True,0.2573367700239779,0.3586747649964906,0.07362732301583001,0.14860827268688062,0.9822297385111022,0.9870272473115972,0.979689796211696,0.9827272937086111,0.7713403478356123,0.9407598484595823,0.9632356877085727,0.0,0.0,29.207471472279163
271,left,LAD,0.75,length,4,True,True,0.2573367700239779,0.3438598692995244,0.07362732301583001,0.1954580223075118,0.9801569709011335,0.9870272473115972,0.9758614268284743,0.9827272937086111,0.7713403478356123,0.9360119994475092,0.9632356877085727,0.0,0.0,29.207471472279163
271,left,LAD,0.9,share,2,False,True,0.2573367700239779,0.34668076249797813,0.07362732301583001,,,0.9870272473115972,,0.9827272937086111,0.7713403478356123,,,,,
271,left,LAD,0.9,leaf3,2,False,True,0.2573367700239779,0.3020712989051464,0.07362732301583001,,,0.9870272473115972,,0.9827272937086111,0.7713403478356123,,,,,
271,left,LAD,0.9,leaf266,2,False,True,0.2573367700239779,0.3019950956653455,0.07362732301583001,,,0.9870272473115972,,0.9827272937086111,0.7713403478356123,,,,,
271,left,LAD,0.9,apport,2,False,True,0.2573367700239779,0.34668076249797813,0.07362732301583001,,,0.9870272473115972,,0.9827272937086111,0.7713403478356123,,,,,
271,left,LAD,0.9,origin,2,False,True,0.2573367700239779,0.24074088761938242,0.07362732301583001,,,0.9870272473115972,,0.9827272937086111,0.7713403478356123,,,,,
271,left,LAD,0.9,length,2,False,True,0.2573367700239779,0.2195084830304953,0.07362732301583001,,,0.9870272473115972,,0.9827272937086111,0.7713403478356123,,,,,
271,left,LAD,1.0,share,2,False,False,0.2573367700239779,,0.07362732301583001,,,0.9870272473115972,,0.9827272937086111,0.7713403478356123,,,,,
271,left,LAD,1.0,leaf3,2,False,False,0.2573367700239779,,0.07362732301583001,,,0.9870272473115972,,0.9827272937086111,0.7713403478356123,,,,,
271,left,LAD,1.0,leaf266,2,False,False,0.2573367700239779,,0.07362732301583001,,,0.9870272473115972,,0.9827272937086111,0.7713403478356123,,,,,
271,left,LAD,1.0,apport,2,False,False,0.2573367700239779,,0.07362732301583001,,,0.9870272473115972,,0.9827272937086111,0.7713403478356123,,,,,
271,left,LAD,1.0,origin,2,False,False,0.2573367700239779,,0.07362732301583001,,,0.9870272473115972,,0.9827272937086111,0.7713403478356123,,,,,
271,left,LAD,1.0,length,2,False,False,0.2573367700239779,,0.07362732301583001,,,0.9870272473115972,,0.9827272937086111,0.7713403478356123,,,,,
272,left,LAD,0.5,share,6,True,True,0.44023044735018546,1.9438452784355182,0.4402304473501127,1.943845278433306,0.8812385547599645,0.9500539606947304,0.8002140516545602,0.9682116370658514,0.9682116370658514,0.5555960497791822,0.8807196622539579,0.0,0.0,95.40371701976161
272,left,LAD,0.5,leaf3,6,True,True,0.44023044735018546,1.2295819418855964,0.4402304473501127,1.2295819418858631,0.9223584702352937,0.9500539606947304,0.8718773645276631,0.9682116370658514,0.9682116370658514,0.6831725250538269,0.8807196622539579,0.0,0.0,95.40371701976161
272,left,LAD,0.5,leaf266,6,True,True,0.44023044735018546,1.190249422455772,0.4402304473501127,1.190249422454057,0.9242815227722714,0.9500539606947304,0.8756587194695871,0.9682116370658514,0.9682116370658514,0.6914920153970842,0.8807196622539579,0.0,0.0,95.40371701976161
272,left,LAD,0.5,apport,6,True,True,0.44023044735018546,1.6461951169081006,0.4402304473501127,1.646195116904942,0.8972857596130503,0.9500539606947304,0.8286512125612557,0.9682116370658514,0.9682116370658514,0.6020380725645714,0.8807196622539579,0.0,0.0,95.40371701976161
272,left,LAD,0.5,origin,6,True,True,0.44023044735018546,1.3508253848387621,0.4402304473501127,1.3508253848424263,0.9163793458965922,0.9500539606947304,0.8601132535209608,0.9682116370658514,0.9682116370658514,0.6585026472860354,0.8807196622539579,0.0,0.0,95.40371701976161
272,left,LAD,0.5,length,6,True,True,0.44023044735018546,2.108442626594605,0.4402304473501127,2.1084426265954126,0.87675569416805,0.9500539606947304,0.788537806885859,0.9682116370658514,0.9682116370658514,0.5357381824645594,0.8807196622539579,0.0,0.0,95.40371701976161
272,left,LAD,0.6,share,6,True,True,0.44023044735018546,1.9118271383561147,0.4402304473501127,1.9118271383529934,0.8829244363132825,0.9500539606947304,0.8022002048035146,0.9682116370658514,0.9682116370658514,0.5596444815738649,0.8807196622539579,0.0,0.0,95.40371701976161
272,left,LAD,0.6,leaf3,6,True,True,0.44023044735018546,0.9684313188741213,0.4402304473501127,0.9684313188705697,0.9352646478072364,0.9500539606947304,0.8960941373157111,0.9682116370658514,0.9682116370658514,0.7410221544345825,0.8807196622539579,0.0,0.0,95.40371701976161
272,left,LAD,0.6,leaf266,6,True,True,0.44023044735018546,0.9538677898659489,0.4402304473501127,0.953867789863742,0.935992537734498,0.9500539606947304,0.8974901853910313,0.9682116370658514,0.9682116370658514,0.7445057879294577,0.8807196622539579,0.0,0.0,95.40371701976161
272,left,LAD,0.6,apport,6,True,True,0.44023044735018546,1.408168184953628,0.4402304473501127,1.4081681849548893,0.9084592508900279,0.9500539606947304,0.8490452052319339,0.9682116370658514,0.9682116370658514,0.6428289276460536,0.8807196622539579,0.0,0.0,95.40371701976161
272,left,LAD,0.6,origin,6,True,True,0.44023044735018546,1.3085631382912553,0.4402304473501127,1.3085631382914278,0.9187390663776889,0.9500539606947304,0.8640640008753782,0.9682116370658514,0.9682116370658514,0.666877278260857,0.8807196622539579,0.0,0.0,95.40371701976161
272,left,LAD,0.6,length,6,True,True,0.44023044735018546,2.0628193227136586,0.4402304473501127,2.0628193227116753,0.8793136772125092,0.9500539606947304,0.792733080148081,0.9682116370658514,0.9682116370658514,0.5418585221877417,0.8807196622539579,0.0,0.0,95.40371701976161
272,left,LAD,0.75,share,3,True,True,0.44023044735018546,2.7153759733767457,0.4402304473501127,2.715375973373748,0.8450416494569918,0.9500539606947304,0.6931551035001399,0.9682116370658514,0.9682116370658514,0.4196897564886118,0.8807196622539579,0.0,0.0,76.09411189729641
272,left,LAD,0.75,leaf3,3,True,True,0.44023044735018546,1.6398901639483716,0.4402304473501127,1.6398901639503394,0.9036108875124214,0.9500539606947304,0.8162169153997665,0.9682116370658514,0.9682116370658514,0.5769608049465327,0.8807196622539579,0.0,0.0,76.09411189729641
272,left,LAD,0.75,leaf266,3,True,True,0.44023044735018546,1.6401526278587264,0.4402304473501127,1.6401526278571,0.9035967941704572,0.9500539606947304,0.816185855307087,0.9682116370658514,0.9682116370658514,0.5769106629323758,0.8807196622539579,0.0,0.0,76.09411189729641
272,left,LAD,0.75,apport,3,True,True,0.44023044735018546,2.361762499784472,0.4402304473501127,2.361762499784324,0.864286675749016,0.9500539606947304,0.7321240759696164,0.9682116370658514,0.9682116370658514,0.462176900331367,0.8807196622539579,0.0,0.0,76.09411189729641
272,left,LAD,0.75,origin,3,True,True,0.44023044735018546,1.899547841360982,0.4402304473501127,1.8995478413596445,0.8890500587923716,0.9500539606947304,0.7851170745110365,0.9682116370658514,0.9682116370658514,0.5302613583703976,0.8807196622539579,0.0,0.0,76.09411189729641
272,left,LAD,0.75,length,3,True,True,0.44023044735018546,2.8979819699710117,0.4402304473501127,2.897981969970558,0.8345060383790033,0.9500539606947304,0.6732085716307515,0.9682116370658514,0.9682116370658514,0.40005628080570016,0.8807196622539579,0.0,0.0,76.09411189729641
272,left,LAD,0.9,share,3,False,False,0.44023044735018546,,0.4402304473501127,,,0.9500539606947304,,0.9682116370658514,0.9682116370658514,,,,,
272,left,LAD,0.9,leaf3,3,False,False,0.44023044735018546,,0.4402304473501127,,,0.9500539606947304,,0.9682116370658514,0.9682116370658514,,,,,
272,left,LAD,0.9,leaf266,3,False,False,0.44023044735018546,,0.4402304473501127,,,0.9500539606947304,,0.9682116370658514,0.9682116370658514,,,,,
272,left,LAD,0.9,apport,3,False,False,0.44023044735018546,,0.4402304473501127,,,0.9500539606947304,,0.9682116370658514,0.9682116370658514,,,,,
272,left,LAD,0.9,origin,3,False,False,0.44023044735018546,,0.4402304473501127,,,0.9500539606947304,,0.9682116370658514,0.9682116370658514,,,,,
272,left,LAD,0.9,length,3,False,False,0.44023044735018546,,0.4402304473501127,,,0.9500539606947304,,0.9682116370658514,0.9682116370658514,,,,,
272,left,LAD,1.0,share,2,False,False,0.44023044735018546,,0.4402304473501127,,,0.9500539606947304,,0.9682116370658514,0.9682116370658514,,,,,
272,left,LAD,1.0,leaf3,2,False,False,0.44023044735018546,,0.4402304473501127,,,0.9500539606947304,,0.9682116370658514,0.9682116370658514,,,,,
272,left,LAD,1.0,leaf266,2,False,False,0.44023044735018546,,0.4402304473501127,,,0.9500539606947304,,0.9682116370658514,0.9682116370658514,,,,,
272,left,LAD,1.0,apport,2,False,False,0.44023044735018546,,0.4402304473501127,,,0.9500539606947304,,0.9682116370658514,0.9682116370658514,,,,,
272,left,LAD,1.0,origin,2,False,False,0.44023044735018546,,0.4402304473501127,,,0.9500539606947304,,0.9682116370658514,0.9682116370658514,,,,,
272,left,LAD,1.0,length,2,False,False,0.44023044735018546,,0.4402304473501127,,,0.9500539606947304,,0.9682116370658514,0.9682116370658514,,,,,
272,right,RCA,0.5,share,4,True,True,2.200683343170778,2.2656455908535413,2.1222147801518436,2.265645590859271,0.9857750704612529,0.9862485696952384,0.9869180462468402,1.5746783139188887,1.5536574728661088,0.8020113368909264,0.789015916688185,3.0,3.0,138.51247152264293
272,right,RCA,0.5,leaf3,4,True,True,2.200683343170778,2.2656455908535413,2.1222147801518436,2.265645590859271,0.9857750704612523,0.9862485696952384,0.9867698980178216,1.5746783139188887,1.5536574728661088,0.7991990432657001,0.789015916688185,3.0,3.0,138.51247152264293
272,right,RCA,0.5,leaf266,4,True,True,2.200683343170778,2.265645590861268,2.1222147801518436,2.265645590866849,0.9857750704612047,0.9862485696952384,0.9867696823239063,1.5746783139188887,1.5536574728661088,0.7991951819149145,0.789015916688185,3.0,3.0,138.51247152264293
272,right,RCA,0.5,apport,4,True,True,2.200683343170778,2.2656455908535413,2.1222147801518436,2.265645590859271,0.9857750704612525,0.9862485696952384,0.9867728409187765,1.5746783139188887,1.5536574728661088,0.7993108363316678,0.789015916688185,3.0,3.0,138.51247152264293
272,right,RCA,0.5,origin,4,True,True,2.200683343170778,2.265645590861268,2.1222147801518436,2.265645590866849,0.9857750704612064,0.9862485696952384,0.9872352552796407,1.5746783139188887,1.5536574728661088,0.8074906173978813,0.789015916688185,3.0,3.0,138.51247152264293
272,right,RCA,0.5,length,4,True,True,2.200683343170778,2.265645590856117,2.1222147801518436,2.2656455908630595,0.9857750704612339,0.9862485696952384,0.9867354660445817,1.5746783139188887,1.5536574728661088,0.7986022000994462,0.789015916688185,3.0,3.0,138.51247152264293
272,right,RCA,0.6,share,3,True,True,2.200683343170778,2.265645590856117,2.1222147801518436,2.2656455908630595,0.9857750704612296,0.9862485696952384,0.9872443921093861,1.5746783139188887,1.5536574728661088,0.8080961953997274,0.789015916688185,2.0,3.0,126.32819171901593
272,right,RCA,0.6,leaf3,3,True,True,2.200683343170778,2.2656455908509656,2.1222147801518436,2.2656455908573765,0.9857750704612711,0.9862485696952384,0.9874110682854945,1.5746783139188887,1.5536574728661088,0.8107966194540563,0.789015916688185,2.0,3.0,126.32819171901593
272,right,RCA,0.6,leaf266,3,True,True,2.200683343170778,2.2656455908535413,2.1222147801518436,2.265645590861165,0.9857750704612454,0.9862485696952384,0.9874111738549877,1.5746783139188887,1.5536574728661088,0.8107983997131876,0.789015916688185,2.0,3.0,126.32819171901593
272,right,RCA,0.6,apport,3,True,True,2.200683343170778,2.2656455908535413,2.1222147801518436,2.265645590859271,0.9857750704612526,0.9862485696952384,0.9872670351766855,1.5746783139188887,1.5536574728661088,0.8084331753341097,0.789015916688185,2.0,3.0,126.32819171901593
272,right,RCA,0.6,origin,3,True,True,2.200683343170778,2.2656455908483903,2.1222147801518436,2.2656455908554816,0.9857750704612778,0.9862485696952384,0.9875113077478301,1.5746783139188887,1.5536574728661088,0.812507211575557,0.789015916688185,2.0,3.0,126.32819171901593
272,right,RCA,0.6,length,3,True,True,2.200683343170778,2.2656455908535413,2.1222147801518436,2.265645590859271,0.9857750704612526,0.9862485696952384,0.9873035002428524,1.5746783139188887,1.5536574728661088,0.8088815353215203,0.789015916688185,2.0,3.0,126.32819171901593
272,right,RCA,0.75,share,3,True,True,2.200683343170778,2.2656455908535413,2.1222147801518436,2.265645590859271,0.9857750704612518,0.9862485696952384,0.9860659215578783,1.5746783139188887,1.5536574728661088,0.7862910096649268,0.789015916688185,2.0,3.0,108.68812245458612
272,right,RCA,0.75,leaf3,3,True,True,2.200683343170778,2.2656455908535413,2.1222147801518436,2.265645590861165,0.9857750704612412,0.9862485696952384,0.9864876566928775,1.5746783139188887,1.5536574728661088,0.7934340743423789,0.789015916688185,2.0,3.0,108.68812245458612
272,right,RCA,0.75,leaf266,3,True,True,2.200683343170778,2.2656455908509656,2.1222147801518436,2.2656455908573765,0.9857750704612659,0.9862485696952384,0.9864873582992884,1.5746783139188887,1.5536574728661088,0.7934289967701795,0.789015916688185,2.0,3.0,108.68812245458612
272,right,RCA,0.75,apport,3,True,True,2.200683343170778,2.2656455908586923,2.1222147801518436,2.2656455908649544,0.9857750704612213,0.9862485696952384,0.9861532837248872,1.5746783139188887,1.5536574728661088,0.7877652950968002,0.789015916688185,2.0,3.0,108.68812245458612
272,right,RCA,0.75,origin,3,True,True,2.200683343170778,2.2656455908586923,2.1222147801518436,2.2656455908649544,0.9857750704612159,0.9862485696952384,0.9866430593952932,1.5746783139188887,1.5536574728661088,0.7960817747530656,0.789015916688185,2.0,3.0,108.68812245458612
272,right,RCA,0.75,length,3,True,True,2.200683343170778,2.2656455908535413,2.1222147801518436,2.265645590859271,0.9857750704612535,0.9862485696952384,0.9863682114710821,1.5746783139188887,1.5536574728661088,0.7914025899831866,0.789015916688185,2.0,3.0,108.68812245458612
272,right,RCA,0.9,share,3,True,True,2.200683343170778,2.2656455908535413,2.1222147801518436,2.265645590859271,0.9857750704612528,0.9862485696952384,0.9856954798250677,1.5746783139188887,1.5536574728661088,0.7798063542879085,0.789015916688185,2.0,3.0,95.65674404638865
272,right,RCA,0.9,leaf3,3,True,True,2.200683343170778,2.2656455908535413,2.1222147801518436,2.265645590859271,0.9857750704612526,0.9862485696952384,0.9857517169660053,1.5746783139188887,1.5536574728661088,0.7806767917288086,0.789015916688185,2.0,3.0,95.65674404638865
272,right,RCA,0.9,leaf266,3,True,True,2.200683343170778,2.2656455908483903,2.1222147801518436,2.2656455908554816,0.9857750704612819,0.9862485696952384,0.9857558305191818,1.5746783139188887,1.5536574728661088,0.7807403028003158,0.789015916688185,2.0,3.0,95.65674404638865
272,right,RCA,0.9,apport,3,True,True,2.200683343170778,2.2656455908535413,2.1222147801518436,2.265645590859271,0.9857750704612529,0.9862485696952384,0.9857010766592094,1.5746783139188887,1.5536574728661088,0.7798931701141353,0.789015916688185,2.0,3.0,95.65674404638865
272,right,RCA,0.9,origin,3,True,True,2.200683343170778,2.2656455908535413,2.1222147801518436,2.265645590859271,0.985775070461253,0.9862485696952384,0.9857180986743367,1.5746783139188887,1.5536574728661088,0.780157412556857,0.789015916688185,2.0,3.0,95.65674404638865
272,right,RCA,0.9,length,3,True,True,2.200683343170778,2.2656455908535413,2.1222147801518436,2.265645590859271,0.9857750704612518,0.9862485696952384,0.985706004160374,1.5746783139188887,1.5536574728661088,0.7799701264737529,0.789015916688185,2.0,3.0,95.65674404638865
272,right,RCA,1.0,share,1,True,True,2.200683343170778,2.2656455908535413,2.1222147801518436,2.265645590859271,0.9857750704612529,0.9862485696952384,0.9856458880627191,1.5746783139188887,1.5536574728661088,0.7790350565142845,0.789015916688185,0.0,3.0,94.85558590489084
272,right,RCA,1.0,leaf3,1,True,True,2.200683343170778,2.2656455908535413,2.1222147801518436,2.265645590859271,0.9857750704612518,0.9862485696952384,0.9856458880627191,1.5746783139188887,1.5536574728661088,0.7790350565142845,0.789015916688185,0.0,3.0,94.85558590489084
272,right,RCA,1.0,leaf266,1,True,True,2.200683343170778,2.2656455908535413,2.1222147801518436,2.265645590859271,0.9857750704612518,0.9862485696952384,0.9856458880627191,1.5746783139188887,1.5536574728661088,0.7790350565142845,0.789015916688185,0.0,3.0,94.85558590489084
272,right,RCA,1.0,apport,1,True,True,2.200683343170778,2.2656455908535413,2.1222147801518436,2.265645590859271,0.9857750704612518,0.9862485696952384,0.9856458880627191,1.5746783139188887,1.5536574728661088,0.7790350565142845,0.789015916688185,0.0,3.0,94.85558590489084
272,right,RCA,1.0,origin,1,True,True,2.200683343170778,2.2656455908535413,2.1222147801518436,2.265645590859271,0.9857750704612529,0.9862485696952384,0.9856458880627191,1.5746783139188887,1.5536574728661088,0.7790350565142845,0.789015916688185,0.0,3.0,94.85558590489084
272,right,RCA,1.0,length,1,True,True,2.200683343170778,2.2656455908535413,2.1222147801518436,2.265645590859271,0.9857750704612529,0.9862485696952384,0.9856458880627191,1.5746783139188887,1.5536574728661088,0.7790350565142845,0.789015916688185,0.0,3.0,94.85558590489084
273,left,LAD,0.5,share,7,True,True,0.9479238421520294,0.9767775524494566,0.44556567634166344,0.5954527218274478,0.9825225671663906,0.983618246261076,0.9825325814176094,1.3014405985874697,1.0155930269292133,0.8634214682505645,0.8653112606511734,1.0,1.0,112.4055783574749
273,left,LCX,0.5,share,7,True,True,1.1403401969592084,1.3336702121897583,1.1403401969565077,1.3336702121875346,0.9837462593380074,0.9834754033882556,0.981403114421074,1.3846900871907875,1.3846900871907875,0.8378853818475341,0.8651356850239946,2.0,2.0,83.87454523378155
273,left,LAD,0.5,leaf3,7,True,True,0.9479238421520294,1.3073345807411303,0.44556567634166344,0.8827848041835463,0.9764752168795627,0.983618246261076,0.9769469810791749,1.3014405985874697,1.0155930269292133,0.8085286735530745,0.8653112606511734,1.0,1.0,112.4055783574749
273,left,LCX,0.5,leaf3,7,True,True,1.1403401969592084,1.4931947234550904,1.1403401969565077,1.4931947234560037,0.9822307205950057,0.9834754033882556,0.9797499423875865,1.3846900871907875,1.3846900871907875,0.8161564926668357,0.8651356850239946,2.0,2.0,83.87454523378155
273,left,LAD,0.5,leaf266,7,True,True,0.9479238421520294,1.256673647108377,0.44556567634166344,0.8268465702504249,0.977528064242914,0.983618246261076,0.9778688820922412,1.3014405985874697,1.0155930269292133,0.8165194791813463,0.8653112606511734,1.0,1.0,112.4055783574749
273,left,LCX,0.5,leaf266,7,True,True,1.1403401969592084,1.5254476924844258,1.1403401969565077,1.5254476924821747,0.9818933116152306,0.9834754033882556,0.9793686906796185,1.3846900871907875,1.3846900871907875,0.8115045273013345,0.8651356850239946,2.0,2.0,83.87454523378155
273,left,LAD,0.5,apport,7,True,True,0.9479238421520294,0.95427784889907,0.44556567634166344,0.5906269378123611,0.98277818500141,0.983618246261076,0.9827847163531493,1.3014405985874697,1.0155930269292133,0.8673321975176732,0.8653112606511734,1.0,1.0,112.4055783574749
273,left,LCX,0.5,apport,7,True,True,1.1403401969592084,1.41181164144016,1.1403401969565077,1.4118116414374626,0.9829552390053292,0.9834754033882556,0.9805135518013053,1.3846900871907875,1.3846900871907875,0.8267010217170601,0.8651356850239946,2.0,2.0,83.87454523378155
273,left,LAD,0.5,origin,7,True,True,0.9479238421520294,1.105289841816958,0.44556567634166344,0.6732822012745842,0.9805302585179602,0.983618246261076,0.9806405399808181,1.3014405985874697,1.0155930269292133,0.8413939099581922,0.8653112606511734,1.0,1.0,112.4055783574749
273,left,LCX,0.5,origin,7,True,True,1.1403401969592084,1.0809840288692125,1.1403401969565077,1.0809840288662935,0.9863188922456253,0.9834754033882556,0.9844165398195933,1.3846900871907875,1.3846900871907875,0.8754054980812767,0.8651356850239946,2.0,2.0,83.87454523378155
273,left,LAD,0.5,length,7,True,True,0.9479238421520294,1.4658034539964937,0.44556567634166344,0.9201766313772468,0.9746388243291724,0.983618246261076,0.975149591655828,1.3014405985874697,1.0155930269292133,0.7818729960311799,0.8653112606511734,1.0,1.0,112.4055783574749
273,left,LCX,0.5,length,7,True,True,1.1403401969592084,1.3543071640574333,1.1403401969565077,1.3543071640508073,0.9836679240522568,0.9834754033882556,0.981207970087806,1.3846900871907875,1.3846900871907875,0.8345489823623992,0.8651356850239946,2.0,2.0,83.87454523378155
273,left,LAD,0.6,share,7,True,True,0.9479238421520294,0.9647516836463806,0.44556567634166344,0.5855584166757177,0.9827366538615535,0.983618246261076,0.9827456757960576,1.3014405985874697,1.0155930269292133,0.865597471685119,0.8653112606511734,1.0,1.0,112.4055783574749
273,left,LCX,0.6,share,7,True,True,1.1403401969592084,1.3367798270701625,1.1403401969565077,1.3367798270658466,0.9837118447253148,0.9834754033882556,0.9813909242843648,1.3846900871907875,1.3846900871907875,0.8377308275298507,0.8651356850239946,2.0,2.0,78.47347983635882
273,left,LAD,0.6,leaf3,7,True,True,0.9479238421520294,1.1184725412490053,0.44556567634166344,0.7292560386421784,0.9798176998750817,0.983618246261076,0.9799968549591311,1.3014405985874697,1.0155930269292133,0.8397124937403164,0.8653112606511734,1.0,1.0,112.4055783574749
273,left,LCX,0.6,leaf3,7,True,True,1.1403401969592084,1.5709833942792812,1.1403401969565077,1.5709833942720317,0.9813993585034095,0.9834754033882556,0.9788431868019488,1.3846900871907875,1.3846900871907875,0.805206801081994,0.8651356850239946,2.0,2.0,78.47347983635882
273,left,LAD,0.6,leaf266,7,True,True,0.9479238421520294,1.0879618413525542,0.44556567634166344,0.692198437002455,0.9804874523146742,0.983618246261076,0.9806040391851576,1.3014405985874697,1.0155930269292133,0.8447169290887475,0.8653112606511734,1.0,1.0,112.4055783574749
273,left,LCX,0.6,leaf266,7,True,True,1.1403401969592084,1.5941390511422195,1.1403401969565077,1.5941390511371727,0.981158665564828,0.9834754033882556,0.9785757805708496,1.3846900871907875,1.3846900871907875,0.8019350367062561,0.8651356850239946,2.0,2.0,78.47347983635882
273,left,LAD,0.6,apport,7,True,True,0.9479238421520294,0.9411152264775619,0.44556567634166344,0.5772605087561228,0.9830393723089534,0.983618246261076,0.9830409279468917,1.3014405985874697,1.0155930269292133,0.8696764266537053,0.8653112606511734,1.0,1.0,112.4055783574749
273,left,LCX,0.6,apport,7,True,True,1.1403401969592084,1.4057819474519706,1.1403401969565077,1.4057819474487012,0.983012346926576,0.9834754033882556,0.9806034745056896,1.3846900871907875,1.3846900871907875,0.8278288792653707,0.8651356850239946,2.0,2.0,78.47347983635882
273,left,LAD,0.6,origin,7,True,True,0.9479238421520294,1.092237369617152,0.44556567634166344,0.662035954511207,0.9807679930380113,0.983618246261076,0.9808745198060038,1.3014405985874697,1.0155930269292133,0.8437583161370189,0.8653112606511734,1.0,1.0,112.4055783574749
273,left,LCX,0.6,origin,7,True,True,1.1403401969592084,1.0796414034287956,1.1403401969565077,1.0796414034314503,0.9863289383643947,0.9834754033882556,0.9844530217359695,1.3846900871907875,1.3846900871907875,0.8758544913149896,0.8651356850239946,2.0,2.0,78.47347983635882
273,left,LAD,0.6,length,7,True,True,0.9479238421520294,1.453512517459424,0.44556567634166344,0.9070306472302941,0.9748897538878738,0.983618246261076,0.9753824691274713,1.3014405985874697,1.0155930269292133,0.7839949582208037,0.8653112606511734,1.0,1.0,112.4055783574749
273,left,LCX,0.6,length,7,True,True,1.1403401969592084,1.3684216022421867,1.1403401969565077,1.3684216022468834,0.9835228743323895,0.9834754033882556,0.9810817079050146,1.3846900871907875,1.3846900871907875,0.8329484668013687,0.8651356850239946,2.0,2.0,78.47347983635882
273,left,LAD,0.75,share,6,True,True,0.9479238421520294,0.9583797992634476,0.44556567634166344,0.5710814430038501,0.9829478754793227,0.983618246261076,0.9829120851275329,1.3014405985874697,1.0155930269292133,0.8664971237615148,0.8653112606511734,1.0,1.0,112.4055783574749
273,left,LCX,0.75,share,6,True,True,1.1403401969592084,1.348137483014645,1.1403401969565077,1.3481374829997104,0.9835960537566381,0.9834754033882556,0.9810964511275622,1.3846900871907875,1.3846900871907875,0.8343307179652405,0.8651356850239946,1.0,2.0,74.765527276121
273,left,LAD,0.75,leaf3,6,True,True,0.9479238421520294,0.9050202727635739,0.44556567634166344,0.4465714153011777,0.9847513895246786,0.983618246261076,0.9845735507172971,1.3014405985874697,1.0155930269292133,0.8754837954568288,0.8653112606511734,1.0,1.0,112.4055783574749
273,left,LCX,0.75,leaf3,6,True,True,1.1403401969592084,1.715975533780565,1.1403401969565077,1.7159755337735019,0.9798863180192031,0.9834754033882556,0.9769106213549499,1.3846900871907875,1.3846900871907875,0.7820385829062722,0.8651356850239946,1.0,2.0,74.765527276121
273,left,LAD,0.75,leaf266,6,True,True,0.9479238421520294,0.9192164566024634,0.44556567634166344,0.4529122766575278,0.9845552043269605,0.983618246261076,0.9843757935785912,1.3014405985874697,1.0155930269292133,0.8730158312600509,0.8653112606511734,1.0,1.0,112.4055783574749
273,left,LCX,0.75,leaf266,6,True,True,1.1403401969592084,1.6947045858507355,1.1403401969565077,1.6947045858439207,0.9801037716112678,0.9834754033882556,0.9771233761138787,1.3846900871907875,1.3846900871907875,0.7846985293094679,0.8651356850239946,1.0,2.0,74.765527276121
273,left,LAD,0.75,apport,6,True,True,0.9479238421520294,0.935780937733143,0.44556567634166344,0.5448598801060401,0.9834309640712711,0.983618246261076,0.9833644615035159,1.3014405985874697,1.0155930269292133,0.8703294682217222,0.8653112606511734,1.0,1.0,112.4055783574749
273,left,LCX,0.75,apport,6,True,True,1.1403401969592084,1.4124855392532982,1.1403401969565077,1.4124855392488775,0.982943588938052,0.9834754033882556,0.9803514516892603,1.3846900871907875,1.3846900871907875,0.8249757079876661,0.8651356850239946,1.0,2.0,74.765527276121
273,left,LAD,0.75,origin,6,True,True,0.9479238421520294,1.0353744709543609,0.44556567634166344,0.6154942101543563,0.9817777107585351,0.983618246261076,0.9817922535388702,1.3014405985874697,1.0155930269292133,0.8532445087703064,0.8653112606511734,1.0,1.0,112.4055783574749
273,left,LCX,0.75,origin,6,True,True,1.1403401969592084,1.1871698131141382,1.1403401969565077,1.1871698131049746,0.9852336028645942,0.9834754033882556,0.9830707818480261,1.3846900871907875,1.3846900871907875,0.8589666094963007,0.8651356850239946,1.0,2.0,74.765527276121
273,left,LAD,0.75,length,6,True,True,0.9479238421520294,1.298049974454813,0.44556567634166344,0.7933871097450238,0.9775062831654996,0.983618246261076,0.9777336351429378,1.3014405985874697,1.0155930269292133,0.8088469934364286,0.8653112606511734,1.0,1.0,112.4055783574749
273,left,LCX,0.75,length,6,True,True,1.1403401969592084,1.5627551596160327,1.1403401969565077,1.5627551596148488,0.9815293993894663,0.9834754033882556,0.9787304487054513,1.3846900871907875,1.3846900871907875,0.803663519704875,0.8651356850239946,1.0,2.0,74.765527276121
273,left,LAD,0.9,share,5,True,True,0.9479238421520294,0.9808047517611772,0.44556567634166344,0.5936000329985017,0.9825055800983941,0.983618246261076,0.9820124425777697,1.3014405985874697,1.0155930269292133,0.8585393568461855,0.8653112606511734,1.0,1.0,60.724473786059235
273,left,LCX,0.9,share,5,True,True,1.1403401969592084,1.3362847887567233,1.1403401969565077,1.3362847887521898,0.9837210531167763,0.9834754033882556,0.9811279061292048,1.3846900871907875,1.3846900871907875,0.8352578836940304,0.8651356850239946,1.0,2.0,74.765527276121
273,left,LAD,0.9,leaf3,5,True,True,0.9479238421520294,1.0205317410992232,0.44556567634166344,0.5024132226624829,0.9831100916442986,0.983618246261076,0.9825718075972524,1.3014405985874697,1.0155930269292133,0.8518882070247488,0.8653112606511734,1.0,1.0,60.724473786059235
273,left,LCX,0.9,leaf3,5,True,True,1.1403401969592084,1.558907413863601,1.1403401969565077,1.5589074138582792,0.9814948490686995,0.9834754033882556,0.9784352548923739,1.3846900871907875,1.3846900871907875,0.8014390256601702,0.8651356850239946,1.0,2.0,74.765527276121
273,left,LAD,0.9,leaf266,5,True,True,0.9479238421520294,1.0481422734428725,0.44556567634166344,0.5158997412230966,0.9827163055520072,0.983618246261076,0.9821642272628318,1.3014405985874697,1.0155930269292133,0.8468744376447908,0.8653112606511734,1.0,1.0,60.724473786059235
273,left,LCX,0.9,leaf266,5,True,True,1.1403401969592084,1.5172780486409132,1.1403401969565077,1.5172780486428807,0.981920381834462,0.9834754033882556,0.9789612252572896,1.3846900871907875,1.3846900871907875,0.8079116841326177,0.8651356850239946,1.0,2.0,74.765527276121
273,left,LAD,0.9,apport,5,True,True,0.9479238421520294,0.9560737862008667,0.44556567634166344,0.5642321106919397,0.9830413670695075,0.983618246261076,0.9825572533701444,1.3014405985874697,1.0155930269292133,0.8630883026912151,0.8653112606511734,1.0,1.0,60.724473786059235
273,left,LCX,0.9,apport,5,True,True,1.1403401969592084,1.390722138804835,1.1403401969565077,1.3907221388025581,0.9831675984711103,0.9834754033882556,0.9804624975367179,1.3846900871907875,1.3846900871907875,0.8269232566335853,0.8651356850239946,1.0,2.0,74.765527276121
273,left,LAD,0.9,origin,5,True,True,0.9479238421520294,1.0236119534682817,0.44556567634166344,0.6191500884374822,0.9818459147371569,0.983618246261076,0.9813356367888544,1.3014405985874697,1.0155930269292133,0.8507809780074722,0.8653112606511734,1.0,1.0,60.724473786059235
273,left,LCX,0.9,origin,5,True,True,1.1403401969592084,1.243233229517477,1.1403401969565077,1.243233229514085,0.9846672322111055,0.9834754033882556,0.9822589772142778,1.3846900871907875,1.3846900871907875,0.8494548424304116,0.8651356850239946,1.0,2.0,74.765527276121
273,left,LAD,0.9,length,5,True,True,0.9479238421520294,1.3259827468059258,0.44556567634166344,0.8286455481928813,0.9768790154437701,0.983618246261076,0.9762208848997918,1.3014405985874697,1.0155930269292133,0.796319359220367,0.8653112606511734,1.0,1.0,60.724473786059235
273,left,LCX,0.9,length,5,True,True,1.1403401969592084,1.544514013665016,1.1403401969565077,1.5445140136655717,0.9817200363104266,0.9834754033882556,0.9788293057004551,1.3846900871907875,1.3846900871907875,0.805309239254433,0.8651356850239946,1.0,2.0,74.765527276121
273,left,LAD,1.0,share,3,True,True,0.9479238421520294,0.9800986457029957,0.44556567634166344,0.9800986456920395,0.9784191922725437,0.983618246261076,0.9776790828676338,1.3014405985874697,1.0155930269292133,0.8544973953653305,0.8653112606511734,0.0,1.0,25.610891376206872
273,left,LCX,1.0,share,3,True,True,1.1403401969592084,1.3386165003831443,1.1403401969565077,1.3386165003761041,0.983697440199973,0.9834754033882556,0.9809212288173633,1.3846900871907875,1.3846900871907875,0.8331151937354981,0.8651356850239946,1.0,2.0,32.440547501596306
273,left,LAD,1.0,leaf3,3,True,True,0.9479238421520294,0.8781433036589871,0.44556567634166344,0.8781433036542377,0.9804255858678099,0.983618246261076,0.9797747432689254,1.3014405985874697,1.0155930269292133,0.8733129438386147,0.8653112606511734,0.0,1.0,25.610891376206872
273,left,LCX,1.0,leaf3,3,True,True,1.1403401969592084,1.3152394525063738,1.1403401969565077,1.3152394525048998,0.9839054132809658,0.9834754033882556,0.9811917040145859,1.3846900871907875,1.3846900871907875,0.8367202708740887,0.8651356850239946,1.0,2.0,32.440547501596306
273,left,LAD,1.0,leaf266,3,True,True,0.9479238421520294,0.895119167991745,0.44556567634166344,0.8951191679875579,0.9800915154327596,0.983618246261076,0.9794283717541354,1.3014405985874697,1.0155930269292133,0.8701951569819018,0.8653112606511734,0.0,1.0,25.610891376206872
273,left,LCX,1.0,leaf266,3,True,True,1.1403401969592084,1.282134981862154,1.1403401969565077,1.2821349818628687,0.9842424912499709,0.9834754033882556,0.9816017943368234,1.3846900871907875,1.3846900871907875,0.8418586968278627,0.8651356850239946,1.0,2.0,32.440547501596306
273,left,LAD,1.0,apport,3,True,True,0.9479238421520294,0.9540385880117718,0.44556567634166344,0.95403858800282,0.9789320318334582,0.983618246261076,0.9782136891002372,1.3014405985874697,1.0155930269292133,0.8593202677918207,0.8653112606511734,0.0,1.0,25.610891376206872
273,left,LCX,1.0,apport,3,True,True,1.1403401969592084,1.341997896446034,1.1403401969565077,1.341997896447681,0.9836565928291539,0.9834754033882556,0.98087510546415,1.3846900871907875,1.3846900871907875,0.8325865214043746,0.8651356850239946,1.0,2.0,32.440547501596306
273,left,LAD,1.0,origin,3,True,True,0.9479238421520294,0.8611988171643612,0.44556567634166344,0.8611988171600798,0.9807590388139539,0.983618246261076,0.9801438665603998,1.3014405985874697,1.0155930269292133,0.8764370517950743,0.8653112606511734,0.0,1.0,25.610891376206872
273,left,LCX,1.0,origin,3,True,True,1.1403401969592084,1.1018955350577524,1.1403401969565077,1.101895535053189,0.9860444043464274,0.9834754033882556,0.9838215821348179,1.3846900871907875,1.3846900871907875,0.8697715684402619,0.8651356850239946,1.0,2.0,32.440547501596306
273,left,LAD,1.0,length,3,True,True,0.9479238421520294,1.3425411337410489,0.44556567634166344,1.3425411337365627,0.9712866352911844,0.983618246261076,0.9702653349197208,1.3014405985874697,1.0155930269292133,0.7879500518951216,0.8653112606511734,0.0,1.0,25.610891376206872
273,left,LCX,1.0,length,3,True,True,1.1403401969592084,1.3925422835410655,1.1403401969565077,1.3925422835342274,0.9832512605166833,0.9834754033882556,0.9803382296674658,1.3846900871907875,1.3846900871907875,0.8248515389460864,0.8651356850239946,1.0,2.0,32.440547501596306
274,left,LAD,0.5,share,6,True,True,0.47634994548659626,0.6165021257849636,0.3113530387728174,0.6165021257975597,0.9879433580086553,0.991227787284017,0.9887604223721659,1.3645075913998663,1.1854003133466862,0.9369920968213574,0.9544511780151119,0.0,0.0,111.1305541520497
274,left,LAD,0.5,leaf3,6,True,True,0.47634994548659626,0.23877350590117621,0.3113530387728174,0.23877350591755175,0.9926749565310949,0.991227787284017,0.9938297655278326,1.3645075913998663,1.1854003133466862,0.9801783414884436,0.9544511780151119,0.0,0.0,111.1305541520497
274,left,LAD,0.5,leaf266,6,True,True,0.47634994548659626,0.23863368543591992,0.3113530387728174,0.238633685449546,0.9926685915317696,0.991227787284017,0.9938242923808972,1.3645075913998663,1.1854003133466862,0.9801836521228517,0.9544511780151119,0.0,0.0,111.1305541520497
274,left,LAD,0.5,apport,6,True,True,0.47634994548659626,0.5901327396266748,0.3113530387728174,0.5901327396316238,0.98822562411612,0.991227787284017,0.9890521369994401,1.3645075913998663,1.1854003133466862,0.9404110744000928,0.9544511780151119,0.0,0.0,111.1305541520497
274,left,LAD,0.5,origin,6,True,True,0.47634994548659626,0.6555495013531908,0.3113530387728174,0.6555495013601929,0.9874268140505748,0.991227787284017,0.988218249150675,1.3645075913998663,1.1854003133466862,0.9317292713977517,0.9544511780151119,0.0,0.0,111.1305541520497
274,left,LAD,0.5,length,6,True,True,0.47634994548659626,0.50138040770531,0.3113530387728174,0.501380407712608,0.9891261470602097,0.991227787284017,0.9900485318871346,1.3645075913998663,1.1854003133466862,0.9515095057840336,0.9544511780151119,0.0,0.0,111.1305541520497
274,left,LAD,0.6,share,6,True,True,0.47634994548659626,0.6281146468206775,0.3113530387728174,0.6281146468214689,0.9877974658293828,0.991227787284017,0.9886153738396178,1.3645075913998663,1.1854003133466862,0.9354686853990356,0.9544511780151119,0.0,0.0,102.24063331844755
274,left,LAD,0.6,leaf3,6,True,True,0.47634994548659626,0.23351135340354146,0.3113530387728174,0.2335113534117903,0.992659988630913,0.991227787284017,0.993841724495014,1.3645075913998663,1.1854003133466862,0.9805954544915743,0.9544511780151119,0.0,0.0,102.24063331844755
274,left,LAD,0.6,leaf266,6,True,True,0.47634994548659626,0.23355479947171204,0.3113530387728174,0.2335547994724063,0.9926594759218023,0.991227787284017,0.9938411305120978,1.3645075913998663,1.1854003133466862,0.9805915419062372,0.9544511780151119,0.0,0.0,102.24063331844755
274,left,LAD,0.6,apport,6,True,True,0.47634994548659626,0.5954239952788298,0.3113530387728174,0.5954239952858922,0.9881454423265638,0.991227787284017,0.9889782689835311,1.3645075913998663,1.1854003133466862,0.9397269097023261,0.9544511780151119,0.0,0.0,102.24063331844755
274,left,LAD,0.6,origin,6,True,True,0.47634994548659626,0.6681345341077534,0.3113530387728174,0.668134534112805,0.9872690781359984,0.991227787284017,0.9880618214454187,1.3645075913998663,1.1854003133466862,0.930046483304738,0.9544511780151119,0.0,0.0,102.24063331844755
274,left,LAD,0.6,length,6,True,True,0.47634994548659626,0.5055859191586128,0.3113530387728174,0.5055859191664176,0.989058424677293,0.991227787284017,0.9899962323353899,1.3645075913998663,1.1854003133466862,0.9510023459058676,0.9544511780151119,0.0,0.0,102.24063331844755
274,left,LAD,0.75,share,4,True,True,0.47634994548659626,0.6428735583402778,0.3113530387728174,0.6428735583455356,0.9876174061645113,0.991227787284017,0.9884758720849375,1.3645075913998663,1.1854003133466862,0.9340813518116404,0.9544511780151119,0.0,0.0,81.24457201039232
274,left,LAD,0.75,leaf3,4,True,True,0.47634994548659626,0.3370205632771604,0.3113530387728174,0.3370205632796229,0.9911477346315637,0.991227787284017,0.9922604970523993,1.3645075913998663,1.1854003133466862,0.9704339817950547,0.9544511780151119,0.0,0.0,81.24457201039232
274,left,LAD,0.75,leaf266,4,True,True,0.47634994548659626,0.33725634193730486,0.3113530387728174,0.33725634194598236,0.9911445524134113,0.991227787284017,0.9922570946226067,1.3645075913998663,1.1854003133466862,0.9704092789457325,0.9544511780151119,0.0,0.0,81.24457201039232
274,left,LAD,0.75,apport,4,True,True,0.47634994548659626,0.6772165516484102,0.3113530387728174,0.6772165516543005,0.9870718224614068,0.991227787284017,0.987923090033608,1.3645075913998663,1.1854003133466862,0.929393164226259,0.9544511780151119,0.0,0.0,81.24457201039232
274,left,LAD,0.75,origin,4,True,True,0.47634994548659626,0.6781600107423782,0.3113530387728174,0.6781600107550813,0.987153239682401,0.991227787284017,0.9879982285386925,1.3645075913998663,1.1854003133466862,0.9293533382094797,0.9544511780151119,0.0,0.0,81.24457201039232
274,left,LAD,0.75,length,4,True,True,0.47634994548659626,0.43680686406576197,0.3113530387728174,0.43680686406299535,0.9900189864865351,0.991227787284017,0.9910047894932926,1.3645075913998663,1.1854003133466862,0.9595667510756362,0.9544511780151119,0.0,0.0,81.24457201039232
274,left,LAD,0.9,share,4,True,True,0.47634994548659626,0.6496974129878894,0.3113530387728174,0.6496974129955958,0.987533982997281,0.991227787284017,0.9882285201890811,1.3645075913998663,1.1854003133466862,0.9319541759953678,0.9544511780151119,0.0,0.0,60.08403564596737
274,left,LAD,0.9,leaf3,4,True,True,0.47634994548659626,0.33969980974892633,0.3113530387728174,0.33969980974860653,0.9911080944396334,0.991227787284017,0.9920836645898494,1.3645075913998663,1.1854003133466862,0.969798754288285,0.9544511780151119,0.0,0.0,60.08403564596737
274,left,LAD,0.9,leaf266,4,True,True,0.47634994548659626,0.3397002371740009,0.3113530387728174,0.33970023717626774,0.9911081672826253,0.991227787284017,0.9920837319566436,1.3645075913998663,1.1854003133466862,0.9697987822924408,0.9544511780151119,0.0,0.0,60.08403564596737
274,left,LAD,0.9,apport,4,True,True,0.47634994548659626,0.6846110928696705,0.3113530387728174,0.6846110928764935,0.9869816012563475,0.991227787284017,0.9876448110005563,1.3645075913998663,1.1854003133466862,0.92701372595081,0.9544511780151119,0.0,0.0,60.08403564596737
274,left,LAD,0.9,origin,4,True,True,0.47634994548659626,0.6856634631607214,0.3113530387728174,0.6856634631679525,0.9870616082855035,0.991227787284017,0.98772844973803,1.3645075913998663,1.1854003133466862,0.9269634358630571,0.9544511780151119,0.0,0.0,60.08403564596737
274,left,LAD,0.9,length,4,True,True,0.47634994548659626,0.4386251495728934,0.3113530387728174,0.43862514957976356,0.9899962928940448,0.991227787284017,0.9908642116940013,1.3645075913998663,1.1854003133466862,0.9588304763005461,0.9544511780151119,0.0,0.0,60.08403564596737
274,left,LAD,1.0,share,2,True,True,0.47634994548659626,0.996379929162851,0.3113530387728174,0.9963799291700896,0.9834698316256572,0.991227787284017,0.9837609665107219,1.3645075913998663,1.1854003133466862,0.8796199499149433,0.9544511780151119,0.0,0.0,46.111280133752125
274,left,LAD,1.0,leaf3,2,True,True,0.47634994548659626,0.6802640409133702,0.3113530387728174,0.680264040920962,0.987463396317598,0.991227787284017,0.9880298277343127,1.3645075913998663,1.1854003133466862,0.9270776609488685,0.9544511780151119,0.0,0.0,46.111280133752125
274,left,LAD,1.0,leaf266,2,True,True,0.47634994548659626,0.6802404789173294,0.3113530387728174,0.6802404789233139,0.9874636939817173,0.991227787284017,0.9880301487326442,1.3645075913998663,1.1854003133466862,0.927081014243982,0.9544511780151119,0.0,0.0,46.111280133752125
274,left,LAD,1.0,apport,2,True,True,0.47634994548659626,1.0242284373102213,0.3113530387728174,1.0242284373178472,0.9831180150198007,0.991227787284017,0.9833884853477455,1.3645075913998663,1.1854003133466862,0.8752906027333877,0.9544511780151119,0.0,0.0,46.111280133752125
274,left,LAD,1.0,origin,2,True,True,0.47634994548659626,0.9743249097697342,0.3113530387728174,0.9743249097752154,0.9837484577561408,0.991227787284017,0.9840563673999857,1.3645075913998663,1.1854003133466862,0.8830394298810137,0.9544511780151119,0.0,0.0,46.111280133752125
274,left,LAD,1.0,length,2,True,True,0.47634994548659626,0.636144924530602,0.3113530387728174,0.6361449245440858,0.9880207632578839,0.991227787284017,0.9886316291966918,1.3645075913998663,1.1854003133466862,0.9332876331775575,0.9544511780151119,0.0,0.0,46.111280133752125
280,left,LAD,0.5,share,6,True,True,0.3220271560050914,0.46595560509911166,0.14301939939378533,0.2835404788690063,0.9842257127153156,0.9824733600528245,0.9747746470662159,1.1584701752474225,0.9011131187688131,0.9152035847815653,0.9434801766663983,0.0,0.0,115.70233008435493
280,left,LAD,0.5,leaf3,6,True,True,0.3220271560050914,0.33305966670552783,0.14301939939378533,0.1628182034508106,0.9885918439413626,0.9824733600528245,0.9832967308915646,1.1584701752474225,0.9011131187688131,0.9442824517749508,0.9434801766663983,0.0,0.0,115.70233008435493
280,left,LAD,0.5,leaf266,6,True,True,0.3220271560050914,0.34787879921347076,0.14301939939378533,0.16981703573556955,0.9882687597148642,0.9824733600528245,0.9827284013346571,1.1584701752474225,0.9011131187688131,0.9414205315085078,0.9434801766663983,0.0,0.0,115.70233008435493
280,left,LAD,0.5,apport,6,True,True,0.3220271560050914,0.5272929486775452,0.14301939939378533,0.2895181838787232,0.9835114621126448,0.9824733600528245,0.9738991372589656,1.1584701752474225,0.9011131187688131,0.9035095197265204,0.9434801766663983,0.0,0.0,115.70233008435493
280,left,LAD,0.5,origin,6,True,True,0.3220271560050914,0.46697710120089325,0.14301939939378533,0.2841299914170965,0.9839529910628959,0.9824733600528245,0.9745268139291351,1.1584701752474225,0.9011131187688131,0.9147875205011188,0.9434801766663983,0.0,0.0,115.70233008435493
280,left,LAD,0.5,length,6,True,True,0.3220271560050914,0.7734656766199086,0.14301939939378533,0.5499576790898263,0.9759536377403469,0.9824733600528245,0.9582590913574228,1.1584701752474225,0.9011131187688131,0.8510391026737019,0.9434801766663983,0.0,0.0,115.70233008435493
280,left,LAD,0.6,share,6,True,True,0.3220271560050914,0.48105461941482514,0.14301939939378533,0.29852142945278476,0.9837531034122964,0.9824733600528245,0.9731848647918179,1.1584701752474225,0.9011131187688131,0.9098915891263293,0.9434801766663983,0.0,0.0,92.17534014376635
280,left,LAD,0.6,leaf3,6,True,True,0.3220271560050914,0.4275070836888068,0.14301939939378533,0.20895642788651908,0.986517995934798,0.9824733600528245,0.9793138691491634,1.1584701752474225,0.9011131187688131,0.9245041210634953,0.9434801766663983,0.0,0.0,92.17534014376635
280,left,LAD,0.6,leaf266,6,True,True,0.3220271560050914,0.4325324790408203,0.14301939939378533,0.21147003035044742,0.9864060800323025,0.9824733600528245,0.9791092449562874,1.1584701752474225,0.9011131187688131,0.9234505967245284,0.9434801766663983,0.0,0.0,92.17534014376635
280,left,LAD,0.6,apport,6,True,True,0.3220271560050914,0.5432351678780241,0.14301939939378533,0.30368098605815863,0.9830556991925193,0.9824733600528245,0.9723332001918987,1.1584701752474225,0.9011131187688131,0.8978646816781337,0.9434801766663983,0.0,0.0,92.17534014376635
280,left,LAD,0.6,origin,6,True,True,0.3220271560050914,0.4818165302016435,0.14301939939378533,0.2989805260521313,0.9834874921931575,0.9824733600528245,0.9729408766841853,1.1584701752474225,0.9011131187688131,0.9095177484858077,0.9434801766663983,0.0,0.0,92.17534014376635
280,left,LAD,0.6,length,6,True,True,0.3220271560050914,0.8135787819533905,0.14301939939378533,0.5987405907491655,0.9744677074559255,0.9824733600528245,0.9531903828413658,1.1584701752474225,0.9011131187688131,0.8358824638059151,0.9434801766663983,0.0,0.0,92.17534014376635
280,left,LAD,0.75,share,6,True,True,0.3220271560050914,0.48977292213292667,0.14301939939378533,0.30822688741222964,0.9834616768283179,0.9824733600528245,0.9712563660916695,1.1584701752474225,0.9011131187688131,0.9033812383978685,0.9434801766663983,0.0,0.0,56.00126762385913
280,left,LAD,0.75,leaf3,6,True,True,0.3220271560050914,0.4735407912331263,0.14301939939378533,0.23358897944641577,0.9854642194041013,0.9824733600528245,0.9765826780241789,1.1584701752474225,0.9011131187688131,0.9116037003922932,0.9434801766663983,0.0,0.0,56.00126762385913
280,left,LAD,0.75,leaf266,6,True,True,0.3220271560050914,0.4736580520752778,0.14301939939378533,0.233756323266752,0.9854605155278159,0.9824733600528245,0.9765715423211835,1.1584701752474225,0.9011131187688131,0.9115709230795082,0.9434801766663983,0.0,0.0,56.00126762385913
280,left,LAD,0.75,apport,6,True,True,0.3220271560050914,0.553113442432238,0.14301939939378533,0.3138390681101064,0.9827421024127637,0.9824733600528245,0.9703038241133444,1.1584701752474225,0.9011131187688131,0.8904966121220784,0.9434801766663983,0.0,0.0,56.00126762385913
280,left,LAD,0.75,origin,6,True,True,0.3220271560050914,0.49094902607495033,0.14301939939378533,0.3089586716222034,0.9831870505590331,0.9824733600528245,0.9709725254129032,1.1584701752474225,0.9011131187688131,0.9028817454052955,0.9434801766663983,0.0,0.0,56.00126762385913
280,left,LAD,0.75,length,6,True,True,0.3220271560050914,0.8391404064704323,0.14301939939378533,0.6320693152755398,0.9734693455732447,0.9824733600528245,0.9459451870242918,1.1584701752474225,0.9011131187688131,0.8137426139660427,0.9434801766663983,0.0,0.0,56.00126762385913
280,left,LAD,0.9,share,3,True,True,0.3220271560050914,0.6354337263973591,0.14301939939378533,0.6354337263958701,0.9740636766797832,0.9824733600528245,0.9448844422021327,1.1584701752474225,0.9011131187688131,0.8503160671398048,0.9434801766663983,0.0,0.0,20.07142930407981
280,left,LAD,0.9,leaf3,3,True,True,0.3220271560050914,0.43979297944661616,0.14301939939378533,0.43979297944493373,0.9799567586628831,0.9824733600528245,0.9609949462550804,1.1584701752474225,0.9011131187688131,0.9018012285319368,0.9434801766663983,0.0,0.0,20.07142930407981
280,left,LAD,0.9,leaf266,3,True,True,0.3220271560050914,0.4437044926581938,0.14301939939378533,0.4437044926566262,0.9798139153744787,0.9824733600528245,0.9606568361488239,1.1584701752474225,0.9011131187688131,0.9007750173688789,0.9434801766663983,0.0,0.0,20.07142930407981
280,left,LAD,0.9,apport,3,True,True,0.3220271560050914,0.6204246791865035,0.14301939939378533,0.6204246791846344,0.974170940536997,0.9824733600528245,0.9458177159911964,1.1584701752474225,0.9011131187688131,0.8539973897247144,0.9434801766663983,0.0,0.0,20.07142930407981
280,left,LAD,0.9,origin,3,True,True,0.3220271560050914,0.37532422941138177,0.14301939939378533,0.3753242294103674,0.9823004709037183,0.9824733600528245,0.9665121947903992,1.1584701752474225,0.9011131187688131,0.9184387991165626,0.9434801766663983,0.0,0.0,20.07142930407981
280,left,LAD,0.9,length,3,True,True,0.3220271560050914,0.740509574271926,0.14301939939378533,0.7405095742689323,0.9715787104044109,0.9824733600528245,0.9366210142595185,1.1584701752474225,0.9011131187688131,0.8229707346498791,0.9434801766663983,0.0,0.0,20.07142930407981
280,left,LAD,1.0,share,2,False,True,0.3220271560050914,0.9700399649200613,0.14301939939378533,,,0.9824733600528245,,1.1584701752474225,0.9011131187688131,,,,,
280,left,LAD,1.0,leaf3,2,False,True,0.3220271560050914,0.8482904287039436,0.14301939939378533,,,0.9824733600528245,,1.1584701752474225,0.9011131187688131,,,,,
280,left,LAD,1.0,leaf266,2,False,True,0.3220271560050914,0.833647760286562,0.14301939939378533,,,0.9824733600528245,,1.1584701752474225,0.9011131187688131,,,,,
280,left,LAD,1.0,apport,2,False,True,0.3220271560050914,0.9840016343058704,0.14301939939378533,,,0.9824733600528245,,1.1584701752474225,0.9011131187688131,,,,,
280,left,LAD,1.0,origin,2,False,True,0.3220271560050914,0.7466557763397744,0.14301939939378533,,,0.9824733600528245,,1.1584701752474225,0.9011131187688131,,,,,
280,left,LAD,1.0,length,2,False,True,0.3220271560050914,0.9141446300137007,0.14301939939378533,,,0.9824733600528245,,1.1584701752474225,0.9011131187688131,,,,,
280,right,RCA,0.5,share,2,True,True,1.375107817342689,1.5271457306502063,1.1982887940368607,1.5271457306435898,0.981569679898723,0.9812141339081086,0.9808224566705664,1.3456999718509464,1.2822074579531408,0.8072118920433241,0.8120725234609889,1.0,1.0,119.0334359254876
280,right,RCA,0.5,leaf3,2,True,True,1.375107817342689,1.5271457306512677,1.1982887940368607,1.5271457306444411,0.9815696798987104,0.9812141339081086,0.9807627486382784,1.3456999718509464,1.2822074579531408,0.8065690615752747,0.8120725234609889,1.0,1.0,119.0334359254876
280,right,RCA,0.5,leaf266,2,True,True,1.375107817342689,1.5271457306512677,1.1982887940368607,1.5271457306444411,0.9815696798987124,0.9812141339081086,0.9807627240802369,1.3456999718509464,1.2822074579531408,0.8065688014133955,0.8120725234609889,1.0,1.0,119.0334359254876
280,right,RCA,0.5,apport,2,True,True,1.375107817342689,1.5271457306502063,1.1982887940368607,1.5271457306435898,0.9815696798987232,0.9812141339081086,0.9807936888207616,1.3456999718509464,1.2822074579531408,0.8068999976757582,0.8120725234609889,1.0,1.0,119.0334359254876
280,right,RCA,0.5,origin,2,True,True,1.375107817342689,1.5271457306512677,1.1982887940368607,1.5271457306452925,0.9815696798987041,0.9812141339081086,0.9808224566705664,1.3456999718509464,1.2822074579531408,0.8072118920433241,0.8120725234609889,1.0,1.0,119.0334359254876
280,right,RCA,0.5,length,2,True,True,1.375107817342689,1.5271457306512677,1.1982887940368607,1.5271457306444411,0.9815696798987127,0.9812141339081086,0.9807041122451414,1.3456999718509464,1.2822074579531408,0.8059745223948683,0.8120725234609889,1.0,1.0,119.0334359254876
280,right,RCA,0.6,share,2,True,True,1.375107817342689,1.5271457306512677,1.1982887940368607,1.5271457306444411,0.9815696798987124,0.9812141339081086,0.9806617891213115,1.3456999718509464,1.2822074579531408,0.8052788288331446,0.8120725234609889,1.0,1.0,111.63618135979542
280,right,RCA,0.6,leaf3,2,True,True,1.375107817342689,1.5271457306491447,1.1982887940368607,1.5271457306427385,0.9815696798987293,0.9812141339081086,0.9805564564051541,1.3456999718509464,1.2822074579531408,0.804097141705,0.8120725234609889,1.0,1.0,111.63618135979542
280,right,RCA,0.6,leaf266,2,True,True,1.375107817342689,1.5271457306502063,1.1982887940368607,1.5271457306435898,0.9815696798987266,0.9812141339081086,0.9805572761197736,1.3456999718509464,1.2822074579531408,0.8041062882380033,0.8120725234609889,1.0,1.0,111.63618135979542
280,right,RCA,0.6,apport,2,True,True,1.375107817342689,1.5271457306491447,1.1982887940368607,1.5271457306418872,0.9815696798987397,0.9812141339081086,0.9806121266869919,1.3456999718509464,1.2822074579531408,0.8047202441582375,0.8120725234609889,1.0,1.0,111.63618135979542
280,right,RCA,0.6,origin,2,True,True,1.375107817342689,1.5271457306512677,1.1982887940368607,1.5271457306444411,0.9815696798987124,0.9812141339081086,0.9806617891213115,1.3456999718509464,1.2822074579531408,0.8052788288331446,0.8120725234609889,1.0,1.0,111.63618135979542
280,right,RCA,0.6,length,2,True,True,1.375107817342689,1.5271457306502063,1.1982887940368607,1.5271457306435898,0.981569679898724,0.9812141339081086,0.9804470483323113,1.3456999718509464,1.2822074579531408,0.8028883620886054,0.8120725234609889,1.0,1.0,111.63618135979542
280,right,RCA,0.75,share,2,True,True,1.375107817342689,1.5271457306512677,1.1982887940368607,1.5271457306444411,0.9815696798987135,0.9812141339081086,0.9799593811139881,1.3456999718509464,1.2822074579531408,0.7967181033840239,0.8120725234609889,1.0,1.0,100.1076387397958
280,right,RCA,0.75,leaf3,2,True,True,1.375107817342689,1.5271457306523293,1.1982887940368607,1.5271457306461438,0.9815696798986971,0.9812141339081086,0.9798854504957191,1.3456999718509464,1.2822074579531408,0.7959340541472057,0.8120725234609889,1.0,1.0,100.1076387397958
280,right,RCA,0.75,leaf266,2,True,True,1.375107817342689,1.5271457306523293,1.1982887940368607,1.5271457306452925,0.9815696798987017,0.9812141339081086,0.979884823331202,1.3456999718509464,1.2822074579531408,0.795927438677289,0.8120725234609889,1.0,1.0,100.1076387397958
280,right,RCA,0.75,apport,2,True,True,1.375107817342689,1.5271457306512677,1.1982887940368607,1.5271457306444411,0.9815696798987124,0.9812141339081086,0.9799248847510327,1.3456999718509464,1.2822074579531408,0.7963513085205913,0.8120725234609889,1.0,1.0,100.1076387397958
280,right,RCA,0.75,origin,2,True,True,1.375107817342689,1.5271457306512677,1.1982887940368607,1.5271457306444411,0.9815696798987135,0.9812141339081086,0.9799593811139881,1.3456999718509464,1.2822074579531408,0.7967181033840239,0.8120725234609889,1.0,1.0,100.1076387397958
280,right,RCA,0.75,length,2,True,True,1.375107817342689,1.5271457306491447,1.1982887940368607,1.5271457306427385,0.9815696798987298,0.9812141339081086,0.9797843268734586,1.3456999718509464,1.2822074579531408,0.7948802601600636,0.8120725234609889,1.0,1.0,100.1076387397958
280,right,RCA,0.9,share,2,True,True,1.375107817342689,1.5271457306512677,1.1982887940368607,1.5271457306444411,0.9815696798987104,0.9812141339081086,0.9790905624770334,1.3456999718509464,1.2822074579531408,0.7868918752116806,0.8120725234609889,1.0,1.0,88.88151229519583
280,right,RCA,0.9,leaf3,2,True,True,1.375107817342689,1.5271457306512677,1.1982887940368607,1.5271457306452925,0.9815696798987061,0.9812141339081086,0.9790851113228799,1.3456999718509464,1.2822074579531408,0.7868269869928205,0.8120725234609889,1.0,1.0,88.88151229519583
280,right,RCA,0.9,leaf266,2,True,True,1.375107817342689,1.5271457306512677,1.1982887940368607,1.5271457306444411,0.9815696798987107,0.9812141339081086,0.9790851200749165,1.3456999718509464,1.2822074579531408,0.7868270911703589,0.8120725234609889,1.0,1.0,88.88151229519583
280,right,RCA,0.9,apport,2,True,True,1.375107817342689,1.5271457306512677,1.1982887940368607,1.5271457306444411,0.9815696798987107,0.9812141339081086,0.9790880945305928,1.3456999718509464,1.2822074579531408,0.7868624972895039,0.8120725234609889,1.0,1.0,88.88151229519583
280,right,RCA,0.9,origin,2,True,True,1.375107817342689,1.5271457306512677,1.1982887940368607,1.5271457306444411,0.981569679898714,0.9812141339081086,0.9790905624770334,1.3456999718509464,1.2822074579531408,0.7868918752116713,0.8120725234609889,1.0,1.0,88.88151229519583
280,right,RCA,0.9,length,2,True,True,1.375107817342689,1.5271457306502063,1.1982887940368607,1.5271457306444411,0.9815696798987165,0.9812141339081086,0.9790772904459447,1.3456999718509464,1.2822074579531408,0.7867338981975668,0.8120725234609889,1.0,1.0,88.88151229519583
280,right,RCA,1.0,share,1,True,True,1.375107817342689,1.5271457306502063,1.1982887940368607,1.5271457306444411,0.9815696798987169,0.9812141339081086,0.9790618020236163,1.3456999718509464,1.2822074579531408,0.786549572100177,0.8120725234609889,0.0,1.0,84.10034438972328
280,right,RCA,1.0,leaf3,1,True,True,1.375107817342689,1.5271457306502063,1.1982887940368607,1.5271457306444411,0.9815696798987169,0.9812141339081086,0.9790618020236163,1.3456999718509464,1.2822074579531408,0.786549572100177,0.8120725234609889,0.0,1.0,84.10034438972328
280,right,RCA,1.0,leaf266,1,True,True,1.375107817342689,1.5271457306502063,1.1982887940368607,1.5271457306444411,0.9815696798987169,0.9812141339081086,0.9790618020236163,1.3456999718509464,1.2822074579531408,0.786549572100177,0.8120725234609889,0.0,1.0,84.10034438972328
280,right,RCA,1.0,apport,1,True,True,1.375107817342689,1.5271457306512677,1.1982887940368607,1.5271457306444411,0.9815696798987106,0.9812141339081086,0.9790618020236163,1.3456999718509464,1.2822074579531408,0.786549572100177,0.8120725234609889,0.0,1.0,84.10034438972328
280,right,RCA,1.0,origin,1,True,True,1.375107817342689,1.5271457306502063,1.1982887940368607,1.5271457306444411,0.9815696798987169,0.9812141339081086,0.9790618020236163,1.3456999718509464,1.2822074579531408,0.786549572100177,0.8120725234609889,0.0,1.0,84.10034438972328
280,right,RCA,1.0,length,1,True,True,1.375107817342689,1.5271457306502063,1.1982887940368607,1.5271457306444411,0.9815696798987169,0.9812141339081086,0.9790618020236163,1.3456999718509464,1.2822074579531408,0.786549572100177,0.8120725234609889,0.0,1.0,84.10034438972328
284,left,LAD,0.5,share,6,True,True,0.24392411165323996,0.3051593055670046,0.09398328406482599,0.16355808524084722,0.9842886884672406,0.9878332578102376,0.9845101574127628,1.0044389860190324,0.8414778772534335,0.9399488466085103,0.9549796146099128,0.0,0.0,91.37928979794465
284,left,LAD,0.5,leaf3,6,True,True,0.24392411165323996,0.28829316491304524,0.09398328406482599,0.11231072945209822,0.9865295838017488,0.9878332578102376,0.9870668052708833,1.0044389860190324,0.8414778772534335,0.9468350247755042,0.9549796146099128,0.0,0.0,91.37928979794465
284,left,LAD,0.5,leaf266,6,True,True,0.24392411165323996,0.29276348419179193,0.09398328406482599,0.11227445192217911,0.9864442956546013,0.9878332578102376,0.9869884774038932,1.0044389860190324,0.8414778772534335,0.9459461675034937,0.9549796146099128,0.0,0.0,91.37928979794465
284,left,LAD,0.5,apport,6,True,True,0.24392411165323996,0.3451742226184455,0.09398328406482599,0.15730309897651706,0.9839908457369624,0.9878332578102376,0.9843152668437825,1.0044389860190324,0.8414778772534335,0.9324041127294594,0.9549796146099128,0.0,0.0,91.37928979794465
284,left,LAD,0.5,origin,6,True,True,0.24392411165323996,0.3077138122610473,0.09398328406482599,0.19537358961401607,0.9832092658686981,0.9878332578102376,0.9832332799752196,1.0044389860190324,0.8414778772534335,0.937331696757023,0.9549796146099128,0.0,0.0,91.37928979794465
284,left,LAD,0.5,length,6,True,True,0.24392411165323996,0.422897782360289,0.09398328406482599,0.2166246255989274,0.9808369447824351,0.9878332578102376,0.9809035959908805,1.0044389860190324,0.8414778772534335,0.9117852950768878,0.9549796146099128,0.0,0.0,91.37928979794465
284,left,LAD,0.6,share,5,True,True,0.24392411165323996,0.3043222317193397,0.09398328406482599,0.1639092589560807,0.9842881120768303,0.9878332578102376,0.9845169245826308,1.0044389860190324,0.8414778772534335,0.940205066396817,0.9549796146099128,0.0,0.0,91.37928979794465
284,left,LAD,0.6,leaf3,5,True,True,0.24392411165323996,0.23913705153005227,0.09398328406482599,0.1267288039454668,0.9867467720882557,0.9878332578102376,0.9871098081263672,1.0044389860190324,0.8414778772534335,0.9550386880126368,0.9549796146099128,0.0,0.0,91.37928979794465
284,left,LAD,0.6,leaf266,5,True,True,0.24392411165323996,0.24197740228889483,0.09398328406482599,0.1274050669999112,0.9866588508527464,0.9878332578102376,0.9870224701043582,1.0044389860190324,0.8414778772534335,0.9544687080699124,0.9549796146099128,0.0,0.0,91.37928979794465
284,left,LAD,0.6,apport,5,True,True,0.24392411165323996,0.3234439688991348,0.09398328406482599,0.17329862363759072,0.9837079671763274,0.9878332578102376,0.9839081175976572,1.0044389860190324,0.8414778772534335,0.9358413583423522,0.9549796146099128,0.0,0.0,91.37928979794465
284,left,LAD,0.6,origin,5,True,True,0.24392411165323996,0.27943569710044036,0.09398328406482599,0.2108137532117356,0.9830789004097737,0.9878332578102376,0.9829643345814808,1.0044389860190324,0.8414778772534335,0.941638210211316,0.9549796146099128,0.0,0.0,91.37928979794465
284,left,LAD,0.6,length,5,True,True,0.24392411165323996,0.3711553142644791,0.09398328406482599,0.2626686839641998,0.9799863270702942,0.9878332578102376,0.9797388764882468,1.0044389860190324,0.8414778772534335,0.9200342704437338,0.9549796146099128,0.0,0.0,91.37928979794465
284,left,LAD,0.75,share,3,True,True,0.24392411165323996,0.42703019151192856,0.09398328406482599,0.22820405373268263,0.9807118635743243,0.9878332578102376,0.980594086059888,1.0044389860190324,0.8414778772534335,0.9101429894714527,0.9549796146099128,0.0,0.0,52.896532404792524
284,left,LAD,0.75,leaf3,3,True,True,0.24392411165323996,0.4429520495389301,0.09398328406482599,0.21765680281205443,0.9808218792697865,0.9878332578102376,0.9808111177346774,1.0044389860190324,0.8414778772534335,0.9074142641321294,0.9549796146099128,0.0,0.0,52.896532404792524
284,left,LAD,0.75,leaf266,3,True,True,0.24392411165323996,0.4428294282017428,0.09398328406482599,0.21773840211123466,0.9808210189660611,0.9878332578102376,0.9808094277465766,1.0044389860190324,0.8414778772534335,0.9074354739242917,0.9549796146099128,0.0,0.0,52.896532404792524
284,left,LAD,0.75,apport,3,True,True,0.24392411165323996,0.4545876165824899,0.09398328406482599,0.23533473101265484,0.980009224847621,0.9878332578102376,0.9798900814161383,1.0044389860190324,0.8414778772534335,0.9035022284330959,0.9549796146099128,0.0,0.0,52.896532404792524
284,left,LAD,0.75,origin,3,True,True,0.24392411165323996,0.46654594079304995,0.09398328406482599,0.24905585422411144,0.9793304765314962,0.9878332578102376,0.9791338534968699,1.0044389860190324,0.8414778772534335,0.8997916830957378,0.9549796146099128,0.0,0.0,52.896532404792524
284,left,LAD,0.75,length,3,True,True,0.24392411165323996,0.49628304194548284,0.09398328406482599,0.24403941662450465,0.979019430004668,0.9878332578102376,0.9789138879836252,1.0044389860190324,0.8414778772534335,0.8934115164873726,0.9549796146099128,0.0,0.0,52.896532404792524
284,left,LAD,0.9,share,2,False,True,0.24392411165323996,0.42416877527747454,0.09398328406482599,,,0.9878332578102376,,1.0044389860190324,0.8414778772534335,,,,,
284,left,LAD,0.9,leaf3,2,False,True,0.24392411165323996,0.3307877577164024,0.09398328406482599,,,0.9878332578102376,,1.0044389860190324,0.8414778772534335,,,,,
284,left,LAD,0.9,leaf266,2,False,True,0.24392411165323996,0.33073887766822924,0.09398328406482599,,,0.9878332578102376,,1.0044389860190324,0.8414778772534335,,,,,
284,left,LAD,0.9,apport,2,False,True,0.24392411165323996,0.43325002788146666,0.09398328406482599,,,0.9878332578102376,,1.0044389860190324,0.8414778772534335,,,,,
284,left,LAD,0.9,origin,2,False,True,0.24392411165323996,0.2880712409581761,0.09398328406482599,,,0.9878332578102376,,1.0044389860190324,0.8414778772534335,,,,,
284,left,LAD,0.9,length,2,False,True,0.24392411165323996,0.26865196250550577,0.09398328406482599,,,0.9878332578102376,,1.0044389860190324,0.8414778772534335,,,,,
284,left,LAD,1.0,share,1,False,False,0.24392411165323996,,0.09398328406482599,,,0.9878332578102376,,1.0044389860190324,0.8414778772534335,,,,,
284,left,LAD,1.0,leaf3,1,False,False,0.24392411165323996,,0.09398328406482599,,,0.9878332578102376,,1.0044389860190324,0.8414778772534335,,,,,
284,left,LAD,1.0,leaf266,1,False,False,0.24392411165323996,,0.09398328406482599,,,0.9878332578102376,,1.0044389860190324,0.8414778772534335,,,,,
284,left,LAD,1.0,apport,1,False,False,0.24392411165323996,,0.09398328406482599,,,0.9878332578102376,,1.0044389860190324,0.8414778772534335,,,,,
284,left,LAD,1.0,origin,1,False,False,0.24392411165323996,,0.09398328406482599,,,0.9878332578102376,,1.0044389860190324,0.8414778772534335,,,,,
284,left,LAD,1.0,length,1,False,False,0.24392411165323996,,0.09398328406482599,,,0.9878332578102376,,1.0044389860190324,0.8414778772534335,,,,,
284,right,RCA,0.5,share,3,True,True,1.2806214589634575,1.5339945720650316,1.011201494869617,1.5339945720665902,0.9781821617020753,0.9771768935577873,0.9717509476602623,1.3016016016690255,1.1798551361195433,0.7668028726363587,0.8046661370532198,2.0,2.0,106.62760583522103
284,right,RCA,0.5,leaf3,3,True,True,1.2806214589634575,1.5339945720641297,1.011201494869617,1.5339945720665902,0.9781821617020771,0.9771768935577873,0.9721264593477658,1.3016016016690255,1.1798551361195433,0.7702755223857283,0.8046661370532198,2.0,2.0,106.62760583522103
284,right,RCA,0.5,leaf266,3,True,True,1.2806214589634575,1.5339945720650316,1.011201494869617,1.5339945720665902,0.9781821617020753,0.9771768935577873,0.9720452351266909,1.3016016016690255,1.1798551361195433,0.7695231328202725,0.8046661370532198,2.0,2.0,106.62760583522103
284,right,RCA,0.5,apport,3,True,True,1.2806214589634575,1.5339945720650316,1.011201494869617,1.5339945720665902,0.9781821617020751,0.9771768935577873,0.9716972931273767,1.3016016016690255,1.1798551361195433,0.7663078969606519,0.8046661370532198,2.0,2.0,106.62760583522103
284,right,RCA,0.5,origin,3,True,True,1.2806214589634575,1.5339945720650316,1.011201494869617,1.5339945720671613,0.9781821617020698,0.9771768935577873,0.9712484103922673,1.3016016016690255,1.1798551361195433,0.7621789288226979,0.8046661370532198,2.0,2.0,106.62760583522103
284,right,RCA,0.5,length,3,True,True,1.2806214589634575,1.5339945720650316,1.011201494869617,1.5339945720671613,0.9781821617020707,0.9771768935577873,0.9721993515934936,1.3016016016690255,1.1798551361195433,0.7709513112115943,0.8046661370532198,2.0,2.0,106.62760583522103
284,right,RCA,0.6,share,3,True,True,1.2806214589634575,1.5339945720641297,1.011201494869617,1.5339945720660189,0.9781821617020815,0.9771768935577873,0.9717334337668251,1.3016016016690255,1.1798551361195433,0.7666412693072604,0.8046661370532198,2.0,2.0,103.8557610491072
284,right,RCA,0.6,leaf3,3,True,True,1.2806214589634575,1.5339945720641297,1.011201494869617,1.5339945720660189,0.9781821617020819,0.9771768935577873,0.9718410910715755,1.3016016016690255,1.1798551361195433,0.7676351521448533,0.8046661370532198,2.0,2.0,103.8557610491072
284,right,RCA,0.6,leaf266,3,True,True,1.2806214589634575,1.5339945720641297,1.011201494869617,1.5339945720665902,0.9781821617020786,0.9771768935577873,0.9717961826464898,1.3016016016690255,1.1798551361195433,0.7672204127622859,0.8046661370532198,2.0,2.0,103.8557610491072
284,right,RCA,0.6,apport,3,True,True,1.2806214589634575,1.5339945720650316,1.011201494869617,1.5339945720665902,0.9781821617020751,0.9771768935577873,0.9715512053469265,1.3016016016690255,1.1798551361195433,0.7649617554648762,0.8046661370532198,2.0,2.0,103.8557610491072
284,right,RCA,0.6,origin,3,True,True,1.2806214589634575,1.5339945720650316,1.011201494869617,1.5339945720671613,0.9781821617020721,0.9771768935577873,0.971232460894687,1.3016016016690255,1.1798551361195433,0.7620326214857761,0.8046661370532198,2.0,2.0,103.8557610491072
284,right,RCA,0.6,length,3,True,True,1.2806214589634575,1.5339945720641297,1.011201494869617,1.5339945720665902,0.9781821617020777,0.9771768935577873,0.9721986934470678,1.3016016016690255,1.1798551361195433,0.7709452070504547,0.8046661370532198,2.0,2.0,103.8557610491072
284,right,RCA,0.75,share,2,True,True,1.2806214589634575,1.5339945720650316,1.011201494869617,1.5339945720665902,0.9781821617020753,0.9771768935577873,0.9707637667778155,1.3016016016690255,1.1798551361195433,0.757745736632928,0.8046661370532198,1.0,2.0,98.56014569577589
284,right,RCA,0.75,leaf3,2,True,True,1.2806214589634575,1.5339945720650316,1.011201494869617,1.5339945720665902,0.9781821617020755,0.9771768935577873,0.9707675756673703,1.3016016016690255,1.1798551361195433,0.7577804759384745,0.8046661370532198,1.0,2.0,98.56014569577589
284,right,RCA,0.75,leaf266,2,True,True,1.2806214589634575,1.5339945720650316,1.011201494869617,1.5339945720671613,0.9781821617020704,0.9771768935577873,0.9707675823317519,1.3016016016690255,1.1798551361195433,0.7577805367228467,0.8046661370532198,1.0,2.0,98.56014569577589
284,right,RCA,0.75,apport,2,True,True,1.2806214589634575,1.5339945720650316,1.011201494869617,1.5339945720665902,0.9781821617020755,0.9771768935577873,0.9707663162530917,1.3016016016690255,1.1798551361195433,0.7577689891623589,0.8046661370532198,1.0,2.0,98.56014569577589
284,right,RCA,0.75,origin,2,True,True,1.2806214589634575,1.5339945720641297,1.011201494869617,1.5339945720665902,0.9781821617020775,0.9771768935577873,0.9707637667778155,1.3016016016690255,1.1798551361195433,0.757745736632928,0.8046661370532198,1.0,2.0,98.56014569577589
284,right,RCA,0.75,length,2,True,True,1.2806214589634575,1.5339945720641297,1.011201494869617,1.5339945720660189,0.9781821617020836,0.9771768935577873,0.9708034151772983,1.3016016016690255,1.1798551361195433,0.7581074329272053,0.8046661370532198,1.0,2.0,98.56014569577589
284,right,RCA,0.9,share,1,True,True,1.2806214589634575,1.5339945720650316,1.011201494869617,1.5339945720665902,0.9781821617020755,0.9771768935577873,0.9708001278717748,1.3016016016690255,1.1798551361195433,0.7580774374732518,0.8046661370532198,0.0,2.0,70.97259419595915
284,right,RCA,0.9,leaf3,1,True,True,1.2806214589634575,1.5339945720650316,1.011201494869617,1.5339945720665902,0.9781821617020755,0.9771768935577873,0.9708001278717748,1.3016016016690255,1.1798551361195433,0.7580774374733253,0.8046661370532198,0.0,2.0,70.97259419595915
284,right,RCA,0.9,leaf266,1,True,True,1.2806214589634575,1.5339945720650316,1.011201494869617,1.5339945720665902,0.9781821617020755,0.9771768935577873,0.9708001278717748,1.3016016016690255,1.1798551361195433,0.7580774374733253,0.8046661370532198,0.0,2.0,70.97259419595915
284,right,RCA,0.9,apport,1,True,True,1.2806214589634575,1.5339945720650316,1.011201494869617,1.5339945720665902,0.9781821617020755,0.9771768935577873,0.9708001278717748,1.3016016016690255,1.1798551361195433,0.7580774374733253,0.8046661370532198,0.0,2.0,70.97259419595915
284,right,RCA,0.9,origin,1,True,True,1.2806214589634575,1.5339945720650316,1.011201494869617,1.5339945720665902,0.9781821617020755,0.9771768935577873,0.9708001278717748,1.3016016016690255,1.1798551361195433,0.7580774374732518,0.8046661370532198,0.0,2.0,70.97259419595915
284,right,RCA,0.9,length,1,True,True,1.2806214589634575,1.5339945720650316,1.011201494869617,1.5339945720665902,0.9781821617020755,0.9771768935577873,0.9708001278717748,1.3016016016690255,1.1798551361195433,0.7580774374733253,0.8046661370532198,0.0,2.0,70.97259419595915
284,right,RCA,1.0,share,1,True,True,1.2806214589634575,1.5339945720650316,1.011201494869617,1.5339945720665902,0.9781821617020741,0.9771768935577873,0.9708438994864964,1.3016016016690255,1.1798551361195433,0.7584769364971166,0.8046661370532198,0.0,2.0,57.46879173601584
284,right,RCA,1.0,leaf3,1,True,True,1.2806214589634575,1.5339945720641297,1.011201494869617,1.5339945720665902,0.9781821617020778,0.9771768935577873,0.9708438994865016,1.3016016016690255,1.1798551361195433,0.7584769364974084,0.8046661370532198,0.0,2.0,57.46879173601584
284,right,RCA,1.0,leaf266,1,True,True,1.2806214589634575,1.5339945720641297,1.011201494869617,1.5339945720665902,0.9781821617020778,0.9771768935577873,0.9708438994865016,1.3016016016690255,1.1798551361195433,0.7584769364974084,0.8046661370532198,0.0,2.0,57.46879173601584
284,right,RCA,1.0,apport,1,True,True,1.2806214589634575,1.5339945720650316,1.011201494869617,1.5339945720665902,0.9781821617020741,0.9771768935577873,0.9708438994864964,1.3016016016690255,1.1798551361195433,0.7584769364971166,0.8046661370532198,0.0,2.0,57.46879173601584
284,right,RCA,1.0,origin,1,True,True,1.2806214589634575,1.5339945720650316,1.011201494869617,1.5339945720665902,0.9781821617020741,0.9771768935577873,0.9708438994864964,1.3016016016690255,1.1798551361195433,0.7584769364971166,0.8046661370532198,0.0,2.0,57.46879173601584
284,right,RCA,1.0,length,1,True,True,1.2806214589634575,1.5339945720641297,1.011201494869617,1.5339945720665902,0.9781821617020778,0.9771768935577873,0.9708438994865016,1.3016016016690255,1.1798551361195433,0.7584769364974084,0.8046661370532198,0.0,2.0,57.46879173601584
300,right,RCA,0.5,share,2,True,True,0.9351966401916992,1.0735877835818397,0.7767149690984264,1.0735877835783674,0.9784426771937599,0.9759394187254382,0.9730589555567568,1.1872509529118804,1.1186119863193993,0.79937197705366,0.8247558557341008,1.0,1.0,144.95517254061951
300,right,RCA,0.5,leaf3,2,True,True,0.9351966401916992,1.0735877835818397,0.7767149690984264,1.0735877835783674,0.9784426771937598,0.9759394187254382,0.9726879385858752,1.1872509529118804,1.1186119863193993,0.7961651596401262,0.8247558557341008,1.0,1.0,144.95517254061951
300,right,RCA,0.5,leaf266,2,True,True,0.9351966401916992,1.0735877835818397,0.7767149690984264,1.0735877835783674,0.9784426771937603,0.9759394187254382,0.9726968538607536,1.1872509529118804,1.1186119863193993,0.7962421175024311,0.8247558557341008,1.0,1.0,144.95517254061951
300,right,RCA,0.5,apport,2,True,True,0.9351966401916992,1.0735877835818397,0.7767149690984264,1.0735877835783674,0.9784426771937608,0.9759394187254382,0.9727788200350521,1.1872509529118804,1.1186119863193993,0.7969498935667975,0.8247558557341008,1.0,1.0,144.95517254061951
300,right,RCA,0.5,origin,2,True,True,0.9351966401916992,1.0735877835818397,0.7767149690984264,1.0735877835783674,0.9784426771937608,0.9759394187254382,0.9730589555567568,1.1872509529118804,1.1186119863193993,0.79937197705366,0.8247558557341008,1.0,1.0,144.95517254061951
300,right,RCA,0.5,length,2,True,True,0.9351966401916992,1.0735877835818397,0.7767149690984264,1.0735877835788445,0.9784426771937503,0.9759394187254382,0.9729754028096422,1.1872509529118804,1.1186119863193993,0.7986490717958871,0.8247558557341008,1.0,1.0,144.95517254061951
300,right,RCA,0.6,share,1,True,True,0.9351966401916992,1.0735877835818397,0.7767149690984264,1.0735877835783674,0.9784426771937608,0.9759394187254382,0.973964135534947,1.1872509529118804,1.1186119863193993,0.8072293033583386,0.8247558557341008,0.0,1.0,116.49863691073453
300,right,RCA,0.6,leaf3,1,True,True,0.9351966401916992,1.0735877835818397,0.7767149690984264,1.0735877835788445,0.9784426771937591,0.9759394187254382,0.973964135534947,1.1872509529118804,1.1186119863193993,0.8072293033583386,0.8247558557341008,0.0,1.0,116.49863691073453
300,right,RCA,0.6,leaf266,1,True,True,0.9351966401916992,1.0735877835818397,0.7767149690984264,1.0735877835783674,0.9784426771937608,0.9759394187254382,0.973964135534947,1.1872509529118804,1.1186119863193993,0.8072293033583386,0.8247558557341008,0.0,1.0,116.49863691073453
300,right,RCA,0.6,apport,1,True,True,0.9351966401916992,1.0735877835818397,0.7767149690984264,1.0735877835788445,0.9784426771937591,0.9759394187254382,0.973964135534947,1.1872509529118804,1.1186119863193993,0.8072293033583386,0.8247558557341008,0.0,1.0,116.49863691073453
300,right,RCA,0.6,origin,1,True,True,0.9351966401916992,1.0735877835818397,0.7767149690984264,1.0735877835788445,0.9784426771937591,0.9759394187254382,0.973964135534947,1.1872509529118804,1.1186119863193993,0.8072293033583386,0.8247558557341008,0.0,1.0,116.49863691073453
300,right,RCA,0.6,length,1,True,True,0.9351966401916992,1.0735877835818397,0.7767149690984264,1.0735877835788445,0.9784426771937591,0.9759394187254382,0.973964135534947,1.1872509529118804,1.1186119863193993,0.8072293033586265,0.8247558557341008,0.0,1.0,116.49863691073453
300,right,RCA,0.75,share,1,True,True,0.9351966401916992,1.0735877835811645,0.7767149690984264,1.0735877835783674,0.9784426771937615,0.9759394187254382,0.9724321996387175,1.1872509529118804,1.1186119863193993,0.7939597345809052,0.8247558557341008,0.0,1.0,81.72725096901969
300,right,RCA,0.75,leaf3,1,True,True,0.9351966401916992,1.0735877835818397,0.7767149690984264,1.0735877835788445,0.9784426771937564,0.9759394187254382,0.9724321996387099,1.1872509529118804,1.1186119863193993,0.7939597345812416,0.8247558557341008,0.0,1.0,81.72725096901969
300,right,RCA,0.75,leaf266,1,True,True,0.9351966401916992,1.0735877835818397,0.7767149690984264,1.0735877835788445,0.9784426771937564,0.9759394187254382,0.9724321996387099,1.1872509529118804,1.1186119863193993,0.7939597345812416,0.8247558557341008,0.0,1.0,81.72725096901969
300,right,RCA,0.75,apport,1,True,True,0.9351966401916992,1.0735877835818397,0.7767149690984264,1.0735877835788445,0.9784426771937564,0.9759394187254382,0.9724321996387099,1.1872509529118804,1.1186119863193993,0.7939597345812416,0.8247558557341008,0.0,1.0,81.72725096901969
300,right,RCA,0.75,origin,1,True,True,0.9351966401916992,1.0735877835811645,0.7767149690984264,1.0735877835783674,0.9784426771937615,0.9759394187254382,0.9724321996387175,1.1872509529118804,1.1186119863193993,0.7939597345809052,0.8247558557341008,0.0,1.0,81.72725096901969
300,right,RCA,0.75,length,1,True,True,0.9351966401916992,1.0735877835818397,0.7767149690984264,1.0735877835788445,0.9784426771937564,0.9759394187254382,0.9724321996387099,1.1872509529118804,1.1186119863193993,0.7939597345812416,0.8247558557341008,0.0,1.0,81.72725096901969
300,right,RCA,0.9,share,1,True,True,0.9351966401916992,1.0735877835811645,0.7767149690984264,1.0735877835783674,0.9784426771937615,0.9759394187254382,0.9724321996387175,1.1872509529118804,1.1186119863193993,0.7939597345809052,0.8247558557341008,0.0,1.0,81.72725096901969
300,right,RCA,0.9,leaf3,1,True,True,0.9351966401916992,1.0735877835818397,0.7767149690984264,1.0735877835788445,0.9784426771937564,0.9759394187254382,0.9724321996387099,1.1872509529118804,1.1186119863193993,0.7939597345812416,0.8247558557341008,0.0,1.0,81.72725096901969
300,right,RCA,0.9,leaf266,1,True,True,0.9351966401916992,1.0735877835818397,0.7767149690984264,1.0735877835788445,0.9784426771937564,0.9759394187254382,0.9724321996387099,1.1872509529118804,1.1186119863193993,0.7939597345812416,0.8247558557341008,0.0,1.0,81.72725096901969
300,right,RCA,0.9,apport,1,True,True,0.9351966401916992,1.0735877835818397,0.7767149690984264,1.0735877835788445,0.9784426771937564,0.9759394187254382,0.9724321996387099,1.1872509529118804,1.1186119863193993,0.7939597345812416,0.8247558557341008,0.0,1.0,81.72725096901969
300,right,RCA,0.9,origin,1,True,True,0.9351966401916992,1.0735877835811645,0.7767149690984264,1.0735877835783674,0.9784426771937615,0.9759394187254382,0.9724321996387175,1.1872509529118804,1.1186119863193993,0.7939597345809052,0.8247558557341008,0.0,1.0,81.72725096901969
300,right,RCA,0.9,length,1,True,True,0.9351966401916992,1.0735877835818397,0.7767149690984264,1.0735877835788445,0.9784426771937564,0.9759394187254382,0.9724321996387099,1.1872509529118804,1.1186119863193993,0.7939597345812416,0.8247558557341008,0.0,1.0,81.72725096901969
300,right,RCA,1.0,share,1,True,True,0.9351966401916992,1.0735877835818397,0.7767149690984264,1.0735877835788445,0.9784426771937569,0.9759394187254382,0.9724120085402191,1.1872509529118804,1.1186119863193993,0.7937857908561208,0.8247558557341008,0.0,1.0,64.17533350872209
300,right,RCA,1.0,leaf3,1,True,True,0.9351966401916992,1.0735877835811645,0.7767149690984264,1.0735877835783674,0.9784426771937627,0.9759394187254382,0.9724120085402267,1.1872509529118804,1.1186119863193993,0.7937857908565354,0.8247558557341008,0.0,1.0,64.17533350872209
300,right,RCA,1.0,leaf266,1,True,True,0.9351966401916992,1.0735877835818397,0.7767149690984264,1.0735877835788445,0.9784426771937569,0.9759394187254382,0.9724120085402191,1.1872509529118804,1.1186119863193993,0.7937857908561208,0.8247558557341008,0.0,1.0,64.17533350872209
300,right,RCA,1.0,apport,1,True,True,0.9351966401916992,1.0735877835818397,0.7767149690984264,1.0735877835788445,0.9784426771937569,0.9759394187254382,0.9724120085402191,1.1872509529118804,1.1186119863193993,0.7937857908561208,0.8247558557341008,0.0,1.0,64.17533350872209
300,right,RCA,1.0,origin,1,True,True,0.9351966401916992,1.0735877835818397,0.7767149690984264,1.0735877835788445,0.9784426771937569,0.9759394187254382,0.9724120085402191,1.1872509529118804,1.1186119863193993,0.7937857908561208,0.8247558557341008,0.0,1.0,64.17533350872209
300,right,RCA,1.0,length,1,True,True,0.9351966401916992,1.0735877835818397,0.7767149690984264,1.0735877835788445,0.9784426771937569,0.9759394187254382,0.9724120085402191,1.1872509529118804,1.1186119863193993,0.7937857908561208,0.8247558557341008,0.0,1.0,64.17533350872209
306,left,LAD,0.5,share,6,True,True,0.4888646195179913,0.39788399297511706,0.1318355762011949,0.10058120055360625,0.9937266172178062,0.9904887765899846,0.9926057619317556,1.3479429058421797,1.0022371639467655,0.9630207463838878,0.9502824395028969,1.0,1.0,127.48924174820162
306,left,LCX,0.5,share,6,True,True,0.3117156828334597,0.40852559711169506,0.2898867895797897,0.40852559711141834,0.9916396388327848,0.990238409459967,0.9875232711275213,1.2307981245635669,1.1934427628426274,0.9417880534194554,0.957824770327461,1.0,1.0,48.082507393316966
306,left,LAD,0.5,leaf3,6,True,True,0.4888646195179913,0.4940336433313938,0.1318355762011949,0.279182507372511,0.9901314221868929,0.9904887765899846,0.9856250130325561,1.3479429058421797,1.0022371639467655,0.946150734109213,0.9502824395028969,1.0,1.0,127.48924174820162
306,left,LCX,0.5,leaf3,6,True,True,0.3117156828334597,0.3460642266390124,0.2898867895797897,0.3460642266326427,0.9927204976964638,0.990238409459967,0.9891802094193201,1.2307981245635669,1.1934427628426274,0.9520661572362938,0.957824770327461,1.0,1.0,48.082507393316966
306,left,LAD,0.5,leaf266,6,True,True,0.4888646195179913,0.4898899861469071,0.1318355762011949,0.2636100382498197,0.9903796163695321,0.9904887765899846,0.9862046313365755,1.3479429058421797,1.0022371639467655,0.9470769798620409,0.9502824395028969,1.0,1.0,127.48924174820162
306,left,LCX,0.5,leaf266,6,True,True,0.3117156828334597,0.34431125352325664,0.2898867895797897,0.34431125351936326,0.992750831909658,0.990238409459967,0.9892319039300018,1.2307981245635669,1.1934427628426274,0.9523820600010263,0.957824770327461,1.0,1.0,48.082507393316966
306,left,LAD,0.5,apport,6,True,True,0.4888646195179913,0.4992496082157652,0.1318355762011949,0.18228703789550668,0.9913425802645824,0.9904887765899846,0.9888807075577823,1.3479429058421797,1.0022371639467655,0.9481099187335633,0.9502824395028969,1.0,1.0,127.48924174820162
306,left,LCX,0.5,apport,6,True,True,0.3117156828334597,0.3285625960643939,0.2898867895797897,0.32856259606000604,0.9930233535638817,0.990238409459967,0.9897394192339464,1.2307981245635669,1.1934427628426274,0.9554207539982099,0.957824770327461,1.0,1.0,48.082507393316966
306,left,LAD,0.5,origin,6,True,True,0.4888646195179913,0.4961064001077636,0.1318355762011949,0.16700027043035842,0.991550468673469,0.9904887765899846,0.989401282095487,1.3479429058421797,1.0022371639467655,0.9489338963891979,0.9502824395028969,1.0,1.0,127.48924174820162
306,left,LCX,0.5,origin,6,True,True,0.3117156828334597,0.31619345702547924,0.2898867895797897,0.3161934570250619,0.9932373945537245,0.990238409459967,0.9901008052283407,1.2307981245635669,1.1934427628426274,0.957545090095873,0.957824770327461,1.0,1.0,48.082507393316966
306,left,LAD,0.5,length,6,True,True,0.4888646195179913,0.5816035917822417,0.1318355762011949,0.33879347751640126,0.9885157806813955,0.9904887765899846,0.9827543442671912,1.3479429058421797,1.0022371639467655,0.9332740262278004,0.9502824395028969,1.0,1.0,127.48924174820162
306,left,LCX,0.5,length,6,True,True,0.3117156828334597,0.26219481377236414,0.2898867895797897,0.26219481377230563,0.9941718106855642,0.990238409459967,0.9916618750217309,1.2307981245635669,1.1934427628426274,0.9663370359835557,0.957824770327461,1.0,1.0,48.082507393316966
306,left,LAD,0.6,share,6,True,True,0.4888646195179913,0.3972631240386673,0.1318355762011949,0.09955809296872391,0.9937507742359929,0.9904887765899846,0.9926449574645685,1.3479429058421797,1.0022371639467655,0.9631200844041132,0.9502824395028969,1.0,1.0,127.48924174820162
306,left,LCX,0.6,share,6,True,True,0.3117156828334597,0.4092437680177995,0.2898867895797897,0.4092437680135417,0.9916272112894514,0.990238409459967,0.9874678407589935,1.2307981245635669,1.1934427628426274,0.9414408920440408,0.957824770327461,1.0,1.0,48.082507393316966
306,left,LAD,0.6,leaf3,6,True,True,0.4888646195179913,0.5016687503813486,0.1318355762011949,0.21631609149275435,0.9908865631553704,0.9904887765899846,0.9877196113777388,1.3479429058421797,1.0022371639467655,0.9468579748023223,0.9502824395028969,1.0,1.0,127.48924174820162
306,left,LCX,0.6,leaf3,6,True,True,0.3117156828334597,0.3024575993767579,0.2898867895797897,0.302457599370665,0.9934750858400448,0.990238409459967,0.9904236666006148,1.2307981245635669,1.1934427628426274,0.9594213685819508,0.957824770327461,1.0,1.0,48.082507393316966
306,left,LAD,0.6,leaf266,6,True,True,0.4888646195179913,0.497821922062613,0.1318355762011949,0.20862620716894822,0.991027725567539,0.9904887765899846,0.9880151214783865,1.3479429058421797,1.0022371639467655,0.9475605460719763,0.9502824395028969,1.0,1.0,127.48924174820162
306,left,LCX,0.6,leaf266,6,True,True,0.3117156828334597,0.30418303478927183,0.2898867895797897,0.30418303478517195,0.9934452281512965,0.990238409459967,0.9903749946115834,1.2307981245635669,1.1934427628426274,0.9591415633826013,0.957824770327461,1.0,1.0,48.082507393316966
306,left,LAD,0.6,apport,6,True,True,0.4888646195179913,0.4992215836807509,0.1318355762011949,0.17287284533476985,0.9914749093035341,0.9904887765899846,0.9891988226503312,1.3479429058421797,1.0022371639467655,0.9483979371155039,0.9502824395028969,1.0,1.0,127.48924174820162
306,left,LCX,0.6,apport,6,True,True,0.3117156828334597,0.32855990031045307,0.2898867895797897,0.32855990030906607,0.9930234002123943,0.990238409459967,0.9897218204641425,1.2307981245635669,1.1934427628426274,0.9553198422062396,0.957824770327461,1.0,1.0,48.082507393316966
306,left,LAD,0.6,origin,6,True,True,0.4888646195179913,0.4956720639963068,0.1318355762011949,0.16564731337464117,0.9915733213919047,0.9904887765899846,0.9894507225830048,1.3479429058421797,1.0022371639467655,0.9490383331217586,0.9502824395028969,1.0,1.0,127.48924174820162
306,left,LCX,0.6,origin,6,True,True,0.3117156828334597,0.3165099792957996,0.2898867895797897,0.3165099792914524,0.993231917314005,0.990238409459967,0.9900701433533522,1.2307981245635669,1.1934427628426274,0.95736879515173,0.957824770327461,1.0,1.0,48.082507393316966
306,left,LAD,0.6,length,6,True,True,0.4888646195179913,0.5801681463378359,0.1318355762011949,0.3368348161702039,0.9885571672620758,0.9904887765899846,0.9828377708872448,1.3479429058421797,1.0022371639467655,0.9335160224182477,0.9502824395028969,1.0,1.0,127.48924174820162
306,left,LCX,0.6,length,6,True,True,0.3117156828334597,0.26354618633017013,0.2898867895797897,0.26354618633046367,0.9941484259439829,0.990238409459967,0.9916013253618957,1.2307981245635669,1.1934427628426274,0.966008953618759,0.957824770327461,1.0,1.0,48.082507393316966
306,left,LAD,0.75,share,6,True,True,0.4888646195179913,0.3955051614655853,0.1318355762011949,0.09895149856879083,0.9937779077141871,0.9904887765899846,0.9926623478427912,1.3479429058421797,1.0022371639467655,0.9632443237328742,0.9502824395028969,1.0,1.0,110.80605202950206
306,left,LCX,0.75,share,6,True,True,0.3117156828334597,0.4117463789017853,0.2898867895797897,0.41174637889916205,0.9915839050165189,0.990238409459967,0.9872743883697274,1.2307981245635669,1.1934427628426274,0.9402336122934645,0.957824770327461,1.0,1.0,40.481680400772625
306,left,LAD,0.75,leaf3,6,True,True,0.4888646195179913,0.4688404461886047,0.1318355762011949,0.15356103124355397,0.9920497111261034,0.9904887765899846,0.9900818316482375,1.3479429058421797,1.0022371639467655,0.9526353310718108,0.9502824395028969,1.0,1.0,110.80605202950206
306,left,LCX,0.75,leaf3,6,True,True,0.3117156828334597,0.3172203397518088,0.2898867895797897,0.31722033974859476,0.9932196249261027,0.990238409459967,0.9899687300882073,1.2307981245635669,1.1934427628426274,0.9567963817188817,0.957824770327461,1.0,1.0,40.481680400772625
306,left,LAD,0.75,leaf266,6,True,True,0.4888646195179913,0.46914040486505393,0.1318355762011949,0.1537143554183518,0.9920453491590943,0.9904887765899846,0.9900744369054046,1.3479429058421797,1.0022371639467655,0.9525938944926037,0.9502824395028969,1.0,1.0,110.80605202950206
306,left,LCX,0.75,leaf266,6,True,True,0.3117156828334597,0.31697489443899857,0.2898867895797897,0.31697489443853905,0.9932238722190888,0.990238409459967,0.989975772399003,1.2307981245635669,1.1934427628426274,0.9568376826482601,0.957824770327461,1.0,1.0,40.481680400772625
306,left,LAD,0.75,apport,6,True,True,0.4888646195179913,0.498674359818854,0.1318355762011949,0.1663883800050705,0.9915739082917678,0.9904887765899846,0.9893903302841797,1.3479429058421797,1.0022371639467655,0.9485109712201151,0.9502824395028969,1.0,1.0,110.80605202950206
306,left,LCX,0.75,apport,6,True,True,0.3117156828334597,0.3296318632938321,0.2898867895797897,0.3296318632925164,0.9930048504962186,0.990238409459967,0.9896188220316847,1.2307981245635669,1.1934427628426274,0.9547281054208332,0.957824770327461,1.0,1.0,40.481680400772625
306,left,LAD,0.75,origin,6,True,True,0.4888646195179913,0.4948461916884086,0.1318355762011949,0.16558569319768543,0.9915830432010725,0.9904887765899846,0.9894280231306883,1.3479429058421797,1.0022371639467655,0.9489984620126206,0.9502824395028969,1.0,1.0,110.80605202950206
306,left,LCX,0.75,origin,6,True,True,0.3117156828334597,0.3178113748006973,0.2898867895797897,0.3178113747982343,0.9932093973971886,0.990238409459967,0.9899581542505417,1.2307981245635669,1.1934427628426274,0.9567323880252574,0.957824770327461,1.0,1.0,40.481680400772625
306,left,LAD,0.75,length,6,True,True,0.4888646195179913,0.5803259508336114,0.1318355762011949,0.3388476932417348,0.9885293302732147,0.9904887765899846,0.9826462518602964,1.3479429058421797,1.0022371639467655,0.9330195193345542,0.9502824395028969,1.0,1.0,110.80605202950206
306,left,LCX,0.75,length,6,True,True,0.3117156828334597,0.26425463445177766,0.2898867895797897,0.26425463444828756,0.9941361666479659,0.990238409459967,0.991503579855215,1.2307981245635669,1.1934427628426274,0.9654944809235071,0.957824770327461,1.0,1.0,40.481680400772625
306,left,LAD,0.9,share,5,True,True,0.4888646195179913,0.39620206200152003,0.1318355762011949,0.09966679651099161,0.9937627619059222,0.9904887765899846,0.9926133738216143,1.3479429058421797,1.0022371639467655,0.9629673692900742,0.9502824395028969,1.0,1.0,56.68764177819234
306,left,LCX,0.9,share,5,True,True,0.3117156828334597,0.4111661891358591,0.2898867895797897,0.4111661891327244,0.9915939448739098,0.990238409459967,0.987272045566459,1.2307981245635669,1.1934427628426274,0.9402362823568557,0.957824770327461,1.0,1.0,32.58303486100118
306,left,LAD,0.9,leaf3,5,True,True,0.4888646195179913,0.566381006108394,0.1318355762011949,0.18714105353558452,0.9906436364677867,0.9904887765899846,0.988043564667718,1.3479429058421797,1.0022371639467655,0.9386916106082654,0.9502824395028969,1.0,1.0,56.68764177819234
306,left,LCX,0.9,leaf3,5,True,True,0.3117156828334597,0.18885634424856335,0.2898867895797897,0.18885634424868517,0.9954408916268129,0.990238409459967,0.9936493583159726,1.2307981245635669,1.1934427628426274,0.9767576700515475,0.957824770327461,1.0,1.0,32.58303486100118
306,left,LAD,0.9,leaf266,5,True,True,0.4888646195179913,0.566375269545812,0.1318355762011949,0.18719291462135743,0.990643707845373,0.9904887765899846,0.9880422268137197,1.3479429058421797,1.0022371639467655,0.9386911873860888,0.9502824395028969,1.0,1.0,56.68764177819234
306,left,LCX,0.9,leaf266,5,True,True,0.3117156828334597,0.18885919141111251,0.2898867895797897,0.18885919141328336,0.995440842358255,0.990238409459967,0.9936492767148648,1.2307981245635669,1.1934427628426274,0.9767572659751463,0.957824770327461,1.0,1.0,32.58303486100118
306,left,LAD,0.9,apport,5,True,True,0.4888646195179913,0.5372188104526918,0.1318355762011949,0.1809692630936676,0.9909997442742812,0.9904887765899846,0.9885177136256003,1.3479429058421797,1.0022371639467655,0.9427951384282568,0.9502824395028969,1.0,1.0,56.68764177819234
306,left,LCX,0.9,apport,5,True,True,0.3117156828334597,0.28272199035756607,0.2898867895797897,0.28272199035671086,0.9938165994471742,0.990238409459967,0.9909523529812965,1.2307981245635669,1.1934427628426274,0.9624689694333154,0.957824770327461,1.0,1.0,32.58303486100118
306,left,LAD,0.9,origin,5,True,True,0.4888646195179913,0.5538412697127573,0.1318355762011949,0.1870360912822236,0.9907113708879383,0.9904887765899846,0.9881358178061945,1.3479429058421797,1.0022371639467655,0.9403753699348985,0.9502824395028969,1.0,1.0,56.68764177819234
306,left,LCX,0.9,origin,5,True,True,0.3117156828334597,0.24370056073401314,0.2898867895797897,0.24370056073296595,0.994491843326098,0.990238409459967,0.9920727934043239,1.2307981245635669,1.1934427628426274,0.9686339347205641,0.957824770327461,1.0,1.0,32.58303486100118
306,left,LAD,0.9,length,5,True,True,0.4888646195179913,0.6132686825996655,0.1318355762011949,0.36317457918770374,0.9878831975799739,0.9904887765899846,0.9813535432699536,1.3479429058421797,1.0022371639467655,0.9274704397844561,0.9502824395028969,1.0,1.0,56.68764177819234
306,left,LCX,0.9,length,5,True,True,0.3117156828334597,0.22773745854504038,0.2898867895797897,0.22773745853934144,0.9947680758256723,0.990238409459967,0.9925399755161491,1.2307981245635669,1.1934427628426274,0.9710741835171983,0.957824770327461,1.0,1.0,32.58303486100118
306,left,LAD,1.0,share,3,True,True,0.4888646195179913,0.5319828236502193,0.1318355762011949,0.2564226825300273,0.9894084692980682,0.9904887765899846,0.9853317178419236,1.3479429058421797,1.0022371639467655,0.9397987477474457,0.9502824395028969,1.0,1.0,20.757447115054088
306,left,LCX,1.0,share,3,True,True,0.3117156828334597,0.41348586102049206,0.2898867895797897,0.4134858610197514,0.991553804257429,0.990238409459967,0.987213143319048,1.2307981245635669,1.1934427628426274,0.939864360497066,0.957824770327461,1.0,1.0,32.58303486100118
306,left,LAD,1.0,leaf3,3,True,True,0.4888646195179913,0.6298880857567485,0.1318355762011949,0.31313574388434035,0.9875925905702287,0.9904887765899846,0.982196322943462,1.3479429058421797,1.0022371639467655,0.9241947889291906,0.9502824395028969,1.0,1.0,20.757447115054088
306,left,LCX,1.0,leaf3,3,True,True,0.3117156828334597,0.31558059890679513,0.2898867895797897,0.31558059890839557,0.9932479997185675,0.990238409459967,0.9900115954628563,1.2307981245635669,1.1934427628426274,0.9570754548746799,0.957824770327461,1.0,1.0,32.58303486100118
306,left,LAD,1.0,leaf266,3,True,True,0.4888646195179913,0.6299519887990263,0.1318355762011949,0.3133228829333988,0.9875897619047853,0.9904887765899846,0.9821885093533065,1.3479429058421797,1.0022371639467655,0.9241793435752449,0.9502824395028969,1.0,1.0,20.757447115054088
306,left,LCX,1.0,leaf266,3,True,True,0.3117156828334597,0.3155166958635124,0.2898867895797897,0.3155166958632984,0.9932491055247717,0.990238409459967,0.99001342737548,1.2307981245635669,1.1934427628426274,0.9570861748594637,0.957824770327461,1.0,1.0,32.58303486100118
306,left,LAD,1.0,apport,3,True,True,0.4888646195179913,0.6205154053102778,0.1318355762011949,0.30271180739838555,0.9878211068105505,0.9904887765899846,0.9826904285469621,1.3479429058421797,1.0022371639467655,0.9258926539040131,0.9502824395028969,1.0,1.0,20.757447115054088
306,left,LCX,1.0,apport,3,True,True,0.3117156828334597,0.3249532793678135,0.2898867895797897,0.32495327936268503,0.993085810758024,0.990238409459967,0.9897432090963882,1.2307981245635669,1.1934427628426274,0.9554955758619622,0.957824770327461,1.0,1.0,32.58303486100118
306,left,LAD,1.0,origin,3,True,True,0.4888646195179913,0.5821147732788645,0.1318355762011949,0.28055659956167384,0.9885323615717094,0.9904887765899846,0.9839218030862681,1.3479429058421797,1.0022371639467655,0.9320867985890927,0.9502824395028969,1.0,1.0,20.757447115054088
306,left,LCX,1.0,origin,3,True,True,0.3117156828334597,0.36335391138904827,0.2898867895797897,0.3633539113918345,0.9924213094322133,0.990238409459967,0.9886448244293675,1.2307981245635669,1.1934427628426274,0.9488667451046083,0.957824770327461,1.0,1.0,32.58303486100118
306,left,LAD,1.0,length,3,True,True,0.4888646195179913,0.6459064980440175,0.1318355762011949,0.4832647549629755,0.9855346149035196,0.9904887765899846,0.9750876730142497,1.3479429058421797,1.0022371639467655,0.9160201114567299,0.9502824395028969,1.0,1.0,20.757447115054088
306,left,LCX,1.0,length,3,True,True,0.3117156828334597,0.29956218662917183,0.2898867895797897,0.29956218662804185,0.9935251893281106,0.990238409459967,0.9904738864925089,1.2307981245635669,1.1934427628426274,0.959742400038888,0.957824770327461,1.0,1.0,32.58303486100118
306,right,RCA,0.5,share,2,True,True,1.0328169994117509,1.827833721112249,0.7202437403783324,1.8278337211178592,0.9529760028449562,0.9375761806788658,0.9136014815142417,1.2053625518071367,1.0482747965243444,0.6608513092556805,0.7897649625115047,1.0,1.0,81.7816688907292
306,right,RCA,0.5,leaf3,2,True,True,1.0328169994117509,1.827833721112249,0.7202437403783324,1.8278337211178592,0.9529760028449556,0.9375761806788658,0.9129434553956243,1.2053625518071367,1.0482747965243444,0.6587996322956239,0.7897649625115047,1.0,1.0,81.7816688907292
306,right,RCA,0.5,leaf266,2,True,True,1.0328169994117509,1.827833721112249,0.7202437403783324,1.8278337211174722,0.952976002844963,0.9375761806788658,0.9128555621429247,1.2053625518071367,1.0482747965243444,0.6585264785298994,0.7897649625115047,1.0,1.0,81.7816688907292
306,right,RCA,0.5,apport,2,True,True,1.0328169994117509,1.827833721112249,0.7202437403783324,1.8278337211178592,0.9529760028449556,0.9375761806788658,0.9130965056209333,1.2053625518071367,1.0482747965243444,0.6592757805470838,0.7897649625115047,1.0,1.0,81.7816688907292
306,right,RCA,0.5,origin,2,True,True,1.0328169994117509,1.827833721112249,0.7202437403783324,1.8278337211178592,0.9529760028449556,0.9375761806788658,0.9136014815142417,1.2053625518071367,1.0482747965243444,0.6608513092556805,0.7897649625115047,1.0,1.0,81.7816688907292
306,right,RCA,0.5,length,2,True,True,1.0328169994117509,1.8278337211129767,0.7202437403783324,1.8278337211182463,0.9529760028449437,0.9375761806788658,0.9129677051829314,1.2053625518071367,1.0482747965243444,0.6588750324206798,0.7897649625115047,1.0,1.0,81.7816688907292
306,right,RCA,0.6,share,2,True,True,1.0328169994117509,1.8278337211129767,0.7202437403783324,1.8278337211178592,0.9529760028449552,0.9375761806788658,0.9125273314495659,1.2053625518071367,1.0482747965243444,0.657508256839514,0.7897649625115047,1.0,1.0,78.3128740689053
306,right,RCA,0.6,leaf3,2,True,True,1.0328169994117509,1.8278337211115216,0.7202437403783324,1.8278337211166982,0.9529760028449785,0.9375761806788658,0.9112929192230427,1.2053625518071367,1.0482747965243444,0.6537049003536552,0.7897649625115047,1.0,1.0,78.3128740689053
306,right,RCA,0.6,leaf266,2,True,True,1.0328169994117509,1.827833721112249,0.7202437403783324,1.8278337211178592,0.9529760028449565,0.9375761806788658,0.9112957822548674,1.2053625518071367,1.0482747965243444,0.6537136744119817,0.7897649625115047,1.0,1.0,78.3128740689053
306,right,RCA,0.6,apport,2,True,True,1.0328169994117509,1.827833721112249,0.7202437403783324,1.8278337211178592,0.9529760028449562,0.9375761806788658,0.9115520421104237,1.2053625518071367,1.0482747965243444,0.6544998963790672,0.7897649625115047,1.0,1.0,78.3128740689053
306,right,RCA,0.6,origin,2,True,True,1.0328169994117509,1.8278337211129767,0.7202437403783324,1.8278337211178592,0.9529760028449552,0.9375761806788658,0.9125273314495659,1.2053625518071367,1.0482747965243444,0.657508256839514,0.7897649625115047,1.0,1.0,78.3128740689053
306,right,RCA,0.6,length,2,True,True,1.0328169994117509,1.8278337211129767,0.7202437403783324,1.8278337211178592,0.9529760028449549,0.9375761806788658,0.9119681723021525,1.2053625518071367,1.0482747965243444,0.6557803566902893,0.7897649625115047,1.0,1.0,78.3128740689053
306,right,RCA,0.75,share,1,True,True,1.0328169994117509,1.8278337211129767,0.7202437403783324,1.8278337211178592,0.9529760028449548,0.9375761806788658,0.9108046992270232,1.2053625518071367,1.0482747965243444,0.6522118938419498,0.7897649625115047,0.0,1.0,62.630995191227974
306,right,RCA,0.75,leaf3,1,True,True,1.0328169994117509,1.8278337211129767,0.7202437403783324,1.8278337211178592,0.9529760028449548,0.9375761806788658,0.9108046992270232,1.2053625518071367,1.0482747965243444,0.6522118938419498,0.7897649625115047,0.0,1.0,62.630995191227974
306,right,RCA,0.75,leaf266,1,True,True,1.0328169994117509,1.8278337211129767,0.7202437403783324,1.8278337211178592,0.9529760028449548,0.9375761806788658,0.9108046992270232,1.2053625518071367,1.0482747965243444,0.6522118938419498,0.7897649625115047,0.0,1.0,62.630995191227974
306,right,RCA,0.75,apport,1,True,True,1.0328169994117509,1.8278337211129767,0.7202437403783324,1.8278337211178592,0.9529760028449548,0.9375761806788658,0.9108046992270232,1.2053625518071367,1.0482747965243444,0.6522118938419498,0.7897649625115047,0.0,1.0,62.630995191227974
306,right,RCA,0.75,origin,1,True,True,1.0328169994117509,1.8278337211129767,0.7202437403783324,1.8278337211178592,0.9529760028449548,0.9375761806788658,0.9108046992270232,1.2053625518071367,1.0482747965243444,0.6522118938419498,0.7897649625115047,0.0,1.0,62.630995191227974
306,right,RCA,0.75,length,1,True,True,1.0328169994117509,1.8278337211129767,0.7202437403783324,1.8278337211178592,0.9529760028449549,0.9375761806788658,0.9108046992273535,1.2053625518071367,1.0482747965243444,0.6522118938420354,0.7897649625115047,0.0,1.0,62.630995191227974
306,right,RCA,0.9,share,1,True,True,1.0328169994117509,1.8278337211129767,0.7202437403783324,1.8278337211178592,0.9529760028449519,0.9375761806788658,0.9088307491067326,1.2053625518071367,1.0482747965243444,0.646239658455901,0.7897649625115047,0.0,1.0,44.315617627026334
306,right,RCA,0.9,leaf3,1,True,True,1.0328169994117509,1.8278337211129767,0.7202437403783324,1.8278337211178592,0.9529760028449519,0.9375761806788658,0.9088307491067326,1.2053625518071367,1.0482747965243444,0.646239658455901,0.7897649625115047,0.0,1.0,44.315617627026334
306,right,RCA,0.9,leaf266,1,True,True,1.0328169994117509,1.8278337211129767,0.7202437403783324,1.8278337211178592,0.9529760028449519,0.9375761806788658,0.9088307491067326,1.2053625518071367,1.0482747965243444,0.646239658455901,0.7897649625115047,0.0,1.0,44.315617627026334
306,right,RCA,0.9,apport,1,True,True,1.0328169994117509,1.8278337211129767,0.7202437403783324,1.8278337211178592,0.9529760028449519,0.9375761806788658,0.9088307491067326,1.2053625518071367,1.0482747965243444,0.646239658455901,0.7897649625115047,0.0,1.0,44.315617627026334
306,right,RCA,0.9,origin,1,True,True,1.0328169994117509,1.8278337211129767,0.7202437403783324,1.8278337211178592,0.9529760028449519,0.9375761806788658,0.9088307491067326,1.2053625518071367,1.0482747965243444,0.646239658455901,0.7897649625115047,0.0,1.0,44.315617627026334
306,right,RCA,0.9,length,1,True,True,1.0328169994117509,1.827833721112249,0.7202437403783324,1.8278337211174722,0.9529760028449585,0.9375761806788658,0.9088307491067326,1.2053625518071367,1.0482747965243444,0.646239658455901,0.7897649625115047,0.0,1.0,44.315617627026334
306,right,RCA,1.0,share,1,True,True,1.0328169994117509,1.827833721112249,0.7202437403783324,1.8278337211174722,0.952976002844963,0.9375761806788658,0.9079707418066324,1.2053625518071367,1.0482747965243444,0.6436695302345521,0.7897649625115047,0.0,1.0,28.008190468515465
306,right,RCA,1.0,leaf3,1,True,True,1.0328169994117509,1.827833721112249,0.7202437403783324,1.8278337211174722,0.952976002844963,0.9375761806788658,0.9079707418066324,1.2053625518071367,1.0482747965243444,0.6436695302345521,0.7897649625115047,0.0,1.0,28.008190468515465
306,right,RCA,1.0,leaf266,1,True,True,1.0328169994117509,1.827833721112249,0.7202437403783324,1.8278337211174722,0.952976002844963,0.9375761806788658,0.9079707418066324,1.2053625518071367,1.0482747965243444,0.6436695302345521,0.7897649625115047,0.0,1.0,28.008190468515465
306,right,RCA,1.0,apport,1,True,True,1.0328169994117509,1.827833721112249,0.7202437403783324,1.8278337211178592,0.9529760028449555,0.9375761806788658,0.9079707418066324,1.2053625518071367,1.0482747965243444,0.6436695302345521,0.7897649625115047,0.0,1.0,28.008190468515465
306,right,RCA,1.0,origin,1,True,True,1.0328169994117509,1.827833721112249,0.7202437403783324,1.8278337211174722,0.952976002844963,0.9375761806788658,0.9079707418066324,1.2053625518071367,1.0482747965243444,0.6436695302345521,0.7897649625115047,0.0,1.0,28.008190468515465
306,right,RCA,1.0,length,1,True,True,1.0328169994117509,1.827833721112249,0.7202437403783324,1.8278337211178592,0.9529760028449555,0.9375761806788658,0.907970741807054,1.2053625518071367,1.0482747965243444,0.6436695302348463,0.7897649625115047,0.0,1.0,28.008190468515465
316,right,RCA,0.5,share,4,True,True,1.5432493499917501,1.749838381054134,1.3194760576901035,1.749838381046731,0.9801954721763972,0.979494683463931,0.9771081976623374,1.375588437604464,1.2692771931552578,0.7694809025385795,0.793775058744837,3.0,3.0,117.16628649754514
316,right,RCA,0.5,leaf3,4,True,True,1.5432493499917501,1.7498383810520495,1.3194760576901035,1.7498383810450835,0.9801954721764176,0.979494683463931,0.9771783854157113,1.375588437604464,1.2692771931552578,0.7702829463114967,0.793775058744837,3.0,3.0,117.16628649754514
316,right,RCA,0.5,leaf266,4,True,True,1.5432493499917501,1.7498383810551763,1.3194760576901035,1.7498383810483784,0.980195472176385,0.979494683463931,0.9771820724207705,1.375588437604464,1.2692771931552578,0.7703251003380569,0.793775058744837,3.0,3.0,117.16628649754514
316,right,RCA,0.5,apport,4,True,True,1.5432493499917501,1.7498383810551763,1.3194760576901035,1.7498383810475546,0.9801954721763889,0.979494683463931,0.9770937112518753,1.375588437604464,1.2692771931552578,0.7693154647615017,0.793775058744837,3.0,3.0,117.16628649754514
316,right,RCA,0.5,origin,4,True,True,1.5432493499917501,1.7498383810530918,1.3194760576901035,1.7498383810459073,0.9801954721764095,0.979494683463931,0.9774009971073717,1.375588437604464,1.2692771931552578,0.7728320318596372,0.793775058744837,3.0,3.0,117.16628649754514
316,right,RCA,0.5,length,4,True,True,1.5432493499917501,1.7498383810551763,1.3194760576901035,1.7498383810483784,0.9801954721763865,0.979494683463931,0.9772377342618128,1.375588437604464,1.2692771931552578,0.7709617577556556,0.793775058744837,3.0,3.0,117.16628649754514
316,right,RCA,0.6,share,4,True,True,1.5432493499917501,1.7498383810551763,1.3194760576901035,1.7498383810475546,0.9801954721763881,0.979494683463931,0.9767527087480234,1.375588437604464,1.2692771931552578,0.7654311598299239,0.793775058744837,3.0,3.0,88.26692780905292
316,right,RCA,0.6,leaf3,4,True,True,1.5432493499917501,1.7498383810572609,1.3194760576901035,1.749838381050026,0.980195472176363,0.979494683463931,0.9769053878277645,1.375588437604464,1.2692771931552578,0.7671679147365045,0.793775058744837,3.0,3.0,88.26692780905292
316,right,RCA,0.6,leaf266,4,True,True,1.5432493499917501,1.7498383810551763,1.3194760576901035,1.7498383810475546,0.9801954721763882,0.979494683463931,0.9769051882316236,1.375588437604464,1.2692771931552578,0.7671656417509228,0.793775058744837,3.0,3.0,88.26692780905292
316,right,RCA,0.6,apport,4,True,True,1.5432493499917501,1.7498383810551763,1.3194760576901035,1.7498383810475546,0.9801954721763882,0.979494683463931,0.9767645209438492,1.375588437604464,1.2692771931552578,0.7655653865207424,0.793775058744837,3.0,3.0,88.26692780905292
316,right,RCA,0.6,origin,4,True,True,1.5432493499917501,1.7498383810562186,1.3194760576901035,1.7498383810492022,0.9801954721763713,0.979494683463931,0.9771602209827259,1.375588437604464,1.2692771931552578,0.7700753021718449,0.793775058744837,3.0,3.0,88.26692780905292
316,right,RCA,0.6,length,4,True,True,1.5432493499917501,1.7498383810551763,1.3194760576901035,1.7498383810475546,0.9801954721763884,0.979494683463931,0.9769106741135654,1.375588437604464,1.2692771931552578,0.7672281169787036,0.793775058744837,3.0,3.0,88.26692780905292
316,right,RCA,0.75,share,2,True,True,1.5432493499917501,1.7498383810551763,1.3194760576901035,1.7498383810475546,0.9801954721763878,0.979494683463931,0.9764471916967274,1.375588437604464,1.2692771931552578,0.7619676626557056,0.793775058744837,1.0,3.0,75.64935124313965
316,right,RCA,0.75,leaf3,2,True,True,1.5432493499917501,1.7498383810593454,1.3194760576901035,1.7498383810516736,0.9801954721763426,0.979494683463931,0.9764662105164539,1.375588437604464,1.2692771931552578,0.7621828046624931,0.793775058744837,1.0,3.0,75.64935124313965
316,right,RCA,0.75,leaf266,2,True,True,1.5432493499917501,1.749838381054134,1.3194760576901035,1.7498383810475546,0.9801954721763915,0.979494683463931,0.9764743246894912,1.375588437604464,1.2692771931552578,0.7622746115795435,0.793775058744837,1.0,3.0,75.64935124313965
316,right,RCA,0.75,apport,2,True,True,1.5432493499917501,1.749838381054134,1.3194760576901035,1.749838381046731,0.9801954721764018,0.979494683463931,0.9764574229319374,1.375588437604464,1.2692771931552578,0.7620833912633196,0.793775058744837,1.0,3.0,75.64935124313965
316,right,RCA,0.75,origin,2,True,True,1.5432493499917501,1.7498383810551763,1.3194760576901035,1.7498383810475546,0.9801954721763878,0.979494683463931,0.9764471916967274,1.375588437604464,1.2692771931552578,0.7619676626557382,0.793775058744837,1.0,3.0,75.64935124313965
316,right,RCA,0.75,length,2,True,True,1.5432493499917501,1.7498383810551763,1.3194760576901035,1.7498383810475546,0.9801954721763894,0.979494683463931,0.976466452661272,1.375588437604464,1.2692771931552578,0.7621855442199584,0.793775058744837,1.0,3.0,75.64935124313965
316,right,RCA,0.9,share,1,True,True,1.5432493499917501,1.7498383810551763,1.3194760576901035,1.7498383810475546,0.9801954721763894,0.979494683463931,0.9764132360571317,1.375588437604464,1.2692771931552578,0.7615837092125527,0.793775058744837,0.0,3.0,75.64935124313965
316,right,RCA,0.9,leaf3,1,True,True,1.5432493499917501,1.7498383810551763,1.3194760576901035,1.7498383810475546,0.9801954721763881,0.979494683463931,0.9764132360571317,1.375588437604464,1.2692771931552578,0.7615837092125527,0.793775058744837,0.0,3.0,75.64935124313965
316,right,RCA,0.9,leaf266,1,True,True,1.5432493499917501,1.7498383810551763,1.3194760576901035,1.7498383810475546,0.9801954721763894,0.979494683463931,0.9764132360571317,1.375588437604464,1.2692771931552578,0.7615837092125527,0.793775058744837,0.0,3.0,75.64935124313965
316,right,RCA,0.9,apport,1,True,True,1.5432493499917501,1.7498383810551763,1.3194760576901035,1.7498383810475546,0.9801954721763894,0.979494683463931,0.9764132360571317,1.375588437604464,1.2692771931552578,0.7615837092125527,0.793775058744837,0.0,3.0,75.64935124313965
316,right,RCA,0.9,origin,1,True,True,1.5432493499917501,1.7498383810551763,1.3194760576901035,1.7498383810475546,0.9801954721763881,0.979494683463931,0.9764132360571317,1.375588437604464,1.2692771931552578,0.7615837092125527,0.793775058744837,0.0,3.0,75.64935124313965
316,right,RCA,0.9,length,1,True,True,1.5432493499917501,1.7498383810551763,1.3194760576901035,1.7498383810475546,0.9801954721763881,0.979494683463931,0.9764132360571317,1.375588437604464,1.2692771931552578,0.7615837092117873,0.793775058744837,0.0,3.0,75.64935124313965
316,right,RCA,1.0,share,1,True,True,1.5432493499917501,1.7498383810551763,1.3194760576901035,1.7498383810483784,0.9801954721763865,0.979494683463931,0.9763712036842221,1.375588437604464,1.2692771931552578,0.7611087034707043,0.793775058744837,0.0,3.0,58.64740249380022
316,right,RCA,1.0,leaf3,1,True,True,1.5432493499917501,1.7498383810551763,1.3194760576901035,1.7498383810475546,0.9801954721763894,0.979494683463931,0.9763712036842221,1.375588437604464,1.2692771931552578,0.7611087034707043,0.793775058744837,0.0,3.0,58.64740249380022
316,right,RCA,1.0,leaf266,1,True,True,1.5432493499917501,1.7498383810551763,1.3194760576901035,1.7498383810483784,0.9801954721763865,0.979494683463931,0.9763712036842221,1.375588437604464,1.2692771931552578,0.7611087034707043,0.793775058744837,0.0,3.0,58.64740249380022
316,right,RCA,1.0,apport,1,True,True,1.5432493499917501,1.7498383810551763,1.3194760576901035,1.7498383810483784,0.9801954721763865,0.979494683463931,0.9763712036842221,1.375588437604464,1.2692771931552578,0.7611087034707043,0.793775058744837,0.0,3.0,58.64740249380022
316,right,RCA,1.0,origin,1,True,True,1.5432493499917501,1.7498383810551763,1.3194760576901035,1.7498383810483784,0.9801954721763865,0.979494683463931,0.9763712036842221,1.375588437604464,1.2692771931552578,0.7611087034707043,0.793775058744837,0.0,3.0,58.64740249380022
316,right,RCA,1.0,length,1,True,True,1.5432493499917501,1.7498383810551763,1.3194760576901035,1.7498383810483784,0.9801954721763865,0.979494683463931,0.9763712036842221,1.375588437604464,1.2692771931552578,0.7611087034707043,0.793775058744837,0.0,3.0,58.64740249380022
324,left,LAD,0.5,share,6,True,True,0.9023524505403443,1.5814538246958032,0.28782037304952457,0.6063415023772932,0.9664268268034569,0.9659787976998871,0.9513243652229222,1.1395905831613917,0.9128434986382105,0.6729168036262287,0.8066614719440648,2.0,2.0,73.81909692369027
324,left,LCX,0.5,share,6,True,True,0.8615305497455313,1.6167012093307132,0.46217912086458196,1.0000512418598084,0.9659322012326247,0.9820112848206685,0.9684655762837505,1.1348219836875608,1.069528433400313,0.689132757935007,0.8413655685182719,1.0,1.0,96.77109019600388
324,left,LAD,0.5,leaf3,6,True,True,0.9023524505403443,1.6480876688669106,0.28782037304952457,0.7112913700614858,0.9628677884738885,0.9659787976998871,0.9479368756659695,1.1395905831613917,0.9128434986382105,0.6612312725851228,0.8066614719440648,2.0,2.0,73.81909692369027
324,left,LCX,0.5,leaf3,6,True,True,0.8615305497455313,1.5494966673231259,0.46217912086458196,1.0981571987868315,0.9661030884748307,0.9820112848206685,0.9686348679565976,1.1348219836875608,1.069528433400313,0.7014715834416447,0.8413655685182719,1.0,1.0,96.77109019600388
324,left,LAD,0.5,leaf266,6,True,True,0.9023524505403443,1.6668726837416323,0.28782037304952457,0.700272656696729,0.9628039585136046,0.9659787976998871,0.9474668415157409,1.1395905831613917,0.9128434986382105,0.6576841183782991,0.8066614719440648,2.0,2.0,73.81909692369027
324,left,LCX,0.5,leaf266,6,True,True,0.8615305497455313,1.5086629365909494,0.46217912086458196,1.0355837123209275,0.9671833598761626,0.9820112848206685,0.9695884254916057,1.1348219836875608,1.069528433400313,0.708960314272745,0.8413655685182719,1.0,1.0,96.77109019600388
324,left,LAD,0.5,apport,6,True,True,0.9023524505403443,1.521056646945854,0.28782037304952457,0.6786511029749488,0.9652112918166655,0.9659787976998871,0.951922179180185,1.1395905831613917,0.9128434986382105,0.6843827100856779,0.8066614719440648,2.0,2.0,73.81909692369027
324,left,LCX,0.5,apport,6,True,True,0.8615305497455313,1.7168600204057307,0.46217912086458196,1.1343386564219808,0.963410419099381,0.9820112848206685,0.9662288103811113,1.1348219836875608,1.069528433400313,0.6715799597769262,0.8413655685182719,1.0,1.0,96.77109019600388
324,left,LAD,0.5,origin,6,True,True,0.9023524505403443,1.5435429732309935,0.28782037304952457,0.710013476224566,0.9642557723968693,0.9659787976998871,0.9509660278038498,1.1395905831613917,0.9128434986382105,0.680566915066723,0.8066614719440648,2.0,2.0,73.81909692369027
324,left,LCX,0.5,origin,6,True,True,0.8615305497455313,1.7753242533910043,0.46217912086458196,1.093132888411233,0.963078359241474,0.9820112848206685,0.9659650222249482,1.1348219836875608,1.069528433400313,0.6617418284346838,0.8413655685182719,1.0,1.0,96.77109019600388
324,left,LAD,0.5,length,6,True,True,0.9023524505403443,1.9505384779130561,0.28782037304952457,0.8875659812477861,0.9547777699641287,0.9659787976998871,0.9372516386593787,1.1395905831613917,0.9128434986382105,0.6125725388132517,0.8066614719440648,2.0,2.0,73.81909692369027
324,left,LCX,0.5,length,6,True,True,0.8615305497455313,1.4425604589203382,0.46217912086458196,1.248251951992277,0.9668836658137595,0.9820112848206685,0.9695124677594255,1.1348219836875608,1.069528433400313,0.7228491925194248,0.8413655685182719,1.0,1.0,96.77109019600388
324,left,LAD,0.6,share,6,True,True,0.9023524505403443,1.5969674883085372,0.28782037304952457,0.5967004157831136,0.9664050675236685,0.9659787976998871,0.9510357641985517,1.1395905831613917,0.9128434986382105,0.670354442037999,0.8066614719440648,2.0,2.0,73.81909692369027
324,left,LCX,0.6,share,6,True,True,0.8615305497455313,1.5991017942336816,0.46217912086458196,0.9850628509996928,0.966314389876501,0.9820112848206685,0.968805464508026,1.1348219836875608,1.069528433400313,0.6922951321590199,0.8413655685182719,1.0,1.0,96.77109019600388
324,left,LAD,0.6,leaf3,6,True,True,0.9023524505403443,1.6377246048181324,0.28782037304952457,0.5537045198381638,0.966022600661269,0.9659787976998871,0.9498779416014334,1.1395905831613917,0.9128434986382105,0.662110941444043,0.8066614719440648,2.0,2.0,73.81909692369027
324,left,LCX,0.6,leaf3,6,True,True,0.8615305497455313,1.4240804734726318,0.46217912086458196,0.8600380152202034,0.9696483800817248,0.9820112848206685,0.9717488424427151,1.1348219836875608,1.069528433400313,0.7248366257922102,0.8413655685182719,1.0,1.0,96.77109019600388
324,left,LAD,0.6,leaf266,6,True,True,0.9023524505403443,1.6550671118840092,0.28782037304952457,0.5566020715680596,0.965719143686507,0.9659787976998871,0.9493322466368385,1.1395905831613917,0.9128434986382105,0.6590330284028086,0.8066614719440648,2.0,2.0,73.81909692369027
324,left,LCX,0.6,leaf266,6,True,True,0.8615305497455313,1.3988416050633987,0.46217912086458196,0.8263303773891361,0.9702876887620929,0.9820112848206685,0.9723256026766308,1.1348219836875608,1.069528433400313,0.7297620068357688,0.8413655685182719,1.0,1.0,96.77109019600388
324,left,LAD,0.6,apport,6,True,True,0.9023524505403443,1.5218559224104469,0.28782037304952457,0.601203181167605,0.9666601204192815,0.9659787976998871,0.9526887705838072,1.1395905831613917,0.9128434986382105,0.6836180920905174,0.8066614719440648,2.0,2.0,73.81909692369027
324,left,LCX,0.6,apport,6,True,True,0.8615305497455313,1.6392291719487717,0.46217912086458196,0.9963454459362637,0.9655427211160671,0.9820112848206685,0.9680942264080411,1.1348219836875608,1.069528433400313,0.6850141940883717,0.8413655685182719,1.0,1.0,96.77109019600388
324,left,LAD,0.6,origin,6,True,True,0.9023524505403443,1.553008973200081,0.28782037304952457,0.7019320252021901,0.9642277406937773,0.9659787976998871,0.9507803001724239,1.1395905831613917,0.9128434986382105,0.6789300781403217,0.8066614719440648,2.0,2.0,73.81909692369027
324,left,LCX,0.6,origin,6,True,True,0.8615305497455313,1.7647970857955622,0.46217912086458196,1.0813350274329376,0.9633312114549026,0.9820112848206685,0.9661885835481941,1.1348219836875608,1.069528433400313,0.6635056381626633,0.8413655685182719,1.0,1.0,96.77109019600388
324,left,LAD,0.6,length,6,True,True,0.9023524505403443,1.9694501373303999,0.28782037304952457,0.8755769584003633,0.954631951657178,0.9659787976998871,0.9367743492802657,1.1395905831613917,0.9128434986382105,0.6097811180831028,0.8066614719440648,2.0,2.0,73.81909692369027
324,left,LCX,0.6,length,6,True,True,0.8615305497455313,1.4244553803928919,0.46217912086458196,1.2323386930140992,0.9672878755084697,0.9820112848206685,0.9698718219260467,1.1348219836875608,1.069528433400313,0.726305739117431,0.8413655685182719,1.0,1.0,96.77109019600388
324,left,LAD,0.75,share,4,True,True,0.9023524505403443,1.6328758381699924,0.28782037304952457,0.9564694516280761,0.9569974579904234,0.9659787976998871,0.9455328913255441,1.1395905831613917,0.9128434986382105,0.6669093642406828,0.8066614719440648,1.0,2.0,49.14857314522075
324,left,LCX,0.75,share,4,True,True,0.8615305497455313,2.0064911430244274,0.46217912086458196,1.2286956987930575,0.9592573122146351,0.9820112848206685,0.9617862300662333,1.1348219836875608,1.069528433400313,0.6180881352723078,0.8413655685182719,1.0,1.0,89.60642848832265
324,left,LAD,0.75,leaf3,4,True,True,0.9023524505403443,1.8080623669429943,0.28782037304952457,0.8939969341041698,0.9544866642655986,0.9659787976998871,0.9395846535577045,1.1395905831613917,0.9128434986382105,0.6319834410178492,0.8066614719440648,1.0,2.0,49.14857314522075
324,left,LCX,0.75,leaf3,4,True,True,0.8615305497455313,1.8313046142511218,0.46217912086458196,0.8583268075501286,0.9649692361814612,0.9820112848206685,0.9673166230242357,1.1348219836875608,1.069528433400313,0.6487884301279804,0.8413655685182719,1.0,1.0,89.60642848832265
324,left,LAD,0.75,leaf266,4,True,True,0.9023524505403443,1.808978934418308,0.28782037304952457,0.8940690882753164,0.9544686143484867,0.9659787976998871,0.9395530705669854,1.1395905831613917,0.9128434986382105,0.6318223651331786,0.8066614719440648,1.0,2.0,49.14857314522075
324,left,LCX,0.75,leaf266,4,True,True,0.8615305497455313,1.8303880467768918,0.46217912086458196,0.8594262484733818,0.9649735904074133,0.9820112848206685,0.9673194177286054,1.1348219836875608,1.069528433400313,0.6489294181577477,0.8413655685182719,1.0,1.0,89.60642848832265
324,left,LAD,0.75,apport,4,True,True,0.9023524505403443,1.588872900694168,0.28782037304952457,0.8449645907963221,0.9591944717597238,0.9659787976998871,0.9470562585678262,1.1395905831613917,0.9128434986382105,0.6714127394150686,0.8066614719440648,1.0,2.0,49.14857314522075
324,left,LCX,0.75,apport,4,True,True,0.8615305497455313,2.050494080497938,0.46217912086458196,1.0857744447987119,0.9598059693160136,0.9820112848206685,0.9624150103901487,1.1348219836875608,1.069528433400313,0.6125223398444191,0.8413655685182719,1.0,1.0,89.60642848832265
324,left,LAD,0.75,origin,4,True,True,0.9023524505403443,1.528993046237318,0.28782037304952457,0.8966908792583114,0.9596786519144082,0.9659787976998871,0.948991300360407,1.1395905831613917,0.9128434986382105,0.6852301555391237,0.8066614719440648,1.0,2.0,49.14857314522075
324,left,LCX,0.75,origin,4,True,True,0.8615305497455313,2.11037393494742,0.46217912086458196,1.288383689218849,0.9572146261974036,0.9820112848206685,0.959874885459173,1.1348219836875608,1.069528433400313,0.6021532581208074,0.8413655685182719,1.0,1.0,89.60642848832265
324,left,LAD,0.75,length,4,True,True,0.9023524505403443,1.9811735347736168,0.28782037304952457,1.1074720491105552,0.9486165790685839,0.9659787976998871,0.9338643486839174,1.1395905831613917,0.9128434986382105,0.6096236612499494,0.8066614719440648,1.0,2.0,49.14857314522075
324,left,LCX,0.75,length,4,True,True,0.8615305497455313,1.6581934464274046,0.46217912086458196,1.4350991703000646,0.9626888180664444,0.9820112848206685,0.9647775133173756,1.1348219836875608,1.069528433400313,0.6742766423006262,0.8413655685182719,1.0,1.0,89.60642848832265
324,left,LAD,0.9,share,3,True,True,0.9023524505403443,1.6044153563327554,0.28782037304952457,1.6044153563372727,0.9495512265435242,0.9659787976998871,0.9352281512460604,1.1395905831613917,0.9128434986382105,0.6524750672145904,0.8066614719440648,0.0,2.0,22.6749696274457
324,left,LCX,0.9,share,3,True,True,0.8615305497455313,2.034951624853731,0.46217912086458196,1.2865201001179725,0.9583490757354866,0.9820112848206685,0.9608241490671546,1.1348219836875608,1.069528433400313,0.6124348584899847,0.8413655685182719,1.0,1.0,56.45596409345776
324,left,LAD,0.9,leaf3,3,True,True,0.9023524505403443,1.2218794668087887,0.28782037304952457,1.2218794668121151,0.9614243755924973,0.9659787976998871,0.9512117577588455,1.1395905831613917,0.9128434986382105,0.7302508399593076,0.8066614719440648,0.0,2.0,22.6749696274457
324,left,LCX,0.9,leaf3,3,True,True,0.8615305497455313,2.417487514380594,0.46217912086458196,1.1736494200949164,0.953623468654377,0.9820112848206685,0.9564891273744958,1.1348219836875608,1.069528433400313,0.5587293005004059,0.8413655685182719,1.0,1.0,56.45596409345776
324,left,LAD,0.9,leaf266,3,True,True,0.9023524505403443,1.2228635435694197,0.28782037304952457,1.2228635435737163,0.9613938318177236,0.9659787976998871,0.9511708199171455,1.1395905831613917,0.9128434986382105,0.7300337431775158,0.8066614719440648,0.0,2.0,22.6749696274457
324,left,LCX,0.9,leaf266,3,True,True,0.8615305497455313,2.416503437619525,0.46217912086458196,1.1734731564747167,0.9536395477071398,0.9820112848206685,0.9565041256619501,1.1348219836875608,1.069528433400313,0.5588582068149086,0.8413655685182719,1.0,1.0,56.45596409345776
324,left,LAD,0.9,apport,3,True,True,0.9023524505403443,1.4134589017913959,0.28782037304952457,1.4134589017940087,0.9554781330344597,0.9659787976998871,0.9432191210307964,1.1395905831613917,0.9128434986382105,0.6896331327403223,0.8066614719440648,0.0,2.0,22.6749696274457
324,left,LCX,0.9,apport,3,True,True,0.8615305497455313,2.2259080794058623,0.46217912086458196,1.223885733102288,0.956043001001861,0.9820112848206685,0.958712220969032,1.1348219836875608,1.069528433400313,0.5845518492299377,0.8413655685182719,1.0,1.0,56.45596409345776
324,left,LAD,0.9,origin,3,True,True,0.9023524505403443,1.09323998445622,0.28782037304952457,1.093239984460268,0.9654170878826851,0.9659787976998871,0.9565490040961953,1.1395905831613917,0.9128434986382105,0.7593483818364131,0.8066614719440648,0.0,2.0,22.6749696274457
324,left,LCX,0.9,origin,3,True,True,0.8615305497455313,2.546126996725976,0.46217912086458196,1.6003604959580897,0.9481283992673218,0.9820112848206685,0.9512140845100743,1.1348219836875608,1.069528433400313,0.5409585049609302,0.8413655685182719,1.0,1.0,56.45596409345776
324,left,LAD,0.9,length,3,True,True,0.9023524505403443,1.4594230637123362,0.28782037304952457,1.459423063714692,0.954051497363619,0.9659787976998871,0.9412977565046511,1.1395905831613917,0.9128434986382105,0.6803870736436308,0.8066614719440648,0.0,2.0,22.6749696274457
324,left,LCX,0.9,length,3,True,True,0.8615305497455313,2.179943917484393,0.46217912086458196,1.907331043470672,0.9509798548340284,0.9820112848206685,0.9537461807109263,1.1348219836875608,1.069528433400313,0.5886796045259933,0.8413655685182719,1.0,1.0,56.45596409345776
324,left,LAD,1.0,share,2,False,True,0.9023524505403443,1.6435126980718382,0.28782037304952457,,,0.9659787976998871,,1.1395905831613917,0.9128434986382105,,,,,
324,left,LCX,1.0,share,2,True,True,0.8615305497455313,1.9958542831166646,0.46217912086458196,1.9958542831172454,0.9529664511075049,0.9820112848206685,0.9552471059240492,1.1348219836875608,1.069528433400313,0.6137162558489604,0.8413655685182719,0.0,1.0,35.184301178240766
324,left,LAD,1.0,leaf3,2,False,True,0.9023524505403443,1.9184002943955196,0.28782037304952457,,,0.9659787976998871,,1.1395905831613917,0.9128434986382105,,,,,
324,left,LCX,1.0,leaf3,2,True,True,0.8615305497455313,1.7209666868031934,0.46217912086458196,1.7209666868032605,0.9593546964595367,0.9820112848206685,0.9613429117211056,1.1348219836875608,1.069528433400313,0.6603421153137243,0.8413655685182719,0.0,1.0,35.184301178240766
324,left,LAD,1.0,leaf266,2,False,True,0.9023524505403443,1.911809399730289,0.28782037304952457,,,0.9659787976998871,,1.1395905831613917,0.9128434986382105,,,,,
324,left,LCX,1.0,leaf266,2,True,True,0.8615305497455313,1.727557581464206,0.46217912086458196,1.7275575814651365,0.9592015274815406,0.9820112848206685,0.9611968153727378,1.1348219836875608,1.069528433400313,0.6591603351677134,0.8413655685182719,0.0,1.0,35.184301178240766
324,left,LAD,1.0,apport,2,False,True,0.9023524505403443,1.5652021167747248,0.28782037304952457,,,0.9659787976998871,,1.1395905831613917,0.9128434986382105,,,,,
324,left,LCX,1.0,apport,2,True,True,0.8615305497455313,2.0741648644122312,0.46217912086458196,2.0741648644179573,0.9511465537614543,0.9820112848206685,0.9535095607900302,1.1348219836875608,1.069528433400313,0.6014002059906861,0.8413655685182719,0.0,1.0,35.184301178240766
324,left,LAD,1.0,origin,2,False,True,0.9023524505403443,2.4627237247797047,0.28782037304952457,,,0.9659787976998871,,1.1395905831613917,0.9128434986382105,,,,,
324,left,LCX,1.0,origin,2,True,True,0.8615305497455313,1.1766432564242686,0.46217912086458196,1.1766432564253873,0.9720044910328834,0.9820112848206685,0.9733984174853558,1.1348219836875608,1.069528433400313,0.7688516230710746,0.8413655685182719,0.0,1.0,35.184301178240766
324,left,LAD,1.0,length,2,False,True,0.9023524505403443,2.398573923460507,0.28782037304952457,,,0.9659787976998871,,1.1395905831613917,0.9128434986382105,,,,,
324,left,LCX,1.0,length,2,True,True,0.8615305497455313,1.240793057740006,0.46217912086458196,1.2407930577407364,0.970513682878638,0.9820112848206685,0.9719786848993919,1.1348219836875608,1.069528433400313,0.7550010163157602,0.8413655685182719,0.0,1.0,35.184301178240766
324,right,RCA,0.5,share,5,True,True,2.80266584989352,3.2637796750805683,2.2945095234323567,3.2637796750789834,0.984350779593513,0.9599796841206077,0.9634477726475902,1.7019180452197542,1.5815149750260562,0.7666924471986271,0.764653173928515,2.0,2.0,172.39702245873733
324,right,RCA,0.5,leaf3,5,True,True,2.80266584989352,3.2637796750805683,2.2945095234323567,3.2637796750789834,0.9843507795935125,0.9599796841206077,0.9616505538537181,1.7019180452197542,1.5815149750260562,0.7568234541255086,0.764653173928515,2.0,2.0,172.39702245873733
324,right,RCA,0.5,leaf266,5,True,True,2.80266584989352,3.2637796750805683,2.2945095234323567,3.2637796750789834,0.9843507795935121,0.9599796841206077,0.9616156005772051,1.7019180452197542,1.5815149750260562,0.7566316270218268,0.764653173928515,2.0,2.0,172.39702245873733
324,right,RCA,0.5,apport,5,True,True,2.80266584989352,3.263779675078134,2.2945095234323567,3.2637796750748325,0.9843507795935267,0.9599796841206077,0.9617644217613899,1.7019180452197542,1.5815149750260562,0.7574526704610929,0.764653173928515,2.0,2.0,172.39702245873733
324,right,RCA,0.5,origin,5,True,True,2.80266584989352,3.2637796750805683,2.2945095234323567,3.263779675076908,0.9843507795935167,0.9599796841206077,0.961480849327218,1.7019180452197542,1.5815149750260562,0.7559874492088485,0.764653173928515,2.0,2.0,172.39702245873733
324,right,RCA,0.5,length,5,True,True,2.80266584989352,3.2637796750805683,2.2945095234323567,3.2637796750789834,0.984350779593513,0.9599796841206077,0.9626022286818651,1.7019180452197542,1.5815149750260562,0.762108484222538,0.764653173928515,2.0,2.0,172.39702245873733
324,right,RCA,0.6,share,4,True,True,2.80266584989352,3.2637796750830024,2.2945095234323567,3.2637796750810586,0.9843507795934996,0.9599796841206077,0.9641210537193065,1.7019180452197542,1.5815149750260562,0.7708185607692413,0.764653173928515,1.0,2.0,168.46170368328774
324,right,RCA,0.6,leaf3,4,True,True,2.80266584989352,3.2637796750805683,2.2945095234323567,3.263779675076908,0.9843507795935151,0.9599796841206077,0.9611851161912277,1.7019180452197542,1.5815149750260562,0.7544759374096636,0.764653173928515,1.0,2.0,168.46170368328774
324,right,RCA,0.6,leaf266,4,True,True,2.80266584989352,3.263779675078134,2.2945095234323567,3.263779675076908,0.984350779593523,0.9599796841206077,0.961185706255265,1.7019180452197542,1.5815149750260562,0.7544791795389418,0.764653173928515,1.0,2.0,168.46170368328774
324,right,RCA,0.6,apport,4,True,True,2.80266584989352,3.2637796750805683,2.2945095234323567,3.2637796750789834,0.984350779593513,0.9599796841206077,0.9615825364606407,1.7019180452197542,1.5815149750260562,0.7566567290282554,0.764653173928515,1.0,2.0,168.46170368328774
324,right,RCA,0.6,origin,4,True,True,2.80266584989352,3.2637796750805683,2.2945095234323567,3.2637796750789834,0.9843507795935129,0.9599796841206077,0.9615146161353979,1.7019180452197542,1.5815149750260562,0.7563184676234433,0.764653173928515,1.0,2.0,168.46170368328774
324,right,RCA,0.6,length,4,True,True,2.80266584989352,3.2637796750805683,2.2945095234323567,3.2637796750789834,0.9843507795935115,0.9599796841206077,0.96268033893812,1.7019180452197542,1.5815149750260562,0.7628853170024631,0.764653173928515,1.0,2.0,168.46170368328774
324,right,RCA,0.75,share,2,True,True,2.80266584989352,3.2637796750805683,2.2945095234323567,3.2637796750789834,0.9843507795935129,0.9599796841206077,0.9613182936449756,1.7019180452197542,1.5815149750260562,0.7540607466109629,0.764653173928515,1.0,2.0,132.1711244154648
324,right,RCA,0.75,leaf3,2,True,True,2.80266584989352,3.2637796750830024,2.2945095234323567,3.2637796750810586,0.9843507795935003,0.9599796841206077,0.960319504959972,1.7019180452197542,1.5815149750260562,0.7489636456659826,0.764653173928515,1.0,2.0,132.1711244154648
324,right,RCA,0.75,leaf266,2,True,True,2.80266584989352,3.2637796750805683,2.2945095234323567,3.2637796750789834,0.984350779593513,0.9599796841206077,0.9603201889635447,1.7019180452197542,1.5815149750260562,0.7489671219254534,0.764653173928515,1.0,2.0,132.1711244154648
324,right,RCA,0.75,apport,2,True,True,2.80266584989352,3.2637796750830024,2.2945095234323567,3.2637796750789834,0.984350779593505,0.9599796841206077,0.9603451000331531,1.7019180452197542,1.5815149750260562,0.7490937355414392,0.764653173928515,1.0,2.0,132.1711244154648
324,right,RCA,0.75,origin,2,True,True,2.80266584989352,3.2637796750805683,2.2945095234323567,3.263779675076908,0.9843507795935138,0.9599796841206077,0.9600622331724141,1.7019180452197542,1.5815149750260562,0.7476570372111307,0.764653173928515,1.0,2.0,132.1711244154648
324,right,RCA,0.75,length,2,True,True,2.80266584989352,3.2637796750830024,2.2945095234323567,3.2637796750789834,0.9843507795935044,0.9599796841206077,0.9599024353417865,1.7019180452197542,1.5815149750260562,0.746846146428579,0.764653173928515,1.0,2.0,132.1711244154648
324,right,RCA,0.9,share,1,True,True,2.80266584989352,3.2637796750805683,2.2945095234323567,3.263779675076908,0.9843507795935139,0.9599796841206077,0.9670622916410436,1.7019180452197542,1.5815149750260562,0.7848654773163899,0.764653173928515,0.0,2.0,131.20853549242435
324,right,RCA,0.9,leaf3,1,True,True,2.80266584989352,3.2637796750805683,2.2945095234323567,3.2637796750789834,0.9843507795935129,0.9599796841206077,0.9670622916409504,1.7019180452197542,1.5815149750260562,0.7848654773159688,0.764653173928515,0.0,2.0,131.20853549242435
324,right,RCA,0.9,leaf266,1,True,True,2.80266584989352,3.2637796750805683,2.2945095234323567,3.263779675076908,0.9843507795935139,0.9599796841206077,0.9670622916410436,1.7019180452197542,1.5815149750260562,0.7848654773163899,0.764653173928515,0.0,2.0,131.20853549242435
324,right,RCA,0.9,apport,1,True,True,2.80266584989352,3.2637796750805683,2.2945095234323567,3.2637796750789834,0.9843507795935129,0.9599796841206077,0.9670622916409504,1.7019180452197542,1.5815149750260562,0.7848654773159688,0.764653173928515,0.0,2.0,131.20853549242435
324,right,RCA,0.9,origin,1,True,True,2.80266584989352,3.2637796750805683,2.2945095234323567,3.263779675076908,0.9843507795935139,0.9599796841206077,0.9670622916410436,1.7019180452197542,1.5815149750260562,0.7848654773163899,0.764653173928515,0.0,2.0,131.20853549242435
324,right,RCA,0.9,length,1,True,True,2.80266584989352,3.2637796750805683,2.2945095234323567,3.263779675076908,0.9843507795935139,0.9599796841206077,0.9670622916409001,1.7019180452197542,1.5815149750260562,0.7848654773159157,0.764653173928515,0.0,2.0,131.20853549242435
324,right,RCA,1.0,share,1,True,True,2.80266584989352,3.2637796750805683,2.2945095234323567,3.263779675076908,0.9843507795935139,0.9599796841206077,0.9670622916410436,1.7019180452197542,1.5815149750260562,0.7848654773163899,0.764653173928515,0.0,2.0,131.20853549242435
324,right,RCA,1.0,leaf3,1,True,True,2.80266584989352,3.2637796750805683,2.2945095234323567,3.2637796750789834,0.9843507795935129,0.9599796841206077,0.9670622916409504,1.7019180452197542,1.5815149750260562,0.7848654773159688,0.764653173928515,0.0,2.0,131.20853549242435
324,right,RCA,1.0,leaf266,1,True,True,2.80266584989352,3.2637796750805683,2.2945095234323567,3.263779675076908,0.9843507795935139,0.9599796841206077,0.9670622916410436,1.7019180452197542,1.5815149750260562,0.7848654773163899,0.764653173928515,0.0,2.0,131.20853549242435
324,right,RCA,1.0,apport,1,True,True,2.80266584989352,3.2637796750805683,2.2945095234323567,3.2637796750789834,0.9843507795935129,0.9599796841206077,0.9670622916409504,1.7019180452197542,1.5815149750260562,0.7848654773159688,0.764653173928515,0.0,2.0,131.20853549242435
324,right,RCA,1.0,origin,1,True,True,2.80266584989352,3.2637796750805683,2.2945095234323567,3.263779675076908,0.9843507795935139,0.9599796841206077,0.9670622916410436,1.7019180452197542,1.5815149750260562,0.7848654773163899,0.764653173928515,0.0,2.0,131.20853549242435
324,right,RCA,1.0,length,1,True,True,2.80266584989352,3.2637796750805683,2.2945095234323567,3.263779675076908,0.9843507795935139,0.9599796841206077,0.9670622916409001,1.7019180452197542,1.5815149750260562,0.7848654773159157,0.764653173928515,0.0,2.0,131.20853549242435
328,left,LAD,0.5,share,5,True,True,0.3294691089433242,0.37842780883567856,0.2549799149963988,0.29119374312577423,0.984283149665565,0.9877849796267213,0.9870582811023478,1.2046029127757958,1.1875554964154573,0.9524704780476078,0.958955155926233,2.0,2.0,136.020710832687
328,left,LAD,0.5,leaf3,5,True,True,0.3294691089433242,0.3493956722061969,0.2549799149963988,0.28706230104693775,0.9847204225809741,0.9877849796267213,0.9875345528748263,1.2046029127757958,1.1875554964154573,0.9568961707108502,0.958955155926233,2.0,2.0,136.020710832687
328,left,LAD,0.5,leaf266,5,True,True,0.3294691089433242,0.35396671120716877,0.2549799149963988,0.28501218002974127,0.9846625756703499,0.9877849796267213,0.9874688491060799,1.2046029127757958,1.1875554964154573,0.9562146983735437,0.958955155926233,2.0,2.0,136.020710832687
328,left,LAD,0.5,apport,5,True,True,0.3294691089433242,0.32863317114892704,0.2549799149963988,0.252912756484596,0.9851602101325315,0.9877849796267213,0.987896838313544,1.2046029127757958,1.1875554964154573,0.9594995341737135,0.958955155926233,2.0,2.0,136.020710832687
328,left,LAD,0.5,origin,5,True,True,0.3294691089433242,0.3105230937561836,0.2549799149963988,0.19523127324274916,0.9856574401626083,0.9877849796267213,0.9883377675856136,1.2046029127757958,1.1875554964154573,0.9618829922022734,0.958955155926233,2.0,2.0,136.020710832687
328,left,LAD,0.5,length,5,True,True,0.3294691089433242,0.39708630164452646,0.2549799149963988,0.3576919722340908,0.9837420633690966,0.9877849796267213,0.9866920135410524,1.2046029127757958,1.1875554964154573,0.9504601513256519,0.958955155926233,2.0,2.0,136.020710832687
328,left,LAD,0.6,share,5,True,True,0.3294691089433242,0.3786749391020278,0.2549799149963988,0.29147904940039,0.9842784085549287,0.9877849796267213,0.9870564174014752,1.2046029127757958,1.1875554964154573,0.9524455733172602,0.958955155926233,2.0,2.0,136.020710832687
328,left,LAD,0.6,leaf3,5,True,True,0.3294691089433242,0.359377326299337,0.2549799149963988,0.26565804100883744,0.9846630561362949,0.9877849796267213,0.987447035557776,1.2046029127757958,1.1875554964154573,0.955395391055917,0.958955155926233,2.0,2.0,136.020710832687
328,left,LAD,0.6,leaf266,5,True,True,0.3294691089433242,0.3627336366984338,0.2549799149963988,0.26472808543420473,0.9846182380682703,0.9877849796267213,0.9873989191756599,1.2046029127757958,1.1875554964154573,0.9548987641643231,0.958955155926233,2.0,2.0,136.020710832687
328,left,LAD,0.6,apport,5,True,True,0.3294691089433242,0.32874931556956233,0.2549799149963988,0.25307601585406614,0.9851578631068123,0.9877849796267213,0.9878899471603035,1.2046029127757958,1.1875554964154573,0.959450459901362,0.958955155926233,2.0,2.0,136.020710832687
328,left,LAD,0.6,origin,5,True,True,0.3294691089433242,0.3104849531904433,0.2549799149963988,0.19507751602369405,0.985658618829339,0.9877849796267213,0.988342694290343,1.2046029127757958,1.1875554964154573,0.9619028554050343,0.958955155926233,2.0,2.0,136.020710832687
328,left,LAD,0.6,length,5,True,True,0.3294691089433242,0.39729075748607956,0.2549799149963988,0.3578894760345459,0.9837382979246686,0.9877849796267213,0.9866886699536597,1.2046029127757958,1.1875554964154573,0.9504306681410909,0.958955155926233,2.0,2.0,136.020710832687
328,left,LAD,0.75,share,4,True,True,0.3294691089433242,0.3723767879803148,0.2549799149963988,0.2831151087822975,0.9844036881392518,0.9877849796267213,0.9873757291442763,1.2046029127757958,1.1875554964154573,0.9544933784576562,0.958955155926233,1.0,2.0,136.020710832687
328,left,LAD,0.75,leaf3,4,True,True,0.3294691089433242,0.31376598306494,0.2549799149963988,0.15739107650047185,0.9857646147203621,0.9877849796267213,0.9884805393083966,1.2046029127757958,1.1875554964154573,0.9618194206022931,0.958955155926233,1.0,2.0,136.020710832687
328,left,LAD,0.75,leaf266,4,True,True,0.3294691089433242,0.31466744170455135,0.2549799149963988,0.15738461314905527,0.9857515861083491,0.9877849796267213,0.9884682716273672,1.2046029127757958,1.1875554964154573,0.961701103943031,0.958955155926233,1.0,2.0,136.020710832687
328,left,LAD,0.75,apport,4,True,True,0.3294691089433242,0.32327778986107947,0.2549799149963988,0.24644745677160684,0.9852641025896487,0.9877849796267213,0.9881212726899423,1.2046029127757958,1.1875554964154573,0.9609137761294523,0.958955155926233,1.0,2.0,136.020710832687
328,left,LAD,0.75,origin,4,True,True,0.3294691089433242,0.25535709130293105,0.2549799149963988,0.12049109188405444,0.9867608015967072,0.9877849796267213,0.989393988093424,1.2046029127757958,1.1875554964154573,0.969143992741619,0.958955155926233,1.0,2.0,136.020710832687
328,left,LAD,0.75,length,4,True,True,0.3294691089433242,0.35310024641914023,0.2549799149963988,0.3064460100475814,0.9845878153332438,0.9877849796267213,0.9875979129782847,1.2046029127757958,1.1875554964154573,0.9573553881282421,0.958955155926233,1.0,2.0,136.020710832687
328,left,LAD,0.9,share,2,True,True,0.3294691089433242,0.38000225042722297,0.2549799149963988,0.3800022504182216,0.9838985962821067,0.9877849796267213,0.986565144006071,1.2046029127757958,1.1875554964154573,0.9513527263063172,0.958955155926233,0.0,2.0,32.41342523610959
328,left,LAD,0.9,leaf3,2,True,True,0.3294691089433242,0.4486957040899062,0.2549799149963988,0.44869570408479975,0.9826239607835209,0.9877849796267213,0.9853476555246659,1.2046029127757958,1.1875554964154573,0.9409332776825174,0.958955155926233,0.0,2.0,32.41342523610959
328,left,LAD,0.9,leaf266,2,True,True,0.3294691089433242,0.4356350781580752,0.2549799149963988,0.4356350781470284,0.9828663061098518,0.9877849796267213,0.9855791072827286,1.2046029127757958,1.1875554964154573,0.9429656976065819,0.958955155926233,0.0,2.0,32.41342523610959
328,left,LAD,0.9,apport,2,True,True,0.3294691089433242,0.38000225042722297,0.2549799149963988,0.3800022504182216,0.9838985962821067,0.9877849796267213,0.986565144006071,1.2046029127757958,1.1875554964154573,0.9513527263063172,0.958955155926233,0.0,2.0,32.41342523610959
328,left,LAD,0.9,origin,2,True,True,0.3294691089433242,0.37332966816558744,0.2549799149963988,0.3733296681590102,0.9840224088110465,0.9877849796267213,0.9866834251008145,1.2046029127757958,1.1875554964154573,0.9523276590138786,0.958955155926233,0.0,2.0,32.41342523610959
328,left,LAD,0.9,length,2,True,True,0.3294691089433242,0.3813609500173034,0.2549799149963988,0.3813609500108869,0.9838733850479748,0.9877849796267213,0.9865410595315893,1.2046029127757958,1.1875554964154573,0.9511533622075025,0.958955155926233,0.0,2.0,32.41342523610959
328,left,LAD,1.0,share,2,True,True,0.3294691089433242,0.3796393982535348,0.2549799149963988,0.37963939824463033,0.9839053291545866,0.9877849796267213,0.986567517810054,1.2046029127757958,1.1875554964154573,0.9514020844919702,0.958955155926233,0.0,2.0,32.41342523610959
328,left,LAD,1.0,leaf3,2,True,True,0.3294691089433242,0.4028899291667615,0.2549799149963988,0.4028899291608045,0.9834739059186738,0.9877849796267213,0.986156073690933,1.2046029127757958,1.1875554964154573,0.9479538323284552,0.958955155926233,0.0,2.0,32.41342523610959
328,left,LAD,1.0,leaf266,2,True,True,0.3294691089433242,0.39402597475142254,0.2549799149963988,0.39402597474696127,0.9836383802659578,0.9877849796267213,0.9863129336311028,1.2046029127757958,1.1875554964154573,0.9492780315998868,0.958955155926233,0.0,2.0,32.41342523610959
328,left,LAD,1.0,apport,2,True,True,0.3294691089433242,0.3796393982535348,0.2549799149963988,0.37963939824463033,0.9839053291545866,0.9877849796267213,0.986567517810054,1.2046029127757958,1.1875554964154573,0.9514020844919702,0.958955155926233,0.0,2.0,32.41342523610959
328,left,LAD,1.0,origin,2,True,True,0.3294691089433242,0.37295506984964294,0.2549799149963988,0.3729550698433509,0.9840293596379736,0.9877849796267213,0.986685800760245,1.2046029127757958,1.1875554964154573,0.9523781493006624,0.958955155926233,0.0,2.0,32.41342523610959
328,left,LAD,1.0,length,2,True,True,0.3294691089433242,0.3810005126398013,0.2549799149963988,0.3810005126318914,0.983880073113058,0.9877849796267213,0.986543431923083,1.2046029127757958,1.1875554964154573,0.9512024822433645,0.958955155926233,0.0,2.0,32.41342523610959
328,right,RCA,0.5,share,4,True,True,1.9907087474614644,2.143896315668761,1.8132745660441594,2.143896315673617,0.983707938509432,0.9838655957866732,0.9834704622464374,1.5101687301567532,1.4440720037532335,0.789376316404952,0.7912456231191586,3.0,3.0,151.64759721811473
328,right,RCA,0.5,leaf3,4,True,True,1.9907087474614644,2.143896315667247,1.8132745660441594,2.1438963156723316,0.9837079385094407,0.9838655957866732,0.9832707634678967,1.5101687301567532,1.4440720037532335,0.7864692935791021,0.7912456231191586,3.0,3.0,151.64759721811473
328,right,RCA,0.5,leaf266,4,True,True,1.9907087474614644,2.143896315668761,1.8132745660441594,2.143896315673617,0.9837079385094301,0.9838655957866732,0.9832694737948513,1.5101687301567532,1.4440720037532335,0.7864463554376949,0.7912456231191586,3.0,3.0,151.64759721811473
328,right,RCA,0.5,apport,4,True,True,1.9907087474614644,2.143896315670275,1.8132745660441594,2.143896315676187,0.9837079385094171,0.9838655957866732,0.9834363440714161,1.5101687301567532,1.4440720037532335,0.7888872321961395,0.7912456231191586,3.0,3.0,151.64759721811473
328,right,RCA,0.5,origin,4,True,True,1.9907087474614644,2.143896315664219,1.8132745660441594,2.1438963156697612,0.9837079385094671,0.9838655957866732,0.9835276286620873,1.5101687301567532,1.4440720037532335,0.7901408226973533,0.7912456231191586,3.0,3.0,151.64759721811473
328,right,RCA,0.5,length,4,True,True,1.9907087474614644,2.143896315668761,1.8132745660441594,2.143896315673617,0.9837079385094287,0.9838655957866732,0.9837389678371362,1.5101687301567532,1.4440720037532335,0.7933576659160199,0.7912456231191586,3.0,3.0,151.64759721811473
328,right,RCA,0.6,share,4,True,True,1.9907087474614644,2.143896315668761,1.8132745660441594,2.143896315673617,0.9837079385094362,0.9838655957866732,0.9834243884917099,1.5101687301567532,1.4440720037532335,0.7886513948232017,0.7912456231191586,3.0,3.0,146.69503794549126
328,right,RCA,0.6,leaf3,4,True,True,1.9907087474614644,2.143896315664219,1.8132745660441594,2.1438963156697612,0.9837079385094656,0.9838655957866732,0.9831887295127201,1.5101687301567532,1.4440720037532335,0.7851672681257219,0.7912456231191586,3.0,3.0,146.69503794549126
328,right,RCA,0.6,leaf266,4,True,True,1.9907087474614644,2.143896315668761,1.8132745660441594,2.143896315673617,0.9837079385094295,0.9838655957866732,0.9831882954596342,1.5101687301567532,1.4440720037532335,0.7851616838389093,0.7912456231191586,3.0,3.0,146.69503794549126
328,right,RCA,0.6,apport,4,True,True,1.9907087474614644,2.143896315668761,1.8132745660441594,2.143896315673617,0.9837079385094303,0.9838655957866732,0.9834051275035791,1.5101687301567532,1.4440720037532335,0.7883645775989555,0.7912456231191586,3.0,3.0,146.69503794549126
328,right,RCA,0.6,origin,4,True,True,1.9907087474614644,2.143896315668761,1.8132745660441594,2.143896315673617,0.9837079385094357,0.9838655957866732,0.9834806262471817,1.5101687301567532,1.4440720037532335,0.7893989057982428,0.7912456231191586,3.0,3.0,146.69503794549126
328,right,RCA,0.6,length,4,True,True,1.9907087474614644,2.143896315668761,1.8132745660441594,2.1438963156749016,0.983707938509428,0.9838655957866732,0.9836769968031926,1.5101687301567532,1.4440720037532335,0.7923728625115809,0.7912456231191586,3.0,3.0,146.69503794549126
328,right,RCA,0.75,share,3,True,True,1.9907087474614644,2.143896315668761,1.8132745660441594,2.143896315673617,0.9837079385094329,0.9838655957866732,0.9833576198504822,1.5101687301567532,1.4440720037532335,0.7872072828871735,0.7912456231191586,2.0,3.0,131.09891776159816
328,right,RCA,0.75,leaf3,3,True,True,1.9907087474614644,2.143896315668761,1.8132745660441594,2.1438963156749016,0.983707938509428,0.9838655957866732,0.9832676390571973,1.5101687301567532,1.4440720037532335,0.7859048729548338,0.7912456231191586,2.0,3.0,131.09891776159816
328,right,RCA,0.75,leaf266,3,True,True,1.9907087474614644,2.143896315667247,1.8132745660441594,2.1438963156723316,0.9837079385094457,0.9838655957866732,0.9832677028736224,1.5101687301567532,1.4440720037532335,0.7859058752483201,0.7912456231191586,2.0,3.0,131.09891776159816
328,right,RCA,0.75,apport,3,True,True,1.9907087474614644,2.143896315668761,1.8132745660441594,2.1438963156749016,0.9837079385094244,0.9838655957866732,0.9832999240433158,1.5101687301567532,1.4440720037532335,0.7863936307261825,0.7912456231191586,2.0,3.0,131.09891776159816
328,right,RCA,0.75,origin,3,True,True,1.9907087474614644,2.143896315668761,1.8132745660441594,2.143896315673617,0.9837079385094303,0.9838655957866732,0.9833333451943675,1.5101687301567532,1.4440720037532335,0.7867820006703606,0.7912456231191586,2.0,3.0,131.09891776159816
328,right,RCA,0.75,length,3,True,True,1.9907087474614644,2.143896315668761,1.8132745660441594,2.143896315673617,0.9837079385094298,0.9838655957866732,0.9838311578874408,1.5101687301567532,1.4440720037532335,0.7938871718747504,0.7912456231191586,2.0,3.0,131.09891776159816
328,right,RCA,0.9,share,2,True,True,1.9907087474614644,2.143896315668761,1.8132745660441594,2.143896315673617,0.9837079385094292,0.9838655957866732,0.9824470995495052,1.5101687301567532,1.4440720037532335,0.7741830655207033,0.7912456231191586,1.0,3.0,115.5678237545353
328,right,RCA,0.9,leaf3,2,True,True,1.9907087474614644,2.143896315668761,1.8132745660441594,2.1438963156749016,0.9837079385094283,0.9838655957866732,0.9824538588970775,1.5101687301567532,1.4440720037532335,0.7742857022292903,0.7912456231191586,1.0,3.0,115.5678237545353
328,right,RCA,0.9,leaf266,2,True,True,1.9907087474614644,2.143896315668761,1.8132745660441594,2.143896315673617,0.9837079385094307,0.9838655957866732,0.9824538434083058,1.5101687301567532,1.4440720037532335,0.7742854670298885,0.7912456231191586,1.0,3.0,115.5678237545353
328,right,RCA,0.9,apport,2,True,True,1.9907087474614644,2.143896315668761,1.8132745660441594,2.143896315673617,0.9837079385094305,0.9838655957866732,0.9824499235019855,1.5101687301567532,1.4440720037532335,0.7742259443519994,0.7912456231191586,1.0,3.0,115.5678237545353
328,right,RCA,0.9,origin,2,True,True,1.9907087474614644,2.143896315668761,1.8132745660441594,2.143896315673617,0.9837079385094295,0.9838655957866732,0.9824541210578754,1.5101687301567532,1.4440720037532335,0.7742896831907832,0.7912456231191586,1.0,3.0,115.5678237545353
328,right,RCA,0.9,length,2,True,True,1.9907087474614644,2.143896315668761,1.8132745660441594,2.143896315673617,0.9837079385094311,0.9838655957866732,0.9824470698433673,1.5101687301567532,1.4440720037532335,0.7741826144734085,0.7912456231191586,1.0,3.0,115.5678237545353
328,right,RCA,1.0,share,1,True,True,1.9907087474614644,2.143896315668761,1.8132745660441594,2.143896315673617,0.9837079385094334,0.9838655957866732,0.9824566903165937,1.5101687301567532,1.4440720037532335,0.7743286986511972,0.7912456231191586,0.0,3.0,111.94939243469958
328,right,RCA,1.0,leaf3,1,True,True,1.9907087474614644,2.143896315668761,1.8132745660441594,2.143896315673617,0.9837079385094296,0.9838655957866732,0.982456690316633,1.5101687301567532,1.4440720037532335,0.7743286986508513,0.7912456231191586,0.0,3.0,111.94939243469958
328,right,RCA,1.0,leaf266,1,True,True,1.9907087474614644,2.143896315668761,1.8132745660441594,2.143896315673617,0.9837079385094334,0.9838655957866732,0.9824566903165937,1.5101687301567532,1.4440720037532335,0.7743286986511972,0.7912456231191586,0.0,3.0,111.94939243469958
328,right,RCA,1.0,apport,1,True,True,1.9907087474614644,2.143896315668761,1.8132745660441594,2.143896315673617,0.9837079385094296,0.9838655957866732,0.982456690316633,1.5101687301567532,1.4440720037532335,0.7743286986508513,0.7912456231191586,0.0,3.0,111.94939243469958
328,right,RCA,1.0,origin,1,True,True,1.9907087474614644,2.143896315668761,1.8132745660441594,2.143896315673617,0.9837079385094334,0.9838655957866732,0.9824566903165937,1.5101687301567532,1.4440720037532335,0.7743286986511972,0.7912456231191586,0.0,3.0,111.94939243469958
328,right,RCA,1.0,length,1,True,True,1.9907087474614644,2.143896315668761,1.8132745660441594,2.143896315673617,0.9837079385094296,0.9838655957866732,0.982456690316633,1.5101687301567532,1.4440720037532335,0.7743286986508513,0.7912456231191586,0.0,3.0,111.94939243469958
335,left,LAD,0.5,share,4,True,True,1.0617672698479954,3.111896987660033,0.44436257659847384,1.7130345387929122,0.9612189076281725,0.9689561434382216,0.9342325564219565,1.156356653050565,1.050743655162527,0.49831581541286174,0.7817146638478344,0.0,0.0,120.56547036252216
335,left,LCX,0.5,share,4,True,True,1.9299693249187764,3.355596413486935,0.871639095396524,1.7022559476855514,0.9775684607470637,0.986717501375116,0.9811198365297576,1.5761841030599022,1.3101010105627362,0.7147883202286165,0.8172278102636841,1.0,1.0,92.44523298184947
335,left,LAD,0.5,leaf3,4,True,True,1.0617672698479954,2.6575248458997454,0.44436257659847384,1.2580678980527236,0.969381026751946,0.9689561434382216,0.9459155114046675,1.156356653050565,1.050743655162527,0.5399214719095851,0.7817146638478344,0.0,0.0,120.56547036252216
335,left,LCX,0.5,leaf3,4,True,True,1.9299693249187764,3.8099685552745437,0.871639095396524,1.34281408494217,0.9754266559039015,0.986717501375116,0.9798945368967292,1.5761841030599022,1.3101010105627362,0.6858546810906653,0.8172278102636841,1.0,1.0,92.44523298184947
335,left,LAD,0.5,leaf266,4,True,True,1.0617672698479954,2.6650399830864475,0.44436257659847384,1.26195963196839,0.9692934557771411,0.9689561434382216,0.9457404443040375,1.156356653050565,1.050743655162527,0.5390979551834376,0.7817146638478344,0.0,0.0,120.56547036252216
335,left,LCX,0.5,leaf266,4,True,True,1.9299693249187764,3.802453418111748,0.871639095396524,1.3688085589467307,0.9754371381485347,0.986717501375116,0.9798729902858508,1.5761841030599022,1.3101010105627362,0.6859517700530676,0.8172278102636841,1.0,1.0,92.44523298184947
335,left,LAD,0.5,apport,4,True,True,1.0617672698479954,3.044638661310807,0.44436257659847384,1.4939852926324724,0.9644073920713294,0.9689561434382216,0.9366820277499704,1.156356653050565,1.050743655162527,0.5013152907607522,0.7817146638478344,0.0,0.0,120.56547036252216
335,left,LCX,0.5,apport,4,True,True,1.9299693249187764,3.4228547398366187,0.871639095396524,1.5242667745833247,0.9774066558361614,0.986717501375116,0.9809569251796043,1.5761841030599022,1.3101010105627362,0.7093317193898209,0.8172278102636841,1.0,1.0,92.44523298184947
335,left,LAD,0.5,origin,4,True,True,1.0617672698479954,2.198566452715299,0.44436257659847384,1.2812433399514132,0.9713240480671724,0.9689561434382216,0.9542254971472272,1.156356653050565,1.050743655162527,0.6000328939332737,0.7817146638478344,0.0,0.0,120.56547036252216
335,left,LCX,0.5,origin,4,True,True,1.9299693249187764,4.26892694845651,0.871639095396524,2.0549272364879116,0.9719256588432238,0.986717501375116,0.9776712551488829,1.5761841030599022,1.3101010105627362,0.6555878409653436,0.8172278102636841,1.0,1.0,92.44523298184947
335,left,LAD,0.5,length,4,True,True,1.0617672698479954,3.6421792472642127,0.44436257659847384,1.9085466220880227,0.9560722321958001,0.9689561434382216,0.9224748980895419,1.156356653050565,1.050743655162527,0.453617259800642,0.7817146638478344,0.0,0.0,120.56547036252216
335,left,LCX,0.5,length,4,True,True,1.9299693249187764,2.825314153889665,0.871639095396524,2.1514052550411185,0.9800311937644354,0.986717501375116,0.9838442321424905,1.5761841030599022,1.3101010105627362,0.7720841477352308,0.8172278102636841,1.0,1.0,92.44523298184947
335,left,LAD,0.6,share,4,True,True,1.0617672698479954,3.3435064971564077,0.44436257659847384,1.9348936580100102,0.9571896222889987,0.9689561434382216,0.9271377351732006,1.156356653050565,1.050743655162527,0.4757057531859078,0.7817146638478344,0.0,0.0,107.49703802880975
335,left,LCX,0.6,share,4,True,True,1.9299693249187764,3.123986904012032,0.871639095396524,1.7347887615117703,0.9788476757760252,0.986717501375116,0.9821417000187475,1.5761841030599022,1.3101010105627362,0.7346370034004935,0.8172278102636841,1.0,1.0,83.35712297031644
335,left,LAD,0.6,leaf3,4,True,True,1.0617672698479954,2.8285454907052627,0.44436257659847384,1.3536891194047975,0.9672960600078132,0.9689561434382216,0.9410776176724007,1.156356653050565,1.050743655162527,0.5193215510222082,0.7817146638478344,0.0,0.0,107.49703802880975
335,left,LCX,0.6,leaf3,4,True,True,1.9299693249187764,3.638947910472227,0.871639095396524,1.6241980964456326,0.976051060269989,0.986717501375116,0.9801723261545288,1.5761841030599022,1.3101010105627362,0.6958313284288561,0.8172278102636841,1.0,1.0,83.35712297031644
335,left,LAD,0.6,leaf266,4,True,True,1.0617672698479954,2.8347002450445347,0.44436257659847384,1.3567755146189404,0.967225657655499,0.9689561434382216,0.9409316914535162,1.156356653050565,1.050743655162527,0.5186894409613036,0.7817146638478344,0.0,0.0,107.49703802880975
335,left,LCX,0.6,leaf266,4,True,True,1.9299693249187764,3.632793156102861,0.871639095396524,1.6271111328868226,0.9760825054875357,0.986717501375116,0.9801915126074225,1.5761841030599022,1.3101010105627362,0.6962363958009951,0.8172278102636841,1.0,1.0,83.35712297031644
335,left,LAD,0.6,apport,4,True,True,1.0617672698479954,3.2779833644231378,0.44436257659847384,1.6440942387228386,0.9613062242311766,0.9689561434382216,0.929954023900092,1.156356653050565,1.050743655162527,0.4778360314298076,0.7817146638478344,0.0,0.0,107.49703802880975
335,left,LCX,0.6,apport,4,True,True,1.9299693249187764,3.1895100367250344,0.871639095396524,1.6339679815578798,0.978599757041997,0.986717501375116,0.9818667149374479,1.5761841030599022,1.3101010105627362,0.7282799165127254,0.8172278102636841,1.0,1.0,83.35712297031644
335,left,LAD,0.6,origin,4,True,True,1.0617672698479954,2.246873526012417,0.44436257659847384,1.3593709027167624,0.9700678398903134,0.9689561434382216,0.9519464853675774,1.156356653050565,1.050743655162527,0.5908816839819327,0.7817146638478344,0.0,0.0,107.49703802880975
335,left,LCX,0.6,origin,4,True,True,1.9299693249187764,4.220619875154296,0.871639095396524,2.273311273681116,0.9719292285200752,0.986717501375116,0.9779024710073501,1.5761841030599022,1.3101010105627362,0.6617142031875664,0.8172278102636841,1.0,1.0,83.35712297031644
335,left,LAD,0.6,length,4,True,True,1.0617672698479954,3.8330812195780717,0.44436257659847384,2.1299978512878277,0.9522474412436598,0.9689561434382216,0.9160963506779075,1.156356653050565,1.050743655162527,0.43775944493543517,0.7817146638478344,0.0,0.0,107.49703802880975
335,left,LCX,0.6,length,4,True,True,1.9299693249187764,2.63441218159303,0.871639095396524,2.137636172042435,0.9811360629582564,0.986717501375116,0.9849000827903327,1.5761841030599022,1.3101010105627362,0.7929183879200613,0.8172278102636841,1.0,1.0,83.35712297031644
335,left,LAD,0.75,share,4,True,True,1.0617672698479954,3.667625711136136,0.44436257659847384,2.2570207987485253,0.951398842874078,0.9689561434382216,0.9199605939163075,1.156356653050565,1.050743655162527,0.4539389203681945,0.7817146638478344,0.0,0.0,77.92189274540026
335,left,LCX,0.75,share,4,True,True,1.9299693249187764,2.7998676900643997,0.871639095396524,1.6296369992717759,0.9808252871127491,0.986717501375116,0.983063581580091,1.5761841030599022,1.3101010105627362,0.7526690186304182,0.8172278102636841,1.0,1.0,69.82372085244299
335,left,LAD,0.75,leaf3,4,True,True,1.0617672698479954,3.089213302029837,0.44436257659847384,1.501000389286865,0.964097728411907,0.9689561434382216,0.9346293522237855,1.156356653050565,1.050743655162527,0.49250250552052316,0.7817146638478344,0.0,0.0,77.92189274540026
335,left,LCX,0.75,leaf3,4,True,True,1.9299693249187764,3.378280099149222,0.871639095396524,1.6162862286655617,0.9775461614358876,0.986717501375116,0.9805805716169776,1.5761841030599022,1.3101010105627362,0.7052125739740986,0.8172278102636841,1.0,1.0,69.82372085244299
335,left,LAD,0.75,leaf266,4,True,True,1.0617672698479954,3.091786434799425,0.44436257659847384,1.5016958022252092,0.9640760611049999,0.9689561434382216,0.9345708261469584,1.156356653050565,1.050743655162527,0.49225470123665854,0.7817146638478344,0.0,0.0,77.92189274540026
335,left,LCX,0.75,leaf266,4,True,True,1.9299693249187764,3.375706966376528,0.871639095396524,1.616645201525787,0.9775603763050471,0.986717501375116,0.9805902333981369,1.5761841030599022,1.3101010105627362,0.705400877658994,0.8172278102636841,1.0,1.0,69.82372085244299
335,left,LAD,0.75,apport,4,True,True,1.0617672698479954,3.573990598468567,0.44436257659847384,1.8467538690493701,0.9572124848498578,0.9689561434382216,0.9226295177057068,1.156356653050565,1.050743655162527,0.45343584278837284,0.7817146638478344,0.0,0.0,77.92189274540026
335,left,LCX,0.75,apport,4,True,True,1.9299693249187764,2.8935028027288574,0.871639095396524,1.5649066784351953,0.9803722911257868,0.986717501375116,0.9826340774822538,1.5761841030599022,1.3101010105627362,0.7437999372565446,0.8172278102636841,1.0,1.0,69.82372085244299
335,left,LAD,0.75,origin,4,True,True,1.0617672698479954,2.356160228759874,0.44436257659847384,1.4845820384986474,0.9678986602960119,0.9689561434382216,0.9493760195175222,1.156356653050565,1.050743655162527,0.579183277374929,0.7817146638478344,0.0,0.0,77.92189274540026
335,left,LCX,0.75,origin,4,True,True,1.9299693249187764,4.111333172414964,0.871639095396524,2.3557282588389206,0.9724494026964564,0.986717501375116,0.9774863772532699,1.5761841030599022,1.3101010105627362,0.6573213693757975,0.8172278102636841,1.0,1.0,69.82372085244299
335,left,LAD,0.75,length,4,True,True,1.0617672698479954,4.13939077185754,0.44436257659847384,2.46239236170648,0.9464097717620976,0.9689561434382216,0.9093459769640702,1.156356653050565,1.050743655162527,0.420778209080654,0.7817146638478344,0.0,0.0,77.92189274540026
335,left,LCX,0.75,length,4,True,True,1.9299693249187764,2.328102629331245,0.871639095396524,1.9441944229579013,0.9831220331850633,0.986717501375116,0.9856726097081855,1.5761841030599022,1.3101010105627362,0.8083746457899391,0.8172278102636841,1.0,1.0,69.82372085244299
335,left,LAD,0.9,share,4,True,True,1.0617672698479954,3.8077269957349897,0.44436257659847384,2.4082458774782762,0.9487393177226764,0.9689561434382216,0.8971000728621659,1.156356653050565,1.050743655162527,0.40781231465632295,0.7817146638478344,0.0,0.0,49.124228790308834
335,left,LCX,0.9,share,4,True,True,1.9299693249187764,2.659766405412215,0.871639095396524,1.5738784367066094,0.9816929359035034,0.986717501375116,0.9831562452756399,1.5761841030599022,1.3101010105627362,0.7563618502419698,0.8172278102636841,1.0,1.0,56.43046993254464
335,left,LAD,0.9,leaf3,4,True,True,1.0617672698479954,3.1740087363748892,0.44436257659847384,1.5480112641667791,0.9630691823090146,0.9689561434382216,0.9243787725571752,1.156356653050565,1.050743655162527,0.4642771579001345,0.7817146638478344,0.0,0.0,49.124228790308834
335,left,LCX,0.9,leaf3,4,True,True,1.9299693249187764,3.293484664814288,0.871639095396524,1.5945097616219521,0.9780564079827364,0.986717501375116,0.9802045857597592,1.5761841030599022,1.3101010105627362,0.699935235165722,0.8172278102636841,1.0,1.0,56.43046993254464
335,left,LAD,0.9,leaf266,4,True,True,1.0617672698479954,3.17813265194526,0.44436257659847384,1.549537610772839,0.9630290806993694,0.9689561434382216,0.9242635414641351,1.156356653050565,1.050743655162527,0.46389294834952144,0.7817146638478344,0.0,0.0,49.124228790308834
335,left,LCX,0.9,leaf266,4,True,True,1.9299693249187764,3.289360749246338,0.871639095396524,1.5951950692353563,0.9780790530789091,0.986717501375116,0.9802216295855662,1.5761841030599022,1.3101010105627362,0.7002660533503984,0.8172278102636841,1.0,1.0,56.43046993254464
335,left,LAD,0.9,apport,4,True,True,1.0617672698479954,3.6948541717175565,0.44436257659847384,1.9313114938935838,0.9555173429612166,0.9689561434382216,0.9066763604362114,1.156356653050565,1.050743655162527,0.4190069141828782,0.7817146638478344,0.0,0.0,49.124228790308834
335,left,LCX,0.9,apport,4,True,True,1.9299693249187764,2.772639229456625,0.871639095396524,1.5212736420589,0.9811152407366674,0.986717501375116,0.9826143707978022,1.5761841030599022,1.3101010105627362,0.7449810390344292,0.8172278102636841,1.0,1.0,56.43046993254464
335,left,LAD,0.9,origin,4,True,True,1.0617672698479954,2.401645818289548,0.44436257659847384,1.539460671218466,0.9669597420249944,0.9689561434382216,0.9407783388379829,1.156356653050565,1.050743655162527,0.5465967079891818,0.7817146638478344,0.0,0.0,49.124228790308834
335,left,LCX,0.9,origin,4,True,True,1.9299693249187764,4.065847582897972,0.871639095396524,2.38625019386688,0.9726706043307352,0.986717501375116,0.9766900486141938,1.5761841030599022,1.3101010105627362,0.6464649288620439,0.8172278102636841,1.0,1.0,56.43046993254464
335,left,LAD,0.9,length,4,True,True,1.0617672698479954,4.266705078894872,0.44436257659847384,2.6145343595131716,0.9438008402851465,0.9689561434382216,0.8829745091924607,1.156356653050565,1.050743655162527,0.37708060139222255,0.7817146638478344,0.0,0.0,49.124228790308834
335,left,LCX,0.9,length,4,True,True,1.9299693249187764,2.2007883222806393,0.871639095396524,1.8545246017639099,0.9839590101432173,0.986717501375116,0.9857573281811393,1.5761841030599022,1.3101010105627362,0.8121377345469432,0.8172278102636841,1.0,1.0,56.43046993254464
335,left,LAD,1.0,share,3,True,True,1.0617672698479954,3.775423179658694,0.44436257659847384,3.7754231796662916,0.9310506092680199,0.9689561434382216,0.8760784816178293,1.156356653050565,1.050743655162527,0.39927214183319004,0.7817146638478344,0.0,0.0,29.95212144852194
335,left,LCX,1.0,share,3,True,True,1.9299693249187764,2.692070221543492,0.871639095396524,1.6015208827380323,0.9814744836870286,0.986717501375116,0.9818987265123034,1.5761841030599022,1.3101010105627362,0.7379855653692294,0.8172278102636841,1.0,1.0,47.59724081476135
335,left,LAD,1.0,leaf3,3,True,True,1.0617672698479954,2.115884591824423,0.44436257659847384,2.115884591826961,0.960833405505587,0.9689561434382216,0.9366778511475686,1.156356653050565,1.050743655162527,0.5765425770261224,0.7817146638478344,0.0,0.0,29.95212144852194
335,left,LCX,1.0,leaf3,3,True,True,1.9299693249187764,4.351608809357589,0.871639095396524,2.1179218539940186,0.9713761780806356,0.986717501375116,0.9734426027296494,1.5761841030599022,1.3101010105627362,0.602570674992688,0.8172278102636841,1.0,1.0,47.59724081476135
335,left,LAD,1.0,leaf266,3,True,True,1.0617672698479954,2.1184520843440895,0.44436257659847384,2.118452084348572,0.9607873281759323,0.9689561434382216,0.9365903241545283,1.156356653050565,1.050743655162527,0.5761565763245593,0.7817146638478344,0.0,0.0,29.95212144852194
335,left,LCX,1.0,leaf266,3,True,True,1.9299693249187764,4.349041316825722,0.871639095396524,2.1195556565204092,0.971388774869692,0.986717501375116,0.9734490947721477,1.5761841030599022,1.3101010105627362,0.6027100747282124,0.8172278102636841,1.0,1.0,47.59724081476135
335,left,LAD,1.0,apport,3,True,True,1.0617672698479954,3.3633131163733965,0.44436257659847384,3.363313116380835,0.9384465144504921,0.9689561434382216,0.8917677924527725,1.156356653050565,1.050743655162527,0.4326065681618278,0.7817146638478344,0.0,0.0,29.95212144852194
335,left,LCX,1.0,apport,3,True,True,1.9299693249187764,3.1041802847982893,0.871639095396524,1.7031805099239639,0.9789998538772893,0.986717501375116,0.9796852293180418,1.5761841030599022,1.3101010105627362,0.6989816858990019,0.8172278102636841,1.0,1.0,47.59724081476135
335,left,LAD,1.0,origin,3,True,True,1.0617672698479954,1.8066120783055435,0.44436257659847384,1.806612078308041,0.9663837436052931,0.9689561434382216,0.9470181333464308,1.156356653050565,1.050743655162527,0.6265352303225491,0.7817146638478344,0.0,0.0,29.95212144852194
335,left,LCX,1.0,origin,3,True,True,1.9299693249187764,4.66088132283746,0.871639095396524,2.7527565775148646,0.9688242134828297,0.986717501375116,0.9710283254514928,1.5761841030599022,1.3101010105627362,0.578687611297045,0.8172278102636841,1.0,1.0,47.59724081476135
335,left,LAD,1.0,length,3,True,True,1.0617672698479954,3.5755158184024722,0.44436257659847384,3.5755158184101563,0.9346382331113752,0.9689561434382216,0.8837356921025464,1.156356653050565,1.050743655162527,0.4147827011190214,0.7817146638478344,0.0,0.0,29.95212144852194
335,left,LCX,1.0,length,3,True,True,1.9299693249187764,2.891977582792305,0.871639095396524,2.440208226421237,0.9792920691436839,0.986717501375116,0.980217772431503,1.5761841030599022,1.3101010105627362,0.7213635494010803,0.8172278102636841,1.0,1.0,47.59724081476135
335,right,RCA,0.5,share,2,True,True,2.321405286743949,2.65855736118035,1.9383527235340887,2.658557361192498,0.9839942101554477,0.9846954970988481,0.9841110971944653,1.6067867425803302,1.5157062801643653,0.778538573685509,0.7824263404152036,1.0,1.0,145.15579941052093
335,right,RCA,0.5,leaf3,2,True,True,2.321405286743949,2.65855736118035,1.9383527235340887,2.6585573611908417,0.9839942101554549,0.9846954970988481,0.9840744081007072,1.6067867425803302,1.5157062801643653,0.7779398444608282,0.7824263404152036,1.0,1.0,145.15579941052093
335,right,RCA,0.5,leaf266,2,True,True,2.321405286743949,2.65855736118035,1.9383527235340887,2.658557361192498,0.9839942101554477,0.9846954970988481,0.984075502738804,1.6067867425803302,1.5157062801643653,0.7779577016288379,0.7824263404152036,1.0,1.0,145.15579941052093
335,right,RCA,0.5,apport,2,True,True,2.321405286743949,2.65855736118035,1.9383527235340887,2.658557361192498,0.9839942101554503,0.9846954970988481,0.9840813962166619,1.6067867425803302,1.5157062801643653,0.7780538503382826,0.7824263404152036,1.0,1.0,145.15579941052093
335,right,RCA,0.5,origin,2,True,True,2.321405286743949,2.65855736118035,1.9383527235340887,2.6585573611908417,0.9839942101554545,0.9846954970988481,0.9841110971944653,1.6067867425803302,1.5157062801643653,0.778538573685509,0.7824263404152036,1.0,1.0,145.15579941052093
335,right,RCA,0.5,length,2,True,True,2.321405286743949,2.65855736118035,1.9383527235340887,2.658557361192498,0.9839942101554503,0.9846954970988481,0.9842998510656232,1.6067867425803302,1.5157062801643653,0.7816255776343052,0.7824263404152036,1.0,1.0,145.15579941052093
335,right,RCA,0.6,share,2,True,True,2.321405286743949,2.65855736118035,1.9383527235340887,2.658557361192498,0.9839942101554506,0.9846954970988481,0.9837904342302342,1.6067867425803302,1.5157062801643653,0.7733204201023576,0.7824263404152036,1.0,1.0,134.4154527795378
335,right,RCA,0.6,leaf3,2,True,True,2.321405286743949,2.65855736118035,1.9383527235340887,2.658557361192498,0.983994210155452,0.9846954970988481,0.9837665648567452,1.6067867425803302,1.5157062801643653,0.7729333430086717,0.7824263404152036,1.0,1.0,134.4154527795378
335,right,RCA,0.6,leaf266,2,True,True,2.321405286743949,2.65855736118035,1.9383527235340887,2.6585573611908417,0.983994210155455,0.9846954970988481,0.9837669187794207,1.6067867425803302,1.5157062801643653,0.772939080999505,0.7824263404152036,1.0,1.0,134.4154527795378
335,right,RCA,0.6,apport,2,True,True,2.321405286743949,2.65855736118035,1.9383527235340887,2.658557361192498,0.9839942101554447,0.9846954970988481,0.9837710989699303,1.6067867425803302,1.5157062801643653,0.7730068557466175,0.7824263404152036,1.0,1.0,134.4154527795378
335,right,RCA,0.6,origin,2,True,True,2.321405286743949,2.65855736118035,1.9383527235340887,2.658557361192498,0.9839942101554506,0.9846954970988481,0.9837904342302342,1.6067867425803302,1.5157062801643653,0.7733204201023576,0.7824263404152036,1.0,1.0,134.4154527795378
335,right,RCA,0.6,length,2,True,True,2.321405286743949,2.65855736118035,1.9383527235340887,2.658557361192498,0.9839942101554503,0.9846954970988481,0.9839402750919167,1.6067867425803302,1.5157062801643653,0.7757546135896584,0.7824263404152036,1.0,1.0,134.4154527795378
335,right,RCA,0.75,share,2,True,True,2.321405286743949,2.65855736118035,1.9383527235340887,2.658557361192498,0.9839942101554506,0.9846954970988481,0.9827063631798357,1.6067867425803302,1.5157062801643653,0.7559396119200529,0.7824263404152036,1.0,1.0,118.06634248937576
335,right,RCA,0.75,leaf3,2,True,True,2.321405286743949,2.65855736118035,1.9383527235340887,2.658557361192498,0.983994210155451,0.9846954970988481,0.9827068977788033,1.6067867425803302,1.5157062801643653,0.7559480792575183,0.7824263404152036,1.0,1.0,118.06634248937576
335,right,RCA,0.75,leaf266,2,True,True,2.321405286743949,2.65855736118035,1.9383527235340887,2.658557361192498,0.9839942101554506,0.9846954970988481,0.9827069004203527,1.6067867425803302,1.5157062801643653,0.7559481210959768,0.7824263404152036,1.0,1.0,118.06634248937576
335,right,RCA,0.75,apport,2,True,True,2.321405286743949,2.65855736118035,1.9383527235340887,2.658557361192498,0.9839942101554511,0.9846954970988481,0.9827067961233878,1.6067867425803302,1.5157062801643653,0.7559464691599671,0.7824263404152036,1.0,1.0,118.06634248937576
335,right,RCA,0.75,origin,2,True,True,2.321405286743949,2.65855736118035,1.9383527235340887,2.658557361192498,0.98399421015545,0.9846954970988481,0.9827063631798357,1.6067867425803302,1.5157062801643653,0.7559396119200529,0.7824263404152036,1.0,1.0,118.06634248937576
335,right,RCA,0.75,length,2,True,True,2.321405286743949,2.65855736118035,1.9383527235340887,2.658557361192498,0.9839942101554503,0.9846954970988481,0.9827022717628411,1.6067867425803302,1.5157062801643653,0.7558748128131141,0.7824263404152036,1.0,1.0,118.06634248937576
335,right,RCA,0.9,share,1,True,True,2.321405286743949,2.65855736118035,1.9383527235340887,2.658557361192498,0.9839942101554516,0.9846954970988481,0.9827301793860596,1.6067867425803302,1.5157062801643653,0.756316931493162,0.7824263404152036,0.0,1.0,114.94463753081199
335,right,RCA,0.9,leaf3,1,True,True,2.321405286743949,2.65855736118035,1.9383527235340887,2.658557361192498,0.9839942101554516,0.9846954970988481,0.9827301793860596,1.6067867425803302,1.5157062801643653,0.756316931493162,0.7824263404152036,0.0,1.0,114.94463753081199
335,right,RCA,0.9,leaf266,1,True,True,2.321405286743949,2.65855736118035,1.9383527235340887,2.658557361192498,0.9839942101554516,0.9846954970988481,0.9827301793860596,1.6067867425803302,1.5157062801643653,0.756316931493162,0.7824263404152036,0.0,1.0,114.94463753081199
335,right,RCA,0.9,apport,1,True,True,2.321405286743949,2.65855736118035,1.9383527235340887,2.658557361192498,0.9839942101554483,0.9846954970988481,0.9827301793860596,1.6067867425803302,1.5157062801643653,0.7563169314931664,0.7824263404152036,0.0,1.0,114.94463753081199
335,right,RCA,0.9,origin,1,True,True,2.321405286743949,2.65855736118035,1.9383527235340887,2.658557361192498,0.9839942101554516,0.9846954970988481,0.9827301793860596,1.6067867425803302,1.5157062801643653,0.756316931493162,0.7824263404152036,0.0,1.0,114.94463753081199
335,right,RCA,0.9,length,1,True,True,2.321405286743949,2.65855736118035,1.9383527235340887,2.658557361192498,0.9839942101554516,0.9846954970988481,0.9827301793860596,1.6067867425803302,1.5157062801643653,0.756316931493162,0.7824263404152036,0.0,1.0,114.94463753081199
335,right,RCA,1.0,share,1,True,True,2.321405286743949,2.65855736118035,1.9383527235340887,2.658557361192498,0.9839942101554516,0.9846954970988481,0.9827301793860596,1.6067867425803302,1.5157062801643653,0.756316931493162,0.7824263404152036,0.0,1.0,114.94463753081199
335,right,RCA,1.0,leaf3,1,True,True,2.321405286743949,2.65855736118035,1.9383527235340887,2.658557361192498,0.9839942101554516,0.9846954970988481,0.9827301793860596,1.6067867425803302,1.5157062801643653,0.756316931493162,0.7824263404152036,0.0,1.0,114.94463753081199
335,right,RCA,1.0,leaf266,1,True,True,2.321405286743949,2.65855736118035,1.9383527235340887,2.658557361192498,0.9839942101554516,0.9846954970988481,0.9827301793860596,1.6067867425803302,1.5157062801643653,0.756316931493162,0.7824263404152036,0.0,1.0,114.94463753081199
335,right,RCA,1.0,apport,1,True,True,2.321405286743949,2.65855736118035,1.9383527235340887,2.658557361192498,0.9839942101554483,0.9846954970988481,0.9827301793860596,1.6067867425803302,1.5157062801643653,0.7563169314931664,0.7824263404152036,0.0,1.0,114.94463753081199
335,right,RCA,1.0,origin,1,True,True,2.321405286743949,2.65855736118035,1.9383527235340887,2.658557361192498,0.9839942101554516,0.9846954970988481,0.9827301793860596,1.6067867425803302,1.5157062801643653,0.756316931493162,0.7824263404152036,0.0,1.0,114.94463753081199
335,right,RCA,1.0,length,1,True,True,2.321405286743949,2.65855736118035,1.9383527235340887,2.658557361192498,0.9839942101554516,0.9846954970988481,0.9827301793860596,1.6067867425803302,1.5157062801643653,0.756316931493162,0.7824263404152036,0.0,1.0,114.94463753081199
341,left,LAD,0.5,share,5,True,True,1.6941247010738456,1.779757468871409,0.4082583541923739,1.0678842660440124,0.9770761964393652,0.9860800687190133,0.9789991565482008,1.5960620402786092,0.9960789972244919,0.7696927798606327,0.7779982996532182,0.0,0.0,68.48160748930988
341,left,LAD,0.5,leaf3,5,True,True,1.6941247010738456,1.8740343895904719,0.4082583541923739,1.20768153854449,0.9743952241147342,0.9860800687190133,0.9766134345666317,1.5960620402786092,0.9960789972244919,0.7451593755808454,0.7779982996532182,0.0,0.0,68.48160748930988
341,left,LAD,0.5,leaf266,5,True,True,1.6941247010738456,1.874335631395076,0.4082583541923739,1.1879553067031245,0.9745998665599711,0.9860800687190133,0.97683907576341,1.5960620402786092,0.9960789972244919,0.7446065042016455,0.7779982996532182,0.0,0.0,68.48160748930988
341,left,LAD,0.5,apport,5,True,True,1.6941247010738456,1.9286358668090786,0.4082583541923739,1.1920721102101575,0.9747479459310155,0.9860800687190133,0.9769022767323472,1.5960620402786092,0.9960789972244919,0.7459016333747555,0.7779982996532182,0.0,0.0,68.48160748930988
341,left,LAD,0.5,origin,5,True,True,1.6941247010738456,2.1297436335955244,0.4082583541923739,1.2898222966421207,0.9719648699512646,0.9860800687190133,0.9746998661586294,1.5960620402786092,0.9960789972244919,0.7075070422945652,0.7779982996532182,0.0,0.0,68.48160748930988
341,left,LAD,0.5,length,5,True,True,1.6941247010738456,2.038219805798259,0.4082583541923739,0.999487354834398,0.9773103879201108,0.9860800687190133,0.9795006036276902,1.5960620402786092,0.9960789972244919,0.7488105789606473,0.7779982996532182,0.0,0.0,68.48160748930988
341,left,LAD,0.6,share,5,True,True,1.6941247010738456,1.786756705156847,0.4082583541923739,1.01865482069792,0.9777619958533303,0.9860800687190133,0.9797064244603143,1.5960620402786092,0.9960789972244919,0.7719760689808631,0.7779982996532182,0.0,0.0,67.8520460931738
341,left,LAD,0.6,leaf3,5,True,True,1.6941247010738456,1.8665148953680113,0.4082583541923739,0.9507957266990568,0.9774087112851255,0.9860800687190133,0.97986218474803,1.5960620402786092,0.9960789972244919,0.7474293919888093,0.7779982996532182,0.0,0.0,67.8520460931738
341,left,LAD,0.6,leaf266,5,True,True,1.6941247010738456,1.8699141441002145,0.4082583541923739,0.952712809657386,0.9773655804533778,0.9860800687190133,0.9798265893843484,1.5960620402786092,0.9960789972244919,0.7469063373086411,0.7779982996532182,0.0,0.0,67.8520460931738
341,left,LAD,0.6,apport,5,True,True,1.6941247010738456,1.9411235296145186,0.4082583541923739,1.062943515481507,0.9764430986403098,0.9860800687190133,0.9786461414609431,1.5960620402786092,0.9960789972244919,0.7496339369208818,0.7779982996532182,0.0,0.0,67.8520460931738
341,left,LAD,0.6,origin,5,True,True,1.6941247010738456,2.1586990400867814,0.4082583541923739,1.230278839672384,0.9726842638062742,0.9860800687190133,0.9755114348200707,1.5960620402786092,0.9960789972244919,0.7079785163126475,0.7779982996532182,0.0,0.0,67.8520460931738
341,left,LAD,0.6,length,5,True,True,1.6941247010738456,2.0985834866893507,0.4082583541923739,0.926252389899953,0.9782128047072727,0.9860800687190133,0.9804939053203582,1.5960620402786092,0.9960789972244919,0.7490926799492299,0.7779982996532182,0.0,0.0,67.8520460931738
341,left,LAD,0.75,share,5,True,True,1.6941247010738456,1.730330230441681,0.4082583541923739,0.9860137278609511,0.9785168122993356,0.9860800687190133,0.9803194321679733,1.5960620402786092,0.9960789972244919,0.7763315075771219,0.7779982996532182,0.0,0.0,49.58400313967637
341,left,LAD,0.75,leaf3,5,True,True,1.6941247010738456,1.8914838431285668,0.4082583541923739,0.955583613598472,0.9773157672514619,0.9860800687190133,0.9796389345230192,1.5960620402786092,0.9960789972244919,0.7359324411322091,0.7779982996532182,0.0,0.0,49.58400313967637
341,left,LAD,0.75,leaf266,5,True,True,1.6941247010738456,1.8919176274259533,0.4082583541923739,0.9554180394297357,0.9773197763282931,0.9860800687190133,0.9796417821247722,1.5960620402786092,0.9960789972244919,0.7359421073512364,0.7779982996532182,0.0,0.0,49.58400313967637
341,left,LAD,0.75,apport,5,True,True,1.6941247010738456,1.9197941430079035,0.4082583541923739,1.0475131138081155,0.9768473496366453,0.9860800687190133,0.9789158229668334,1.5960620402786092,0.9960789972244919,0.7472562389762546,0.7779982996532182,0.0,0.0,49.58400313967637
341,left,LAD,0.75,origin,5,True,True,1.6941247010738456,2.1928092986712624,0.4082583541923739,1.2488370827398358,0.9724536796221223,0.9860800687190133,0.9752275626321315,1.5960620402786092,0.9960789972244919,0.6977792611138979,0.7779982996532182,0.0,0.0,49.58400313967637
341,left,LAD,0.75,length,5,True,True,1.6941247010738456,2.088389433822066,0.4082583541923739,0.8881746303927057,0.9788991347274684,0.9860800687190133,0.9809086669404213,1.5960620402786092,0.9960789972244919,0.7412793805760014,0.7779982996532182,0.0,0.0,49.58400313967637
341,left,LAD,0.9,share,5,True,True,1.6941247010738456,1.694206226340151,0.4082583541923739,0.9648328188219717,0.978977977555378,0.9860800687190133,0.9802719486357078,1.5960620402786092,0.9960789972244919,0.7736089313811482,0.7779982996532182,0.0,0.0,31.606945689072333
341,left,LAD,0.9,leaf3,5,True,True,1.6941247010738456,1.8860384293952681,0.4082583541923739,0.9448815039855012,0.977556947938865,0.9860800687190133,0.9791867075940147,1.5960620402786092,0.9960789972244919,0.723006964532646,0.7779982996532182,0.0,0.0,31.606945689072333
341,left,LAD,0.9,leaf266,5,True,True,1.6941247010738456,1.886472837630739,0.4082583541923739,0.9449076928320829,0.977556656345013,0.9860800687190133,0.9791861363288362,1.5960620402786092,0.9960789972244919,0.7229800102591758,0.7779982996532182,0.0,0.0,31.606945689072333
341,left,LAD,0.9,apport,5,True,True,1.6941247010738456,1.9005485265300381,0.4082583541923739,1.0335152766204303,0.9771609392183553,0.9860800687190133,0.9786211051343394,1.5960620402786092,0.9960789972244919,0.7393294346875332,0.7779982996532182,0.0,0.0,31.606945689072333
341,left,LAD,0.9,origin,5,True,True,1.6941247010738456,2.2027755485186,0.4082583541923739,1.2534140166966292,0.9724207717341453,0.9860800687190133,0.9743564104802822,1.5960620402786092,0.9960789972244919,0.6821372901394124,0.7779982996532182,0.0,0.0,31.606945689072333
341,left,LAD,0.9,length,5,True,True,1.6941247010738456,2.076598662333269,0.4082583541923739,0.8680201744365444,0.9792676891322707,0.9860800687190133,0.9806006992204821,1.5960620402786092,0.9960789972244919,0.7267844044147641,0.7779982996532182,0.0,0.0,31.606945689072333
341,left,LAD,1.0,share,4,False,True,1.6941247010738456,1.697854175591466,0.4082583541923739,,,0.9860800687190133,,1.5960620402786092,0.9960789972244919,,,,,
341,left,LAD,1.0,leaf3,4,False,True,1.6941247010738456,2.362139728966412,0.4082583541923739,,,0.9860800687190133,,1.5960620402786092,0.9960789972244919,,,,,
341,left,LAD,1.0,leaf266,4,False,True,1.6941247010738456,2.3624605905854312,0.4082583541923739,,,0.9860800687190133,,1.5960620402786092,0.9960789972244919,,,,,
341,left,LAD,1.0,apport,4,False,True,1.6941247010738456,1.9594439304113245,0.4082583541923739,,,0.9860800687190133,,1.5960620402786092,0.9960789972244919,,,,,
341,left,LAD,1.0,origin,4,False,True,1.6941247010738456,2.582383497931955,0.4082583541923739,,,0.9860800687190133,,1.5960620402786092,0.9960789972244919,,,,,
341,left,LAD,1.0,length,4,False,True,1.6941247010738456,2.7356196611581467,0.4082583541923739,,,0.9860800687190133,,1.5960620402786092,0.9960789972244919,,,,,
341,right,RCA,0.5,share,3,True,True,2.577256889789004,2.820044477522956,2.2879547045054314,2.820044477535237,0.9854641957035232,0.9858730873701858,0.9857097978547752,1.6607403768214244,1.5947158952521863,0.7773849673237161,0.775137070076072,2.0,2.0,137.05868479819395
341,right,RCA,0.5,leaf3,3,True,True,2.577256889789004,2.820044477522956,2.2879547045054314,2.820044477535237,0.9854641957035205,0.9858730873701858,0.9858326372621035,1.6607403768214244,1.5947158952521863,0.7798590184417125,0.775137070076072,2.0,2.0,137.05868479819395
341,right,RCA,0.5,leaf266,3,True,True,2.577256889789004,2.8200444775205256,2.2879547045054314,2.820044477533164,0.9854641957035342,0.9858730873701858,0.985823879691837,1.6607403768214244,1.5947158952521863,0.7796916471104891,0.775137070076072,2.0,2.0,137.05868479819395
341,right,RCA,0.5,apport,3,True,True,2.577256889789004,2.8200444775180946,2.2879547045054314,2.8200444775310913,0.9854641957035418,0.9858730873701858,0.9857664369527571,1.6607403768214244,1.5947158952521863,0.7785627290202639,0.775137070076072,2.0,2.0,137.05868479819395
341,right,RCA,0.5,origin,3,True,True,2.577256889789004,2.8200444775205256,2.2879547045054314,2.820044477533164,0.9854641957035337,0.9858730873701858,0.9857027640128558,1.6607403768214244,1.5947158952521863,0.7766927679770884,0.775137070076072,2.0,2.0,137.05868479819395
341,right,RCA,0.5,length,3,True,True,2.577256889789004,2.8200444775180946,2.2879547045054314,2.8200444775310913,0.9854641957035419,0.9858730873701858,0.9856781180596434,1.6607403768214244,1.5947158952521863,0.7767238264812617,0.775137070076072,2.0,2.0,137.05868479819395
341,right,RCA,0.6,share,3,True,True,2.577256889789004,2.8200444775180946,2.2879547045054314,2.8200444775310913,0.9854641957035398,0.9858730873701858,0.9854521628832831,1.6607403768214244,1.5947158952521863,0.7726641830049178,0.775137070076072,2.0,2.0,128.62725254706237
341,right,RCA,0.6,leaf3,3,True,True,2.577256889789004,2.8200444775180946,2.2879547045054314,2.8200444775310913,0.9854641957035464,0.9858730873701858,0.9855166524318483,1.6607403768214244,1.5947158952521863,0.7740355241473925,0.775137070076072,2.0,2.0,128.62725254706237
341,right,RCA,0.6,leaf266,3,True,True,2.577256889789004,2.8200444775180946,2.2879547045054314,2.8200444775310913,0.9854641957035418,0.9858730873701858,0.9855171941570117,1.6607403768214244,1.5947158952521863,0.7740462588805572,0.775137070076072,2.0,2.0,128.62725254706237
341,right,RCA,0.6,apport,3,True,True,2.577256889789004,2.820044477525387,2.2879547045054314,2.8200444775373095,0.9854641957035125,0.9858730873701858,0.9854853702797408,1.6607403768214244,1.5947158952521863,0.7734064567730876,0.775137070076072,2.0,2.0,128.62725254706237
341,right,RCA,0.6,origin,3,True,True,2.577256889789004,2.8200444775205256,2.2879547045054314,2.8200444775310913,0.9854641957035377,0.9858730873701858,0.9855284873942426,1.6607403768214244,1.5947158952521863,0.7733284888611405,0.775137070076072,2.0,2.0,128.62725254706237
341,right,RCA,0.6,length,3,True,True,2.577256889789004,2.8200444775180946,2.2879547045054314,2.8200444775310913,0.9854641957035435,0.9858730873701858,0.9854755382252378,1.6607403768214244,1.5947158952521863,0.7730357655646766,0.775137070076072,2.0,2.0,128.62725254706237
341,right,RCA,0.75,share,2,True,True,2.577256889789004,2.8200444775156637,2.2879547045054314,2.8200444775290188,0.9854641957035528,0.9858730873701858,0.9845235035479731,1.6607403768214244,1.5947158952521863,0.7559125148072475,0.775137070076072,1.0,2.0,106.11063286932315
341,right,RCA,0.75,leaf3,2,True,True,2.577256889789004,2.8200444775156637,2.2879547045054314,2.8200444775269458,0.9854641957035615,0.9858730873701858,0.9845897439278344,1.6607403768214244,1.5947158952521863,0.7568435767775644,0.775137070076072,1.0,2.0,106.11063286932315
341,right,RCA,0.75,leaf266,2,True,True,2.577256889789004,2.8200444775180946,2.2879547045054314,2.8200444775310913,0.9854641957035423,0.9858730873701858,0.9845917888989559,1.6607403768214244,1.5947158952521863,0.7568727316492161,0.775137070076072,1.0,2.0,106.11063286932315
341,right,RCA,0.75,apport,2,True,True,2.577256889789004,2.8200444775205256,2.2879547045054314,2.820044477533164,0.9854641957035332,0.9858730873701858,0.9845511501564144,1.6607403768214244,1.5947158952521863,0.756297452991115,0.775137070076072,1.0,2.0,106.11063286932315
341,right,RCA,0.75,origin,2,True,True,2.577256889789004,2.8200444775156637,2.2879547045054314,2.8200444775290188,0.9854641957035528,0.9858730873701858,0.9845235035479777,1.6607403768214244,1.5947158952521863,0.7559125148079877,0.775137070076072,1.0,2.0,106.11063286932315
341,right,RCA,0.75,length,2,True,True,2.577256889789004,2.8200444775205256,2.2879547045054314,2.8200444775310913,0.9854641957035373,0.9858730873701858,0.9844895509617688,1.6607403768214244,1.5947158952521863,0.7554521034884518,0.775137070076072,1.0,2.0,106.11063286932315
341,right,RCA,0.9,share,2,True,True,2.577256889789004,2.8200444775180946,2.2879547045054314,2.8200444775310913,0.9854641957035418,0.9858730873701858,0.9843762048596587,1.6607403768214244,1.5947158952521863,0.7532804591321465,0.775137070076072,1.0,2.0,98.22752939812906
341,right,RCA,0.9,leaf3,2,True,True,2.577256889789004,2.8200444775180946,2.2879547045054314,2.8200444775310913,0.9854641957035385,0.9858730873701858,0.9844850134186413,1.6607403768214244,1.5947158952521863,0.7548751288031571,0.775137070076072,1.0,2.0,98.22752939812906
341,right,RCA,0.9,leaf266,2,True,True,2.577256889789004,2.8200444775156637,2.2879547045054314,2.8200444775269458,0.9854641957035585,0.9858730873701858,0.9844851140543944,1.6607403768214244,1.5947158952521863,0.7548766076982143,0.775137070076072,1.0,2.0,98.22752939812906
341,right,RCA,0.9,apport,2,True,True,2.577256889789004,2.8200444775180946,2.2879547045054314,2.8200444775310913,0.9854641957035433,0.9858730873701858,0.984422320626484,1.6607403768214244,1.5947158952521863,0.7539553056185762,0.775137070076072,1.0,2.0,98.22752939812906
341,right,RCA,0.9,origin,2,True,True,2.577256889789004,2.8200444775180946,2.2879547045054314,2.8200444775310913,0.9854641957035435,0.9858730873701858,0.9843762048596587,1.6607403768214244,1.5947158952521863,0.7532804591321465,0.775137070076072,1.0,2.0,98.22752939812906
341,right,RCA,0.9,length,2,True,True,2.577256889789004,2.8200444775180946,2.2879547045054314,2.8200444775310913,0.9854641957035415,0.9858730873701858,0.9843267288717575,1.6607403768214244,1.5947158952521863,0.7525578676665353,0.775137070076072,1.0,2.0,98.22752939812906
341,right,RCA,1.0,share,2,True,True,2.577256889789004,2.8200444775205256,2.2879547045054314,2.820044477533164,0.9854641957035339,0.9858730873701858,0.9841456479279386,1.6607403768214244,1.5947158952521863,0.7497824227561892,0.775137070076072,1.0,2.0,92.206309427805
341,right,RCA,1.0,leaf3,2,True,True,2.577256889789004,2.8200444775180946,2.2879547045054314,2.8200444775310913,0.9854641957035435,0.9858730873701858,0.9841421326219848,1.6607403768214244,1.5947158952521863,0.7497206384271256,0.775137070076072,1.0,2.0,92.206309427805
341,right,RCA,1.0,leaf266,2,True,True,2.577256889789004,2.8200444775180946,2.2879547045054314,2.8200444775310913,0.9854641957035429,0.9858730873701858,0.9841421280081809,1.6607403768214244,1.5947158952521863,0.7497205573412161,0.775137070076072,1.0,2.0,92.206309427805
341,right,RCA,1.0,apport,2,True,True,2.577256889789004,2.8200444775205256,2.2879547045054314,2.820044477533164,0.9854641957035333,0.9858730873701858,0.9841440125035374,1.6607403768214244,1.5947158952521863,0.7497536781145985,0.775137070076072,1.0,2.0,92.206309427805
341,right,RCA,1.0,origin,2,True,True,2.577256889789004,2.8200444775205256,2.2879547045054314,2.820044477533164,0.9854641957035339,0.9858730873701858,0.9841456479279386,1.6607403768214244,1.5947158952521863,0.7497824227561892,0.775137070076072,1.0,2.0,92.206309427805
341,right,RCA,1.0,length,2,True,True,2.577256889789004,2.8200444775180946,2.2879547045054314,2.8200444775310913,0.9854641957035435,0.9858730873701858,0.9841477763133047,1.6607403768214244,1.5947158952521863,0.7498198337380655,0.775137070076072,1.0,2.0,92.206309427805
363,right,RCA,0.5,share,2,True,True,0.6678012198953237,0.7698502487195739,0.5547464425621025,0.7698502487200203,0.9751550456644267,0.97647767310444,0.9722693533497371,1.0542863577891388,0.9830817236099276,0.8075186028156266,0.8352033151943398,1.0,1.0,110.03046345554928
363,right,RCA,0.5,leaf3,2,True,True,0.6678012198953237,0.7698502487191219,0.5547464425621025,0.7698502487197326,0.9751550456644392,0.97647767310444,0.9723055993519879,1.0542863577891388,0.9830817236099276,0.8078081519394755,0.8352033151943398,1.0,1.0,110.03046345554928
363,right,RCA,0.5,leaf266,2,True,True,0.6678012198953237,0.7698502487186697,0.5547464425621025,0.7698502487191574,0.975155045664455,0.97647767310444,0.9723039352953047,1.0542863577891388,0.9830817236099276,0.807794857481613,0.8352033151943398,1.0,1.0,110.03046345554928
363,right,RCA,0.5,apport,2,True,True,0.6678012198953237,0.7698502487186697,0.5547464425621025,0.7698502487194451,0.975155045664445,0.97647767310444,0.9722682644378482,1.0542863577891388,0.9830817236099276,0.8075099049793921,0.8352033151943398,1.0,1.0,110.03046345554928
363,right,RCA,0.5,origin,2,True,True,0.6678012198953237,0.7698502487195739,0.5547464425621025,0.7698502487200203,0.9751550456644267,0.97647767310444,0.9722693533497371,1.0542863577891388,0.9830817236099276,0.8075186028156266,0.8352033151943398,1.0,1.0,110.03046345554928
363,right,RCA,0.5,length,2,True,True,0.6678012198953237,0.7698502487191219,0.5547464425621025,0.7698502487197326,0.9751550456644387,0.97647767310444,0.9723337563723646,1.0542863577891388,0.9830817236099276,0.8080331215578469,0.8352033151943398,1.0,1.0,110.03046345554928
363,right,RCA,0.6,share,1,True,True,0.6678012198953237,0.7698502487191219,0.5547464425621025,0.7698502487197326,0.9751550456644388,0.97647767310444,0.9721294451549619,1.0542863577891388,0.9830817236099276,0.8064014883773148,0.8352033151943398,0.0,1.0,100.56984085444348
363,right,RCA,0.6,leaf3,1,True,True,0.6678012198953237,0.7698502487191219,0.5547464425621025,0.7698502487197326,0.9751550456644388,0.97647767310444,0.9721294451549619,1.0542863577891388,0.9830817236099276,0.8064014883773148,0.8352033151943398,0.0,1.0,100.56984085444348
363,right,RCA,0.6,leaf266,1,True,True,0.6678012198953237,0.7698502487191219,0.5547464425621025,0.7698502487197326,0.9751550456644388,0.97647767310444,0.9721294451549619,1.0542863577891388,0.9830817236099276,0.8064014883773148,0.8352033151943398,0.0,1.0,100.56984085444348
363,right,RCA,0.6,apport,1,True,True,0.6678012198953237,0.7698502487191219,0.5547464425621025,0.7698502487197326,0.9751550456644388,0.97647767310444,0.9721294451549619,1.0542863577891388,0.9830817236099276,0.8064014883773148,0.8352033151943398,0.0,1.0,100.56984085444348
363,right,RCA,0.6,origin,1,True,True,0.6678012198953237,0.7698502487191219,0.5547464425621025,0.7698502487194451,0.9751550456644414,0.97647767310444,0.9721294451549619,1.0542863577891388,0.9830817236099276,0.8064014883773148,0.8352033151943398,0.0,1.0,100.56984085444348
363,right,RCA,0.6,length,1,True,True,0.6678012198953237,0.7698502487191219,0.5547464425621025,0.7698502487194451,0.9751550456644414,0.97647767310444,0.9721294451549619,1.0542863577891388,0.9830817236099276,0.8064014883773148,0.8352033151943398,0.0,1.0,100.56984085444348
363,right,RCA,0.75,share,1,True,True,0.6678012198953237,0.7698502487191219,0.5547464425621025,0.7698502487197326,0.975155045664438,0.97647767310444,0.9720106417870084,1.0542863577891388,0.9830817236099276,0.8054535649980691,0.8352033151943398,0.0,1.0,85.55454788810248
363,right,RCA,0.75,leaf3,1,True,True,0.6678012198953237,0.7698502487191219,0.5547464425621025,0.7698502487197326,0.9751550456644404,0.97647767310444,0.9720106417870084,1.0542863577891388,0.9830817236099276,0.8054535649980691,0.8352033151943398,0.0,1.0,85.55454788810248
363,right,RCA,0.75,leaf266,1,True,True,0.6678012198953237,0.7698502487191219,0.5547464425621025,0.7698502487197326,0.975155045664438,0.97647767310444,0.9720106417870084,1.0542863577891388,0.9830817236099276,0.8054535649980691,0.8352033151943398,0.0,1.0,85.55454788810248
363,right,RCA,0.75,apport,1,True,True,0.6678012198953237,0.7698502487191219,0.5547464425621025,0.7698502487197326,0.9751550456644404,0.97647767310444,0.9720106417870084,1.0542863577891388,0.9830817236099276,0.8054535649980691,0.8352033151943398,0.0,1.0,85.55454788810248
363,right,RCA,0.75,origin,1,True,True,0.6678012198953237,0.7698502487191219,0.5547464425621025,0.7698502487197326,0.9751550456644404,0.97647767310444,0.9720106417870084,1.0542863577891388,0.9830817236099276,0.8054535649980691,0.8352033151943398,0.0,1.0,85.55454788810248
363,right,RCA,0.75,length,1,True,True,0.6678012198953237,0.7698502487191219,0.5547464425621025,0.7698502487197326,0.975155045664438,0.97647767310444,0.9720106417870084,1.0542863577891388,0.9830817236099276,0.8054535649976654,0.8352033151943398,0.0,1.0,85.55454788810248
363,right,RCA,0.9,share,1,True,True,0.6678012198953237,0.7698502487191219,0.5547464425621025,0.7698502487197326,0.9751550456644361,0.97647767310444,0.9719075653270136,1.0542863577891388,0.9830817236099276,0.8046316388598889,0.8352033151943398,0.0,1.0,49.20373304781928
363,right,RCA,0.9,leaf3,1,True,True,0.6678012198953237,0.7698502487191219,0.5547464425621025,0.7698502487197326,0.9751550456644403,0.97647767310444,0.9719075653270186,1.0542863577891388,0.9830817236099276,0.8046316388601528,0.8352033151943398,0.0,1.0,49.20373304781928
363,right,RCA,0.9,leaf266,1,True,True,0.6678012198953237,0.7698502487191219,0.5547464425621025,0.7698502487197326,0.9751550456644361,0.97647767310444,0.9719075653270136,1.0542863577891388,0.9830817236099276,0.8046316388598889,0.8352033151943398,0.0,1.0,49.20373304781928
363,right,RCA,0.9,apport,1,True,True,0.6678012198953237,0.7698502487191219,0.5547464425621025,0.7698502487197326,0.9751550456644403,0.97647767310444,0.9719075653270186,1.0542863577891388,0.9830817236099276,0.8046316388601528,0.8352033151943398,0.0,1.0,49.20373304781928
363,right,RCA,0.9,origin,1,True,True,0.6678012198953237,0.7698502487191219,0.5547464425621025,0.7698502487197326,0.9751550456644361,0.97647767310444,0.9719075653270136,1.0542863577891388,0.9830817236099276,0.8046316388598889,0.8352033151943398,0.0,1.0,49.20373304781928
363,right,RCA,0.9,length,1,True,True,0.6678012198953237,0.7698502487191219,0.5547464425621025,0.7698502487197326,0.9751550456644361,0.97647767310444,0.9719075653270136,1.0542863577891388,0.9830817236099276,0.8046316388598889,0.8352033151943398,0.0,1.0,49.20373304781928
363,right,RCA,1.0,share,1,False,True,0.6678012198953237,0.7698502487191219,0.5547464425621025,,,0.97647767310444,,1.0542863577891388,0.9830817236099276,,,,,
363,right,RCA,1.0,leaf3,1,False,True,0.6678012198953237,0.7698502487191219,0.5547464425621025,,,0.97647767310444,,1.0542863577891388,0.9830817236099276,,,,,
363,right,RCA,1.0,leaf266,1,False,True,0.6678012198953237,0.7698502487191219,0.5547464425621025,,,0.97647767310444,,1.0542863577891388,0.9830817236099276,,,,,
363,right,RCA,1.0,apport,1,False,True,0.6678012198953237,0.7698502487191219,0.5547464425621025,,,0.97647767310444,,1.0542863577891388,0.9830817236099276,,,,,
363,right,RCA,1.0,origin,1,False,True,0.6678012198953237,0.7698502487191219,0.5547464425621025,,,0.97647767310444,,1.0542863577891388,0.9830817236099276,,,,,
363,right,RCA,1.0,length,1,False,True,0.6678012198953237,0.7698502487191219,0.5547464425621025,,,0.97647767310444,,1.0542863577891388,0.9830817236099276,,,,,
368,left,LAD,0.5,share,6,True,True,0.4072935090894734,0.4808413911366423,0.33930608107982474,0.4808413911308542,0.9730836342242043,0.9780469020951883,0.9743257232852051,1.0861994636715218,1.0234014144841574,0.8767791813960253,0.894909367736592,0.0,0.0,110.03807863370511
368,left,LCX,0.5,share,6,True,True,0.8722538810002053,1.5037160624442347,0.43219177280008514,0.87813904758668,0.9768288805125102,0.9830463180819383,0.9720796225744124,1.3454777615030487,1.039424241806582,0.7850393774420429,0.8886014221381715,2.0,2.0,72.41120535757943
368,left,LAD,0.5,leaf3,6,True,True,0.4072935090894734,1.1721727523545853,0.33930608107982474,1.1721727523506953,0.952894904642838,0.9780469020951883,0.9561370138117866,1.0861994636715218,1.0234014144841574,0.7215901144056128,0.894909367736592,0.0,0.0,110.03807863370511
368,left,LCX,0.5,leaf3,6,True,True,0.8722538810002053,1.3422946409762786,0.43219177280008514,0.9435134936879929,0.9776494648108996,0.9830463180819383,0.972800782068591,1.3454777615030487,1.039424241806582,0.8104708951228619,0.8886014221381715,2.0,2.0,72.41120535757943
368,left,LAD,0.5,leaf266,6,True,True,0.4072935090894734,1.0935804678130308,0.33930608107982474,1.0935804678106815,0.9551254573278593,0.9780469020951883,0.9579261422099195,1.0861994636715218,1.0234014144841574,0.736479682978624,0.894909367736592,0.0,0.0,110.03807863370511
368,left,LCX,0.5,leaf266,6,True,True,0.8722538810002053,1.3826929436070368,0.43219177280008514,0.9658385406195794,0.97712886476297,0.9830463180819383,0.9721493936852142,1.3454777615030487,1.039424241806582,0.8038483804723874,0.8886014221381715,2.0,2.0,72.41120535757943
368,left,LAD,0.5,apport,6,True,True,0.4072935090894734,0.9758923351849162,0.33930608107982474,0.975892335181858,0.9558680409667273,0.9780469020951883,0.9589052724268351,1.0861994636715218,1.0234014144841574,0.7522189553065448,0.894909367736592,0.0,0.0,110.03807863370511
368,left,LCX,0.5,apport,6,True,True,0.8722538810002053,1.2551847894381343,0.43219177280008514,0.8128662795166647,0.9794443453898054,0.9830463180819383,0.9751132640895677,1.3454777615030487,1.039424241806582,0.8249305308156387,0.8886014221381715,2.0,2.0,72.41120535757943
368,left,LAD,0.5,origin,6,True,True,0.4072935090894734,0.7685648748267557,0.33930608107982474,0.7685648748243296,0.9600175360289013,0.9780469020951883,0.9630258702202467,1.0861994636715218,1.0234014144841574,0.7915653998094673,0.894909367736592,0.0,0.0,110.03807863370511
368,left,LCX,0.5,origin,6,True,True,0.8722538810002053,1.2548753424918102,0.43219177280008514,0.6904958203953155,0.9804440828144045,0.9830463180819383,0.9766584102203408,1.3454777615030487,1.039424241806582,0.826073480078292,0.8886014221381715,2.0,2.0,72.41120535757943
368,left,LAD,0.5,length,6,True,True,0.4072935090894734,1.173211752490789,0.33930608107982474,1.1732117524892673,0.9499918251122986,0.9780469020951883,0.9542072561194417,1.0861994636715218,1.0234014144841574,0.7122497638047944,0.894909367736592,0.0,0.0,110.03807863370511
368,left,LCX,0.5,length,6,True,True,0.8722538810002053,1.479183283204779,0.43219177280008514,0.8040566424755644,0.9776382184130502,0.9830463180819383,0.9734080188485338,1.3454777615030487,1.039424241806582,0.7900966324345607,0.8886014221381715,2.0,2.0,72.41120535757943
368,left,LAD,0.6,share,6,True,True,0.4072935090894734,0.4704030080094049,0.33930608107982474,0.4704030080061337,0.9733447361788069,0.9780469020951883,0.9746188597331642,1.0861994636715218,1.0234014144841574,0.8792293712464826,0.894909367736592,0.0,0.0,110.03807863370511
368,left,LCX,0.6,share,6,True,True,0.8722538810002053,1.5211699799261538,0.43219177280008514,0.8769796204895703,0.9766920015848695,0.9830463180819383,0.9719470378920919,1.3454777615030487,1.039424241806582,0.7822923487476747,0.8886014221381715,2.0,2.0,66.81267769141904
368,left,LAD,0.6,leaf3,6,True,True,0.4072935090894734,0.9946543241619403,0.33930608107982474,0.9946543241587192,0.9572241061619048,0.9780469020951883,0.9597748202032215,1.0861994636715218,1.0234014144841574,0.7540905059371633,0.894909367736592,0.0,0.0,110.03807863370511
368,left,LCX,0.6,leaf3,6,True,True,0.8722538810002053,1.4036630723599521,0.43219177280008514,0.9386198213741561,0.9771748530718558,0.9830463180819383,0.9722510123127743,1.3454777615030487,1.039424241806582,0.8003480119266265,0.8886014221381715,2.0,2.0,66.81267769141904
368,left,LAD,0.6,leaf266,6,True,True,0.4072935090894734,0.9379629978348566,0.33930608107982474,0.9379629978324588,0.9588736720825517,0.9780469020951883,0.9611898848285715,1.0861994636715218,1.0234014144841574,0.7660067881768353,0.894909367736592,0.0,0.0,110.03807863370511
368,left,LCX,0.6,leaf266,6,True,True,0.8722538810002053,1.4357921858111224,0.43219177280008514,0.9589309459532451,0.9767399891329716,0.9830463180819383,0.9717085975002012,1.3454777615030487,1.039424241806582,0.7951329309036955,0.8886014221381715,2.0,2.0,66.81267769141904
368,left,LAD,0.6,apport,6,True,True,0.4072935090894734,0.89039146039455,0.33930608107982474,0.8903914603919804,0.9577359973659302,0.9780469020951883,0.9606635202341777,1.0861994636715218,1.0234014144841574,0.7684844787536724,0.894909367736592,0.0,0.0,110.03807863370511
368,left,LCX,0.6,apport,6,True,True,0.8722538810002053,1.2678743173985512,0.43219177280008514,0.8014739141351181,0.9794307928997534,0.9830463180819383,0.9751276683329313,1.3454777615030487,1.039424241806582,0.8228649388573515,0.8886014221381715,2.0,2.0,66.81267769141904
368,left,LAD,0.6,origin,6,True,True,0.4072935090894734,0.7501355193867387,0.33930608107982474,0.7501355193803002,0.9602715614600874,0.9780469020951883,0.9633606776244186,1.0861994636715218,1.0234014144841574,0.7949114080485808,0.894909367736592,0.0,0.0,110.03807863370511
368,left,LCX,0.6,origin,6,True,True,0.8722538810002053,1.2602268288947087,0.43219177280008514,0.6840076094145994,0.980452087697985,0.9830463180819383,0.976696833009811,1.3454777615030487,1.039424241806582,0.8252236128360967,0.8886014221381715,2.0,2.0,66.81267769141904
368,left,LAD,0.6,length,6,True,True,0.4072935090894734,1.1509593507831144,0.33930608107982474,1.150959350780284,0.9505369083372048,0.9780469020951883,0.954661537374959,1.0861994636715218,1.0234014144841574,0.7161066690116433,0.894909367736592,0.0,0.0,110.03807863370511
368,left,LCX,0.6,length,6,True,True,0.8722538810002053,1.4915783761852797,0.43219177280008514,0.7930916090149903,0.9776236522067174,0.9830463180819383,0.9734330082828657,1.3454777615030487,1.039424241806582,0.7881547244823807,0.8886014221381715,2.0,2.0,66.81267769141904
368,left,LAD,0.75,share,5,True,True,0.4072935090894734,0.4573475973428909,0.33930608107982474,0.45734759733698943,0.9737546786755007,0.9780469020951883,0.9748591309433836,1.0861994636715218,1.0234014144841574,0.8819496857765174,0.894909367736592,0.0,0.0,110.03807863370511
368,left,LCX,0.75,share,5,True,True,0.8722538810002053,1.5456366426550867,0.43219177280008514,0.8773386608932802,0.9764839573102645,0.9830463180819383,0.9716491104014575,1.3454777615030487,1.039424241806582,0.7772329770990111,0.8886014221381715,1.0,2.0,54.82244278867329
368,left,LAD,0.75,leaf3,5,True,True,0.4072935090894734,0.7235285866515881,0.33930608107982474,0.7235285866476469,0.963249844464134,0.9780469020951883,0.9652815622365796,1.0861994636715218,1.0234014144841574,0.8076513125057705,0.894909367736592,0.0,0.0,110.03807863370511
368,left,LCX,0.75,leaf3,5,True,True,0.8722538810002053,1.3220182984717483,0.43219177280008514,0.6673510371314589,0.9800697800852094,0.9830463180819383,0.9762817325736611,1.3454777615030487,1.039424241806582,0.8142272591059551,0.8886014221381715,1.0,2.0,54.82244278867329
368,left,LAD,0.75,leaf266,5,True,True,0.4072935090894734,0.7133242534557523,0.33930608107982474,0.713324253450878,0.9635402795467878,0.9780469020951883,0.9655558505803064,1.0861994636715218,1.0234014144841574,0.810024845918355,0.894909367736592,0.0,0.0,110.03807863370511
368,left,LCX,0.75,leaf266,5,True,True,0.8722538810002053,1.3268217937740152,0.43219177280008514,0.6691950906266997,0.9800144831395935,0.9830463180819383,0.9762149688901849,1.3454777615030487,1.039424241806582,0.8134349472501319,0.8886014221381715,1.0,2.0,54.82244278867329
368,left,LAD,0.75,apport,5,True,True,0.4072935090894734,0.7533792985486292,0.33930608107982474,0.7533792985449276,0.9605731539664804,0.9780469020951883,0.9631845132353564,1.0861994636715218,1.0234014144841574,0.7942824283616843,0.894909367736592,0.0,0.0,110.03807863370511
368,left,LCX,0.75,apport,5,True,True,0.8722538810002053,1.2129710124879012,0.43219177280008514,0.6601217582838469,0.9810428966781143,0.9830463180819383,0.977330044397496,1.3454777615030487,1.039424241806582,0.8320405169010904,0.8886014221381715,1.0,2.0,54.82244278867329
368,left,LAD,0.75,origin,5,True,True,0.4072935090894734,0.7747574290767292,0.33930608107982474,0.7747574290702182,0.9583765120919798,0.9780469020951883,0.9615004160180274,1.0861994636715218,1.0234014144841574,0.7835929331515261,0.894909367736592,0.0,0.0,110.03807863370511
368,left,LCX,0.75,origin,5,True,True,0.8722538810002053,1.1319635430618427,0.43219177280008514,0.4972215521777449,0.9830494328227666,0.9830463180819383,0.9801446208516249,1.3454777615030487,1.039424241806582,0.8466079238573012,0.8886014221381715,1.0,2.0,54.82244278867329
368,left,LAD,0.75,length,5,True,True,0.4072935090894734,1.2711490700120436,0.33930608107982474,1.2711490700055639,0.9451458815573861,0.9780469020951883,0.9503707803756736,1.0861994636715218,1.0234014144841574,0.6878387903197303,0.894909367736592,0.0,0.0,110.03807863370511
368,left,LCX,0.75,length,5,True,True,0.8722538810002053,1.247932716591683,0.43219177280008514,0.40035439258198774,0.9828665220971353,0.9830463180819383,0.9805171021807786,1.3454777615030487,1.039424241806582,0.8287275620633179,0.8886014221381715,1.0,2.0,54.82244278867329
368,left,LAD,0.9,share,5,True,True,0.4072935090894734,0.4640870304772097,0.33930608107982474,0.4640870304711955,0.9735842840049941,0.9780469020951883,0.9738168592174387,1.0861994636715218,1.0234014144841574,0.8741057887076319,0.894909367736592,0.0,0.0,69.06467454204271
368,left,LCX,0.9,share,5,True,True,0.8722538810002053,1.5527650372735806,0.43219177280008514,0.8777727517246255,0.9764206585151676,0.9830463180819383,0.9712582522611797,1.3454777615030487,1.039424241806582,0.7738180554930594,0.8886014221381715,1.0,2.0,43.55383704152858
368,left,LAD,0.9,leaf3,5,True,True,0.4072935090894734,0.6494017680249007,0.33930608107982474,0.6494017680178467,0.9652764077070211,0.9780469020951883,0.9655295306945803,1.0861994636715218,1.0234014144841574,0.8120090758849948,0.894909367736592,0.0,0.0,69.06467454204271
368,left,LCX,0.9,leaf3,5,True,True,0.8722538810002053,1.354229595214411,0.43219177280008514,0.6728220561339094,0.9797551526598477,0.9830463180819383,0.975688057457836,1.3454777615030487,1.039424241806582,0.8074018851431999,0.8886014221381715,1.0,2.0,43.55383704152858
368,left,LAD,0.9,leaf266,5,True,True,0.4072935090894734,0.6497992790757513,0.33930608107982474,0.6497992790731268,0.9652729122545467,0.9780469020951883,0.9655222751226225,1.0861994636715218,1.0234014144841574,0.8119247493681655,0.894909367736592,0.0,0.0,69.06467454204271
368,left,LCX,0.9,leaf266,5,True,True,0.8722538810002053,1.3551198933378514,0.43219177280008514,0.6733372952477837,0.9797434903028696,0.9830463180819383,0.975673463492201,1.3454777615030487,1.039424241806582,0.807252492272855,0.8886014221381715,1.0,2.0,43.55383704152858
368,left,LAD,0.9,apport,5,True,True,0.4072935090894734,0.7344910578667804,0.33930608107982474,0.734491057864867,0.9609571566543667,0.9780469020951883,0.9613603091470654,1.0861994636715218,1.0234014144841574,0.7817714662554589,0.894909367736592,0.0,0.0,69.06467454204271
368,left,LCX,0.9,apport,5,True,True,0.8722538810002053,1.2102064396139607,0.43219177280008514,0.6534741472728807,0.9811202422033742,0.9830463180819383,0.9772052173614497,1.3454777615030487,1.039424241806582,0.8311197567948562,0.8886014221381715,1.0,2.0,43.55383704152858
368,left,LAD,0.9,origin,5,True,True,0.4072935090894734,0.7995487902583548,0.33930608107982474,0.799548790253802,0.9576185271999993,0.9780469020951883,0.9581595220426856,1.0861994636715218,1.0234014144841574,0.7587663549892445,0.894909367736592,0.0,0.0,69.06467454204271
368,left,LCX,0.9,origin,5,True,True,0.8722538810002053,1.1234550941045047,0.43219177280008514,0.4888482109368908,0.9831889949016679,0.9830463180819383,0.980150398401207,1.3454777615030487,1.039424241806582,0.847077020064482,0.8886014221381715,1.0,2.0,43.55383704152858
368,left,LAD,0.9,length,5,True,True,0.4072935090894734,1.3346339696478162,0.33930608107982474,1.3346339696429315,0.9434316751056354,0.9780469020951883,0.9413947909742509,1.0861994636715218,1.0234014144841574,0.633421571541865,0.894909367736592,0.0,0.0,69.06467454204271
368,left,LCX,0.9,length,5,True,True,0.8722538810002053,1.2165045617668235,0.43219177280008514,0.38267346001884817,0.9832740772021694,0.9830463180819383,0.9807520939883947,1.3454777615030487,1.039424241806582,0.8329856281433045,0.8886014221381715,1.0,2.0,43.55383704152858
368,left,LAD,1.0,share,2,False,False,0.4072935090894734,,0.33930608107982474,,,0.9780469020951883,,1.0861994636715218,1.0234014144841574,,,,,
368,left,LCX,1.0,share,2,True,True,0.8722538810002053,1.5300087302436702,0.43219177280008514,1.5300087302557692,0.9712966535614111,0.9830463180819383,0.9631265047006186,1.3454777615030487,1.039424241806582,0.7737991418277564,0.8886014221381715,0.0,2.0,31.07957198576503
368,left,LAD,1.0,leaf3,2,False,False,0.4072935090894734,,0.33930608107982474,,,0.9780469020951883,,1.0861994636715218,1.0234014144841574,,,,,
368,left,LCX,1.0,leaf3,2,True,True,0.8722538810002053,1.417431341233754,0.43219177280008514,1.4174313412385393,0.9731578006096863,0.9830463180819383,0.9655340828956293,1.3454777615030487,1.039424241806582,0.7922439259568582,0.8886014221381715,0.0,2.0,31.07957198576503
368,left,LAD,1.0,leaf266,2,False,False,0.4072935090894734,,0.33930608107982474,,,0.9780469020951883,,1.0861994636715218,1.0234014144841574,,,,,
368,left,LCX,1.0,leaf266,2,True,True,0.8722538810002053,1.4443795078028925,0.43219177280008514,1.4443795078070922,0.9727122892942944,0.9830463180819383,0.9649570040641434,1.3454777615030487,1.039424241806582,0.7877939270118278,0.8886014221381715,0.0,2.0,31.07957198576503
368,left,LAD,1.0,apport,2,False,False,0.4072935090894734,,0.33930608107982474,,,0.9780469020951883,,1.0861994636715218,1.0234014144841574,,,,,
368,left,LCX,1.0,apport,2,True,True,0.8722538810002053,1.5047087383873605,0.43219177280008514,1.5047087383954358,0.9717149169940813,0.9830463180819383,0.9636668378269017,1.3454777615030487,1.039424241806582,0.777909953893202,0.8886014221381715,0.0,2.0,31.07957198576503
368,left,LAD,1.0,origin,2,False,False,0.4072935090894734,,0.33930608107982474,,,0.9780469020951883,,1.0861994636715218,1.0234014144841574,,,,,
368,left,LCX,1.0,origin,2,True,True,0.8722538810002053,0.9225998512403101,0.43219177280008514,0.9225998512458224,0.9813384323960324,0.9830463180819383,0.9762171191173298,1.3454777615030487,1.039424241806582,0.8759835478886098,0.8886014221381715,0.0,2.0,31.07957198576503
368,left,LAD,1.0,length,2,False,False,0.4072935090894734,,0.33930608107982474,,,0.9780469020951883,,1.0861994636715218,1.0234014144841574,,,,,
368,left,LCX,1.0,length,2,True,True,0.8722538810002053,1.1493613723756941,0.43219177280008514,1.1493613723890674,0.9775895753704118,0.9830463180819383,0.9713010451179368,1.3454777615030487,1.039424241806582,0.837394403389179,0.8886014221381715,0.0,2.0,31.07957198576503
368,right,RCA,0.5,share,3,True,True,1.4325362817407055,1.4759539885838397,1.3789653323018871,1.4759539885882413,0.9834017150640247,0.9481285426058732,0.9492633967135408,1.362736416967544,1.341043281065441,0.7990392837614383,0.7943617645882607,2.0,2.0,101.92836265251596
368,right,RCA,0.5,leaf3,3,True,True,1.4325362817407055,1.4759539885838397,1.3789653323018871,1.4759539885882413,0.9834017150640242,0.9481285426058732,0.9493667746435192,1.362736416967544,1.341043281065441,0.7994274949446384,0.7943617645882607,2.0,2.0,101.92836265251596
368,right,RCA,0.5,leaf266,3,True,True,1.4325362817407055,1.4759539885838397,1.3789653323018871,1.4759539885882413,0.9834017150640242,0.9481285426058732,0.9492591012225928,1.362736416967544,1.341043281065441,0.7990400588301919,0.7943617645882607,2.0,2.0,101.92836265251596
368,right,RCA,0.5,apport,3,True,True,1.4325362817407055,1.4759539885838397,1.3789653323018871,1.4759539885882413,0.9834017150640242,0.9481285426058732,0.9489202829536022,1.362736416967544,1.341043281065441,0.7978103831996044,0.7943617645882607,2.0,2.0,101.92836265251596
368,right,RCA,0.5,origin,3,True,True,1.4325362817407055,1.4759539885825528,1.3789653323018871,1.475953988587195,0.9834017150640311,0.9481285426058732,0.9491421876971797,1.362736416967544,1.341043281065441,0.7986168207101098,0.7943617645882607,2.0,2.0,101.92836265251596
368,right,RCA,0.5,length,3,True,True,1.4325362817407055,1.4759539885812658,1.3789653323018871,1.4759539885861488,0.9834017150640434,0.9481285426058732,0.94899400660967,1.362736416967544,1.341043281065441,0.7980879546198716,0.7943617645882607,2.0,2.0,101.92836265251596
368,right,RCA,0.6,share,3,True,True,1.4325362817407055,1.4759539885838397,1.3789653323018871,1.4759539885882413,0.9834017150640234,0.9481285426058732,0.9493357389097675,1.362736416967544,1.341043281065441,0.7993074198574205,0.7943617645882607,2.0,2.0,96.84376973110453
368,right,RCA,0.6,leaf3,3,True,True,1.4325362817407055,1.475953988585127,1.3789653323018871,1.4759539885892876,0.9834017150640146,0.9481285426058732,0.9488159860342156,1.362736416967544,1.341043281065441,0.7974488297026457,0.7943617645882607,2.0,2.0,96.84376973110453
368,right,RCA,0.6,leaf266,3,True,True,1.4325362817407055,1.4759539885825528,1.3789653323018871,1.475953988587195,0.9834017150640378,0.9481285426058732,0.9488056498386203,1.362736416967544,1.341043281065441,0.7974115539419901,0.7943617645882607,2.0,2.0,96.84376973110453
368,right,RCA,0.6,apport,3,True,True,1.4325362817407055,1.4759539885825528,1.3789653323018871,1.475953988587195,0.983401715064031,0.9481285426058732,0.9489785116510391,1.362736416967544,1.341043281065441,0.7980241243578344,0.7943617645882607,2.0,2.0,96.84376973110453
368,right,RCA,0.6,origin,3,True,True,1.4325362817407055,1.4759539885812658,1.3789653323018871,1.4759539885851027,0.9834017150640545,0.9481285426058732,0.9491877059584081,1.362736416967544,1.341043281065441,0.7987864358670489,0.7943617645882607,2.0,2.0,96.84376973110453
368,right,RCA,0.6,length,3,True,True,1.4325362817407055,1.4759539885838397,1.3789653323018871,1.4759539885882413,0.983401715064019,0.9481285426058732,0.9490087180717961,1.362736416967544,1.341043281065441,0.7981453758061918,0.7943617645882607,2.0,2.0,96.84376973110453
368,right,RCA,0.75,share,3,True,True,1.4325362817407055,1.4759539885838397,1.3789653323018871,1.4759539885882413,0.9834017150640225,0.9481285426058732,0.9481866118586538,1.362736416967544,1.341043281065441,0.7949492550094476,0.7943617645882607,2.0,2.0,88.71139974301767
368,right,RCA,0.75,leaf3,3,True,True,1.4325362817407055,1.4759539885838397,1.3789653323018871,1.4759539885882413,0.9834017150640254,0.9481285426058732,0.9476571620747465,1.362736416967544,1.341043281065441,0.7931003005638906,0.7943617645882607,2.0,2.0,88.71139974301767
368,right,RCA,0.75,leaf266,3,True,True,1.4325362817407055,1.4759539885838397,1.3789653323018871,1.4759539885882413,0.9834017150640242,0.9481285426058732,0.9476566069403781,1.362736416967544,1.341043281065441,0.7930982189093748,0.7943617645882607,2.0,2.0,88.71139974301767
368,right,RCA,0.75,apport,3,True,True,1.4325362817407055,1.475953988585127,1.3789653323018871,1.4759539885892876,0.983401715064011,0.9481285426058732,0.9479409675322115,1.362736416967544,1.341043281065441,0.7941022057240662,0.7943617645882607,2.0,2.0,88.71139974301767
368,right,RCA,0.75,origin,3,True,True,1.4325362817407055,1.4759539885838397,1.3789653323018871,1.4759539885882413,0.9834017150640242,0.9481285426058732,0.9479758804489072,1.362736416967544,1.341043281065441,0.7942066831641891,0.7943617645882607,2.0,2.0,88.71139974301767
368,right,RCA,0.75,length,3,True,True,1.4325362817407055,1.475953988585127,1.3789653323018871,1.4759539885892876,0.9834017150640134,0.9481285426058732,0.9477774205360215,1.362736416967544,1.341043281065441,0.7935018359618206,0.7943617645882607,2.0,2.0,88.71139974301767
368,right,RCA,0.9,share,1,True,True,1.4325362817407055,1.4759539885838397,1.3789653323018871,1.4759539885882413,0.9834017150640239,0.9481285426058732,0.9467212235659761,1.362736416967544,1.341043281065441,0.7898140189266644,0.7943617645882607,0.0,2.0,80.92677621797824
368,right,RCA,0.9,leaf3,1,True,True,1.4325362817407055,1.4759539885838397,1.3789653323018871,1.4759539885882413,0.9834017150640239,0.9481285426058732,0.9467212235659761,1.362736416967544,1.341043281065441,0.7898140189266644,0.7943617645882607,0.0,2.0,80.92677621797824
368,right,RCA,0.9,leaf266,1,True,True,1.4325362817407055,1.4759539885838397,1.3789653323018871,1.4759539885882413,0.9834017150640202,0.9481285426058732,0.9467212235660342,1.362736416967544,1.341043281065441,0.7898140189261679,0.7943617645882607,0.0,2.0,80.92677621797824
368,right,RCA,0.9,apport,1,True,True,1.4325362817407055,1.4759539885838397,1.3789653323018871,1.4759539885882413,0.9834017150640202,0.9481285426058732,0.9467212235660342,1.362736416967544,1.341043281065441,0.7898140189261679,0.7943617645882607,0.0,2.0,80.92677621797824
368,right,RCA,0.9,origin,1,True,True,1.4325362817407055,1.4759539885838397,1.3789653323018871,1.4759539885882413,0.9834017150640239,0.9481285426058732,0.9467212235659761,1.362736416967544,1.341043281065441,0.7898140189266644,0.7943617645882607,0.0,2.0,80.92677621797824
368,right,RCA,0.9,length,1,True,True,1.4325362817407055,1.4759539885838397,1.3789653323018871,1.4759539885882413,0.9834017150640202,0.9481285426058732,0.9467212235660342,1.362736416967544,1.341043281065441,0.7898140189268346,0.7943617645882607,0.0,2.0,80.92677621797824
368,right,RCA,1.0,share,1,True,True,1.4325362817407055,1.4759539885838397,1.3789653323018871,1.4759539885892876,0.9834017150640182,0.9481285426058732,0.9467313493216459,1.362736416967544,1.341043281065441,0.7898515649352108,0.7943617645882607,0.0,2.0,77.75593792153138
368,right,RCA,1.0,leaf3,1,True,True,1.4325362817407055,1.4759539885838397,1.3789653323018871,1.4759539885892876,0.9834017150640182,0.9481285426058732,0.9467313493216459,1.362736416967544,1.341043281065441,0.7898515649352108,0.7943617645882607,0.0,2.0,77.75593792153138
368,right,RCA,1.0,leaf266,1,True,True,1.4325362817407055,1.4759539885838397,1.3789653323018871,1.4759539885882413,0.9834017150640256,0.9481285426058732,0.9467313493214856,1.362736416967544,1.341043281065441,0.7898515649351977,0.7943617645882607,0.0,2.0,77.75593792153138
368,right,RCA,1.0,apport,1,True,True,1.4325362817407055,1.4759539885838397,1.3789653323018871,1.4759539885882413,0.9834017150640256,0.9481285426058732,0.9467313493214856,1.362736416967544,1.341043281065441,0.7898515649351977,0.7943617645882607,0.0,2.0,77.75593792153138
368,right,RCA,1.0,origin,1,True,True,1.4325362817407055,1.4759539885838397,1.3789653323018871,1.4759539885892876,0.9834017150640182,0.9481285426058732,0.9467313493216459,1.362736416967544,1.341043281065441,0.7898515649352108,0.7943617645882607,0.0,2.0,77.75593792153138
368,right,RCA,1.0,length,1,True,True,1.4325362817407055,1.4759539885838397,1.3789653323018871,1.4759539885882413,0.9834017150640256,0.9481285426058732,0.946731349321321,1.362736416967544,1.341043281065441,0.7898515649351977,0.7943617645882607,0.0,2.0,77.75593792153138
377,left,LAD,0.5,share,7,True,True,0.30578190515550363,0.3897511852926925,0.2203762136119011,0.38975118529115044,0.982487128724565,0.9829887792085956,0.9764541272387506,1.0633685204824366,0.9548716739364571,0.912882112156645,0.9334357870998709,0.0,0.0,107.60895727732816
377,left,LAD,0.5,leaf3,7,True,True,0.30578190515550363,0.2613266355820875,0.2203762136119011,0.26132663558006286,0.9865991635996917,0.9829887792085956,0.982608776097692,1.0633685204824366,0.9548716739364571,0.9438804066055844,0.9334357870998709,0.0,0.0,107.60895727732816
377,left,LAD,0.5,leaf266,7,True,True,0.30578190515550363,0.26135189257645114,0.2203762136119011,0.2613518925761933,0.9865403410890519,0.9829887792085956,0.9825671630301885,1.0633685204824366,0.9548716739364571,0.9438334223406886,0.9334357870998709,0.0,0.0,107.60895727732816
377,left,LAD,0.5,apport,7,True,True,0.30578190515550363,0.3680160239677266,0.2203762136119011,0.3680160239683056,0.9832998981524329,0.9829887792085956,0.9775452224201919,1.0633685204824366,0.9548716739364571,0.918304571453417,0.9334357870998709,0.0,0.0,107.60895727732816
377,left,LAD,0.5,origin,7,True,True,0.30578190515550363,0.49333655997740716,0.2203762136119011,0.49333655997628356,0.9788517784661681,0.9829887792085956,0.9712512127295947,1.0633685204824366,0.9548716739364571,0.8867724034625035,0.9334357870998709,0.0,0.0,107.60895727732816
377,left,LAD,0.5,length,7,True,True,0.30578190515550363,0.4725857898491448,0.2203762136119011,0.47258578984656835,0.9804292935954344,0.9829887792085956,0.972894028698451,1.0633685204824366,0.9548716739364571,0.8926336558551821,0.9334357870998709,0.0,0.0,107.60895727732816
377,left,LAD,0.6,share,7,True,True,0.30578190515550363,0.3821942634626317,0.2203762136119011,0.3821942634628774,0.9827684919178077,0.9829887792085956,0.976833658081703,1.0633685204824366,0.9548716739364571,0.9148398792627819,0.9334357870998709,0.0,0.0,102.35823078326511
377,left,LAD,0.6,leaf3,7,True,True,0.30578190515550363,0.22588287162478754,0.2203762136119011,0.22588287162264947,0.9874337264631861,0.9829887792085956,0.9841256865420417,1.0633685204824366,0.9548716739364571,0.9518358890895956,0.9334357870998709,0.0,0.0,102.35823078326511
377,left,LAD,0.6,leaf266,7,True,True,0.30578190515550363,0.2280878182664912,0.2203762136119011,0.22808781826399233,0.9873452619782482,0.9829887792085956,0.9840057443612868,1.0633685204824366,0.9548716739364571,0.9513242450591677,0.9334357870998709,0.0,0.0,102.35823078326511
377,left,LAD,0.6,apport,7,True,True,0.30578190515550363,0.3580739642653111,0.2203762136119011,0.3580739642677772,0.9835790904798947,0.9829887792085956,0.9779988022291612,1.0633685204824366,0.9548716739364571,0.9207834492789868,0.9334357870998709,0.0,0.0,102.35823078326511
377,left,LAD,0.6,origin,7,True,True,0.30578190515550363,0.48932270976403114,0.2203762136119011,0.48932270976338627,0.9790075785379269,0.9829887792085956,0.9714659281298901,1.0633685204824366,0.9548716739364571,0.8879156192834845,0.9334357870998709,0.0,0.0,102.35823078326511
377,left,LAD,0.6,length,7,True,True,0.30578190515550363,0.4608374053817268,0.2203762136119011,0.46083740537771584,0.980850086723486,0.9829887792085956,0.9734887962043425,1.0633685204824366,0.9548716739364571,0.8957104850560557,0.9334357870998709,0.0,0.0,102.35823078326511
377,left,LAD,0.75,share,5,True,True,0.30578190515550363,0.39245332570174263,0.2203762136119011,0.3924533256980524,0.9824974164103915,0.9829887792085956,0.9761554180672678,1.0633685204824366,0.9548716739364571,0.9113469065562873,0.9334357870998709,0.0,0.0,67.2460784217821
377,left,LAD,0.75,leaf3,5,True,True,0.30578190515550363,0.3229464545783136,0.2203762136119011,0.3229464545763163,0.9835455564475653,0.9829887792085956,0.978669273737255,1.0633685204824366,0.9548716739364571,0.9277956003128573,0.9334357870998709,0.0,0.0,67.2460784217821
377,left,LAD,0.75,leaf266,5,True,True,0.30578190515550363,0.32526052526575056,0.2203762136119011,0.3252605252667003,0.9834500782503537,0.9829887792085956,0.9785402868140661,1.0633685204824366,0.9548716739364571,0.9272103732119042,0.9334357870998709,0.0,0.0,67.2460784217821
377,left,LAD,0.75,apport,5,True,True,0.30578190515550363,0.3884264368282321,0.2203762136119011,0.38842643682738365,0.9824842137863924,0.9829887792085956,0.976233175892099,1.0633685204824366,0.9548716739364571,0.9122441827225368,0.9334357870998709,0.0,0.0,67.2460784217821
377,left,LAD,0.75,origin,5,True,True,0.30578190515550363,0.5396451466167811,0.2203762136119011,0.5396451466155405,0.9773565074856232,0.9829887792085956,0.9686550589421339,1.0633685204824366,0.9548716739364571,0.8734660923082734,0.9334357870998709,0.0,0.0,67.2460784217821
377,left,LAD,0.75,length,5,True,True,0.30578190515550363,0.5420429036194676,0.2203762136119011,0.5420429036194684,0.9781669960482468,0.9829887792085956,0.9692027472002813,1.0633685204824366,0.9548716739364571,0.8735266492388275,0.9334357870998709,0.0,0.0,67.2460784217821
377,left,LAD,0.9,share,2,True,True,0.30578190515550363,0.8270248069210107,0.2203762136119011,0.827024806919338,0.9711136135820927,0.9829887792085956,0.952505404849542,1.0633685204824366,0.9548716739364571,0.7826742435290119,0.9334357870998709,0.0,0.0,32.803704064502085
377,left,LAD,0.9,leaf3,2,True,True,0.30578190515550363,0.8580420092229877,0.2203762136119011,0.8580420092225653,0.970156000149552,0.9829887792085956,0.9507042977951562,1.0633685204824366,0.9548716739364571,0.774012942447185,0.9334357870998709,0.0,0.0,32.803704064502085
377,left,LAD,0.9,leaf266,2,True,True,0.30578190515550363,0.8580712819990942,0.2203762136119011,0.858071281994748,0.9701550963929817,0.9829887792085956,0.9507025938870652,1.0633685204824366,0.9548716739364571,0.774004810954515,0.9334357870998709,0.0,0.0,32.803704064502085
377,left,LAD,0.9,apport,2,True,True,0.30578190515550363,0.8352479632869547,0.2203762136119011,0.8352479632870293,0.9708597349466817,0.9829887792085956,0.9520287521041636,1.0633685204824366,0.9548716739364571,0.7803693399925896,0.9334357870998709,0.0,0.0,32.803704064502085
377,left,LAD,0.9,origin,2,True,True,0.30578190515550363,0.7049329554828221,0.2203762136119011,0.7049329554834601,0.9748830314617541,0.9829887792085956,0.9595076790228708,1.0633685204824366,0.9548716739364571,0.8175280019275252,0.9334357870998709,0.0,0.0,32.803704064502085
377,left,LAD,0.9,length,2,True,True,0.30578190515550363,0.5336185151204638,0.2203762136119011,0.5336185151189892,0.980172129030073,0.9829887792085956,0.969080497197119,1.0633685204824366,0.9548716739364571,0.8675337259557846,0.9334357870998709,0.0,0.0,32.803704064502085
377,left,LAD,1.0,share,2,False,True,0.30578190515550363,0.8342403590644276,0.2203762136119011,,,0.9829887792085956,,1.0633685204824366,0.9548716739364571,,,,,
377,left,LAD,1.0,leaf3,2,False,True,0.30578190515550363,0.8631032759010421,0.2203762136119011,,,0.9829887792085956,,1.0633685204824366,0.9548716739364571,,,,,
377,left,LAD,1.0,leaf266,2,False,True,0.30578190515550363,0.8634292272966191,0.2203762136119011,,,0.9829887792085956,,1.0633685204824366,0.9548716739364571,,,,,
377,left,LAD,1.0,apport,2,False,True,0.30578190515550363,0.8418939160580357,0.2203762136119011,,,0.9829887792085956,,1.0633685204824366,0.9548716739364571,,,,,
377,left,LAD,1.0,origin,2,False,True,0.30578190515550363,0.7102286014064856,0.2203762136119011,,,0.9829887792085956,,1.0633685204824366,0.9548716739364571,,,,,
377,left,LAD,1.0,length,2,False,True,0.30578190515550363,0.536227849754086,0.2203762136119011,,,0.9829887792085956,,1.0633685204824366,0.9548716739364571,,,,,
377,right,RCA,0.5,share,2,True,True,1.631318398314214,2.021211436603976,1.2197698886563246,2.021211436611918,0.9795080775991757,0.9131357979908679,0.9117634638840791,1.4214788408406225,1.2808879979914554,0.7378494864345232,0.7606534040048253,1.0,1.0,86.0217193828623
377,right,RCA,0.5,leaf3,2,True,True,1.631318398314214,2.021211436603976,1.2197698886563246,2.021211436611918,0.9795080775991787,0.9131357979908679,0.9152116317254642,1.4214788408406225,1.2808879979914554,0.7454189648287287,0.7606534040048253,1.0,1.0,86.0217193828623
377,right,RCA,0.5,leaf266,2,True,True,1.631318398314214,2.021211436603976,1.2197698886563246,2.021211436611918,0.9795080775991726,0.9131357979908679,0.9146997486149805,1.4214788408406225,1.2808879979914554,0.7442953332975283,0.7606534040048253,1.0,1.0,86.0217193828623
377,right,RCA,0.5,apport,2,True,True,1.631318398314214,2.0212114366052796,1.2197698886563246,2.0212114366128833,0.9795080775991711,0.9131357979908679,0.9133482161724932,1.4214788408406225,1.2808879979914554,0.741340692179369,0.7606534040048253,1.0,1.0,86.0217193828623
377,right,RCA,0.5,origin,2,True,True,1.631318398314214,2.021211436603976,1.2197698886563246,2.021211436611918,0.9795080775991757,0.9131357979908679,0.9117634638840791,1.4214788408406225,1.2808879979914554,0.7378494864345232,0.7606534040048253,1.0,1.0,86.0217193828623
377,right,RCA,0.5,length,2,True,True,1.631318398314214,2.021211436603976,1.2197698886563246,2.021211436611918,0.9795080775991734,0.9131357979908679,0.9147300776611,1.4214788408406225,1.2808879979914554,0.744361825355181,0.7606534040048253,1.0,1.0,86.0217193828623
377,right,RCA,0.6,share,2,True,True,1.631318398314214,2.021211436603976,1.2197698886563246,2.021211436611918,0.9795080775991729,0.9131357979908679,0.9119799058529127,1.4214788408406225,1.2808879979914554,0.738336080396944,0.7606534040048253,1.0,1.0,81.14582239986292
377,right,RCA,0.6,leaf3,2,True,True,1.631318398314214,2.021211436603976,1.2197698886563246,2.021211436611918,0.9795080775991781,0.9131357979908679,0.9127484605165872,1.4214788408406225,1.2808879979914554,0.740047779702165,0.7606534040048253,1.0,1.0,81.14582239986292
377,right,RCA,0.6,leaf266,2,True,True,1.631318398314214,2.021211436603976,1.2197698886563246,2.021211436611918,0.979508077599173,0.9131357979908679,0.9126499019333995,1.4214788408406225,1.2808879979914554,0.7398325189588527,0.7606534040048253,1.0,1.0,81.14582239986292
377,right,RCA,0.6,apport,2,True,True,1.631318398314214,2.021211436603976,1.2197698886563246,2.021211436611918,0.9795080775991728,0.9131357979908679,0.9123154650925298,1.4214788408406225,1.2808879979914554,0.7390993526274359,0.7606534040048253,1.0,1.0,81.14582239986292
377,right,RCA,0.6,origin,2,True,True,1.631318398314214,2.021211436603976,1.2197698886563246,2.021211436611918,0.9795080775991729,0.9131357979908679,0.9119799058529127,1.4214788408406225,1.2808879979914554,0.738336080396944,0.7606534040048253,1.0,1.0,81.14582239986292
377,right,RCA,0.6,length,2,True,True,1.631318398314214,2.021211436603976,1.2197698886563246,2.021211436611918,0.9795080775991728,0.9131357979908679,0.9146406747462442,1.4214788408406225,1.2808879979914554,0.7441772805848793,0.7606534040048253,1.0,1.0,81.14582239986292
377,right,RCA,0.75,share,2,True,True,1.631318398314214,2.0212114366052796,1.2197698886563246,2.021211436611918,0.979508077599172,0.9131357979908679,0.9059840770847131,1.4214788408406225,1.2808879979914554,0.7249083331540306,0.7606534040048253,1.0,1.0,74.36313777719434
377,right,RCA,0.75,leaf3,2,True,True,1.631318398314214,2.021211436603976,1.2197698886563246,2.021211436611918,0.9795080775991736,0.9131357979908679,0.9060848810994967,1.4214788408406225,1.2808879979914554,0.7251319679713083,0.7606534040048253,1.0,1.0,74.36313777719434
377,right,RCA,0.75,leaf266,2,True,True,1.631318398314214,2.0212114366052796,1.2197698886563246,2.021211436611918,0.9795080775991714,0.9131357979908679,0.9060862664978275,1.4214788408406225,1.2808879979914554,0.7251348517691182,0.7606534040048253,1.0,1.0,74.36313777719434
377,right,RCA,0.75,apport,2,True,True,1.631318398314214,2.021211436603976,1.2197698886563246,2.021211436611918,0.9795080775991741,0.9131357979908679,0.9060301144014408,1.4214788408406225,1.2808879979914554,0.7250163128902019,0.7606534040048253,1.0,1.0,74.36313777719434
377,right,RCA,0.75,origin,2,True,True,1.631318398314214,2.021211436603976,1.2197698886563246,2.021211436611918,0.9795080775991738,0.9131357979908679,0.9059840770847131,1.4214788408406225,1.2808879979914554,0.7249083331540306,0.7606534040048253,1.0,1.0,74.36313777719434
377,right,RCA,0.75,length,2,True,True,1.631318398314214,2.0212114366052796,1.2197698886563246,2.021211436611918,0.9795080775991717,0.9131357979908679,0.9082523436438459,1.4214788408406225,1.2808879979914554,0.729461324513621,0.7606534040048253,1.0,1.0,74.36313777719434
377,right,RCA,0.9,share,1,True,True,1.631318398314214,2.0212114366052796,1.2197698886563246,2.021211436611918,0.9795080775991724,0.9131357979908679,0.8991214227193759,1.4214788408406225,1.2808879979914554,0.7114474427843445,0.7606534040048253,0.0,1.0,67.50708586697112
377,right,RCA,0.9,leaf3,1,True,True,1.631318398314214,2.0212114366052796,1.2197698886563246,2.021211436611918,0.9795080775991724,0.9131357979908679,0.8991214227193759,1.4214788408406225,1.2808879979914554,0.7114474427843445,0.7606534040048253,0.0,1.0,67.50708586697112
377,right,RCA,0.9,leaf266,1,True,True,1.631318398314214,2.0212114366052796,1.2197698886563246,2.021211436611918,0.9795080775991724,0.9131357979908679,0.8991214227193759,1.4214788408406225,1.2808879979914554,0.7114474427843445,0.7606534040048253,0.0,1.0,67.50708586697112
377,right,RCA,0.9,apport,1,True,True,1.631318398314214,2.0212114366052796,1.2197698886563246,2.021211436611918,0.9795080775991724,0.9131357979908679,0.8991214227193759,1.4214788408406225,1.2808879979914554,0.7114474427843445,0.7606534040048253,0.0,1.0,67.50708586697112
377,right,RCA,0.9,origin,1,True,True,1.631318398314214,2.0212114366052796,1.2197698886563246,2.021211436611918,0.9795080775991724,0.9131357979908679,0.8991214227193759,1.4214788408406225,1.2808879979914554,0.7114474427843445,0.7606534040048253,0.0,1.0,67.50708586697112
377,right,RCA,0.9,length,1,True,True,1.631318398314214,2.0212114366052796,1.2197698886563246,2.021211436611918,0.9795080775991724,0.9131357979908679,0.899121422720264,1.4214788408406225,1.2808879979914554,0.7114474427843445,0.7606534040048253,0.0,1.0,67.50708586697112
377,right,RCA,1.0,share,1,True,True,1.631318398314214,2.0212114366052796,1.2197698886563246,2.0212114366128833,0.9795080775991704,0.9131357979908679,0.8991926045086286,1.4214788408406225,1.2808879979914554,0.7115958342914743,0.7606534040048253,0.0,1.0,66.8575871143112
377,right,RCA,1.0,leaf3,1,True,True,1.631318398314214,2.021211436603976,1.2197698886563246,2.021211436611918,0.9795080775991738,0.9131357979908679,0.8991926045086286,1.4214788408406225,1.2808879979914554,0.7115958342917332,0.7606534040048253,0.0,1.0,66.8575871143112
377,right,RCA,1.0,leaf266,1,True,True,1.631318398314214,2.021211436603976,1.2197698886563246,2.021211436611918,0.9795080775991738,0.9131357979908679,0.8991926045086286,1.4214788408406225,1.2808879979914554,0.7115958342916423,0.7606534040048253,0.0,1.0,66.8575871143112
377,right,RCA,1.0,apport,1,True,True,1.631318398314214,2.021211436603976,1.2197698886563246,2.021211436611918,0.9795080775991738,0.9131357979908679,0.8991926045086286,1.4214788408406225,1.2808879979914554,0.7115958342916423,0.7606534040048253,0.0,1.0,66.8575871143112
377,right,RCA,1.0,origin,1,True,True,1.631318398314214,2.0212114366052796,1.2197698886563246,2.0212114366128833,0.9795080775991704,0.9131357979908679,0.8991926045086286,1.4214788408406225,1.2808879979914554,0.7115958342914743,0.7606534040048253,0.0,1.0,66.8575871143112
377,right,RCA,1.0,length,1,True,True,1.631318398314214,2.0212114366052796,1.2197698886563246,2.0212114366128833,0.9795080775991704,0.9131357979908679,0.8991926045086286,1.4214788408406225,1.2808879979914554,0.7115958342914743,0.7606534040048253,0.0,1.0,66.8575871143112
406,left,LCX,0.5,share,4,True,True,0.608509562795914,1.1801839182366316,0.19203181368294503,0.5927959663033985,0.9720478630489459,0.9798555567725651,0.9640955778651321,1.1422137860616086,0.8755098458398729,0.74763807947001,0.8790177853180307,0.0,0.0,80.36748840158434
406,left,LCX,0.5,leaf3,4,True,True,0.608509562795914,1.259513971929447,0.19203181368294503,0.45083829155345967,0.9746181926881033,0.9798555567725651,0.9674657454328438,1.1422137860616086,0.8755098458398729,0.7343020034940255,0.8790177853180307,0.0,0.0,80.36748840158434
406,left,LCX,0.5,leaf266,4,True,True,0.608509562795914,1.2566586459584272,0.19203181368294503,0.46395212245602374,0.9743426610922683,0.9798555567725651,0.967097337995755,1.1422137860616086,0.8755098458398729,0.73457169308512,0.8790177853180307,0.0,0.0,80.36748840158434
406,left,LCX,0.5,apport,4,True,True,0.608509562795914,1.174732865956993,0.19203181368294503,0.5001576596216767,0.9742124343391664,0.9798555567725651,0.9669275732013002,1.1422137860616086,0.8755098458398729,0.750496457328281,0.8790177853180307,0.0,0.0,80.36748840158434
406,left,LCX,0.5,origin,4,True,True,0.608509562795914,1.3132835427892147,0.19203181368294503,0.6531349532153814,0.9695348701413279,0.9798555567725651,0.9608073628280654,1.1422137860616086,0.8755098458398729,0.7196851421507818,0.8790177853180307,0.0,0.0,80.36748840158434
406,left,LCX,0.5,length,4,True,True,0.608509562795914,1.1464754381072026,0.19203181368294503,0.8083292133704764,0.9674067719972341,0.9798555567725651,0.9582868175869401,1.1422137860616086,0.8755098458398729,0.752149697365461,0.8790177853180307,0.0,0.0,80.36748840158434
406,left,LCX,0.6,share,4,True,True,0.608509562795914,1.1856889227551632,0.19203181368294503,0.6257166154018631,0.9712482638436679,0.9798555567725651,0.9627503964290075,1.1422137860616086,0.8755098458398729,0.7446765600328029,0.8790177853180307,0.0,0.0,64.12430590233916
406,left,LCX,0.6,leaf3,4,True,True,0.608509562795914,1.2448471230645386,0.19203181368294503,0.6010753439398944,0.9713079440467046,0.9798555567725651,0.9628222218320615,1.1422137860616086,0.8755098458398729,0.7330380070365551,0.8790177853180307,0.0,0.0,64.12430590233916
406,left,LCX,0.6,leaf266,4,True,True,0.608509562795914,1.2445921854874784,0.19203181368294503,0.6012042177065174,0.971307168191085,0.9798555567725651,0.9628212905659662,1.1422137860616086,0.8755098458398729,0.7330870471911322,0.8790177853180307,0.0,0.0,64.12430590233916
406,left,LCX,0.6,apport,4,True,True,0.608509562795914,1.1645417283201165,0.19203181368294503,0.5873756822215693,0.972304991291855,0.9798555567725651,0.9641426449646737,1.1422137860616086,0.8755098458398729,0.7498206686822433,0.8790177853180307,0.0,0.0,64.12430590233916
406,left,LCX,0.6,origin,4,True,True,0.608509562795914,1.3257750247114193,0.19203181368294503,0.6967710004569132,0.9684307751835821,0.9798555567725651,0.9590458280039775,1.1422137860616086,0.8755098458398729,0.7150850822938972,0.8790177853180307,0.0,0.0,64.12430590233916
406,left,LCX,0.6,length,4,True,True,0.608509562795914,1.1852515014986147,0.19203181368294503,0.871582962836013,0.9656303069738355,0.9798555567725651,0.955558875710089,1.1422137860616086,0.8755098458398729,0.7412229528026107,0.8790177853180307,0.0,0.0,64.12430590233916
406,left,LCX,0.75,share,4,True,True,0.608509562795914,1.1720915346725869,0.19203181368294503,0.6314502120421925,0.9712329493197874,0.9798555567725651,0.9620778832230261,1.1422137860616086,0.8755098458398729,0.7436095898130543,0.8790177853180307,0.0,0.0,39.92841236137577
406,left,LCX,0.75,leaf3,4,True,True,0.608509562795914,1.2353759648689846,0.19203181368294503,0.6096315351573179,0.9711929562947961,0.9798555567725651,0.9620444910502463,1.1422137860616086,0.8755098458398729,0.7310559189664192,0.8790177853180307,0.0,0.0,39.92841236137577
406,left,LCX,0.75,leaf266,4,True,True,0.608509562795914,1.2348271455695172,0.19203181368294503,0.6094188146306633,0.9712024933481851,0.9798555567725651,0.9620574875541382,1.1422137860616086,0.8755098458398729,0.7311738403851253,0.8790177853180307,0.0,0.0,39.92841236137577
406,left,LCX,0.75,apport,4,True,True,0.608509562795914,1.1485657859186502,0.19203181368294503,0.5913115564842714,0.9723510349027515,0.9798555567725651,0.9636177183329703,1.1422137860616086,0.8755098458398729,0.7496015088548756,0.8790177853180307,0.0,0.0,39.92841236137577
406,left,LCX,0.75,origin,4,True,True,0.608509562795914,1.3212685783407727,0.19203181368294503,0.7106188255438601,0.9681525204008337,0.9798555567725651,0.9578734556365213,1.1422137860616086,0.8755098458398729,0.7112031153353844,0.8790177853180307,0.0,0.0,39.92841236137577
406,left,LCX,0.75,length,4,True,True,0.608509562795914,1.1820269631813731,0.19203181368294503,0.8892174496237927,0.965254555421362,0.9798555567725651,0.9538996662019684,1.1422137860616086,0.8755098458398729,0.7355297777197859,0.8790177853180307,0.0,0.0,39.92841236137577
406,left,LCX,0.9,share,3,False,True,0.608509562795914,1.1628157963765027,0.19203181368294503,,,0.9798555567725651,,1.1422137860616086,0.8755098458398729,,,,,
406,left,LCX,0.9,leaf3,3,False,True,0.608509562795914,1.5946553272369897,0.19203181368294503,,,0.9798555567725651,,1.1422137860616086,0.8755098458398729,,,,,
406,left,LCX,0.9,leaf266,3,False,True,0.608509562795914,1.5983143870628571,0.19203181368294503,,,0.9798555567725651,,1.1422137860616086,0.8755098458398729,,,,,
406,left,LCX,0.9,apport,3,False,True,0.608509562795914,1.2663015645684614,0.19203181368294503,,,0.9798555567725651,,1.1422137860616086,0.8755098458398729,,,,,
406,left,LCX,0.9,origin,3,False,True,0.608509562795914,0.8191853257220021,0.19203181368294503,,,0.9798555567725651,,1.1422137860616086,0.8755098458398729,,,,,
406,left,LCX,0.9,length,3,False,True,0.608509562795914,1.0988023300144178,0.19203181368294503,,,0.9798555567725651,,1.1422137860616086,0.8755098458398729,,,,,
406,left,LCX,1.0,share,2,False,True,0.608509562795914,1.1655640773940519,0.19203181368294503,,,0.9798555567725651,,1.1422137860616086,0.8755098458398729,,,,,
406,left,LCX,1.0,leaf3,2,False,True,0.608509562795914,1.338096683922738,0.19203181368294503,,,0.9798555567725651,,1.1422137860616086,0.8755098458398729,,,,,
406,left,LCX,1.0,leaf266,2,False,True,0.608509562795914,1.325294846725826,0.19203181368294503,,,0.9798555567725651,,1.1422137860616086,0.8755098458398729,,,,,
406,left,LCX,1.0,apport,2,False,True,0.608509562795914,1.1655640773940519,0.19203181368294503,,,0.9798555567725651,,1.1422137860616086,0.8755098458398729,,,,,
406,left,LCX,1.0,origin,2,False,True,0.608509562795914,1.1655640773940519,0.19203181368294503,,,0.9798555567725651,,1.1422137860616086,0.8755098458398729,,,,,
406,left,LCX,1.0,length,2,False,True,0.608509562795914,1.2226653745827063,0.19203181368294503,,,0.9798555567725651,,1.1422137860616086,0.8755098458398729,,,,,
417,left,LAD,0.5,share,6,True,True,0.9019721186657118,0.9396752329423798,0.7149538163001927,0.9396752329420471,0.9843457050249914,0.9749507490934188,0.9726499405581268,1.314453321296013,1.1793255894770849,0.860795766559689,0.867779358844578,1.0,1.0,131.78112989705212
417,left,LAD,0.5,leaf3,6,True,True,0.9019721186657118,0.9996184093153349,0.7149538163001927,0.999618409320143,0.9828953076837963,0.9749507490934188,0.970358174664215,1.314453321296013,1.1793255894770849,0.8491154762019615,0.867779358844578,1.0,1.0,131.78112989705212
417,left,LAD,0.5,leaf266,6,True,True,0.9019721186657118,0.9770974207855228,0.7149538163001927,0.9770974207848888,0.9831948236283778,0.9749507490934188,0.9710116672087212,1.314453321296013,1.1793255894770849,0.8532241911097537,0.867779358844578,1.0,1.0,131.78112989705212
417,left,LAD,0.5,apport,6,True,True,0.9019721186657118,1.021935857096198,0.7149538163001927,1.021935857088448,0.9833356597751598,0.9749507490934188,0.9703332732549776,1.314453321296013,1.1793255894770849,0.8458359670531045,0.867779358844578,1.0,1.0,131.78112989705212
417,left,LAD,0.5,origin,6,True,True,0.9019721186657118,1.248115184225162,0.7149538163001927,1.2481151842203488,0.980181087797103,0.9749507490934188,0.9636164211876193,1.314453321296013,1.1793255894770849,0.8054225255925157,0.867779358844578,1.0,1.0,131.78112989705212
417,left,LAD,0.5,length,6,True,True,0.9019721186657118,1.104634687837113,0.7149538163001927,1.1046346878305084,0.9821589788688039,0.9749507490934188,0.9678278266604309,1.314453321296013,1.1793255894770849,0.8306266228941781,0.867779358844578,1.0,1.0,131.78112989705212
417,left,LAD,0.6,share,6,True,True,0.9019721186657118,0.9337238939909634,0.7149538163001927,0.9337238939880625,0.9844308416252586,0.9749507490934188,0.9728464374316993,1.314453321296013,1.1793255894770849,0.8620055865658242,0.867779358844578,1.0,1.0,131.78112989705212
417,left,LAD,0.6,leaf3,6,True,True,0.9019721186657118,1.031731373062746,0.7149538163001927,1.031731373065535,0.9825739855146908,0.9749507490934188,0.9695552086585254,1.314453321296013,1.1793255894770849,0.8436640789578943,0.867779358844578,1.0,1.0,131.78112989705212
417,left,LAD,0.6,leaf266,6,True,True,0.9019721186657118,1.0098672802544182,0.7149538163001927,1.009867280248065,0.9828604518770583,0.9749507490934188,0.9701963958266687,1.314453321296013,1.1793255894770849,0.8476909149975483,0.867779358844578,1.0,1.0,131.78112989705212
417,left,LAD,0.6,apport,6,True,True,0.9019721186657118,1.0139249021863064,0.7149538163001927,1.0139249021822376,0.9834494834551657,0.9749507490934188,0.9706115960713513,1.314453321296013,1.1793255894770849,0.8475366374224905,0.867779358844578,1.0,1.0,131.78112989705212
417,left,LAD,0.6,origin,6,True,True,0.9019721186657118,1.2466484276860124,0.7149538163001927,1.2466484276839487,0.9802052504304473,0.9749507490934188,0.9637059520855918,1.314453321296013,1.1793255894770849,0.8059271648195357,0.867779358844578,1.0,1.0,131.78112989705212
417,left,LAD,0.6,length,6,True,True,0.9019721186657118,1.1037878316149936,0.7149538163001927,1.1037878316115628,0.9821714708688312,0.9749507490934188,0.9678614608073839,1.314453321296013,1.1793255894770849,0.8308268705634343,0.867779358844578,1.0,1.0,131.78112989705212
417,left,LAD,0.75,share,5,True,True,0.9019721186657118,0.919892810546364,0.7149538163001927,0.9198928105452651,0.9846352685421674,0.9749507490934188,0.9732062447827816,1.314453321296013,1.1793255894770849,0.8642288016165777,0.867779358844578,1.0,1.0,131.78112989705212
417,left,LAD,0.75,leaf3,5,True,True,0.9019721186657118,1.1335481731107455,0.7149538163001927,1.1335481731092651,0.9816917829405893,0.9749507490934188,0.9670261171005912,1.314453321296013,1.1793255894770849,0.8260261606800742,0.867779358844578,1.0,1.0,131.78112989705212
417,left,LAD,0.75,leaf266,5,True,True,0.9019721186657118,1.1216799092882328,0.7149538163001927,1.1216799092846066,0.9818447932306499,0.9749507490934188,0.9673764097316975,1.314453321296013,1.1793255894770849,0.8281921679298789,0.867779358844578,1.0,1.0,131.78112989705212
417,left,LAD,0.75,apport,5,True,True,0.9019721186657118,0.9965047152392237,0.7149538163001927,0.99650471523607,0.9837031872461355,0.9749507490934188,0.9711078821677188,1.314453321296013,1.1793255894770849,0.8505727790328511,0.867779358844578,1.0,1.0,131.78112989705212
417,left,LAD,0.75,origin,5,True,True,0.9019721186657118,1.3344868569224673,0.7149538163001927,1.3344868569215567,0.9792668700856209,0.9749507490934188,0.9611826569433399,1.314453321296013,1.1793255894770849,0.7901724678960932,0.867779358844578,1.0,1.0,131.78112989705212
417,left,LAD,0.75,length,5,True,True,0.9019721186657118,1.1086654705796355,0.7149538163001927,1.1086654705736512,0.9822107522400885,0.9749507490934188,0.9677916457225156,1.314453321296013,1.1793255894770849,0.8299271781681782,0.867779358844578,1.0,1.0,131.78112989705212
417,left,LAD,0.9,share,3,True,True,0.9019721186657118,0.8863669326123751,0.7149538163001927,0.8863669326081617,0.9850730417470395,0.9749507490934188,0.97404316678394,1.314453321296013,1.1793255894770849,0.8696857355568196,0.867779358844578,0.0,1.0,109.9967132181358
417,left,LAD,0.9,leaf3,3,True,True,0.9019721186657118,0.8104691182231322,0.7149538163001927,0.810469118225861,0.9855205593959454,0.9749507490934188,0.9757449865229574,1.314453321296013,1.1793255894770849,0.8829263483339476,0.867779358844578,0.0,1.0,109.9967132181358
417,left,LAD,0.9,leaf266,3,True,True,0.9019721186657118,0.8131313730835179,0.7149538163001927,0.8131313730789713,0.9854820400739062,0.9749507490934188,0.9756676725729849,1.314453321296013,1.1793255894770849,0.8824461963767559,0.867779358844578,0.0,1.0,109.9967132181358
417,left,LAD,0.9,apport,3,True,True,0.9019721186657118,0.9127954679665,0.7149538163001927,0.912795467963697,0.9847296500360075,0.9749507490934188,0.9732945024613121,1.314453321296013,1.1793255894770849,0.8648946749336814,0.867779358844578,0.0,1.0,109.9967132181358
417,left,LAD,0.9,origin,3,True,True,0.9019721186657118,0.5799852880005508,0.7149538163001927,0.5799852880002021,0.98905317479448,0.9749507490934188,0.982470857342433,1.314453321296013,1.1793255894770849,0.9233742486822907,0.867779358844578,0.0,1.0,109.9967132181358
417,left,LAD,0.9,length,3,True,True,0.9019721186657118,0.7636074248314968,0.7149538163001927,0.7636074248301791,0.9862424988984257,0.9749507490934188,0.9771340566743214,1.314453321296013,1.1793255894770849,0.8913721011204565,0.867779358844578,0.0,1.0,109.9967132181358
417,left,LAD,1.0,share,3,True,True,0.9019721186657118,0.9031287971554215,0.7149538163001927,0.9031287971536391,0.9848492324507041,0.9749507490934188,0.9735615535050628,1.314453321296013,1.1793255894770849,0.8666612155321208,0.867779358844578,0.0,1.0,77.1055597256592
417,left,LAD,1.0,leaf3,3,True,True,0.9019721186657118,0.8332258514196174,0.7149538163001927,0.8332258514182085,0.9851892473103163,0.9749507490934188,0.9750598126571395,1.314453321296013,1.1793255894770849,0.8788118682042827,0.867779358844578,0.0,1.0,77.1055597256592
417,left,LAD,1.0,leaf266,3,True,True,0.9019721186657118,0.8341602423737097,0.7149538163001927,0.8341602423723345,0.9851752563345711,0.9749507490934188,0.9750321719583854,1.314453321296013,1.1793255894770849,0.878642376952723,0.867779358844578,0.0,1.0,77.1055597256592
417,left,LAD,1.0,apport,3,True,True,0.9019721186657118,0.9304584415439793,0.7149538163001927,0.9304584415394803,0.984494330065398,0.9749507490934188,0.9727857036426708,1.314453321296013,1.1793255894770849,0.861701707347453,0.867779358844578,0.0,1.0,77.1055597256592
417,left,LAD,1.0,origin,3,True,True,0.9019721186657118,0.5871089526958326,0.7149538163001927,0.5871089526916213,0.9889520894556058,0.9749507490934188,0.9822665401613606,1.314453321296013,1.1793255894770849,0.9221834911401886,0.867779358844578,0.0,1.0,77.1055597256592
417,left,LAD,1.0,length,3,True,True,0.9019721186657118,0.7716328160318283,0.7149538163001927,0.7716328160221863,0.9861222947777458,0.9749507490934188,0.976881843790077,1.314453321296013,1.1793255894770849,0.8899330833865461,0.867779358844578,0.0,1.0,77.1055597256592
417,right,RCA,0.5,share,3,True,True,0.894622891533311,1.1050814607524158,0.7969306718495066,1.1050814607580244,0.9624516781173246,0.95308223778579,0.9475543452767972,1.1284535312913393,1.0588014886026422,0.7522085628954294,0.7958756560042641,2.0,2.0,95.87248036012882
417,right,RCA,0.5,leaf3,3,True,True,0.894622891533311,1.1050814607538861,0.7969306718495066,1.105081460759069,0.9624516781172803,0.95308223778579,0.9481014444756399,1.1284535312913393,1.0588014886026422,0.7544959694986405,0.7958756560042641,2.0,2.0,95.87248036012882
417,right,RCA,0.5,leaf266,3,True,True,0.894622891533311,1.1050814607524158,0.7969306718495066,1.1050814607580244,0.9624516781173185,0.95308223778579,0.9480512425812607,1.1284535312913393,1.0588014886026422,0.7542855357567119,0.7958756560042641,2.0,2.0,95.87248036012882
417,right,RCA,0.5,apport,3,True,True,0.894622891533311,1.1050814607514354,0.7969306718495066,1.1050814607569794,0.9624516781173564,0.95308223778579,0.9477301191202588,1.1284535312913393,1.0588014886026422,0.7529420538052851,0.7958756560042641,2.0,2.0,95.87248036012882
417,right,RCA,0.5,origin,3,True,True,0.894622891533311,1.105081460753396,0.7969306718495066,1.105081460759069,0.9624516781172887,0.95308223778579,0.9475665568855116,1.1284535312913393,1.0588014886026422,0.7522594777675068,0.7958756560042641,2.0,2.0,95.87248036012882
417,right,RCA,0.5,length,3,True,True,0.894622891533311,1.1050814607514354,0.7969306718495066,1.1050814607569794,0.9624516781173535,0.95308223778579,0.9483520971177926,1.1284535312913393,1.0588014886026422,0.7555482804907356,0.7958756560042641,2.0,2.0,95.87248036012882
417,right,RCA,0.6,share,3,True,True,0.894622891533311,1.105081460753396,0.7969306718495066,1.105081460759069,0.9624516781172877,0.95308223778579,0.9475163509525254,1.1284535312913393,1.0588014886026422,0.7520501912930766,0.7958756560042641,2.0,2.0,91.83340940862075
417,right,RCA,0.6,leaf3,3,True,True,0.894622891533311,1.1050814607524158,0.7969306718495066,1.1050814607580244,0.9624516781173202,0.95308223778579,0.9477049965581371,1.1284535312913393,1.0588014886026422,0.7528371372936101,0.7958756560042641,2.0,2.0,91.83340940862075
417,right,RCA,0.6,leaf266,3,True,True,0.894622891533311,1.1050814607538861,0.7969306718495066,1.1050814607595916,0.9624516781172768,0.95308223778579,0.9477024733999255,1.1284535312913393,1.0588014886026422,0.7528266016251748,0.7958756560042641,2.0,2.0,91.83340940862075
417,right,RCA,0.6,apport,3,True,True,0.894622891533311,1.105081460753396,0.7969306718495066,1.105081460759069,0.9624516781172904,0.95308223778579,0.9475454126699951,1.1284535312913393,1.0588014886026422,0.7521713235252643,0.7958756560042641,2.0,2.0,91.83340940862075
417,right,RCA,0.6,origin,3,True,True,0.894622891533311,1.1050814607519257,0.7969306718495066,1.105081460757502,0.9624516781173399,0.95308223778579,0.9474621722389397,1.1284535312913393,1.0588014886026422,0.7518244664120852,0.7958756560042641,2.0,2.0,91.83340940862075
417,right,RCA,0.6,length,3,True,True,0.894622891533311,1.1050814607524158,0.7969306718495066,1.1050814607580244,0.9624516781173197,0.95308223778579,0.9483102137129661,1.1284535312913393,1.0588014886026422,0.7553722520344839,0.7958756560042641,2.0,2.0,91.83340940862075
417,right,RCA,0.75,share,2,True,True,0.894622891533311,1.1050814607524158,0.7969306718495066,1.1050814607580244,0.9624516781173188,0.95308223778579,0.9467740965717419,1.1284535312913393,1.0588014886026422,0.748968767761508,0.7958756560042641,1.0,2.0,86.43408268372107
417,right,RCA,0.75,leaf3,2,True,True,0.894622891533311,1.1050814607519257,0.7969306718495066,1.105081460757502,0.9624516781173355,0.95308223778579,0.9467917380537736,1.1284535312913393,1.0588014886026422,0.7490417295554679,0.7958756560042641,1.0,2.0,86.43408268372107
417,right,RCA,0.75,leaf266,2,True,True,0.894622891533311,1.1050814607524158,0.7969306718495066,1.1050814607580244,0.96245167811732,0.95308223778579,0.9467920161042187,1.1284535312913393,1.0588014886026422,0.7490428796258579,0.7958756560042641,1.0,2.0,86.43408268372107
417,right,RCA,0.75,apport,2,True,True,0.894622891533311,1.1050814607524158,0.7969306718495066,1.1050814607580244,0.9624516781173187,0.95308223778579,0.9467776703875038,1.1284535312913393,1.0588014886026422,0.7489835472977886,0.7958756560042641,1.0,2.0,86.43408268372107
417,right,RCA,0.75,origin,2,True,True,0.894622891533311,1.1050814607524158,0.7969306718495066,1.1050814607580244,0.9624516781173188,0.95308223778579,0.9467740965717419,1.1284535312913393,1.0588014886026422,0.748968767761508,0.7958756560042641,1.0,2.0,86.43408268372107
417,right,RCA,0.75,length,2,True,True,0.894622891533311,1.1050814607524158,0.7969306718495066,1.1050814607580244,0.9624516781173253,0.95308223778579,0.9468962303517358,1.1284535312913393,1.0588014886026422,0.7494741646171112,0.7958756560042641,1.0,2.0,86.43408268372107
417,right,RCA,0.9,share,1,True,True,0.894622891533311,1.1050814607524158,0.7969306718495066,1.1050814607580244,0.9624516781173188,0.95308223778579,0.946528458666775,1.1284535312913393,1.0588014886026422,0.747954248292124,0.7958756560042641,0.0,2.0,73.26084593504432
417,right,RCA,0.9,leaf3,1,True,True,0.894622891533311,1.1050814607524158,0.7969306718495066,1.1050814607580244,0.9624516781173188,0.95308223778579,0.946528458666775,1.1284535312913393,1.0588014886026422,0.747954248292124,0.7958756560042641,0.0,2.0,73.26084593504432
417,right,RCA,0.9,leaf266,1,True,True,0.894622891533311,1.1050814607524158,0.7969306718495066,1.1050814607580244,0.9624516781173226,0.95308223778579,0.9465284586668743,1.1284535312913393,1.0588014886026422,0.7479542482916509,0.7958756560042641,0.0,2.0,73.26084593504432
417,right,RCA,0.9,apport,1,True,True,0.894622891533311,1.1050814607524158,0.7969306718495066,1.1050814607580244,0.9624516781173226,0.95308223778579,0.9465284586668743,1.1284535312913393,1.0588014886026422,0.7479542482916509,0.7958756560042641,0.0,2.0,73.26084593504432
417,right,RCA,0.9,origin,1,True,True,0.894622891533311,1.1050814607524158,0.7969306718495066,1.1050814607580244,0.9624516781173188,0.95308223778579,0.946528458666775,1.1284535312913393,1.0588014886026422,0.747954248292124,0.7958756560042641,0.0,2.0,73.26084593504432
417,right,RCA,0.9,length,1,True,True,0.894622891533311,1.1050814607524158,0.7969306718495066,1.1050814607580244,0.9624516781173226,0.95308223778579,0.9465284586668743,1.1284535312913393,1.0588014886026422,0.7479542482916999,0.7958756560042641,0.0,2.0,73.26084593504432
417,right,RCA,1.0,share,1,True,True,0.894622891533311,1.1050814607529058,0.7969306718495066,1.1050814607585466,0.9624516781173105,0.95308223778579,0.9460202416907018,1.1284535312913393,1.0588014886026422,0.7458634712371635,0.7958756560042641,0.0,2.0,41.0979121109361
417,right,RCA,1.0,leaf3,1,True,True,0.894622891533311,1.1050814607529058,0.7969306718495066,1.1050814607585466,0.9624516781173105,0.95308223778579,0.9460202416907018,1.1284535312913393,1.0588014886026422,0.7458634712371635,0.7958756560042641,0.0,2.0,41.0979121109361
417,right,RCA,1.0,leaf266,1,True,True,0.894622891533311,1.1050814607529058,0.7969306718495066,1.1050814607585466,0.9624516781173105,0.95308223778579,0.9460202416907018,1.1284535312913393,1.0588014886026422,0.7458634712371635,0.7958756560042641,0.0,2.0,41.0979121109361
417,right,RCA,1.0,apport,1,True,True,0.894622891533311,1.1050814607529058,0.7969306718495066,1.1050814607585466,0.9624516781173105,0.95308223778579,0.9460202416907018,1.1284535312913393,1.0588014886026422,0.7458634712371635,0.7958756560042641,0.0,2.0,41.0979121109361
417,right,RCA,1.0,origin,1,True,True,0.894622891533311,1.1050814607529058,0.7969306718495066,1.1050814607585466,0.9624516781173105,0.95308223778579,0.9460202416907018,1.1284535312913393,1.0588014886026422,0.7458634712371635,0.7958756560042641,0.0,2.0,41.0979121109361
417,right,RCA,1.0,length,1,True,True,0.894622891533311,1.1050814607524158,0.7969306718495066,1.1050814607580244,0.9624516781173202,0.95308223778579,0.9460202416906082,1.1284535312913393,1.0588014886026422,0.745863471237109,0.7958756560042641,0.0,2.0,41.0979121109361
423,right,RCA,0.5,share,2,True,True,1.7295806869573223,1.8507245537684125,1.5854849951477026,1.8507245537886547,0.9840139741551575,0.9846488893701704,0.984204269169337,1.4559436896187887,1.4158588112717703,0.8022386849205863,0.8065656002664712,1.0,1.0,155.75044490062174
423,right,RCA,0.5,leaf3,2,True,True,1.7295806869573223,1.8507245537684125,1.5854849951477026,1.8507245537886547,0.9840139741551582,0.9846488893701704,0.9842097303314962,1.4559436896187887,1.4158588112717703,0.8023227245838694,0.8065656002664712,1.0,1.0,155.75044490062174
423,right,RCA,0.5,leaf266,2,True,True,1.7295806869573223,1.8507245537684125,1.5854849951477026,1.8507245537886547,0.9840139741551575,0.9846488893701704,0.9841980299288484,1.4559436896187887,1.4158588112717703,0.8021426777181625,0.8065656002664712,1.0,1.0,155.75044490062174
423,right,RCA,0.5,apport,2,True,True,1.7295806869573223,1.8507245537684125,1.5854849951477026,1.8507245537886547,0.9840139741551579,0.9846488893701704,0.9842079645953407,1.4559436896187887,1.4158588112717703,0.8022955518324943,0.8065656002664712,1.0,1.0,155.75044490062174
423,right,RCA,0.5,origin,2,True,True,1.7295806869573223,1.8507245537684125,1.5854849951477026,1.8507245537886547,0.9840139741551575,0.9846488893701704,0.984204269169337,1.4559436896187887,1.4158588112717703,0.8022386849205863,0.8065656002664712,1.0,1.0,155.75044490062174
423,right,RCA,0.5,length,2,True,True,1.7295806869573223,1.8507245537684125,1.5854849951477026,1.8507245537886547,0.9840139741551581,0.9846488893701704,0.9842645519460783,1.4559436896187887,1.4158588112717703,0.8031666224157064,0.8065656002664712,1.0,1.0,155.75044490062174
423,right,RCA,0.6,share,2,True,True,1.7295806869573223,1.8507245537684125,1.5854849951477026,1.8507245537886547,0.984013974155157,0.9846488893701704,0.9842083901641216,1.4559436896187887,1.4158588112717703,0.8023021008252305,0.8065656002664712,1.0,1.0,155.75044490062174
423,right,RCA,0.6,leaf3,2,True,True,1.7295806869573223,1.8507245537670316,1.5854849951477026,1.8507245537886547,0.9840139741551637,0.9846488893701704,0.9841907618362733,1.4559436896187887,1.4158588112717703,0.8020308469825671,0.8065656002664712,1.0,1.0,155.75044490062174
423,right,RCA,0.6,leaf266,2,True,True,1.7295806869573223,1.8507245537684125,1.5854849951477026,1.8507245537886547,0.9840139741551575,0.9846488893701704,0.9841835288659182,1.4559436896187887,1.4158588112717703,0.8019195653103478,0.8065656002664712,1.0,1.0,155.75044490062174
423,right,RCA,0.6,apport,2,True,True,1.7295806869573223,1.8507245537670316,1.5854849951477026,1.8507245537886547,0.9840139741551591,0.9846488893701704,0.9841961267765698,1.4559436896187887,1.4158588112717703,0.8021133939607477,0.8065656002664712,1.0,1.0,155.75044490062174
423,right,RCA,0.6,origin,2,True,True,1.7295806869573223,1.8507245537684125,1.5854849951477026,1.8507245537886547,0.984013974155157,0.9846488893701704,0.9842083901641216,1.4559436896187887,1.4158588112717703,0.8023021008252305,0.8065656002664712,1.0,1.0,155.75044490062174
423,right,RCA,0.6,length,2,True,True,1.7295806869573223,1.850724553765651,1.5854849951477026,1.8507245537872552,0.9840139741551716,0.9846488893701704,0.9842662167231887,1.4559436896187887,1.4158588112717703,0.8031922568328871,0.8065656002664712,1.0,1.0,155.75044490062174
423,right,RCA,0.75,share,1,True,True,1.7295806869573223,1.8507245537684125,1.5854849951477026,1.8507245537886547,0.9840139741551578,0.9846488893701704,0.9843255589007246,1.4559436896187887,1.4158588112717703,0.804106304211587,0.8065656002664712,0.0,1.0,139.12725534205964
423,right,RCA,0.75,leaf3,1,True,True,1.7295806869573223,1.8507245537684125,1.5854849951477026,1.8507245537886547,0.9840139741551578,0.9846488893701704,0.9843255589007246,1.4559436896187887,1.4158588112717703,0.804106304211133,0.8065656002664712,0.0,1.0,139.12725534205964
423,right,RCA,0.75,leaf266,1,True,True,1.7295806869573223,1.8507245537684125,1.5854849951477026,1.8507245537886547,0.984013974155157,0.9846488893701704,0.9843255589007511,1.4559436896187887,1.4158588112717703,0.8041063042121572,0.8065656002664712,0.0,1.0,139.12725534205964
423,right,RCA,0.75,apport,1,True,True,1.7295806869573223,1.8507245537684125,1.5854849951477026,1.8507245537886547,0.9840139741551578,0.9846488893701704,0.9843255589007246,1.4559436896187887,1.4158588112717703,0.804106304211587,0.8065656002664712,0.0,1.0,139.12725534205964
423,right,RCA,0.75,origin,1,True,True,1.7295806869573223,1.8507245537684125,1.5854849951477026,1.8507245537886547,0.9840139741551578,0.9846488893701704,0.9843255589007246,1.4559436896187887,1.4158588112717703,0.804106304211133,0.8065656002664712,0.0,1.0,139.12725534205964
423,right,RCA,0.75,length,1,True,True,1.7295806869573223,1.8507245537684125,1.5854849951477026,1.8507245537886547,0.9840139741551578,0.9846488893701704,0.9843255589007246,1.4559436896187887,1.4158588112717703,0.8041063042095719,0.8065656002664712,0.0,1.0,139.12725534205964
423,right,RCA,0.9,share,1,True,True,1.7295806869573223,1.8507245537684125,1.5854849951477026,1.8507245537900543,0.9840139741551511,0.9846488893701704,0.9835540089893389,1.4559436896187887,1.4158588112717703,0.7922692398585213,0.8065656002664712,0.0,1.0,103.19808481080823
423,right,RCA,0.9,leaf3,1,True,True,1.7295806869573223,1.8507245537670316,1.5854849951477026,1.8507245537886547,0.9840139741551611,0.9846488893701704,0.9835540089893389,1.4559436896187887,1.4158588112717703,0.7922692398585213,0.8065656002664712,0.0,1.0,103.19808481080823
423,right,RCA,0.9,leaf266,1,True,True,1.7295806869573223,1.8507245537684125,1.5854849951477026,1.8507245537900543,0.9840139741551511,0.9846488893701704,0.9835540089893389,1.4559436896187887,1.4158588112717703,0.7922692398571619,0.8065656002664712,0.0,1.0,103.19808481080823
423,right,RCA,0.9,apport,1,True,True,1.7295806869573223,1.8507245537684125,1.5854849951477026,1.8507245537900543,0.9840139741551511,0.9846488893701704,0.9835540089893389,1.4559436896187887,1.4158588112717703,0.7922692398585213,0.8065656002664712,0.0,1.0,103.19808481080823
423,right,RCA,0.9,origin,1,True,True,1.7295806869573223,1.8507245537684125,1.5854849951477026,1.8507245537900543,0.9840139741551511,0.9846488893701704,0.9835540089893389,1.4559436896187887,1.4158588112717703,0.7922692398585213,0.8065656002664712,0.0,1.0,103.19808481080823
423,right,RCA,0.9,length,1,True,True,1.7295806869573223,1.8507245537684125,1.5854849951477026,1.8507245537900543,0.9840139741551511,0.9846488893701704,0.9835540089893389,1.4559436896187887,1.4158588112717703,0.7922692398571619,0.8065656002664712,0.0,1.0,103.19808481080823
423,right,RCA,1.0,share,1,True,True,1.7295806869573223,1.8507245537684125,1.5854849951477026,1.8507245537900543,0.9840139741551511,0.9846488893701704,0.9835540089893389,1.4559436896187887,1.4158588112717703,0.7922692398585213,0.8065656002664712,0.0,1.0,103.19808481080823
423,right,RCA,1.0,leaf3,1,True,True,1.7295806869573223,1.8507245537670316,1.5854849951477026,1.8507245537886547,0.9840139741551611,0.9846488893701704,0.9835540089893389,1.4559436896187887,1.4158588112717703,0.7922692398585213,0.8065656002664712,0.0,1.0,103.19808481080823
423,right,RCA,1.0,leaf266,1,True,True,1.7295806869573223,1.8507245537684125,1.5854849951477026,1.8507245537900543,0.9840139741551511,0.9846488893701704,0.9835540089893389,1.4559436896187887,1.4158588112717703,0.7922692398571619,0.8065656002664712,0.0,1.0,103.19808481080823
423,right,RCA,1.0,apport,1,True,True,1.7295806869573223,1.8507245537684125,1.5854849951477026,1.8507245537900543,0.9840139741551511,0.9846488893701704,0.9835540089893389,1.4559436896187887,1.4158588112717703,0.7922692398585213,0.8065656002664712,0.0,1.0,103.19808481080823
423,right,RCA,1.0,origin,1,True,True,1.7295806869573223,1.8507245537684125,1.5854849951477026,1.8507245537900543,0.9840139741551511,0.9846488893701704,0.9835540089893389,1.4559436896187887,1.4158588112717703,0.7922692398585213,0.8065656002664712,0.0,1.0,103.19808481080823
423,right,RCA,1.0,length,1,True,True,1.7295806869573223,1.8507245537684125,1.5854849951477026,1.8507245537900543,0.9840139741551511,0.9846488893701704,0.9835540089893389,1.4559436896187887,1.4158588112717703,0.7922692398571619,0.8065656002664712,0.0,1.0,103.19808481080823
431,right,RCA,0.5,share,2,True,True,0.678827817454918,0.7907853272577122,0.5528925274866402,0.7907853272599151,0.9751960256764619,0.9543180527728182,0.9477383328476038,1.064711620680164,0.9930862662946062,0.7870433554913175,0.8162106332886857,1.0,1.0,153.35238683228494
431,right,RCA,0.5,leaf3,2,True,True,0.678827817454918,0.7907853272577122,0.5528925274866402,0.7907853272599151,0.9751960256764621,0.9543180527728182,0.9474420519065123,1.064711620680164,0.9930862662946062,0.7858661345080217,0.8162106332886857,1.0,1.0,153.35238683228494
431,right,RCA,0.5,leaf266,2,True,True,0.678827817454918,0.7907853272581684,0.5528925274866402,0.7907853272607906,0.9751960256764349,0.9543180527728182,0.9474475733938925,1.064711620680164,0.9930862662946062,0.7858880512960067,0.8162106332886857,1.0,1.0,153.35238683228494
431,right,RCA,0.5,apport,2,True,True,0.678827817454918,0.7907853272572561,0.5528925274866402,0.7907853272599151,0.9751960256764628,0.9543180527728182,0.9475395565392251,1.064711620680164,0.9930862662946062,0.7862532881500148,0.8162106332886857,1.0,1.0,153.35238683228494
431,right,RCA,0.5,origin,2,True,True,0.678827817454918,0.7907853272572561,0.5528925274866402,0.7907853272599151,0.9751960256764631,0.9543180527728182,0.9477383328476038,1.064711620680164,0.9930862662946062,0.7870433554913175,0.8162106332886857,1.0,1.0,153.35238683228494
431,right,RCA,0.5,length,2,True,True,0.678827817454918,0.7907853272572561,0.5528925274866402,0.7907853272596232,0.9751960256764721,0.9543180527728182,0.948277422454335,1.064711620680164,0.9930862662946062,0.7891914542644173,0.8162106332886857,1.0,1.0,153.35238683228494
431,right,RCA,0.6,share,2,True,True,0.678827817454918,0.7907853272572561,0.5528925274866402,0.7907853272596232,0.975196025676469,0.9543180527728182,0.9476053741176446,1.064711620680164,0.9930862662946062,0.7865147711668269,0.8162106332886857,1.0,1.0,149.54085280889393
431,right,RCA,0.6,leaf3,2,True,True,0.678827817454918,0.7907853272572561,0.5528925274866402,0.7907853272599151,0.9751960256764624,0.9543180527728182,0.9473609728370455,1.064711620680164,0.9930862662946062,0.7855443980974238,0.8162106332886857,1.0,1.0,149.54085280889393
431,right,RCA,0.6,leaf266,2,True,True,0.678827817454918,0.7907853272572561,0.5528925274866402,0.7907853272599151,0.975196025676463,0.9543180527728182,0.9473635084374976,1.064711620680164,0.9930862662946062,0.7855544570987699,0.8162106332886857,1.0,1.0,149.54085280889393
431,right,RCA,0.6,apport,2,True,True,0.678827817454918,0.790785327256344,0.5528925274866402,0.7907853272587477,0.9751960256764927,0.9543180527728182,0.9474417498683166,1.064711620680164,0.9930862662946062,0.7858649356332218,0.8162106332886857,1.0,1.0,149.54085280889393
431,right,RCA,0.6,origin,2,True,True,0.678827817454918,0.7907853272572561,0.5528925274866402,0.7907853272596232,0.975196025676469,0.9543180527728182,0.9476053741176446,1.064711620680164,0.9930862662946062,0.7865147711668269,0.8162106332886857,1.0,1.0,149.54085280889393
431,right,RCA,0.6,length,2,True,True,0.678827817454918,0.7907853272581684,0.5528925274866402,0.790785327260207,0.9751960256764454,0.9543180527728182,0.9480868188268015,1.064711620680164,0.9930862662946062,0.7884310597503592,0.8162106332886857,1.0,1.0,149.54085280889393
431,right,RCA,0.75,share,1,True,True,0.678827817454918,0.7907853272572561,0.5528925274866402,0.7907853272596232,0.9751960256764647,0.9543180527728182,0.9467011747412007,1.064711620680164,0.9930862662946062,0.7829328908204645,0.8162106332886857,0.0,1.0,106.0198198752515
431,right,RCA,0.75,leaf3,1,True,True,0.678827817454918,0.7907853272572561,0.5528925274866402,0.7907853272596232,0.9751960256764647,0.9543180527728182,0.9467011747412007,1.064711620680164,0.9930862662946062,0.7829328908204645,0.8162106332886857,0.0,1.0,106.0198198752515
431,right,RCA,0.75,leaf266,1,True,True,0.678827817454918,0.7907853272572561,0.5528925274866402,0.7907853272596232,0.9751960256764647,0.9543180527728182,0.9467011747412007,1.064711620680164,0.9930862662946062,0.7829328908204645,0.8162106332886857,0.0,1.0,106.0198198752515
431,right,RCA,0.75,apport,1,True,True,0.678827817454918,0.7907853272572561,0.5528925274866402,0.7907853272596232,0.9751960256764647,0.9543180527728182,0.9467011747412007,1.064711620680164,0.9930862662946062,0.7829328908204645,0.8162106332886857,0.0,1.0,106.0198198752515
431,right,RCA,0.75,origin,1,True,True,0.678827817454918,0.7907853272572561,0.5528925274866402,0.7907853272596232,0.9751960256764647,0.9543180527728182,0.9467011747412007,1.064711620680164,0.9930862662946062,0.7829328908204645,0.8162106332886857,0.0,1.0,106.0198198752515
431,right,RCA,0.75,length,1,True,True,0.678827817454918,0.7907853272572561,0.5528925274866402,0.7907853272596232,0.9751960256764647,0.9543180527728182,0.9467011747412007,1.064711620680164,0.9930862662946062,0.7829328908204645,0.8162106332886857,0.0,1.0,106.0198198752515
431,right,RCA,0.9,share,1,True,True,0.678827817454918,0.7907853272572561,0.5528925274866402,0.7907853272596232,0.9751960256764659,0.9543180527728182,0.9466836352629584,1.064711620680164,0.9930862662946062,0.7828636319027509,0.8162106332886857,0.0,1.0,53.72566073447566
431,right,RCA,0.9,leaf3,1,True,True,0.678827817454918,0.7907853272572561,0.5528925274866402,0.7907853272596232,0.9751960256764659,0.9543180527728182,0.9466836352629584,1.064711620680164,0.9930862662946062,0.7828636319027509,0.8162106332886857,0.0,1.0,53.72566073447566
431,right,RCA,0.9,leaf266,1,True,True,0.678827817454918,0.7907853272572561,0.5528925274866402,0.7907853272596232,0.9751960256764659,0.9543180527728182,0.9466836352629584,1.064711620680164,0.9930862662946062,0.7828636319027509,0.8162106332886857,0.0,1.0,53.72566073447566
431,right,RCA,0.9,apport,1,True,True,0.678827817454918,0.7907853272572561,0.5528925274866402,0.7907853272596232,0.9751960256764659,0.9543180527728182,0.9466836352629584,1.064711620680164,0.9930862662946062,0.7828636319027509,0.8162106332886857,0.0,1.0,53.72566073447566
431,right,RCA,0.9,origin,1,True,True,0.678827817454918,0.7907853272572561,0.5528925274866402,0.7907853272596232,0.9751960256764659,0.9543180527728182,0.9466836352629584,1.064711620680164,0.9930862662946062,0.7828636319027509,0.8162106332886857,0.0,1.0,53.72566073447566
431,right,RCA,0.9,length,1,True,True,0.678827817454918,0.7907853272572561,0.5528925274866402,0.7907853272596232,0.9751960256764659,0.9543180527728182,0.9466836352629584,1.064711620680164,0.9930862662946062,0.7828636319027509,0.8162106332886857,0.0,1.0,53.72566073447566
431,right,RCA,1.0,share,1,False,True,0.678827817454918,0.7907853272577122,0.5528925274866402,,,0.9543180527728182,,1.064711620680164,0.9930862662946062,,,,,
431,right,RCA,1.0,leaf3,1,False,True,0.678827817454918,0.7907853272572561,0.5528925274866402,,,0.9543180527728182,,1.064711620680164,0.9930862662946062,,,,,
431,right,RCA,1.0,leaf266,1,False,True,0.678827817454918,0.7907853272572561,0.5528925274866402,,,0.9543180527728182,,1.064711620680164,0.9930862662946062,,,,,
431,right,RCA,1.0,apport,1,False,True,0.678827817454918,0.7907853272577122,0.5528925274866402,,,0.9543180527728182,,1.064711620680164,0.9930862662946062,,,,,
431,right,RCA,1.0,origin,1,False,True,0.678827817454918,0.7907853272577122,0.5528925274866402,,,0.9543180527728182,,1.064711620680164,0.9930862662946062,,,,,
431,right,RCA,1.0,length,1,False,True,0.678827817454918,0.7907853272577122,0.5528925274866402,,,0.9543180527728182,,1.064711620680164,0.9930862662946062,,,,,
436,right,RCA,0.5,share,2,True,True,0.5972039439437631,0.6882492405163988,0.49695525903515597,0.6882492405118508,0.9747768330898576,0.9695224111859579,0.9662363731295384,1.021070354610129,0.9605584567794696,0.8179297982276498,0.8378945444270939,1.0,1.0,119.83618720220235
436,right,RCA,0.5,leaf3,2,True,True,0.5972039439437631,0.6882492405163988,0.49695525903515597,0.6882492405118508,0.9747768330898591,0.9695224111859579,0.9655590960701089,1.021070354610129,0.9605584567794696,0.8137088437959397,0.8378945444270939,1.0,1.0,119.83618720220235
436,right,RCA,0.5,leaf266,2,True,True,0.5972039439437631,0.6882492405163988,0.49695525903515597,0.6882492405118508,0.9747768330898577,0.9695224111859579,0.9655657254256634,1.021070354610129,0.9605584567794696,0.813750116351249,0.8378945444270939,1.0,1.0,119.83618720220235
436,right,RCA,0.5,apport,2,True,True,0.5972039439437631,0.6882492405163988,0.49695525903515597,0.6882492405118508,0.9747768330898595,0.9695224111859579,0.965862797029874,1.021070354610129,0.9605584567794696,0.8156004997454361,0.8378945444270939,1.0,1.0,119.83618720220235
436,right,RCA,0.5,origin,2,True,True,0.5972039439437631,0.6882492405157626,0.49695525903515597,0.6882492405113055,0.9747768330898753,0.9695224111859579,0.9662363731295384,1.021070354610129,0.9605584567794696,0.8179297982276497,0.8378945444270939,1.0,1.0,119.83618720220235
436,right,RCA,0.5,length,2,True,True,0.5972039439437631,0.6882492405163988,0.49695525903515597,0.6882492405118508,0.9747768330898591,0.9695224111859579,0.9668840975717299,1.021070354610129,0.9605584567794696,0.8219742168459867,0.8378945444270939,1.0,1.0,119.83618720220235
436,right,RCA,0.6,share,1,True,True,0.5972039439437631,0.6882492405163988,0.49695525903515597,0.6882492405118508,0.9747768330898583,0.9695224111859579,0.9678277838550405,1.021070354610129,0.9605584567794696,0.8278778324603442,0.8378945444270939,0.0,1.0,100.45645096348713
436,right,RCA,0.6,leaf3,1,True,True,0.5972039439437631,0.6882492405163988,0.49695525903515597,0.6882492405118508,0.9747768330898583,0.9695224111859579,0.9678277838550405,1.021070354610129,0.9605584567794696,0.8278778324603442,0.8378945444270939,0.0,1.0,100.45645096348713
436,right,RCA,0.6,leaf266,1,True,True,0.5972039439437631,0.6882492405163988,0.49695525903515597,0.6882492405115782,0.9747768330898612,0.9695224111859579,0.9678277838550405,1.021070354610129,0.9605584567794696,0.8278778324603442,0.8378945444270939,0.0,1.0,100.45645096348713
436,right,RCA,0.6,apport,1,True,True,0.5972039439437631,0.6882492405163988,0.49695525903515597,0.6882492405115782,0.9747768330898612,0.9695224111859579,0.9678277838550405,1.021070354610129,0.9605584567794696,0.8278778324603442,0.8378945444270939,0.0,1.0,100.45645096348713
436,right,RCA,0.6,origin,1,True,True,0.5972039439437631,0.6882492405163988,0.49695525903515597,0.6882492405118508,0.9747768330898583,0.9695224111859579,0.9678277838550405,1.021070354610129,0.9605584567794696,0.8278778324603442,0.8378945444270939,0.0,1.0,100.45645096348713
436,right,RCA,0.6,length,1,True,True,0.5972039439437631,0.6882492405163988,0.49695525903515597,0.6882492405118508,0.9747768330898583,0.9695224111859579,0.9678277838550405,1.021070354610129,0.9605584567794696,0.8278778324597356,0.8378945444270939,0.0,1.0,100.45645096348713
436,right,RCA,0.75,share,1,True,True,0.5972039439437631,0.6882492405163988,0.49695525903515597,0.6882492405118508,0.9747768330898597,0.9695224111859579,0.9646792057102394,1.021070354610129,0.9605584567794696,0.8082391814841909,0.8378945444270939,0.0,1.0,71.58280770362339
436,right,RCA,0.75,leaf3,1,True,True,0.5972039439437631,0.6882492405163988,0.49695525903515597,0.6882492405118508,0.9747768330898597,0.9695224111859579,0.9646792057102394,1.021070354610129,0.9605584567794696,0.8082391814841909,0.8378945444270939,0.0,1.0,71.58280770362339
436,right,RCA,0.75,leaf266,1,True,True,0.5972039439437631,0.6882492405163988,0.49695525903515597,0.6882492405118508,0.9747768330898549,0.9695224111859579,0.9646792057102394,1.021070354610129,0.9605584567794696,0.8082391814841909,0.8378945444270939,0.0,1.0,71.58280770362339
436,right,RCA,0.75,apport,1,True,True,0.5972039439437631,0.6882492405163988,0.49695525903515597,0.6882492405118508,0.9747768330898597,0.9695224111859579,0.9646792057102394,1.021070354610129,0.9605584567794696,0.8082391814841909,0.8378945444270939,0.0,1.0,71.58280770362339
436,right,RCA,0.75,origin,1,True,True,0.5972039439437631,0.6882492405163988,0.49695525903515597,0.6882492405118508,0.9747768330898597,0.9695224111859579,0.9646792057102394,1.021070354610129,0.9605584567794696,0.8082391814841909,0.8378945444270939,0.0,1.0,71.58280770362339
436,right,RCA,0.75,length,1,True,True,0.5972039439437631,0.6882492405163988,0.49695525903515597,0.6882492405118508,0.9747768330898597,0.9695224111859579,0.9646792057102394,1.021070354610129,0.9605584567794696,0.8082391814841909,0.8378945444270939,0.0,1.0,71.58280770362339
436,right,RCA,0.9,share,1,True,True,0.5972039439437631,0.6882492405163988,0.49695525903515597,0.6882492405118508,0.9747768330898577,0.9695224111859579,0.9645236851800267,1.021070354610129,0.9605584567794696,0.8072742272882183,0.8378945444270939,0.0,1.0,45.07017538302108
436,right,RCA,0.9,leaf3,1,True,True,0.5972039439437631,0.6882492405160807,0.49695525903515597,0.6882492405115782,0.9747768330898633,0.9695224111859579,0.9645236851800334,1.021070354610129,0.9605584567794696,0.8072742272880699,0.8378945444270939,0.0,1.0,45.07017538302108
436,right,RCA,0.9,leaf266,1,True,True,0.5972039439437631,0.6882492405163988,0.49695525903515597,0.6882492405118508,0.9747768330898577,0.9695224111859579,0.9645236851800267,1.021070354610129,0.9605584567794696,0.8072742272882183,0.8378945444270939,0.0,1.0,45.07017538302108
436,right,RCA,0.9,apport,1,True,True,0.5972039439437631,0.6882492405163988,0.49695525903515597,0.6882492405118508,0.9747768330898577,0.9695224111859579,0.9645236851800267,1.021070354610129,0.9605584567794696,0.8072742272882183,0.8378945444270939,0.0,1.0,45.07017538302108
436,right,RCA,0.9,origin,1,True,True,0.5972039439437631,0.6882492405163988,0.49695525903515597,0.6882492405118508,0.9747768330898577,0.9695224111859579,0.9645236851800267,1.021070354610129,0.9605584567794696,0.8072742272882183,0.8378945444270939,0.0,1.0,45.07017538302108
436,right,RCA,0.9,length,1,True,True,0.5972039439437631,0.6882492405163988,0.49695525903515597,0.6882492405118508,0.9747768330898577,0.9695224111859579,0.9645236851800267,1.021070354610129,0.9605584567794696,0.8072742272882183,0.8378945444270939,0.0,1.0,45.07017538302108
436,right,RCA,1.0,share,1,False,True,0.5972039439437631,0.6882492405163988,0.49695525903515597,,,0.9695224111859579,,1.021070354610129,0.9605584567794696,,,,,
436,right,RCA,1.0,leaf3,1,False,True,0.5972039439437631,0.6882492405163988,0.49695525903515597,,,0.9695224111859579,,1.021070354610129,0.9605584567794696,,,,,
436,right,RCA,1.0,leaf266,1,False,True,0.5972039439437631,0.6882492405167169,0.49695525903515597,,,0.9695224111859579,,1.021070354610129,0.9605584567794696,,,,,
436,right,RCA,1.0,apport,1,False,True,0.5972039439437631,0.6882492405163988,0.49695525903515597,,,0.9695224111859579,,1.021070354610129,0.9605584567794696,,,,,
436,right,RCA,1.0,origin,1,False,True,0.5972039439437631,0.6882492405163988,0.49695525903515597,,,0.9695224111859579,,1.021070354610129,0.9605584567794696,,,,,
436,right,RCA,1.0,length,1,False,True,0.5972039439437631,0.6882492405167169,0.49695525903515597,,,0.9695224111859579,,1.021070354610129,0.9605584567794696,,,,,
448,left,LAD,0.5,share,5,True,True,0.3503941625809996,0.6881049497363346,0.1406570017050913,0.2950128003658361,0.9745094745857132,0.9838432678519639,0.9756981148400703,0.9505970785567398,0.8699199769419899,0.8047042138774273,0.9079908986806474,1.0,1.0,124.5162835793522
448,left,LAD,0.5,leaf3,5,True,True,0.3503941625809996,1.0925384259827338,0.1406570017050913,0.38738456883100625,0.9652759611185685,0.9838432678519639,0.9683910536086158,0.9505970785567398,0.8699199769419899,0.6916011495962493,0.9079908986806474,1.0,1.0,124.5162835793522
448,left,LAD,0.5,leaf266,5,True,True,0.3503941625809996,1.0827872322347596,0.1406570017050913,0.3963643556724672,0.9652930268287548,0.9838432678519639,0.9682764214986052,0.9505970785567398,0.8699199769419899,0.6940158121506225,0.9079908986806474,1.0,1.0,124.5162835793522
448,left,LAD,0.5,apport,5,True,True,0.3503941625809996,0.9672556972246756,0.1406570017050913,0.3661795493438117,0.9682081829606328,0.9838432678519639,0.9706562330497186,0.9505970785567398,0.8699199769419899,0.7245147334873554,0.9079908986806474,1.0,1.0,124.5162835793522
448,left,LAD,0.5,origin,5,True,True,0.3503941625809996,0.5641173182382102,0.1406570017050913,0.24400787897030574,0.9786450824111321,0.9838432678519639,0.9797797003070382,0.9505970785567398,0.8699199769419899,0.8440672172590344,0.9079908986806474,1.0,1.0,124.5162835793522
448,left,LAD,0.5,length,5,True,True,0.3503941625809996,1.5025493874643618,0.1406570017050913,0.8295036978279442,0.9501919546782492,0.9838432678519639,0.9538870100307366,0.9505970785567398,0.8699199769419899,0.602214262734173,0.9079908986806474,1.0,1.0,124.5162835793522
448,left,LAD,0.6,share,5,True,True,0.3503941625809996,0.6907142911367005,0.1406570017050913,0.3035104227919001,0.9742868781542009,0.9838432678519639,0.97504739321544,0.9505970785567398,0.8699199769419899,0.8008126878996527,0.9079908986806474,1.0,1.0,107.68269649449714
448,left,LAD,0.6,leaf3,5,True,True,0.3503941625809996,1.0042804543874808,0.1406570017050913,0.4272133315593501,0.9661879350052026,0.9838432678519639,0.9676982643449383,0.9505970785567398,0.8699199769419899,0.7090293284092319,0.9079908986806474,1.0,1.0,107.68269649449714
448,left,LAD,0.6,leaf266,5,True,True,0.3503941625809996,1.00476584319822,0.1406570017050913,0.4334170501792929,0.9660647888306848,0.9838432678519639,0.967517015548936,0.9505970785567398,0.8699199769419899,0.7087518505905908,0.9079908986806474,1.0,1.0,107.68269649449714
448,left,LAD,0.6,apport,5,True,True,0.3503941625809996,0.9204241170197018,0.1406570017050913,0.39574814968842786,0.9685420015868492,0.9838432678519639,0.9698638555675044,0.9505970785567398,0.8699199769419899,0.7325162763730618,0.9079908986806474,1.0,1.0,107.68269649449714
448,left,LAD,0.6,origin,5,True,True,0.3503941625809996,0.5682095598589593,0.1406570017050913,0.2507365074545367,0.9784534785449428,0.9838432678519639,0.9793023295473131,0.9505970785567398,0.8699199769419899,0.8406330575990716,0.9079908986806474,1.0,1.0,107.68269649449714
448,left,LAD,0.6,length,5,True,True,0.3503941625809996,1.5489954047588308,0.1406570017050913,0.9077931869980059,0.9480887772797806,0.9838432678519639,0.9487655202168371,0.9505970785567398,0.8699199769419899,0.5779347360042429,0.9079908986806474,1.0,1.0,107.68269649449714
448,left,LAD,0.75,share,5,True,True,0.3503941625809996,0.7065250009290818,0.1406570017050913,0.3173914297424852,0.9737373612871264,0.9838432678519639,0.9745130122840712,0.9505970785567398,0.8699199769419899,0.796324541732154,0.9079908986806474,1.0,1.0,58.80633393692243
448,left,LAD,0.75,leaf3,5,True,True,0.3503941625809996,1.0048820704937698,0.1406570017050913,0.4974597820770453,0.9650237940598493,0.9838432678519639,0.9660358829394856,0.9505970785567398,0.8699199769419899,0.7086383962546017,0.9079908986806474,1.0,1.0,58.80633393692243
448,left,LAD,0.75,leaf266,5,True,True,0.3503941625809996,1.0098664226765226,0.1406570017050913,0.500133770709732,0.9648727522349008,0.9838432678519639,0.9658909178949127,0.9505970785567398,0.8699199769419899,0.7072720674244386,0.9079908986806474,1.0,1.0,58.80633393692243
448,left,LAD,0.75,apport,5,True,True,0.3503941625809996,0.9311530910291216,0.1406570017050913,0.4452117972334549,0.9675242394025855,0.9838432678519639,0.9685857120329081,0.9505970785567398,0.8699199769419899,0.7295660010665601,0.9079908986806474,1.0,1.0,58.80633393692243
448,left,LAD,0.75,origin,5,True,True,0.3503941625809996,0.5797654100466607,0.1406570017050913,0.2605043300031,0.9780729210754707,0.9838432678519639,0.9789406943306062,0.9505970785567398,0.8699199769419899,0.8372707692489672,0.9079908986806474,1.0,1.0,58.80633393692243
448,left,LAD,0.75,length,5,True,True,0.3503941625809996,1.6441833097917475,0.1406570017050913,1.0366122951013752,0.9442983404500851,0.9838432678519639,0.94518490280771,0.9505970785567398,0.8699199769419899,0.5621802755284756,0.9079908986806474,1.0,1.0,58.80633393692243
448,left,LAD,0.9,share,4,False,True,0.3503941625809996,1.2583174470680767,0.1406570017050913,,,0.9838432678519639,,0.9505970785567398,0.8699199769419899,,,,,
448,left,LAD,0.9,leaf3,4,False,True,0.3503941625809996,1.3184879169720263,0.1406570017050913,,,0.9838432678519639,,0.9505970785567398,0.8699199769419899,,,,,
448,left,LAD,0.9,leaf266,4,False,True,0.3503941625809996,1.3204410814281733,0.1406570017050913,,,0.9838432678519639,,0.9505970785567398,0.8699199769419899,,,,,
448,left,LAD,0.9,apport,4,False,True,0.3503941625809996,1.354415473412736,0.1406570017050913,,,0.9838432678519639,,0.9505970785567398,0.8699199769419899,,,,,
448,left,LAD,0.9,origin,4,False,True,0.3503941625809996,0.642674478976211,0.1406570017050913,,,0.9838432678519639,,0.9505970785567398,0.8699199769419899,,,,,
448,left,LAD,0.9,length,4,False,True,0.3503941625809996,1.9414115139431998,0.1406570017050913,,,0.9838432678519639,,0.9505970785567398,0.8699199769419899,,,,,
448,left,LAD,1.0,share,3,False,False,0.3503941625809996,,0.1406570017050913,,,0.9838432678519639,,0.9505970785567398,0.8699199769419899,,,,,
448,left,LAD,1.0,leaf3,3,False,False,0.3503941625809996,,0.1406570017050913,,,0.9838432678519639,,0.9505970785567398,0.8699199769419899,,,,,
448,left,LAD,1.0,leaf266,3,False,False,0.3503941625809996,,0.1406570017050913,,,0.9838432678519639,,0.9505970785567398,0.8699199769419899,,,,,
448,left,LAD,1.0,apport,3,False,False,0.3503941625809996,,0.1406570017050913,,,0.9838432678519639,,0.9505970785567398,0.8699199769419899,,,,,
448,left,LAD,1.0,origin,3,False,False,0.3503941625809996,,0.1406570017050913,,,0.9838432678519639,,0.9505970785567398,0.8699199769419899,,,,,
448,left,LAD,1.0,length,3,False,False,0.3503941625809996,,0.1406570017050913,,,0.9838432678519639,,0.9505970785567398,0.8699199769419899,,,,,
448,right,RCA,0.5,share,2,True,True,2.8873048490911923,3.5405564516458803,2.182697551377188,3.5405564516524173,0.9831201179520986,0.9656402094999235,0.9515111594313274,1.7171788438113333,1.549553924606518,0.7337395380172497,0.7536090765570145,1.0,1.0,207.27070681798116
448,right,RCA,0.5,leaf3,2,True,True,2.8873048490911923,3.5405564516498482,2.182697551377188,3.5405564516543495,0.9831201179520895,0.9656402094999235,0.9506696110787476,1.7171788438113333,1.549553924606518,0.7301783563260106,0.7536090765570145,1.0,1.0,207.27070681798116
448,right,RCA,0.5,leaf266,2,True,True,2.8873048490911923,3.5405564516498482,2.182697551377188,3.5405564516543495,0.9831201179520885,0.9656402094999235,0.950680747404047,1.7171788438113333,1.549553924606518,0.7302252100524248,0.7536090765570145,1.0,1.0,207.27070681798116
448,right,RCA,0.5,apport,2,True,True,2.8873048490911923,3.5405564516498482,2.182697551377188,3.5405564516543495,0.9831201179520913,0.9656402094999235,0.9507733368650809,1.7171788438113333,1.549553924606518,0.7306150415396175,0.7536090765570145,1.0,1.0,207.27070681798116
448,right,RCA,0.5,origin,2,True,True,2.8873048490911923,3.5405564516498482,2.182697551377188,3.5405564516543495,0.9831201179520885,0.9656402094999235,0.9515111594313275,1.7171788438113333,1.549553924606518,0.7337395380172497,0.7536090765570145,1.0,1.0,207.27070681798116
448,right,RCA,0.5,length,2,True,True,2.8873048490911923,3.5405564516458803,2.182697551377188,3.5405564516533836,0.9831201179520933,0.9656402094999235,0.9516978654826087,1.7171788438113333,1.549553924606518,0.734535304505464,0.7536090765570145,1.0,1.0,207.27070681798116
448,right,RCA,0.6,share,2,True,True,2.8873048490911923,3.5405564516498482,2.182697551377188,3.5405564516543495,0.9831201179520919,0.9656402094999235,0.9537527575461149,1.7171788438113333,1.549553924606518,0.7434326444728996,0.7536090765570145,1.0,1.0,188.19386457254342
448,right,RCA,0.6,leaf3,2,True,True,2.8873048490911923,3.5405564516498482,2.182697551377188,3.5405564516533836,0.9831201179520921,0.9656402094999235,0.9519955633810943,1.7171788438113333,1.549553924606518,0.7358084386622439,0.7536090765570145,1.0,1.0,188.19386457254342
448,right,RCA,0.6,leaf266,2,True,True,2.8873048490911923,3.5405564516458803,2.182697551377188,3.5405564516524173,0.9831201179520971,0.9656402094999235,0.9519947479065802,1.7171788438113333,1.549553924606518,0.7358049439558798,0.7536090765570145,1.0,1.0,188.19386457254342
448,right,RCA,0.6,apport,2,True,True,2.8873048490911923,3.5405564516498482,2.182697551377188,3.5405564516533836,0.9831201179520921,0.9656402094999235,0.952279474585408,1.7171788438113333,1.549553924606518,0.7370275674421819,0.7536090765570145,1.0,1.0,188.19386457254342
448,right,RCA,0.6,origin,2,True,True,2.8873048490911923,3.5405564516498482,2.182697551377188,3.5405564516543495,0.9831201179520919,0.9656402094999235,0.9537527575461149,1.7171788438113333,1.549553924606518,0.7434326444728996,0.7536090765570145,1.0,1.0,188.19386457254342
448,right,RCA,0.6,length,2,True,True,2.8873048490911923,3.5405564516498482,2.182697551377188,3.5405564516533836,0.9831201179520923,0.9656402094999235,0.9542970205255777,1.7171788438113333,1.549553924606518,0.7458327120972308,0.7536090765570145,1.0,1.0,188.19386457254342
448,right,RCA,0.75,share,2,True,True,2.8873048490911923,3.5405564516498482,2.182697551377188,3.5405564516543495,0.9831201179520886,0.9656402094999235,0.946393861715851,1.7171788438113333,1.549553924606518,0.7127100269243132,0.7536090765570145,1.0,1.0,160.0592756130235
448,right,RCA,0.75,leaf3,2,True,True,2.8873048490911923,3.5405564516498482,2.182697551377188,3.5405564516533836,0.9831201179520928,0.9656402094999235,0.9435797144254092,1.7171788438113333,1.549553924606518,0.7017538023059329,0.7536090765570145,1.0,1.0,160.0592756130235
448,right,RCA,0.75,leaf266,2,True,True,2.8873048490911923,3.5405564516498482,2.182697551377188,3.5405564516543495,0.9831201179520902,0.9656402094999235,0.9435776727620467,1.7171788438113333,1.549553924606518,0.7017460020729618,0.7536090765570145,1.0,1.0,160.0592756130235
448,right,RCA,0.75,apport,2,True,True,2.8873048490911923,3.5405564516498482,2.182697551377188,3.5405564516543495,0.9831201179520885,0.9656402094999235,0.9441616485938397,1.7171788438113333,1.549553924606518,0.7039857432049735,0.7536090765570145,1.0,1.0,160.0592756130235
448,right,RCA,0.75,origin,2,True,True,2.8873048490911923,3.5405564516498482,2.182697551377188,3.5405564516533836,0.9831201179520929,0.9656402094999235,0.946393861715851,1.7171788438113333,1.549553924606518,0.7127100269243131,0.7536090765570145,1.0,1.0,160.0592756130235
448,right,RCA,0.75,length,2,True,True,2.8873048490911923,3.5405564516498482,2.182697551377188,3.5405564516533836,0.9831201179520923,0.9656402094999235,0.9470553777316583,1.7171788438113333,1.549553924606518,0.7153462874073568,0.7536090765570145,1.0,1.0,160.0592756130235
448,right,RCA,0.9,share,1,True,True,2.8873048490911923,3.5405564516498482,2.182697551377188,3.5405564516533836,0.9831201179520921,0.9656402094999235,0.9403175402000004,1.7171788438113333,1.549553924606518,0.6895541695590243,0.7536090765570145,0.0,1.0,131.84289994359636
448,right,RCA,0.9,leaf3,1,True,True,2.8873048490911923,3.5405564516498482,2.182697551377188,3.5405564516533836,0.9831201179520929,0.9656402094999235,0.9403175402000004,1.7171788438113333,1.549553924606518,0.6895541695590243,0.7536090765570145,0.0,1.0,131.84289994359636
448,right,RCA,0.9,leaf266,1,True,True,2.8873048490911923,3.5405564516498482,2.182697551377188,3.5405564516533836,0.9831201179520929,0.9656402094999235,0.9403175402000004,1.7171788438113333,1.549553924606518,0.6895541695590243,0.7536090765570145,0.0,1.0,131.84289994359636
448,right,RCA,0.9,apport,1,True,True,2.8873048490911923,3.5405564516498482,2.182697551377188,3.5405564516533836,0.9831201179520929,0.9656402094999235,0.9403175402000004,1.7171788438113333,1.549553924606518,0.6895541695590242,0.7536090765570145,0.0,1.0,131.84289994359636
448,right,RCA,0.9,origin,1,True,True,2.8873048490911923,3.5405564516498482,2.182697551377188,3.5405564516533836,0.9831201179520921,0.9656402094999235,0.9403175402000004,1.7171788438113333,1.549553924606518,0.6895541695590243,0.7536090765570145,0.0,1.0,131.84289994359636
448,right,RCA,0.9,length,1,True,True,2.8873048490911923,3.5405564516498482,2.182697551377188,3.5405564516533836,0.9831201179520921,0.9656402094999235,0.9403175402000004,1.7171788438113333,1.549553924606518,0.6895541695590243,0.7536090765570145,0.0,1.0,131.84289994359636
448,right,RCA,1.0,share,1,True,True,2.8873048490911923,3.5405564516498482,2.182697551377188,3.5405564516543495,0.9831201179520919,0.9656402094999235,0.9415874485496386,1.7171788438113333,1.549553924606518,0.6942414133994208,0.7536090765570145,0.0,1.0,113.54429858713586
448,right,RCA,1.0,leaf3,1,True,True,2.8873048490911923,3.5405564516498482,2.182697551377188,3.5405564516543495,0.9831201179520919,0.9656402094999235,0.9415874485496386,1.7171788438113333,1.549553924606518,0.6942414133994208,0.7536090765570145,0.0,1.0,113.54429858713586
448,right,RCA,1.0,leaf266,1,True,True,2.8873048490911923,3.5405564516498482,2.182697551377188,3.5405564516533836,0.9831201179520929,0.9656402094999235,0.9415874485496386,1.7171788438113333,1.549553924606518,0.6942414133994208,0.7536090765570145,0.0,1.0,113.54429858713586
448,right,RCA,1.0,apport,1,True,True,2.8873048490911923,3.5405564516498482,2.182697551377188,3.5405564516543495,0.9831201179520919,0.9656402094999235,0.9415874485496386,1.7171788438113333,1.549553924606518,0.6942414133994208,0.7536090765570145,0.0,1.0,113.54429858713586
448,right,RCA,1.0,origin,1,True,True,2.8873048490911923,3.5405564516498482,2.182697551377188,3.5405564516533836,0.9831201179520929,0.9656402094999235,0.9415874485496386,1.7171788438113333,1.549553924606518,0.6942414133994208,0.7536090765570145,0.0,1.0,113.54429858713586
448,right,RCA,1.0,length,1,True,True,2.8873048490911923,3.5405564516498482,2.182697551377188,3.5405564516533836,0.9831201179520929,0.9656402094999235,0.9415874485496386,1.7171788438113333,1.549553924606518,0.6942414134001564,0.7536090765570145,0.0,1.0,113.54429858713586
454,left,LAD,0.5,share,4,True,True,0.41200414615868286,0.46039472947886956,0.29088862015009503,0.4603947294788386,0.985881003632455,0.9880394504306741,0.9868012193745636,1.232277040972433,1.098594041938712,0.938359860633438,0.9437791164344568,0.0,0.0,106.52420545000903
454,left,LAD,0.5,leaf3,4,True,True,0.41200414615868286,0.4028643154958598,0.29088862015009503,0.4028643154930196,0.9865430660772013,0.9880394504306741,0.9873531814202496,1.232277040972433,1.098594041938712,0.9467930125749414,0.9437791164344568,0.0,0.0,106.52420545000903
454,left,LAD,0.5,leaf266,4,True,True,0.41200414615868286,0.39388650369392775,0.29088862015009503,0.3938865036929642,0.9866885816456885,0.9880394504306741,0.9874874172423339,1.232277040972433,1.098594041938712,0.9481264803357797,0.9437791164344568,0.0,0.0,106.52420545000903
454,left,LAD,0.5,apport,4,True,True,0.41200414615868286,0.42987831447353814,0.29088862015009503,0.4298783144708749,0.986517924316964,0.9880394504306741,0.9874056707603192,1.232277040972433,1.098594041938712,0.9431806740974277,0.9437791164344568,0.0,0.0,106.52420545000903
454,left,LAD,0.5,origin,4,True,True,0.41200414615868286,0.5082273132520789,0.29088862015009503,0.5082273132513454,0.9848818205838469,0.9880394504306741,0.9858634506690042,1.232277040972433,1.098594041938712,0.93065982439755,0.9437791164344568,0.0,0.0,106.52420545000903
454,left,LAD,0.5,length,4,True,True,0.41200414615868286,0.5823337030673142,0.29088862015009503,0.5823337030710426,0.9829446383141398,0.9880394504306741,0.984016047004637,1.232277040972433,1.098594041938712,0.9180560040108401,0.9437791164344568,0.0,0.0,106.52420545000903
454,left,LAD,0.6,share,4,True,True,0.41200414615868286,0.4590008178842383,0.29088862015009503,0.4590008178827829,0.9859006302917299,0.9880394504306741,0.9868244438398907,1.232277040972433,1.098594041938712,0.9385771387716367,0.9437791164344568,0.0,0.0,106.52420545000903
454,left,LAD,0.6,leaf3,4,True,True,0.41200414615868286,0.3666445920569707,0.29088862015009503,0.3666445920534567,0.9870871819983322,0.9880394504306741,0.9878656783275643,1.232277040972433,1.098594041938712,0.9520874338170685,0.9437791164344568,0.0,0.0,106.52420545000903
454,left,LAD,0.6,leaf266,4,True,True,0.41200414615868286,0.36182254982638223,0.29088862015009503,0.36182254982675993,0.9871682286364296,0.9880394504306741,0.9879419209135656,1.232277040972433,1.098594041938712,0.9527887143946691,0.9437791164344568,0.0,0.0,106.52420545000903
454,left,LAD,0.6,apport,4,True,True,0.41200414615868286,0.42843157390360176,0.29088862015009503,0.4284315738987362,0.986539911969658,0.9880394504306741,0.9874311680973087,1.232277040972433,1.098594041938712,0.9434036503959075,0.9437791164344568,0.0,0.0,106.52420545000903
454,left,LAD,0.6,origin,4,True,True,0.41200414615868286,0.5066952381894607,0.29088862015009503,0.5066952381821775,0.9849021657049687,0.9880394504306741,0.9858880450108425,1.232277040972433,1.098594041938712,0.930903136788877,0.9437791164344568,0.0,0.0,106.52420545000903
454,left,LAD,0.6,length,4,True,True,0.41200414615868286,0.579702097581383,0.29088862015009503,0.5797020975776547,0.9829748234703716,0.9880394504306741,0.9840567191520029,1.232277040972433,1.098594041938712,0.9184823736088122,0.9437791164344568,0.0,0.0,106.52420545000903
454,left,LAD,0.75,share,4,True,True,0.41200414615868286,0.4650136834831715,0.29088862015009503,0.4650136834833733,0.9857917269269175,0.9880394504306741,0.9867635950213679,1.232277040972433,1.098594041938712,0.9380120431981736,0.9437791164344568,0.0,0.0,85.64288322717206
454,left,LAD,0.75,leaf3,4,True,True,0.41200414615868286,0.32243052748633777,0.29088862015009503,0.32243052748545287,0.9878296040910167,0.9880394504306741,0.9885674108514866,1.232277040972433,1.098594041938712,0.9585525019756839,0.9437791164344568,0.0,0.0,85.64288322717206
454,left,LAD,0.75,leaf266,4,True,True,0.41200414615868286,0.322837677049026,0.29088862015009503,0.3228376770475696,0.9878203300416516,0.9880394504306741,0.9885582614634523,1.232277040972433,1.098594041938712,0.9584932573116924,0.9437791164344568,0.0,0.0,85.64288322717206
454,left,LAD,0.75,apport,4,True,True,0.41200414615868286,0.4333043176140611,0.29088862015009503,0.43330431760698734,0.9864526221870725,0.9880394504306741,0.9873853759156036,1.232277040972433,1.098594041938712,0.9429763938917665,0.9437791164344568,0.0,0.0,85.64288322717206
454,left,LAD,0.75,origin,4,True,True,0.41200414615868286,0.5144771458602458,0.29088862015009503,0.5144771458567421,0.9847600426219522,0.9880394504306741,0.9858054793545212,1.232277040972433,1.098594041938712,0.9301268279600468,0.9437791164344568,0.0,0.0,85.64288322717206
454,left,LAD,0.75,length,4,True,True,0.41200414615868286,0.5873298527973008,0.29088862015009503,0.5873298527911676,0.9828289764817808,0.9880394504306741,0.9839716838926351,1.232277040972433,1.098594041938712,0.9178398963797316,0.9437791164344568,0.0,0.0,85.64288322717206
454,left,LAD,0.9,share,4,True,True,0.41200414615868286,0.47052439814103714,0.29088862015009503,0.4705243981359193,0.985693638158999,0.9880394504306741,0.986181499059093,1.232277040972433,1.098594041938712,0.9332843860672724,0.9437791164344568,0.0,0.0,57.500742107877954
454,left,LAD,0.9,leaf3,4,True,True,0.41200414615868286,0.3244868021609101,0.29088862015009503,0.3244868021595598,0.9877770175374628,0.9880394504306741,0.9882702523167957,1.232277040972433,1.098594041938712,0.9566478785697929,0.9437791164344568,0.0,0.0,57.500742107877954
454,left,LAD,0.9,leaf266,4,True,True,0.41200414615868286,0.3248703417203813,0.29088862015009503,0.3248703417166307,0.9877690166875441,0.9880394504306741,0.9882619122238144,1.232277040972433,1.098594041938712,0.9565882531739613,0.9437791164344568,0.0,0.0,57.500742107877954
454,left,LAD,0.9,apport,4,True,True,0.41200414615868286,0.4380210061797424,0.29088862015009503,0.438021006177956,0.9863688375859622,0.9880394504306741,0.9868799773213562,1.232277040972433,1.098594041938712,0.9389895769863237,0.9437791164344568,0.0,0.0,57.500742107877954
454,left,LAD,0.9,origin,4,True,True,0.41200414615868286,0.521211467150847,0.29088862015009503,0.5212114671471338,0.9846402771931727,0.9880394504306741,0.9850949047669022,1.232277040972433,1.098594041938712,0.9241314012749028,0.9437791164344568,0.0,0.0,57.500742107877954
454,left,LAD,0.9,length,4,True,True,0.41200414615868286,0.5945419955501247,0.29088862015009503,0.5945419955497462,0.982701760233725,0.9880394504306741,0.9830722164680922,1.232277040972433,1.098594041938712,0.909978132872239,0.9437791164344568,0.0,0.0,57.500742107877954
454,left,LAD,1.0,share,2,True,True,0.41200414615868286,0.6693493750934265,0.29088862015009503,0.6693493750902069,0.9829774743202874,0.9880394504306741,0.9832890318965535,1.232277040972433,1.098594041938712,0.8956112807382479,0.9437791164344568,0.0,0.0,38.360821057360795
454,left,LAD,1.0,leaf3,2,True,True,0.41200414615868286,0.6546219216040084,0.29088862015009503,0.6546219216051021,0.9832518495320559,0.9880394504306741,0.9835761457933336,1.232277040972433,1.098594041938712,0.8985387240429125,0.9437791164344568,0.0,0.0,38.360821057360795
454,left,LAD,1.0,leaf266,2,True,True,0.41200414615868286,0.6547296347143605,0.29088862015009503,0.6547296347166184,0.9832498428166357,0.9880394504306741,0.9835740457449514,1.232277040972433,1.098594041938712,0.8985173670180738,0.9437791164344568,0.0,0.0,38.360821057360795
454,left,LAD,1.0,apport,2,True,True,0.41200414615868286,0.6693493750934265,0.29088862015009503,0.6693493750902069,0.9829774743202894,0.9880394504306741,0.9832890318965535,1.232277040972433,1.098594041938712,0.8956112807382925,0.9437791164344568,0.0,0.0,38.360821057360795
454,left,LAD,1.0,origin,2,True,True,0.41200414615868286,0.6668169040590075,0.29088862015009503,0.6668169040599731,0.9830246547290231,0.9880394504306741,0.9833383995617421,1.232277040972433,1.098594041938712,0.8961157029809337,0.9437791164344568,0.0,0.0,38.360821057360795
454,left,LAD,1.0,length,2,True,True,0.41200414615868286,0.6893731946117595,0.29088862015009503,0.6893731946163041,0.9826044268191713,0.9880394504306741,0.9828987371043696,1.232277040972433,1.098594041938712,0.8916086403462838,0.9437791164344568,0.0,0.0,38.360821057360795
454,right,RCA,0.5,share,2,True,True,1.191635326024144,1.2829932061469287,1.0832229826994688,1.2829932061448717,0.9814589575673535,0.9790510063183776,0.9783335100358328,1.2812713231838115,1.2360533963133655,0.8106137341025864,0.8147308037724232,1.0,1.0,128.49317336611878
454,right,RCA,0.5,leaf3,2,True,True,1.191635326024144,1.282993206148084,1.0832229826994688,1.2829932061456177,0.981458957567348,0.9790510063183776,0.9783816916336769,1.2812713231838115,1.2360533963133655,0.8111682506905928,0.8147308037724232,1.0,1.0,128.49317336611878
454,right,RCA,0.5,leaf266,2,True,True,1.191635326024144,1.282993206148084,1.0832229826994688,1.2829932061456177,0.9814589575673481,0.9790510063183776,0.9783761247303258,1.2812713231838115,1.2360533963133655,0.8111060796022668,0.8147308037724232,1.0,1.0,128.49317336611878
454,right,RCA,0.5,apport,2,True,True,1.191635326024144,1.2829932061469287,1.0832229826994688,1.2829932061448717,0.9814589575673568,0.9790510063183776,0.9783454554832075,1.2812713231838115,1.2360533963133655,0.8107561043519675,0.8147308037724232,1.0,1.0,128.49317336611878
454,right,RCA,0.5,origin,2,True,True,1.191635326024144,1.2829932061469287,1.0832229826994688,1.2829932061448717,0.9814589575673535,0.9790510063183776,0.9783335100358328,1.2812713231838115,1.2360533963133655,0.8106137341025864,0.8147308037724232,1.0,1.0,128.49317336611878
454,right,RCA,0.5,length,2,True,True,1.191635326024144,1.282993206148084,1.0832229826994688,1.2829932061448717,0.9814589575673504,0.9790510063183776,0.9785051221531307,1.2812713231838115,1.2360533963133655,0.8125047343411528,0.8147308037724232,1.0,1.0,128.49317336611878
454,right,RCA,0.6,share,2,True,True,1.191635326024144,1.282993206148084,1.0832229826994688,1.2829932061456177,0.9814589575673485,0.9790510063183776,0.9782940425238179,1.2812713231838115,1.2360533963133655,0.8101932060096163,0.8147308037724232,1.0,1.0,126.31447814121508
454,right,RCA,0.6,leaf3,2,True,True,1.191635326024144,1.28299320615155,1.0832229826994688,1.2829932061486016,0.9814589575672966,0.9790510063183776,0.9783224323452895,1.2812713231838115,1.2360533963133655,0.8105240647731837,0.8147308037724232,1.0,1.0,126.31447814121508
454,right,RCA,0.6,leaf266,2,True,True,1.191635326024144,1.282993206148084,1.0832229826994688,1.2829932061463634,0.981458957567338,0.9790510063183776,0.9783198702153031,1.2812713231838115,1.2360533963133655,0.8104948591285117,0.8147308037724232,1.0,1.0,126.31447814121508
454,right,RCA,0.6,apport,2,True,True,1.191635326024144,1.2829932061457732,1.0832229826994688,1.2829932061433795,0.9814589575673751,0.9790510063183776,0.9783017569189675,1.2812713231838115,1.2360533963133655,0.8102850683926117,0.8147308037724232,1.0,1.0,126.31447814121508
454,right,RCA,0.6,origin,2,True,True,1.191635326024144,1.282993206148084,1.0832229826994688,1.2829932061456177,0.9814589575673476,0.9790510063183776,0.9782940425238179,1.2812713231838115,1.2360533963133655,0.8101932060096163,0.8147308037724232,1.0,1.0,126.31447814121508
454,right,RCA,0.6,length,2,True,True,1.191635326024144,1.282993206148084,1.0832229826994688,1.2829932061456177,0.9814589575673477,0.9790510063183776,0.9784768323662716,1.2812713231838115,1.2360533963133655,0.8122060402727629,0.8147308037724232,1.0,1.0,126.31447814121508
454,right,RCA,0.75,share,2,True,True,1.191635326024144,1.282993206148084,1.0832229826994688,1.2829932061456177,0.9814589575673476,0.9790510063183776,0.9777807459430305,1.2812713231838115,1.2360533963133655,0.8048148028268105,0.8147308037724232,1.0,1.0,106.71448674901416
454,right,RCA,0.75,leaf3,2,True,True,1.191635326024144,1.2829932061469287,1.0832229826994688,1.2829932061441256,0.9814589575673685,0.9790510063183776,0.9777769210927695,1.2812713231838115,1.2360533963133655,0.8047857792101369,0.8147308037724232,1.0,1.0,106.71448674901416
454,right,RCA,0.75,leaf266,2,True,True,1.191635326024144,1.282993206148084,1.0832229826994688,1.2829932061456177,0.9814589575673491,0.9790510063183776,0.977776906952821,1.2812713231838115,1.2360533963133655,0.8047856752884989,0.8147308037724232,1.0,1.0,106.71448674901416
454,right,RCA,0.75,apport,2,True,True,1.191635326024144,1.2829932061469287,1.0832229826994688,1.2829932061441256,0.9814589575673633,0.9790510063183776,0.9777794701797754,1.2812713231838115,1.2360533963133655,0.8048049491794417,0.8147308037724232,1.0,1.0,106.71448674901416
454,right,RCA,0.75,origin,2,True,True,1.191635326024144,1.282993206148084,1.0832229826994688,1.2829932061456177,0.9814589575673491,0.9790510063183776,0.9777807459430305,1.2812713231838115,1.2360533963133655,0.8048148028268105,0.8147308037724232,1.0,1.0,106.71448674901416
454,right,RCA,0.75,length,2,True,True,1.191635326024144,1.2829932061492393,1.0832229826994688,1.2829932061471094,0.9814589575673278,0.9790510063183776,0.9778002650439629,1.2812713231838115,1.2360533963133655,0.8050990070121664,0.8147308037724232,1.0,1.0,106.71448674901416
454,right,RCA,0.9,share,2,True,True,1.191635326024144,1.2829932061492393,1.0832229826994688,1.2829932061471094,0.981458957567323,0.9790510063183776,0.9769560917007999,1.2812713231838115,1.2360533963133655,0.7967696712914653,0.8147308037724232,1.0,1.0,86.94948989474948
454,right,RCA,0.9,leaf3,2,True,True,1.191635326024144,1.2829932061446179,1.0832229826994688,1.2829932061418876,0.9814589575673971,0.9790510063183776,0.9769585529087152,1.2812713231838115,1.2360533963133655,0.7967951131233241,0.8147308037724232,1.0,1.0,86.94948989474948
454,right,RCA,0.9,leaf266,2,True,True,1.191635326024144,1.2829932061457732,1.0832229826994688,1.2829932061433795,0.9814589575673778,0.9790510063183776,0.9769585440815568,1.2812713231838115,1.2360533963133655,0.7967950218756469,0.8147308037724232,1.0,1.0,86.94948989474948
454,right,RCA,0.9,apport,2,True,True,1.191635326024144,1.2829932061469287,1.0832229826994688,1.2829932061448717,0.981458957567358,0.9790510063183776,0.9769568461900535,1.2812713231838115,1.2360533963133655,0.7967774704866724,0.8147308037724232,1.0,1.0,86.94948989474948
454,right,RCA,0.9,origin,2,True,True,1.191635326024144,1.2829932061457732,1.0832229826994688,1.2829932061433795,0.9814589575673804,0.9790510063183776,0.9769560917007999,1.2812713231838115,1.2360533963133655,0.7967696712914653,0.8147308037724232,1.0,1.0,86.94948989474948
454,right,RCA,0.9,length,2,True,True,1.191635326024144,1.282993206148084,1.0832229826994688,1.2829932061456177,0.9814589575673459,0.9790510063183776,0.9769928542146379,1.2812713231838115,1.2360533963133655,0.7971497485919172,0.8147308037724232,1.0,1.0,86.94948989474948
454,right,RCA,1.0,share,1,True,True,1.191635326024144,1.282993206148084,1.0832229826994688,1.2829932061448717,0.9814589575673512,0.9790510063183776,0.9768631633396239,1.2812713231838115,1.2360533963133655,0.7958094711977497,0.8147308037724232,0.0,1.0,76.36685240844561
454,right,RCA,1.0,leaf3,1,True,True,1.191635326024144,1.282993206148084,1.0832229826994688,1.2829932061448717,0.9814589575673512,0.9790510063183776,0.9768631633396239,1.2812713231838115,1.2360533963133655,0.7958094711977497,0.8147308037724232,0.0,1.0,76.36685240844561
454,right,RCA,1.0,leaf266,1,True,True,1.191635326024144,1.282993206148084,1.0832229826994688,1.2829932061456177,0.9814589575673431,0.9790510063183776,0.9768631633396138,1.2812713231838115,1.2360533963133655,0.795809471197064,0.8147308037724232,0.0,1.0,76.36685240844561
454,right,RCA,1.0,apport,1,True,True,1.191635326024144,1.282993206148084,1.0832229826994688,1.2829932061456177,0.9814589575673431,0.9790510063183776,0.9768631633396138,1.2812713231838115,1.2360533963133655,0.795809471197064,0.8147308037724232,0.0,1.0,76.36685240844561
454,right,RCA,1.0,origin,1,True,True,1.191635326024144,1.282993206148084,1.0832229826994688,1.2829932061448717,0.9814589575673512,0.9790510063183776,0.9768631633396239,1.2812713231838115,1.2360533963133655,0.7958094711977497,0.8147308037724232,0.0,1.0,76.36685240844561
454,right,RCA,1.0,length,1,True,True,1.191635326024144,1.282993206148084,1.0832229826994688,1.2829932061448717,0.9814589575673512,0.9790510063183776,0.9768631633396239,1.2812713231838115,1.2360533963133655,0.7958094711977497,0.8147308037724232,0.0,1.0,76.36685240844561
461,left,LAD,0.5,share,6,True,True,2.059280478021731,2.6429332961210767,1.3867491334241187,2.6429332961375898,0.9864860767861959,0.9896801231873965,0.9871812095997791,1.806164332822676,1.4598092563017253,0.8343947717432202,0.8659944608921007,2.0,2.0,133.019704261972
461,left,LCX,0.5,share,6,True,True,0.5712983372489934,0.8077294123837191,0.11052052563399525,0.2478984084054204,0.981503964720368,0.9866602241772559,0.97925645321863,1.2802712425890777,0.7730136376440919,0.8812450317710122,0.9253865306441541,2.0,2.0,46.58147692642384
461,left,LAD,0.5,leaf3,6,True,True,2.059280478021731,1.5210654125389924,1.3867491334241187,1.5210654125457475,0.9914334179768971,0.9896801231873965,0.9915418717929291,1.806164332822676,1.4598092563017253,0.9179619285843235,0.8659944608921007,2.0,2.0,133.019704261972
461,left,LCX,0.5,leaf3,6,True,True,0.5712983372489934,1.9295972959686878,0.11052052563399525,0.45796250790761356,0.953184778153977,0.9866602241772559,0.9485907501498217,1.2802712425890777,0.7730136376440919,0.677364414333784,0.9253865306441541,2.0,2.0,46.58147692642384
461,left,LAD,0.5,leaf266,6,True,True,2.059280478021731,1.5442101825761254,1.3867491334241187,1.5442101826008507,0.9913313515252103,0.9896801231873965,0.9914503404394613,1.806164332822676,1.4598092563017253,0.916324954824853,0.8659944608921007,2.0,2.0,133.019704261972
461,left,LCX,0.5,leaf266,6,True,True,0.5712983372489934,1.9064525259134304,0.11052052563399525,0.4708948966128639,0.9536786520786389,0.9866602241772559,0.949023525964057,1.2802712425890777,0.7730136376440919,0.6808636985081596,0.9253865306441541,2.0,2.0,46.58147692642384
461,left,LAD,0.5,apport,6,True,True,2.059280478021731,2.7068995160840177,1.3867491334241187,2.7068995160891443,0.9862039912398682,0.9896801231873965,0.9868553345599833,1.806164332822676,1.4598092563017253,0.8282923416569672,0.8659944608921007,2.0,2.0,133.019704261972
461,left,LCX,0.5,apport,6,True,True,0.5712983372489934,0.7437631924386979,0.11052052563399525,0.21903647035994134,0.9814544120587161,0.9866602241772559,0.9794196466101461,1.2802712425890777,0.7730136376440919,0.8917657010533153,0.9253865306441541,2.0,2.0,46.58147692642384
461,left,LAD,0.5,origin,6,True,True,2.059280478021731,2.2347400792598116,1.3867491334241187,2.2347400792858947,0.9882861738787956,0.9896801231873965,0.9894554561019395,1.806164332822676,1.4598092563017253,0.8769465944304631,0.8659944608921007,2.0,2.0,133.019704261972
461,left,LCX,0.5,origin,6,True,True,0.5712983372489934,1.2159226292705438,0.11052052563399525,0.3962554036453041,0.9721270702414744,0.9866602241772559,0.9686063598043553,1.2802712425890777,0.7730136376440919,0.8030725688033269,0.9253865306441541,2.0,2.0,46.58147692642384
461,left,LAD,0.5,length,6,True,True,2.059280478021731,1.9639681354454854,1.3867491334241187,1.9639681354555287,0.989480254938227,0.9896801231873965,0.9896241245239333,1.806164332822676,1.4598092563017253,0.8827437058363455,0.8659944608921007,2.0,2.0,133.019704261972
461,left,LCX,0.5,length,6,True,True,0.5712983372489934,1.4866945730465657,0.11052052563399525,0.4254576309434342,0.9705717309152876,0.9866602241772559,0.9666316955536667,1.2802712425890777,0.7730136376440919,0.7583888930574243,0.9253865306441541,2.0,2.0,46.58147692642384
461,left,LAD,0.6,share,6,True,True,2.059280478021731,2.6596773652614845,1.3867491334241187,2.659677365287604,0.9864122368766841,0.9896801231873965,0.9871257030587903,1.806164332822676,1.4598092563017253,0.8332818160635996,0.8659944608921007,2.0,2.0,133.019704261972
461,left,LCX,0.6,share,6,True,True,0.5712983372489934,0.7909853432310442,0.11052052563399525,0.24487774859203998,0.9818225075337296,0.9866602241772559,0.9795655233122876,1.2802712425890777,0.7730136376440919,0.8841216713000822,0.9253865306441541,2.0,2.0,38.769643232506176
461,left,LAD,0.6,leaf3,6,True,True,2.059280478021731,1.6768863607177968,1.3867491334241187,1.676886360739699,0.9907462609536744,0.9896801231873965,0.9909809837101087,1.806164332822676,1.4598092563017253,0.9077049092840556,0.8659944608921007,2.0,2.0,133.019704261972
461,left,LCX,0.6,leaf3,6,True,True,0.5712983372489934,1.7737763477922457,0.11052052563399525,0.5489977877273687,0.955307461881078,0.9866602241772559,0.9500859071579651,1.2802712425890777,0.7730136376440919,0.6996693284237734,0.9253865306441541,2.0,2.0,38.769643232506176
461,left,LAD,0.6,leaf266,6,True,True,2.059280478021731,1.6837314968720185,1.3867491334241187,1.6837314968961437,0.9907160744900899,0.9896801231873965,0.9909534715781729,1.806164332822676,1.4598092563017253,0.9072005301665325,0.8659944608921007,2.0,2.0,133.019704261972
461,left,LCX,0.6,leaf266,6,True,True,0.5712983372489934,1.766931211651954,0.11052052563399525,0.55258284761007,0.9555482210355866,0.9866602241772559,0.9503088109895489,1.2802712425890777,0.7730136376440919,0.7008230268591102,0.9253865306441541,2.0,2.0,38.769643232506176
461,left,LAD,0.6,apport,6,True,True,2.059280478021731,2.741466797822309,1.3867491334241187,2.7414667978348133,0.9860515524908079,0.9896801231873965,0.9868798059532483,1.806164332822676,1.4598092563017253,0.8281874297482485,0.8659944608921007,2.0,2.0,133.019704261972
461,left,LCX,0.6,apport,6,True,True,0.5712983372489934,0.7091959106867054,0.11052052563399525,0.23162192753996574,0.9819746886886208,0.9866602241772559,0.9798821595079633,1.2802712425890777,0.7730136376440919,0.8976715597666907,0.9253865306441541,2.0,2.0,38.769643232506176
461,left,LAD,0.6,origin,6,True,True,2.059280478021731,2.2495726081557,1.3867491334241187,2.24957260815496,0.9882207636979198,0.9896801231873965,0.9894517463487308,1.806164332822676,1.4598092563017253,0.8767700458869183,0.8659944608921007,2.0,2.0,133.019704261972
461,left,LCX,0.6,origin,6,True,True,0.5712983372489934,1.2010901003492127,0.11052052563399525,0.39724417322103317,0.9723657606303261,0.9866602241772559,0.9687323336151774,1.2802712425890777,0.7730136376440919,0.8051706449820173,0.9253865306441541,2.0,2.0,38.769643232506176
461,left,LAD,0.6,length,6,True,True,2.059280478021731,1.966102143889576,1.3867491334241187,1.966102143884689,0.9894708441439101,0.9896801231873965,0.9896109934544608,1.806164332822676,1.4598092563017253,0.8825230857745702,0.8659944608921007,2.0,2.0,133.019704261972
461,left,LCX,0.6,length,6,True,True,0.5712983372489934,1.4845605645834958,0.11052052563399525,0.4304030251692969,0.9705316827863859,0.9866602241772559,0.9664180561076054,1.2802712425890777,0.7730136376440919,0.7580463434874762,0.9253865306441541,2.0,2.0,38.769643232506176
461,left,LAD,0.75,share,5,True,True,2.059280478021731,2.6949278078706627,1.3867491334241187,2.6949278078810246,0.9862567854468175,0.9896801231873965,0.9865600851369428,1.806164332822676,1.4598092563017253,0.8231678872089184,0.8659944608921007,2.0,2.0,94.75430503100252
461,left,LCX,0.75,share,5,True,True,0.5712983372489934,0.7557349005921092,0.11052052563399525,0.38306273948864344,0.9816946238634434,0.9866602241772559,0.978641233841659,1.2802712425890777,0.7730136376440919,0.8891706267389965,0.9253865306441541,1.0,2.0,22.556750438124908
461,left,LAD,0.75,leaf3,5,True,True,2.059280478021731,2.0656385873439604,1.3867491334241187,2.0656385873437495,0.9890318969613678,0.9896801231873965,0.9892187059935919,1.806164332822676,1.4598092563017253,0.874744664168893,0.8659944608921007,2.0,2.0,94.75430503100252
461,left,LCX,0.75,leaf3,5,True,True,0.5712983372489934,1.385024121164516,0.11052052563399525,0.7006304478179634,0.9680351912572457,0.9866602241772559,0.962438592526876,1.2802712425890777,0.7730136376440919,0.7700728831304808,0.9253865306441541,1.0,2.0,22.556750438124908
461,left,LAD,0.75,leaf266,5,True,True,2.059280478021731,2.0659703390758497,1.3867491334241187,2.0659703390779853,0.9890304339646555,0.9896801231873965,0.9892175307351598,1.806164332822676,1.4598092563017253,0.8747214816661606,0.8659944608921007,2.0,2.0,94.75430503100252
461,left,LCX,0.75,leaf266,5,True,True,0.5712983372489934,1.3846923694510895,0.11052052563399525,0.700473698500746,0.9680421233192307,0.9866602241772559,0.9624467570071215,1.2802712425890777,0.7730136376440919,0.7701330229381623,0.9253865306441541,1.0,2.0,22.556750438124908
461,left,LAD,0.75,apport,5,True,True,2.059280478021731,2.8368149708553028,1.3867491334241187,2.836814970870973,0.9856310752217534,0.9896801231873965,0.9860917827648747,1.806164332822676,1.4598092563017253,0.8136442178788105,0.8659944608921007,2.0,2.0,94.75430503100252
461,left,LCX,0.75,apport,5,True,True,0.5712983372489934,0.6138477376561257,0.11052052563399525,0.30989935477085534,0.9848137986862575,0.9866602241772559,0.9823904936128225,1.2802712425890777,0.7730136376440919,0.9152987015813404,0.9253865306441541,1.0,2.0,22.556750438124908
461,left,LAD,0.75,origin,5,True,True,2.059280478021731,2.428205913737988,1.3867491334241187,2.4282059137265675,0.9874330061343027,0.9896801231873965,0.9885887417583669,1.806164332822676,1.4598092563017253,0.8600309739799973,0.8659944608921007,2.0,2.0,94.75430503100252
461,left,LCX,0.75,origin,5,True,True,0.5712983372489934,1.0224567947627825,0.11052052563399525,0.4244317197739854,0.9782559498869127,0.9866602241772559,0.9747431997963182,1.2802712425890777,0.7730136376440919,0.8409613415848812,0.9253865306441541,1.0,2.0,22.556750438124908
461,left,LAD,0.75,length,5,True,True,2.059280478021731,2.081256976029753,1.3867491334241187,2.081256976041822,0.9889630212062256,0.9896801231873965,0.9888237940009075,1.806164332822676,1.4598092563017253,0.8680718218301289,0.8659944608921007,2.0,2.0,94.75430503100252
461,left,LCX,0.75,length,5,True,True,0.5712983372489934,1.369405732488506,0.11052052563399525,0.4209468762530801,0.9752277132449066,0.9866602241772559,0.9713175664591832,1.2802712425890777,0.7730136376440919,0.7805173397958095,0.9253865306441541,1.0,2.0,22.556750438124908
461,left,LAD,0.9,share,4,True,True,2.059280478021731,2.704583868943032,1.3867491334241187,2.7045838689555426,0.9862142030452199,0.9896801231873965,0.9857135176199595,1.806164332822676,1.4598092563017253,0.8092137722615786,0.8659944608921007,1.0,2.0,52.458422647224914
461,left,LCX,0.9,share,4,False,True,0.5712983372489934,0.7460788395601088,0.11052052563399525,,,0.9866602241772559,,1.2802712425890777,0.7730136376440919,,,,,
461,left,LAD,0.9,leaf3,4,True,True,2.059280478021731,1.722387864030126,1.3867491334241187,1.7223878640452304,0.9905456032248491,0.9896801231873965,0.9904042952998462,1.806164332822676,1.4598092563017253,0.8979971540813839,0.8659944608921007,1.0,2.0,52.458422647224914
461,left,LCX,0.9,leaf3,4,False,True,0.5712983372489934,1.7282748444440932,0.11052052563399525,,,0.9866602241772559,,1.2802712425890777,0.7730136376440919,,,,,
461,left,LAD,0.9,leaf266,4,True,True,2.059280478021731,1.7223892843759305,1.3867491334241187,1.7223892843892459,0.9905455969612661,0.9896801231873965,0.9904039461672668,1.806164332822676,1.4598092563017253,0.8979915932973533,0.8659944608921007,1.0,2.0,52.458422647224914
461,left,LCX,0.9,leaf266,4,False,True,0.5712983372489934,1.72827342411171,0.11052052563399525,,,0.9866602241772559,,1.2802712425890777,0.7730136376440919,,,,,
461,left,LAD,0.9,apport,4,True,True,2.059280478021731,2.8334325282603268,1.3867491334241187,2.8334325282747432,0.9856459915036242,0.9896801231873965,0.9853480761496645,1.806164332822676,1.4598092563017253,0.8014725021184624,0.8659944608921007,1.0,2.0,52.458422647224914
461,left,LCX,0.9,apport,4,False,True,0.5712983372489934,0.6172301802507153,0.11052052563399525,,,0.9866602241772559,,1.2802712425890777,0.7730136376440919,,,,,
461,left,LAD,0.9,origin,4,True,True,2.059280478021731,2.114786345421725,1.3867491334241187,2.114786345438167,0.9888151595615937,0.9896801231873965,0.9889838718493427,1.806164332822676,1.4598092563017253,0.8701317437295549,0.8659944608921007,1.0,2.0,52.458422647224914
461,left,LCX,0.9,origin,4,False,True,0.5712983372489934,1.3358763630748534,0.11052052563399525,,,0.9866602241772559,,1.2802712425890777,0.7730136376440919,,,,,
461,left,LAD,0.9,length,4,True,True,2.059280478021731,1.6445913437111697,1.3867491334241187,1.6445913437279895,0.9908886792100808,0.9896801231873965,0.9905912701752942,1.806164332822676,1.4598092563017253,0.9018547662655246,0.8659944608921007,1.0,2.0,52.458422647224914
461,left,LCX,0.9,length,4,False,True,0.5712983372489934,1.8060713648059021,0.11052052563399525,,,0.9866602241772559,,1.2802712425890777,0.7730136376440919,,,,,
461,left,LAD,1.0,share,3,True,True,2.059280478021731,2.714330754823368,1.3867491334241187,2.714330754826413,0.986171220114135,0.9896801231873965,0.9855682059488093,1.806164332822676,1.4598092563017253,0.8068143646299567,0.8659944608921007,1.0,2.0,43.027158481064255
461,left,LCX,1.0,share,3,False,True,0.5712983372489934,0.736331953716406,0.11052052563399525,,,0.9866602241772559,,1.2802712425890777,0.7730136376440919,,,,,
461,left,LAD,1.0,leaf3,3,True,True,2.059280478021731,1.8060460909158658,1.3867491334241187,1.80604609091879,0.9901766776161727,0.9896801231873965,0.9898917195394543,1.806164332822676,1.4598092563017253,0.8887987760862915,0.8659944608921007,1.0,2.0,43.027158481064255
461,left,LCX,1.0,leaf3,3,False,True,0.5712983372489934,1.64461661757723,0.11052052563399525,,,0.9866602241772559,,1.2802712425890777,0.7730136376440919,,,,,
461,left,LAD,1.0,leaf266,3,True,True,2.059280478021731,1.8636638461170039,1.3867491334241187,1.8636638461367032,0.9899225882551766,0.9896801231873965,0.9896261412334972,1.806164332822676,1.4598092563017253,0.8838159690650151,0.8659944608921007,1.0,2.0,43.027158481064255
461,left,LCX,1.0,leaf266,3,False,True,0.5712983372489934,1.5869988623752522,0.11052052563399525,,,0.9866602241772559,,1.2802712425890777,0.7730136376440919,,,,,
461,left,LAD,1.0,apport,3,True,True,2.059280478021731,2.84030130114325,1.3867491334241187,2.840301301155996,0.9856157008040871,0.9896801231873965,0.9850658018787575,1.806164332822676,1.4598092563017253,0.7970663630135373,0.8659944608921007,1.0,2.0,43.027158481064255
461,left,LCX,1.0,apport,3,False,True,0.5712983372489934,0.610361407341692,0.11052052563399525,,,0.9866602241772559,,1.2802712425890777,0.7730136376440919,,,,,
461,left,LAD,1.0,origin,3,True,True,2.059280478021731,2.363656155778116,1.3867491334241187,2.3636561557764244,0.9877176650331602,0.9896801231873965,0.9872097976157641,1.806164332822676,1.4598092563017253,0.8380180847170126,0.8659944608921007,1.0,2.0,43.027158481064255
461,left,LCX,1.0,origin,3,False,True,0.5712983372489934,1.087006552713029,0.11052052563399525,,,0.9866602241772559,,1.2802712425890777,0.7730136376440919,,,,,
461,left,LAD,1.0,length,3,True,True,2.059280478021731,1.833968082585911,1.3867491334241187,1.8339680825760571,0.9900535440266657,0.9896801231873965,0.9896760080900897,1.806164332822676,1.4598092563017253,0.8849840260452614,0.8659944608921007,1.0,2.0,43.027158481064255
461,left,LCX,1.0,length,3,False,True,0.5712983372489934,1.616694625919778,0.11052052563399525,,,0.9866602241772559,,1.2802712425890777,0.7730136376440919,,,,,
461,right,RCA,0.5,share,2,True,True,2.9096043363498607,3.426938439639247,2.336944103543078,3.4269384396645823,0.9846609126073548,0.9858304636158269,0.9906994539070032,1.7316995618204891,1.6114828127902716,0.8717439445088715,0.7704326876014861,1.0,1.0,221.79602844065855
461,right,RCA,0.5,leaf3,2,True,True,2.9096043363498607,3.426938439639247,2.336944103543078,3.4269384396645823,0.9846609126073548,0.9858304636158269,0.9903254452458873,1.7316995618204891,1.6114828127902716,0.8643851803219441,0.7704326876014861,1.0,1.0,221.79602844065855
461,right,RCA,0.5,leaf266,2,True,True,2.9096043363498607,3.426938439643517,2.336944103543078,3.4269384396689735,0.9846609126073387,0.9858304636158269,0.9903079776957369,1.7316995618204891,1.6114828127902716,0.8640392895990276,0.7704326876014861,1.0,1.0,221.79602844065855
461,right,RCA,0.5,apport,2,True,True,2.9096043363498607,3.426938439634977,2.336944103543078,3.426938439657996,0.9846609126073886,0.9858304636158269,0.9904517030941679,1.7316995618204891,1.6114828127902716,0.866879048065769,0.7704326876014861,1.0,1.0,221.79602844065855
461,right,RCA,0.5,origin,2,True,True,2.9096043363498607,3.426938439639247,2.336944103543078,3.4269384396645823,0.9846609126073548,0.9858304636158269,0.9906994539070031,1.7316995618204891,1.6114828127902716,0.871743944506704,0.7704326876014861,1.0,1.0,221.79602844065855
461,right,RCA,0.5,length,2,True,True,2.9096043363498607,3.426938439639247,2.336944103543078,3.4269384396645823,0.9846609126073542,0.9858304636158269,0.9905696076957404,1.7316995618204891,1.6114828127902716,0.8691987973521568,0.7704326876014861,1.0,1.0,221.79602844065855
461,right,RCA,0.6,share,2,True,True,2.9096043363498607,3.426938439634977,2.336944103543078,3.4269384396558005,0.9846609126073906,0.9858304636158269,0.9906770848467563,1.7316995618204891,1.6114828127902716,0.8713075680390431,0.7704326876014861,1.0,1.0,221.79602844065855
461,right,RCA,0.6,leaf3,2,True,True,2.9096043363498607,3.426938439639247,2.336944103543078,3.4269384396645823,0.9846609126073546,0.9858304636158269,0.9902772311621191,1.7316995618204891,1.6114828127902716,0.8634319794933901,0.7704326876014861,1.0,1.0,221.79602844065855
461,right,RCA,0.6,leaf266,2,True,True,2.9096043363498607,3.426938439643517,2.336944103543078,3.426938439666778,0.9846609126073401,0.9858304636158269,0.9902642433878605,1.7316995618204891,1.6114828127902716,0.8631743520615529,0.7704326876014861,1.0,1.0,221.79602844065855
461,right,RCA,0.6,apport,2,True,True,2.9096043363498607,3.426938439639247,2.336944103543078,3.4269384396645823,0.9846609126073546,0.9858304636158269,0.9904083867306933,1.7316995618204891,1.6114828127902716,0.8660264968197376,0.7704326876014861,1.0,1.0,221.79602844065855
461,right,RCA,0.6,origin,2,True,True,2.9096043363498607,3.426938439634977,2.336944103543078,3.4269384396558005,0.9846609126073906,0.9858304636158269,0.9906770848467563,1.7316995618204891,1.6114828127902716,0.8713075680396669,0.7704326876014861,1.0,1.0,221.79602844065855
461,right,RCA,0.6,length,2,True,True,2.9096043363498607,3.426938439639247,2.336944103543078,3.4269384396645823,0.9846609126073542,0.9858304636158269,0.9905476234303575,1.7316995618204891,1.6114828127902716,0.8687684937155256,0.7704326876014861,1.0,1.0,221.79602844065855
461,right,RCA,0.75,share,2,True,True,2.9096043363498607,3.426938439639247,2.336944103543078,3.4269384396645823,0.984660912607359,0.9858304636158269,0.9898714371378518,1.7316995618204891,1.6114828127902716,0.8546790895349993,0.7704326876014861,1.0,1.0,197.11687646418773
461,right,RCA,0.75,leaf3,2,True,True,2.9096043363498607,3.426938439643517,2.336944103543078,3.4269384396645823,0.984660912607354,0.9858304636158269,0.9891656881442495,1.7316995618204891,1.6114828127902716,0.8406293941806805,0.7704326876014861,1.0,1.0,197.11687646418773
461,right,RCA,0.75,leaf266,2,True,True,2.9096043363498607,3.426938439639247,2.336944103543078,3.4269384396645823,0.9846609126073544,0.9858304636158269,0.9891656872926878,1.7316995618204891,1.6114828127902716,0.8406293770919271,0.7704326876014861,1.0,1.0,197.11687646418773
461,right,RCA,0.75,apport,2,True,True,2.9096043363498607,3.426938439639247,2.336944103543078,3.4269384396645823,0.9846609126073548,0.9858304636158269,0.9893475559485171,1.7316995618204891,1.6114828127902716,0.8442676527031342,0.7704326876014861,1.0,1.0,197.11687646418773
461,right,RCA,0.75,origin,2,True,True,2.9096043363498607,3.426938439639247,2.336944103543078,3.4269384396645823,0.984660912607359,0.9858304636158269,0.9898714371378515,1.7316995618204891,1.6114828127902716,0.8546790895360775,0.7704326876014861,1.0,1.0,197.11687646418773
461,right,RCA,0.75,length,2,True,True,2.9096043363498607,3.426938439643517,2.336944103543078,3.4269384396689735,0.9846609126073373,0.9858304636158269,0.989672279891357,1.7316995618204891,1.6114828127902716,0.8507317962702137,0.7704326876014861,1.0,1.0,197.11687646418773
461,right,RCA,0.9,share,1,True,True,2.9096043363498607,3.426938439639247,2.336944103543078,3.4269384396645823,0.9846609126073542,0.9858304636158269,0.9850865628934659,1.7316995618204891,1.6114828127902716,0.7633694871369756,0.7704326876014861,0.0,1.0,158.4524721019114
461,right,RCA,0.9,leaf3,1,True,True,2.9096043363498607,3.426938439639247,2.336944103543078,3.4269384396645823,0.9846609126073554,0.9858304636158269,0.9850865628934659,1.7316995618204891,1.6114828127902716,0.7633694871369756,0.7704326876014861,0.0,1.0,158.4524721019114
461,right,RCA,0.9,leaf266,1,True,True,2.9096043363498607,3.426938439639247,2.336944103543078,3.4269384396645823,0.9846609126073542,0.9858304636158269,0.9850865628934659,1.7316995618204891,1.6114828127902716,0.7633694871369756,0.7704326876014861,0.0,1.0,158.4524721019114
461,right,RCA,0.9,apport,1,True,True,2.9096043363498607,3.426938439639247,2.336944103543078,3.4269384396645823,0.9846609126073542,0.9858304636158269,0.9850865628934659,1.7316995618204891,1.6114828127902716,0.7633694871369756,0.7704326876014861,0.0,1.0,158.4524721019114
461,right,RCA,0.9,origin,1,True,True,2.9096043363498607,3.426938439639247,2.336944103543078,3.4269384396645823,0.9846609126073554,0.9858304636158269,0.9850865628934659,1.7316995618204891,1.6114828127902716,0.7633694871369756,0.7704326876014861,0.0,1.0,158.4524721019114
461,right,RCA,0.9,length,1,True,True,2.9096043363498607,3.426938439639247,2.336944103543078,3.4269384396645823,0.9846609126073554,0.9858304636158269,0.9850865628934659,1.7316995618204891,1.6114828127902716,0.7633694871357627,0.7704326876014861,0.0,1.0,158.4524721019114
461,right,RCA,1.0,share,1,True,True,2.9096043363498607,3.426938439639247,2.336944103543078,3.4269384396645823,0.9846609126073548,0.9858304636158269,0.9825441548233947,1.7316995618204891,1.6114828127902716,0.7251261973133925,0.7704326876014861,0.0,1.0,132.7260493417969
461,right,RCA,1.0,leaf3,1,True,True,2.9096043363498607,3.426938439643517,2.336944103543078,3.4269384396645823,0.9846609126073538,0.9858304636158269,0.9825441548233947,1.7316995618204891,1.6114828127902716,0.7251261973133925,0.7704326876014861,0.0,1.0,132.7260493417969
461,right,RCA,1.0,leaf266,1,True,True,2.9096043363498607,3.426938439639247,2.336944103543078,3.4269384396645823,0.9846609126073548,0.9858304636158269,0.9825441548233947,1.7316995618204891,1.6114828127902716,0.7251261973133925,0.7704326876014861,0.0,1.0,132.7260493417969
461,right,RCA,1.0,apport,1,True,True,2.9096043363498607,3.426938439643517,2.336944103543078,3.4269384396645823,0.9846609126073538,0.9858304636158269,0.9825441548233947,1.7316995618204891,1.6114828127902716,0.7251261973133925,0.7704326876014861,0.0,1.0,132.7260493417969
461,right,RCA,1.0,origin,1,True,True,2.9096043363498607,3.426938439643517,2.336944103543078,3.4269384396645823,0.9846609126073538,0.9858304636158269,0.9825441548233947,1.7316995618204891,1.6114828127902716,0.7251261973133925,0.7704326876014861,0.0,1.0,132.7260493417969
461,right,RCA,1.0,length,1,True,True,2.9096043363498607,3.426938439643517,2.336944103543078,3.4269384396645823,0.9846609126073538,0.9858304636158269,0.9825441548233947,1.7316995618204891,1.6114828127902716,0.7251261973132412,0.7704326876014861,0.0,1.0,132.7260493417969
465,left,LAD,0.5,share,6,True,True,0.623849669211948,0.6403363422489935,0.18419981734524862,0.27159096173503383,0.9749078966074307,0.9759578513236136,0.9742664574595118,1.002899553422531,0.8457631974900041,0.819558604729184,0.8224526998442375,1.0,1.0,118.20584967028577
465,left,LAD,0.5,leaf3,6,True,True,0.623849669211948,0.6113179814334461,0.18419981734524862,0.2083100551255506,0.9779709609212456,0.9759578513236136,0.9775345200283414,1.002899553422531,0.8457631974900041,0.8300850778739971,0.8224526998442375,1.0,1.0,118.20584967028577
465,left,LAD,0.5,leaf266,6,True,True,0.623849669211948,0.6131168614307103,0.18419981734524862,0.20795189278528883,0.9778261133307763,0.9759578513236136,0.9773766753397943,1.002899553422531,0.8457631974900041,0.8293980928559536,0.8224526998442375,1.0,1.0,118.20584967028577
465,left,LAD,0.5,apport,6,True,True,0.623849669211948,0.7850613492700296,0.18419981734524862,0.32884604071994783,0.970012254872107,0.9759578513236136,0.9693658566283706,1.002899553422531,0.8457631974900041,0.7754499224480228,0.8224526998442375,1.0,1.0,118.20584967028577
465,left,LAD,0.5,origin,6,True,True,0.623849669211948,0.6190672173802855,0.18419981734524862,0.261497903431026,0.9756554661185876,0.9759578513236136,0.9750276033177099,1.002899553422531,0.8457631974900041,0.8261974016419555,0.8224526998442375,1.0,1.0,118.20584967028577
465,left,LAD,0.5,length,6,True,True,0.623849669211948,0.735916708261259,0.18419981734524862,0.4322536184707136,0.9696810396487348,0.9759578513236136,0.9693852518590823,1.002899553422531,0.8457631974900041,0.7920339392254762,0.8224526998442375,1.0,1.0,118.20584967028577
465,left,LAD,0.6,share,6,True,True,0.623849669211948,0.6374881473270114,0.18419981734524862,0.2704285098510022,0.9749889544074548,0.9759578513236136,0.9743476097610179,1.002899553422531,0.8457631974900041,0.8204294472475603,0.8224526998442375,1.0,1.0,118.20584967028577
465,left,LAD,0.6,leaf3,6,True,True,0.623849669211948,0.5814023968546158,0.18419981734524862,0.19839985745006336,0.9787190973521296,0.9759578513236136,0.9782550255456607,1.002899553422531,0.8457631974900041,0.8392516805635776,0.8224526998442375,1.0,1.0,118.20584967028577
465,left,LAD,0.6,leaf266,6,True,True,0.623849669211948,0.5848372130701927,0.18419981734524862,0.19862633947450672,0.9785377920964331,0.9759578513236136,0.9780634737473831,1.002899553422531,0.8457631974900041,0.8380675726905576,0.8224526998442375,1.0,1.0,118.20584967028577
465,left,LAD,0.6,apport,6,True,True,0.623849669211948,0.7808049964986541,0.18419981734524862,0.327336271641126,0.9701311681436852,0.9759578513236136,0.9694823896731767,1.002899553422531,0.8457631974900041,0.7766935744349661,0.8224526998442375,1.0,1.0,118.20584967028577
465,left,LAD,0.6,origin,6,True,True,0.623849669211948,0.6162695294162207,0.18419981734524862,0.26035905584747454,0.9757345299283221,0.9759578513236136,0.9751069281017728,1.002899553422531,0.8457631974900041,0.8270563390323462,0.8224526998442375,1.0,1.0,118.20584967028577
465,left,LAD,0.6,length,6,True,True,0.623849669211948,0.7350824095266925,0.18419981734524862,0.4317889041027026,0.969707444838662,0.9759578513236136,0.9694101679190782,1.002899553422531,0.8457631974900041,0.7922769359641657,0.8224526998442375,1.0,1.0,118.20584967028577
465,left,LAD,0.75,share,3,True,True,0.623849669211948,0.6212206239634369,0.18419981734524862,0.621220623963137,0.9698024361217152,0.9759578513236136,0.9692357688716398,1.002899553422531,0.8457631974900041,0.8265928414115754,0.8224526998442375,0.0,1.0,71.42721770813077
465,left,LAD,0.75,leaf3,3,True,True,0.623849669211948,0.3323801548360694,0.18419981734524862,0.33238015483435107,0.9817692361153625,0.9759578513236136,0.9811621321776998,1.002899553422531,0.8457631974900041,0.9135373379115975,0.8224526998442375,0.0,1.0,71.42721770813077
465,left,LAD,0.75,leaf266,3,True,True,0.623849669211948,0.3396195824385173,0.18419981734524862,0.3396195824383166,0.9814443790156047,0.9759578513236136,0.9808194745300854,1.002899553422531,0.8457631974900041,0.9113619843548276,0.8224526998442375,0.0,1.0,71.42721770813077
465,left,LAD,0.75,apport,3,True,True,0.623849669211948,0.6549848200340705,0.18419981734524862,0.6549848200335318,0.9684044965461972,0.9759578513236136,0.9679000742647628,1.002899553422531,0.8457631974900041,0.816669845409742,0.8224526998442375,0.0,1.0,71.42721770813077
465,left,LAD,0.75,origin,3,True,True,0.623849669211948,0.3796470681382049,0.18419981734524862,0.37964706813600685,0.9796267852348677,0.9759578513236136,0.9789082049314137,1.002899553422531,0.8457631974900041,0.8992049002032297,0.8224526998442375,0.0,1.0,71.42721770813077
465,left,LAD,0.75,length,3,True,True,0.623849669211948,0.47390566361966574,0.18419981734524862,0.47390566361876213,0.9763826609260793,0.9759578513236136,0.9758753318696995,1.002899553422531,0.8457631974900041,0.8715157259546024,0.8224526998442375,0.0,1.0,71.42721770813077
465,left,LAD,0.9,share,1,False,True,0.623849669211948,1.2181387819966198,0.18419981734524862,,,0.9759578513236136,,1.002899553422531,0.8457631974900041,,,,,
465,left,LAD,0.9,leaf3,1,False,True,0.623849669211948,1.2181387819966198,0.18419981734524862,,,0.9759578513236136,,1.002899553422531,0.8457631974900041,,,,,
465,left,LAD,0.9,leaf266,1,False,True,0.623849669211948,1.2181387819966198,0.18419981734524862,,,0.9759578513236136,,1.002899553422531,0.8457631974900041,,,,,
465,left,LAD,0.9,apport,1,False,True,0.623849669211948,1.2181387819966198,0.18419981734524862,,,0.9759578513236136,,1.002899553422531,0.8457631974900041,,,,,
465,left,LAD,0.9,origin,1,False,True,0.623849669211948,1.2181387819966198,0.18419981734524862,,,0.9759578513236136,,1.002899553422531,0.8457631974900041,,,,,
465,left,LAD,0.9,length,1,False,True,0.623849669211948,1.2181387819966198,0.18419981734524862,,,0.9759578513236136,,1.002899553422531,0.8457631974900041,,,,,
465,left,LAD,1.0,share,1,False,True,0.623849669211948,1.2181387819971128,0.18419981734524862,,,0.9759578513236136,,1.002899553422531,0.8457631974900041,,,,,
465,left,LAD,1.0,leaf3,1,False,True,0.623849669211948,1.2181387819966198,0.18419981734524862,,,0.9759578513236136,,1.002899553422531,0.8457631974900041,,,,,
465,left,LAD,1.0,leaf266,1,False,True,0.623849669211948,1.2181387819971128,0.18419981734524862,,,0.9759578513236136,,1.002899553422531,0.8457631974900041,,,,,
465,left,LAD,1.0,apport,1,False,True,0.623849669211948,1.2181387819966198,0.18419981734524862,,,0.9759578513236136,,1.002899553422531,0.8457631974900041,,,,,
465,left,LAD,1.0,origin,1,False,True,0.623849669211948,1.2181387819966198,0.18419981734524862,,,0.9759578513236136,,1.002899553422531,0.8457631974900041,,,,,
465,left,LAD,1.0,length,1,False,True,0.623849669211948,1.2181387819966198,0.18419981734524862,,,0.9759578513236136,,1.002899553422531,0.8457631974900041,,,,,
465,right,RCA,0.5,share,3,True,True,0.6990330113601604,0.759446161056696,0.6293674335616911,0.7594461610563704,0.9763487859847771,0.9806857273844658,0.9795787553043328,1.0617190162822001,1.0055118110768082,0.8223988765112277,0.8330618779095647,1.0,1.0,185.3997259829913
465,right,RCA,0.5,leaf3,3,True,True,0.6990330113601604,0.7594461610571842,0.6293674335616911,0.7594461610571258,0.9763487859847566,0.9806857273844658,0.9793151684942963,1.0617190162822001,1.0055118110768082,0.8197048310255893,0.8330618779095647,1.0,1.0,185.3997259829913
465,right,RCA,0.5,leaf266,3,True,True,0.6990330113601604,0.759446161056696,0.6293674335616911,0.7594461610563704,0.9763487859847745,0.9806857273844658,0.9793131604106787,1.0617190162822001,1.0055118110768082,0.8196843214004601,0.8330618779095647,1.0,1.0,185.3997259829913
465,right,RCA,0.5,apport,3,True,True,0.6990330113601604,0.759446161056696,0.6293674335616911,0.7594461610563704,0.9763487859847745,0.9806857273844658,0.9794249311717027,1.0617190162822001,1.0055118110768082,0.8208262328110667,0.8330618779095647,1.0,1.0,185.3997259829913
465,right,RCA,0.5,origin,3,True,True,0.6990330113601604,0.759446161056696,0.6293674335616911,0.7594461610559926,0.9763487859847805,0.9806857273844658,0.9797505809500289,1.0617190162822001,1.0055118110768082,0.8241569852351381,0.8330618779095647,1.0,1.0,185.3997259829913
465,right,RCA,0.5,length,3,True,True,0.6990330113601604,0.759446161056696,0.6293674335616911,0.7594461610563704,0.976348785984774,0.9806857273844658,0.9801065066502662,1.0617190162822001,1.0055118110768082,0.8278031890661214,0.8330618779095647,1.0,1.0,185.3997259829913
465,right,RCA,0.6,share,2,True,True,0.6990330113601604,0.7594461610571842,0.6293674335616911,0.7594461610567482,0.976348785984763,0.9806857273844658,0.9793123990882664,1.0617190162822001,1.0055118110768082,0.8196765456701636,0.8330618779095647,1.0,1.0,166.1107347324085
465,right,RCA,0.6,leaf3,2,True,True,0.6990330113601604,0.7594461610571842,0.6293674335616911,0.7594461610567482,0.976348785984761,0.9806857273844658,0.9792962572899084,1.0617190162822001,1.0055118110768082,0.8195116897543598,0.8330618779095647,1.0,1.0,166.1107347324085
465,right,RCA,0.6,leaf266,2,True,True,0.6990330113601604,0.759446161056696,0.6293674335616911,0.7594461610563704,0.9763487859847744,0.9806857273844658,0.9792971755005417,1.0617190162822001,1.0055118110768082,0.81952106703385,0.8330618779095647,1.0,1.0,166.1107347324085
465,right,RCA,0.6,apport,2,True,True,0.6990330113601604,0.759446161056696,0.6293674335616911,0.7594461610563704,0.9763487859847745,0.9806857273844658,0.9793057060154744,1.0617190162822001,1.0055118110768082,0.8196081876665202,0.8330618779095647,1.0,1.0,166.1107347324085
465,right,RCA,0.6,origin,2,True,True,0.6990330113601604,0.759446161056696,0.6293674335616911,0.7594461610563704,0.976348785984774,0.9806857273844658,0.9796571199266844,1.0617190162822001,1.0055118110768082,0.8232005168376219,0.8330618779095647,1.0,1.0,166.1107347324085
465,right,RCA,0.6,length,2,True,True,0.6990330113601604,0.7594461610581604,0.6293674335616911,0.7594461610578814,0.9763487859847259,0.9806857273844658,0.9799391586720849,1.0617190162822001,1.0055118110768082,0.8260881248606243,0.8330618779095647,1.0,1.0,166.1107347324085
465,right,RCA,0.75,share,2,True,True,0.6990330113601604,0.759446161056696,0.6293674335616911,0.7594461610563704,0.976348785984771,0.9806857273844658,0.9791295391850332,1.0617190162822001,1.0055118110768082,0.8178098659548623,0.8330618779095647,1.0,1.0,130.53917481646477
465,right,RCA,0.75,leaf3,2,True,True,0.6990330113601604,0.759446161056696,0.6293674335616911,0.7594461610563704,0.9763487859847727,0.9806857273844658,0.9791241181151433,1.0617190162822001,1.0055118110768082,0.8177545557852519,0.8330618779095647,1.0,1.0,130.53917481646477
465,right,RCA,0.75,leaf266,2,True,True,0.6990330113601604,0.7594461610557198,0.6293674335616911,0.7594461610552372,0.9763487859848085,0.9806857273844658,0.9791243458210737,1.0617190162822001,1.0055118110768082,0.8177568789909155,0.8330618779095647,1.0,1.0,130.53917481646477
465,right,RCA,0.75,apport,2,True,True,0.6990330113601604,0.7594461610562079,0.6293674335616911,0.7594461610559926,0.9763487859847847,0.9806857273844658,0.9791272944441456,1.0617190162822001,1.0055118110768082,0.8177869630701872,0.8330618779095647,1.0,1.0,130.53917481646477
465,right,RCA,0.75,origin,2,True,True,0.6990330113601604,0.759446161056696,0.6293674335616911,0.7594461610563704,0.9763487859847745,0.9806857273844658,0.9791295391850332,1.0617190162822001,1.0055118110768082,0.8178098659548623,0.8330618779095647,1.0,1.0,130.53917481646477
465,right,RCA,0.75,length,2,True,True,0.6990330113601604,0.759446161056696,0.6293674335616911,0.7594461610563704,0.9763487859847757,0.9806857273844658,0.979248581921209,1.0617190162822001,1.0055118110768082,0.8190248673569346,0.8330618779095647,1.0,1.0,130.53917481646477
465,right,RCA,0.9,share,1,True,True,0.6990330113601604,0.759446161056696,0.6293674335616911,0.7594461610563704,0.9763487859847719,0.9806857273844658,0.9788387478013713,1.0617190162822001,1.0055118110768082,0.8148454806071725,0.8330618779095647,0.0,1.0,67.7841388490177
465,right,RCA,0.9,leaf3,1,True,True,0.6990330113601604,0.759446161056696,0.6293674335616911,0.7594461610563704,0.9763487859847719,0.9806857273844658,0.9788387478013713,1.0617190162822001,1.0055118110768082,0.8148454806071725,0.8330618779095647,0.0,1.0,67.7841388490177
465,right,RCA,0.9,leaf266,1,True,True,0.6990330113601604,0.759446161056696,0.6293674335616911,0.7594461610559926,0.9763487859847809,0.9806857273844658,0.9788387478013789,1.0617190162822001,1.0055118110768082,0.8148454806071851,0.8330618779095647,0.0,1.0,67.7841388490177
465,right,RCA,0.9,apport,1,True,True,0.6990330113601604,0.759446161056696,0.6293674335616911,0.7594461610563704,0.9763487859847719,0.9806857273844658,0.9788387478013713,1.0617190162822001,1.0055118110768082,0.8148454806071725,0.8330618779095647,0.0,1.0,67.7841388490177
465,right,RCA,0.9,origin,1,True,True,0.6990330113601604,0.759446161056696,0.6293674335616911,0.7594461610563704,0.9763487859847719,0.9806857273844658,0.9788387478013713,1.0617190162822001,1.0055118110768082,0.8148454806071725,0.8330618779095647,0.0,1.0,67.7841388490177
465,right,RCA,0.9,length,1,True,True,0.6990330113601604,0.759446161056696,0.6293674335616911,0.7594461610563704,0.9763487859847719,0.9806857273844658,0.9788387478013713,1.0617190162822001,1.0055118110768082,0.8148454806071725,0.8330618779095647,0.0,1.0,67.7841388490177
465,right,RCA,1.0,share,1,True,True,0.6990330113601604,0.759446161056696,0.6293674335616911,0.7594461610563704,0.9763487859847801,0.9806857273844658,0.9787111759567144,1.0617190162822001,1.0055118110768082,0.8135466591231152,0.8330618779095647,0.0,1.0,22.62591918946548
465,right,RCA,1.0,leaf3,1,True,True,0.6990330113601604,0.759446161056696,0.6293674335616911,0.7594461610563704,0.9763487859847706,0.9806857273844658,0.978711175956706,1.0617190162822001,1.0055118110768082,0.8135466591237268,0.8330618779095647,0.0,1.0,22.62591918946548
465,right,RCA,1.0,leaf266,1,True,True,0.6990330113601604,0.759446161056696,0.6293674335616911,0.7594461610563704,0.9763487859847706,0.9806857273844658,0.978711175956706,1.0617190162822001,1.0055118110768082,0.8135466591237268,0.8330618779095647,0.0,1.0,22.62591918946548
465,right,RCA,1.0,apport,1,True,True,0.6990330113601604,0.759446161056696,0.6293674335616911,0.7594461610563704,0.9763487859847801,0.9806857273844658,0.9787111759567144,1.0617190162822001,1.0055118110768082,0.8135466591231152,0.8330618779095647,0.0,1.0,22.62591918946548
465,right,RCA,1.0,origin,1,True,True,0.6990330113601604,0.759446161056696,0.6293674335616911,0.7594461610563704,0.9763487859847801,0.9806857273844658,0.9787111759567144,1.0617190162822001,1.0055118110768082,0.8135466591231152,0.8330618779095647,0.0,1.0,22.62591918946548
465,right,RCA,1.0,length,1,True,True,0.6990330113601604,0.759446161056696,0.6293674335616911,0.7594461610563704,0.9763487859847801,0.9806857273844658,0.9787111759567144,1.0617190162822001,1.0055118110768082,0.81354665912336,0.8330618779095647,0.0,1.0,22.62591918946548
466,left,LCX,0.5,share,5,True,True,0.26270283049965354,0.47559685376708116,0.2627028305003046,0.4755968537673211,0.9767753181991565,0.9851199349373728,0.9776708610320533,1.0155505094026307,1.0155505094026307,0.8805912665380912,0.9380030530523922,0.0,0.0,55.98061212172423
466,left,LCX,0.5,leaf3,5,True,True,0.26270283049965354,0.7524958876261597,0.2627028305003046,0.7524958876236529,0.96719839776127,0.9851199349373728,0.9692789582035213,1.0155505094026307,1.0155505094026307,0.8085500753086943,0.9380030530523922,0.0,0.0,55.98061212172423
466,left,LCX,0.5,leaf266,5,True,True,0.26270283049965354,0.6947026452039199,0.2627028305003046,0.6947026452037476,0.9692113776899781,0.9851199349373728,0.9709209465118362,1.0155505094026307,1.0155505094026307,0.8228647378727674,0.9380030530523922,0.0,0.0,55.98061212172423
466,left,LCX,0.5,apport,5,True,True,0.26270283049965354,0.432577473092702,0.2627028305003046,0.43257747309305616,0.978380862658912,0.9851199349373728,0.9791996059445608,1.0155505094026307,1.0155505094026307,0.8924196386587716,0.9380030530523922,0.0,0.0,55.98061212172423
466,left,LCX,0.5,origin,5,True,True,0.26270283049965354,0.5031847590731469,0.2627028305003046,0.5031847590749343,0.9757890705456744,0.9851199349373728,0.9767551099587574,1.0155505094026307,1.0155505094026307,0.8730836886108074,0.9380030530523922,0.0,0.0,55.98061212172423
466,left,LCX,0.5,length,5,True,True,0.26270283049965354,0.4116996603603868,0.2627028305003046,0.41169966036373434,0.979033864773169,0.9851199349373728,0.9798554070846268,1.0155505094026307,1.0155505094026307,0.8980670399430983,0.9380030530523922,0.0,0.0,55.98061212172423
466,left,LCX,0.6,share,4,True,True,0.26270283049965354,0.466815382640549,0.2627028305003046,0.4668153826411419,0.977082874483505,0.9851199349373728,0.9779596417839003,1.0155505094026307,1.0155505094026307,0.8829820091065759,0.9380030530523922,0.0,0.0,55.98061212172423
466,left,LCX,0.6,leaf3,4,True,True,0.26270283049965354,0.7583755043639773,0.2627028305003046,0.7583755043663242,0.9669049324876465,0.9851199349373728,0.9690378321125531,1.0155505094026307,1.0155505094026307,0.8070452690818195,0.9380030530523922,0.0,0.0,55.98061212172423
466,left,LCX,0.6,leaf266,4,True,True,0.26270283049965354,0.7064568128165764,0.2627028305003046,0.7064568128174257,0.9687087603208241,0.9851199349373728,0.9705013364086925,1.0155505094026307,1.0155505094026307,0.8198379040510994,0.9380030530523922,0.0,0.0,55.98061212172423
466,left,LCX,0.6,apport,4,True,True,0.26270283049965354,0.435378944705569,0.2627028305003046,0.43537894470634464,0.9782583213072386,0.9851199349373728,0.9790889556802168,1.0155505094026307,1.0155505094026307,0.8916376480251661,0.9380030530523922,0.0,0.0,55.98061212172423
466,left,LCX,0.6,origin,4,True,True,0.26270283049965354,0.4141768195553043,0.2627028305003046,0.4141768195552912,0.978966089246078,0.9851199349373728,0.979777802546473,1.0155505094026307,1.0155505094026307,0.89739873038847,0.9380030530523922,0.0,0.0,55.98061212172423
466,left,LCX,0.6,length,4,True,True,0.26270283049965354,0.35784710707147116,0.2627028305003046,0.3578471070720571,0.9809578269504943,0.9851199349373728,0.9817527734172509,1.0155505094026307,1.0155505094026307,0.9127578211025973,0.9380030530523922,0.0,0.0,55.98061212172423
466,left,LCX,0.75,share,4,True,True,0.26270283049965354,0.46136354799780366,0.2627028305003046,0.46136354799710444,0.9772734916380282,0.9851199349373728,0.978112141593304,1.0155505094026307,1.0155505094026307,0.8844438314943365,0.9380030530523922,0.0,0.0,55.98061212172423
466,left,LCX,0.75,leaf3,4,True,True,0.26270283049965354,0.5547437124216494,0.2627028305003046,0.5547437124230463,0.9739809186826903,0.9851199349373728,0.975048113897171,1.0155505094026307,1.0155505094026307,0.8591534959759796,0.9380030530523922,0.0,0.0,55.98061212172423
466,left,LCX,0.75,leaf266,4,True,True,0.26270283049965354,0.5242571623528027,0.2627028305003046,0.5242571623519512,0.9750400050094215,0.9851199349373728,0.9760173277181569,1.0155505094026307,1.0155505094026307,0.8673376518989812,0.9380030530523922,0.0,0.0,55.98061212172423
466,left,LCX,0.75,apport,4,True,True,0.26270283049965354,0.40853375964018024,0.2627028305003046,0.4085337596383701,0.9791761917877783,0.9851199349373728,0.9799560265596693,1.0155505094026307,1.0155505094026307,0.8989280751767987,0.9380030530523922,0.0,0.0,55.98061212172423
466,left,LCX,0.75,origin,4,True,True,0.26270283049965354,0.4084739799241212,0.2627028305003046,0.40847397992531076,0.9791666517262795,0.9851199349373728,0.9799448233571981,1.0155505094026307,1.0155505094026307,0.8989315221465518,0.9380030530523922,0.0,0.0,55.98061212172423
466,left,LCX,0.75,length,4,True,True,0.26270283049965354,0.35212914069863716,0.2627028305003046,0.35212914069955953,0.9811596009742222,0.9851199349373728,0.9819240936357738,1.0155505094026307,1.0155505094026307,0.9142787964048315,0.9380030530523922,0.0,0.0,55.98061212172423
466,left,LCX,0.9,share,2,True,True,0.26270283049965354,0.6777670422466436,0.2627028305003046,0.6777670422466673,0.9699453668789658,0.9851199349373728,0.9715413070703695,1.0155505094026307,1.0155505094026307,0.827268868227015,0.9380030530523922,0.0,0.0,55.98061212172423
466,left,LCX,0.9,leaf3,2,True,True,0.26270283049965354,0.7202033019775829,0.2627028305003046,0.7202033019751481,0.9684529992254846,0.9851199349373728,0.970303970324432,1.0155505094026307,1.0155505094026307,0.8166030010935532,0.9380030530523922,0.0,0.0,55.98061212172423
466,left,LCX,0.9,leaf266,2,True,True,0.26270283049965354,0.7085792931406233,0.2627028305003046,0.7085792931411411,0.9688617839511229,0.9851199349373728,0.9706394608070548,1.0155505094026307,1.0155505094026307,0.8195004536873544,0.9380030530523922,0.0,0.0,55.98061212172423
466,left,LCX,0.9,apport,2,True,True,0.26270283049965354,0.6645006605864717,0.2627028305003046,0.6645006605891806,0.9704119093827858,0.9851199349373728,0.9719352066386798,1.0155505094026307,1.0155505094026307,0.8306517899542678,0.9380030530523922,0.0,0.0,55.98061212172423
466,left,LCX,0.9,origin,2,True,True,0.26270283049965354,0.6212794684318891,0.2627028305003046,0.6212794684327447,0.9719318809713965,0.9851199349373728,0.9732418231546078,1.0155505094026307,1.0155505094026307,0.8418234529268974,0.9380030530523922,0.0,0.0,55.98061212172423
466,left,LCX,0.9,length,2,True,True,0.26270283049965354,0.539291025065349,0.2627028305003046,0.5392910250647623,0.9748151911787056,0.9851199349373728,0.9758172812690887,1.0155505094026307,1.0155505094026307,0.8635668827138698,0.9380030530523922,0.0,0.0,55.98061212172423
466,left,LCX,1.0,share,2,True,True,0.26270283049965354,0.6759408533716571,0.2627028305003046,0.6759408533744131,0.9700095889669342,0.9851199349373728,0.9715956138585465,1.0155505094026307,1.0155505094026307,0.8277334306577363,0.9380030530523922,0.0,0.0,55.98061212172423
466,left,LCX,1.0,leaf3,2,True,True,0.26270283049965354,0.6265067339484194,0.2627028305003046,0.626506733949319,0.9717480522828342,0.9851199349373728,0.9730822438289725,1.0155505094026307,1.0155505094026307,0.8404608728080902,0.9380030530523922,0.0,0.0,55.98061212172423
466,left,LCX,1.0,leaf266,2,True,True,0.26270283049965354,0.6251151208623298,0.2627028305003046,0.6251151208609742,0.9717969915241563,0.9851199349373728,0.9731247676644648,1.0155505094026307,1.0155505094026307,0.8408233906784275,0.9380030530523922,0.0,0.0,55.98061212172423
466,left,LCX,1.0,apport,2,True,True,0.26270283049965354,0.6759408533716571,0.2627028305003046,0.6759408533744131,0.9700095889669342,0.9851199349373728,0.9715956138585465,1.0155505094026307,1.0155505094026307,0.8277334306580085,0.9380030530523922,0.0,0.0,55.98061212172423
466,left,LCX,1.0,origin,2,True,True,0.26270283049965354,0.4625719557022918,0.2627028305003046,0.4625719557023118,0.9775131918565472,0.9851199349373728,0.9783393092372991,1.0155505094026307,1.0155505094026307,0.8843778117876556,0.9380030530523922,0.0,0.0,55.98061212172423
466,left,LCX,1.0,length,2,True,True,0.26270283049965354,0.372784673935341,0.2627028305003046,0.372784673935978,0.9806707659654248,0.9851199349373728,0.9814192979144182,1.0155505094026307,1.0155505094026307,0.9088960735242637,0.9380030530523922,0.0,0.0,55.98061212172423
466,right,RCA,0.5,share,3,True,True,1.364286547791099,1.5145473999844017,1.192454653253532,1.5145473999764016,0.9816606094600739,0.9773483637174984,0.9754395703587895,1.3420034953652085,1.2798165396979515,0.7891611124438708,0.8062069055427562,2.0,2.0,203.14622137453833
466,right,RCA,0.5,leaf3,3,True,True,1.364286547791099,1.5145473999844017,1.192454653253532,1.5145473999764016,0.9816606094600793,0.9773483637174984,0.9754599416190739,1.3420034953652085,1.2798165396979515,0.789364572994835,0.8062069055427562,2.0,2.0,203.14622137453833
466,right,RCA,0.5,leaf266,3,True,True,1.364286547791099,1.5145473999855106,1.192454653253532,1.5145473999776182,0.9816606094600631,0.9773483637174984,0.9754604358731683,1.3420034953652085,1.2798165396979515,0.7893695099177441,0.8062069055427562,2.0,2.0,203.14622137453833
466,right,RCA,0.5,apport,3,True,True,1.364286547791099,1.5145473999844017,1.192454653253532,1.5145473999764016,0.9816606094600739,0.9773483637174984,0.9754425548010139,1.3420034953652085,1.2798165396979515,0.7891909174402997,0.8062069055427562,2.0,2.0,203.14622137453833
466,right,RCA,0.5,origin,3,True,True,1.364286547791099,1.5145473999844017,1.192454653253532,1.5145473999764016,0.9816606094600785,0.9773483637174984,0.9756226489523245,1.3420034953652085,1.2798165396979515,0.7909910579090611,0.8062069055427562,2.0,2.0,203.14622137453833
466,right,RCA,0.5,length,3,True,True,1.364286547791099,1.5145473999844017,1.192454653253532,1.5145473999764016,0.9816606094600742,0.9773483637174984,0.9753963965327488,1.3420034953652085,1.2798165396979515,0.7887300408163038,0.8062069055427562,2.0,2.0,203.14622137453833
466,right,RCA,0.6,share,2,True,True,1.364286547791099,1.5145473999844017,1.192454653253532,1.5145473999764016,0.9816606094600738,0.9773483637174984,0.9751940384224032,1.3420034953652085,1.2798165396979515,0.7867120088423296,0.8062069055427562,1.0,2.0,158.42841796253322
466,right,RCA,0.6,leaf3,2,True,True,1.364286547791099,1.5145473999844017,1.192454653253532,1.5145473999764016,0.9816606094600785,0.9773483637174984,0.9755295433850747,1.3420034953652085,1.2798165396979515,0.7900600301659442,0.8062069055427562,1.0,2.0,158.42841796253322
466,right,RCA,0.6,leaf266,2,True,True,1.364286547791099,1.5145473999844017,1.192454653253532,1.5145473999764016,0.9816606094600745,0.9773483637174984,0.9755286825045683,1.3420034953652085,1.2798165396979515,0.7900514254637161,0.8062069055427562,1.0,2.0,158.42841796253322
466,right,RCA,0.6,apport,2,True,True,1.364286547791099,1.5145473999832932,1.192454653253532,1.5145473999764016,0.981660609460085,0.9773483637174984,0.975354327988357,1.3420034953652085,1.2798165396979515,0.7883101788135621,0.8062069055427562,1.0,2.0,158.42841796253322
466,right,RCA,0.6,origin,2,True,True,1.364286547791099,1.5145473999844017,1.192454653253532,1.5145473999764016,0.9816606094600734,0.9773483637174984,0.975691669635717,1.3420034953652085,1.2798165396979515,0.7916817720051712,0.8062069055427562,1.0,2.0,158.42841796253322
466,right,RCA,0.6,length,2,True,True,1.364286547791099,1.5145473999844017,1.192454653253532,1.5145473999764016,0.9816606094600745,0.9773483637174984,0.9752146410219125,1.3420034953652085,1.2798165396979515,0.7869172855013518,0.8062069055427562,1.0,2.0,158.42841796253322
466,right,RCA,0.75,share,1,True,True,1.364286547791099,1.5145473999844017,1.192454653253532,1.5145473999764016,0.9816606094600734,0.9773483637174984,0.9751017163631007,1.3420034953652085,1.2798165396979515,0.7857926652681018,0.8062069055427562,0.0,2.0,138.2481457867666
466,right,RCA,0.75,leaf3,1,True,True,1.364286547791099,1.5145473999844017,1.192454653253532,1.5145473999764016,0.9816606094600749,0.9773483637174984,0.9751017163631007,1.3420034953652085,1.2798165396979515,0.7857926652681018,0.8062069055427562,0.0,2.0,138.2481457867666
466,right,RCA,0.75,leaf266,1,True,True,1.364286547791099,1.5145473999844017,1.192454653253532,1.5145473999764016,0.9816606094600734,0.9773483637174984,0.9751017163631007,1.3420034953652085,1.2798165396979515,0.785792665268102,0.8062069055427562,0.0,2.0,138.2481457867666
466,right,RCA,0.75,apport,1,True,True,1.364286547791099,1.5145473999844017,1.192454653253532,1.5145473999764016,0.9816606094600749,0.9773483637174984,0.9751017163631033,1.3420034953652085,1.2798165396979515,0.78579266526659,0.8062069055427562,0.0,2.0,138.2481457867666
466,right,RCA,0.75,origin,1,True,True,1.364286547791099,1.5145473999844017,1.192454653253532,1.5145473999764016,0.9816606094600734,0.9773483637174984,0.9751017163631007,1.3420034953652085,1.2798165396979515,0.7857926652681018,0.8062069055427562,0.0,2.0,138.2481457867666
466,right,RCA,0.75,length,1,True,True,1.364286547791099,1.5145473999844017,1.192454653253532,1.5145473999764016,0.9816606094600749,0.9773483637174984,0.9751017163631033,1.3420034953652085,1.2798165396979515,0.78579266526659,0.8062069055427562,0.0,2.0,138.2481457867666
466,right,RCA,0.9,share,1,True,True,1.364286547791099,1.5145473999844017,1.192454653253532,1.5145473999764016,0.9816606094600738,0.9773483637174984,0.9747075483093247,1.3420034953652085,1.2798165396979515,0.7818772681594793,0.8062069055427562,0.0,2.0,130.6482995561536
466,right,RCA,0.9,leaf3,1,True,True,1.364286547791099,1.5145473999844017,1.192454653253532,1.5145473999764016,0.9816606094600755,0.9773483637174984,0.974707548309327,1.3420034953652085,1.2798165396979515,0.7818772681560546,0.8062069055427562,0.0,2.0,130.6482995561536
466,right,RCA,0.9,leaf266,1,True,True,1.364286547791099,1.5145473999844017,1.192454653253532,1.5145473999764016,0.9816606094600755,0.9773483637174984,0.974707548309327,1.3420034953652085,1.2798165396979515,0.7818772681560546,0.8062069055427562,0.0,2.0,130.6482995561536
466,right,RCA,0.9,apport,1,True,True,1.364286547791099,1.5145473999844017,1.192454653253532,1.5145473999764016,0.9816606094600755,0.9773483637174984,0.974707548309327,1.3420034953652085,1.2798165396979515,0.7818772681560546,0.8062069055427562,0.0,2.0,130.6482995561536
466,right,RCA,0.9,origin,1,True,True,1.364286547791099,1.5145473999844017,1.192454653253532,1.5145473999764016,0.9816606094600738,0.9773483637174984,0.9747075483093247,1.3420034953652085,1.2798165396979515,0.7818772681594793,0.8062069055427562,0.0,2.0,130.6482995561536
466,right,RCA,0.9,length,1,True,True,1.364286547791099,1.5145473999844017,1.192454653253532,1.5145473999764016,0.9816606094600738,0.9773483637174984,0.9747075483093247,1.3420034953652085,1.2798165396979515,0.7818772681594793,0.8062069055427562,0.0,2.0,130.6482995561536
466,right,RCA,1.0,share,1,True,True,1.364286547791099,1.5145473999844017,1.192454653253532,1.5145473999764016,0.9816606094600768,0.9773483637174984,0.9746888770398014,1.3420034953652085,1.2798165396979515,0.7816921987316103,0.8062069055427562,0.0,2.0,126.80343990985304
466,right,RCA,1.0,leaf3,1,True,True,1.364286547791099,1.5145473999844017,1.192454653253532,1.5145473999764016,0.9816606094600734,0.9773483637174984,0.974688877039797,1.3420034953652085,1.2798165396979515,0.7816921987318415,0.8062069055427562,0.0,2.0,126.80343990985304
466,right,RCA,1.0,leaf266,1,True,True,1.364286547791099,1.5145473999844017,1.192454653253532,1.5145473999764016,0.9816606094600734,0.9773483637174984,0.974688877039797,1.3420034953652085,1.2798165396979515,0.7816921987318415,0.8062069055427562,0.0,2.0,126.80343990985304
466,right,RCA,1.0,apport,1,True,True,1.364286547791099,1.5145473999844017,1.192454653253532,1.5145473999764016,0.9816606094600768,0.9773483637174984,0.9746888770398014,1.3420034953652085,1.2798165396979515,0.7816921987316103,0.8062069055427562,0.0,2.0,126.80343990985304
466,right,RCA,1.0,origin,1,True,True,1.364286547791099,1.5145473999844017,1.192454653253532,1.5145473999764016,0.9816606094600768,0.9773483637174984,0.9746888770398014,1.3420034953652085,1.2798165396979515,0.7816921987316103,0.8062069055427562,0.0,2.0,126.80343990985304
466,right,RCA,1.0,length,1,True,True,1.364286547791099,1.5145473999844017,1.192454653253532,1.5145473999764016,0.9816606094600734,0.9773483637174984,0.974688877039797,1.3420034953652085,1.2798165396979515,0.7816921987318415,0.8062069055427562,0.0,2.0,126.80343990985304
471,left,LAD,0.5,share,6,True,True,0.4713043787900646,0.5734314803820008,0.2100921705388394,0.4169223841075155,0.9821877764009062,0.9865629226785307,0.9830056888277704,1.2053934600042138,0.9240361714240434,0.908911601897849,0.9287672124352273,1.0,1.0,115.22140614309521
471,left,LAD,0.5,leaf3,6,True,True,0.4713043787900646,0.670684270851414,0.2100921705388394,0.4077068133276499,0.9815420843699258,0.9865629226785307,0.9822383625301673,1.2053934600042138,0.9240361714240434,0.8901264631427065,0.9287672124352273,1.0,1.0,115.22140614309521
471,left,LAD,0.5,leaf266,6,True,True,0.4713043787900646,0.6909836981899634,0.2100921705388394,0.41109870393505926,0.9811969631966045,0.9865629226785307,0.9819044992408816,1.2053934600042138,0.9240361714240434,0.8859987567597266,0.9287672124352273,1.0,1.0,115.22140614309521
471,left,LAD,0.5,apport,6,True,True,0.4713043787900646,0.7417698713948908,0.2100921705388394,0.4850144053973226,0.9792084354152041,0.9865629226785307,0.9801739596446047,1.2053934600042138,0.9240361714240434,0.8752348697858731,0.9287672124352273,1.0,1.0,115.22140614309521
471,left,LAD,0.5,origin,6,True,True,0.4713043787900646,0.608795485515283,0.2100921705388394,0.44201139947120754,0.9808212665601936,0.9865629226785307,0.9818815322330671,1.2053934600042138,0.9240361714240434,0.9015349751124099,0.9287672124352273,1.0,1.0,115.22140614309521
471,left,LAD,0.5,length,6,True,True,0.4713043787900646,1.123178390369981,0.2100921705388394,0.8486823031994641,0.9696830678560027,0.9865629226785307,0.9718106972432736,1.2053934600042138,0.9240361714240434,0.7983142069116765,0.9287672124352273,1.0,1.0,115.22140614309521
471,left,LAD,0.6,share,6,True,True,0.4713043787900646,0.5726403913503367,0.2100921705388394,0.4151142690209005,0.9822130294237207,0.9865629226785307,0.983034111517326,1.2053934600042138,0.9240361714240434,0.9090977142659753,0.9287672124352273,1.0,1.0,115.22140614309521
471,left,LAD,0.6,leaf3,6,True,True,0.4713043787900646,0.66738377341278,0.2100921705388394,0.3766427411751803,0.981845494665666,0.9865629226785307,0.9824920147747334,1.2053934600042138,0.9240361714240434,0.8908941552542647,0.9287672124352273,1.0,1.0,115.22140614309521
471,left,LAD,0.6,leaf266,6,True,True,0.4713043787900646,0.6866621949251437,0.2100921705388394,0.38134952450568493,0.9815062143451705,0.9865629226785307,0.9821688765347767,1.2053934600042138,0.9240361714240434,0.8869937566590989,0.9287672124352273,1.0,1.0,115.22140614309521
471,left,LAD,0.6,apport,6,True,True,0.4713043787900646,0.7293644473564448,0.2100921705388394,0.4583111142703005,0.9796695258765724,0.9865629226785307,0.9805836471711197,1.2053934600042138,0.9240361714240434,0.8778644515863264,0.9287672124352273,1.0,1.0,115.22140614309521
471,left,LAD,0.6,origin,6,True,True,0.4713043787900646,0.604743282931814,0.2100921705388394,0.43774258793598786,0.9809110032263396,0.9865629226785307,0.9819773323399376,1.2053934600042138,0.9240361714240434,0.9023705283384406,0.9287672124352273,1.0,1.0,115.22140614309521
471,left,LAD,0.6,length,6,True,True,0.4713043787900646,1.1228997487408499,0.2100921705388394,0.8445501100239879,0.969735937490495,0.9865629226785307,0.9718589159226116,1.2053934600042138,0.9240361714240434,0.7984401213926917,0.9287672124352273,1.0,1.0,115.22140614309521
471,left,LAD,0.75,share,4,True,True,0.4713043787900646,0.5735431391589564,0.2100921705388394,0.5735431391591144,0.9799957425577399,0.9865629226785307,0.9813099427125694,1.2053934600042138,0.9240361714240434,0.9092242602799397,0.9287672124352273,0.0,1.0,85.24034449565153
471,left,LAD,0.75,leaf3,4,True,True,0.4713043787900646,0.509101444429646,0.2100921705388394,0.5091014444314153,0.9812275927148264,0.9865629226785307,0.9824217398858841,1.2053934600042138,0.9240361714240434,0.9209423540988901,0.9287672124352273,0.0,1.0,85.24034449565153
471,left,LAD,0.75,leaf266,4,True,True,0.4713043787900646,0.517960318340461,0.2100921705388394,0.5179603183414973,0.9809738146411491,0.9865629226785307,0.9821995621647844,1.2053934600042138,0.9240361714240434,0.9192808772786667,0.9287672124352273,0.0,1.0,85.24034449565153
471,left,LAD,0.75,apport,4,True,True,0.4713043787900646,0.6794618008067749,0.2100921705388394,0.6794618008090156,0.9769480831146145,0.9865629226785307,0.9786589557224589,1.2053934600042138,0.9240361714240434,0.8885934238341734,0.9287672124352273,0.0,1.0,85.24034449565153
471,left,LAD,0.75,origin,4,True,True,0.4713043787900646,0.5268737319907099,0.2100921705388394,0.5268737319894504,0.9803117521452196,0.9865629226785307,0.9816973987857913,1.2053934600042138,0.9240361714240434,0.917315112806747,0.9287672124352273,0.0,1.0,85.24034449565153
471,left,LAD,0.75,length,4,True,True,0.4713043787900646,1.1311790039297482,0.2100921705388394,1.1311790039325846,0.965419490048965,0.9865629226785307,0.9689916467914454,1.2053934600042138,0.9240361714240434,0.8015429602509583,0.9287672124352273,0.0,1.0,85.24034449565153
471,left,LAD,0.9,share,4,True,True,0.4713043787900646,0.5857655639018599,0.2100921705388394,0.5857655638983558,0.9797196894535155,0.9865629226785307,0.9804892225401639,1.2053934600042138,0.9240361714240434,0.9025561565387037,0.9287672124352273,0.0,1.0,29.341926656187063
471,left,LAD,0.9,leaf3,4,True,True,0.4713043787900646,0.5971553501392717,0.2100921705388394,0.5971553501376529,0.9787836279943526,0.9865629226785307,0.9796427723333091,1.2053934600042138,0.9240361714240434,0.8996267079158187,0.9287672124352273,0.0,1.0,29.341926656187063
471,left,LAD,0.9,leaf266,4,True,True,0.4713043787900646,0.5979888477061764,0.2100921705388394,0.5979888477057833,0.9787616891985768,0.9865629226785307,0.9796218610701114,1.2053934600042138,0.9240361714240434,0.8994530855177988,0.9287672124352273,0.0,1.0,29.341926656187063
471,left,LAD,0.9,apport,4,True,True,0.4713043787900646,0.7208417025663156,0.2100921705388394,0.720841702566233,0.9758860594086537,0.9865629226785307,0.9768640276331616,1.2053934600042138,0.9240361714240434,0.8736860619720614,0.9287672124352273,0.0,1.0,29.341926656187063
471,left,LAD,0.9,origin,4,True,True,0.4713043787900646,0.3922147416488282,0.2100921705388394,0.39221474164941617,0.9843761545861932,0.9865629226785307,0.9849330777573282,1.2053934600042138,0.9240361714240434,0.9401915892660084,0.9287672124352273,0.0,1.0,29.341926656187063
471,left,LAD,0.9,length,4,True,True,0.4713043787900646,0.948951237270631,0.2100921705388394,0.9489512372724561,0.9704669373643888,0.9865629226785307,0.9717286671855665,1.2053934600042138,0.9240361714240434,0.82464122077906,0.9287672124352273,0.0,1.0,29.341926656187063
471,left,LAD,1.0,share,4,False,True,0.4713043787900646,0.5901965714846938,0.2100921705388394,,,0.9865629226785307,,1.2053934600042138,0.9240361714240434,,,,,
471,left,LAD,1.0,leaf3,4,False,True,0.4713043787900646,0.8751039604688751,0.2100921705388394,,,0.9865629226785307,,1.2053934600042138,0.9240361714240434,,,,,
471,left,LAD,1.0,leaf266,4,False,True,0.4713043787900646,0.8424602983139576,0.2100921705388394,,,0.9865629226785307,,1.2053934600042138,0.9240361714240434,,,,,
471,left,LAD,1.0,apport,4,False,True,0.4713043787900646,0.8032310073058461,0.2100921705388394,,,0.9865629226785307,,1.2053934600042138,0.9240361714240434,,,,,
471,left,LAD,1.0,origin,4,False,True,0.4713043787900646,0.6884427612693372,0.2100921705388394,,,0.9865629226785307,,1.2053934600042138,0.9240361714240434,,,,,
471,left,LAD,1.0,length,4,False,True,0.4713043787900646,1.2056294900518634,0.2100921705388394,,,0.9865629226785307,,1.2053934600042138,0.9240361714240434,,,,,
471,right,RCA,0.5,share,2,True,True,0.6607210071348616,0.7386514380746521,0.5729617068153045,0.7386514380733366,0.9759561613214092,0.9551867249626175,0.9495988246277318,1.0513973013950502,0.9963454970562894,0.7942351055383344,0.8146680768851755,1.0,1.0,103.40263888485515
471,right,RCA,0.5,leaf3,2,True,True,0.6607210071348616,0.7386514380746521,0.5729617068153045,0.7386514380729936,0.97595616132141,0.9551867249626175,0.9496179554712643,1.0513973013950502,0.9963454970562894,0.7943146929868533,0.8146680768851755,1.0,1.0,103.40263888485515
471,right,RCA,0.5,leaf266,2,True,True,0.6607210071348616,0.7386514380746521,0.5729617068153045,0.7386514380729936,0.9759561613214104,0.9551867249626175,0.9496256604031107,1.0513973013950502,0.9963454970562894,0.7943467491473899,0.8146680768851755,1.0,1.0,103.40263888485515
471,right,RCA,0.5,apport,2,True,True,0.6607210071348616,0.7386514380742418,0.5729617068153045,0.7386514380729936,0.9759561613214198,0.9551867249626175,0.9496066816828574,1.0513973013950502,0.9963454970562894,0.794267791158483,0.8146680768851755,1.0,1.0,103.40263888485515
471,right,RCA,0.5,origin,2,True,True,0.6607210071348616,0.7386514380746521,0.5729617068153045,0.7386514380729936,0.97595616132141,0.9551867249626175,0.9495988246276956,1.0513973013950502,0.9963454970562894,0.7942351055385906,0.8146680768851755,1.0,1.0,103.40263888485515
471,right,RCA,0.5,length,2,True,True,0.6607210071348616,0.7386514380746521,0.5729617068153045,0.7386514380733366,0.9759561613214064,0.9551867249626175,0.9495416820623356,1.0513973013950502,0.9963454970562894,0.7939974332691411,0.8146680768851755,1.0,1.0,103.40263888485515
471,right,RCA,0.6,share,2,True,True,0.6607210071348616,0.7386514380746521,0.5729617068153045,0.7386514380729936,0.9759561613214093,0.9551867249626175,0.9495174896608566,1.0513973013950502,0.9963454970562894,0.7938968328278116,0.8146680768851755,1.0,1.0,98.92103007771901
471,right,RCA,0.6,leaf3,2,True,True,0.6607210071348616,0.7386514380746521,0.5729617068153045,0.7386514380733366,0.975956161321409,0.9551867249626175,0.9495749337819684,1.0513973013950502,0.9963454970562894,0.7941357275301791,0.8146680768851755,1.0,1.0,98.92103007771901
471,right,RCA,0.6,leaf266,2,True,True,0.6607210071348616,0.7386514380750621,0.5729617068153045,0.7386514380733366,0.9759561613214004,0.9551867249626175,0.9495747347743351,1.0513973013950502,0.9963454970562894,0.7941348997796164,0.8146680768851755,1.0,1.0,98.92103007771901
471,right,RCA,0.6,apport,2,True,True,0.6607210071348616,0.7386514380746521,0.5729617068153045,0.7386514380729936,0.97595616132141,0.9551867249626175,0.9495374965679793,1.0513973013950502,0.9963454970562894,0.7939800275593947,0.8146680768851755,1.0,1.0,98.92103007771901
471,right,RCA,0.6,origin,2,True,True,0.6607210071348616,0.7386514380746521,0.5729617068153045,0.7386514380729936,0.9759561613214099,0.9551867249626175,0.9495174896608566,1.0513973013950502,0.9963454970562894,0.7938968328278116,0.8146680768851755,1.0,1.0,98.92103007771901
471,right,RCA,0.6,length,2,True,True,0.6607210071348616,0.7386514380742418,0.5729617068153045,0.7386514380729936,0.9759561613214154,0.9551867249626175,0.949496574857404,1.0513973013950502,0.9963454970562894,0.793809872661817,0.8146680768851755,1.0,1.0,98.92103007771901
471,right,RCA,0.75,share,1,True,True,0.6607210071348616,0.7386514380746521,0.5729617068153045,0.7386514380729936,0.9759561613214109,0.9551867249626175,0.9495957610739172,1.0513973013950502,0.9963454970562894,0.7942223614356574,0.8146680768851755,0.0,1.0,81.6771425381125
471,right,RCA,0.75,leaf3,1,True,True,0.6607210071348616,0.7386514380746521,0.5729617068153045,0.7386514380729936,0.9759561613214096,0.9551867249626175,0.9495957610738945,1.0513973013950502,0.9963454970562894,0.7942223614355579,0.8146680768851755,0.0,1.0,81.6771425381125
471,right,RCA,0.75,leaf266,1,True,True,0.6607210071348616,0.7386514380746521,0.5729617068153045,0.7386514380729936,0.9759561613214096,0.9551867249626175,0.9495957610738945,1.0513973013950502,0.9963454970562894,0.7942223614355579,0.8146680768851755,0.0,1.0,81.6771425381125
471,right,RCA,0.75,apport,1,True,True,0.6607210071348616,0.7386514380746521,0.5729617068153045,0.7386514380729936,0.9759561613214109,0.9551867249626175,0.9495957610739172,1.0513973013950502,0.9963454970562894,0.7942223614356574,0.8146680768851755,0.0,1.0,81.6771425381125
471,right,RCA,0.75,origin,1,True,True,0.6607210071348616,0.7386514380746521,0.5729617068153045,0.7386514380729936,0.9759561613214096,0.9551867249626175,0.9495957610738945,1.0513973013950502,0.9963454970562894,0.7942223614355579,0.8146680768851755,0.0,1.0,81.6771425381125
471,right,RCA,0.75,length,1,True,True,0.6607210071348616,0.7386514380746521,0.5729617068153045,0.7386514380729936,0.9759561613214109,0.9551867249626175,0.9495957610739172,1.0513973013950502,0.9963454970562894,0.7942223614356574,0.8146680768851755,0.0,1.0,81.6771425381125
471,right,RCA,0.9,share,1,True,True,0.6607210071348616,0.7386514380746521,0.5729617068153045,0.7386514380733366,0.9759561613214088,0.9551867249626175,0.9492630330817714,1.0513973013950502,0.9963454970562894,0.7928395330102883,0.8146680768851755,0.0,1.0,64.42199335801322
471,right,RCA,0.9,leaf3,1,True,True,0.6607210071348616,0.7386514380742418,0.5729617068153045,0.7386514380729936,0.9759561613214175,0.9551867249626175,0.9492630330817714,1.0513973013950502,0.9963454970562894,0.7928395330102883,0.8146680768851755,0.0,1.0,64.42199335801322
471,right,RCA,0.9,leaf266,1,True,True,0.6607210071348616,0.7386514380742418,0.5729617068153045,0.7386514380729936,0.9759561613214175,0.9551867249626175,0.9492630330817714,1.0513973013950502,0.9963454970562894,0.7928395330102883,0.8146680768851755,0.0,1.0,64.42199335801322
471,right,RCA,0.9,apport,1,True,True,0.6607210071348616,0.7386514380742418,0.5729617068153045,0.7386514380729936,0.9759561613214175,0.9551867249626175,0.9492630330817714,1.0513973013950502,0.9963454970562894,0.7928395330102883,0.8146680768851755,0.0,1.0,64.42199335801322
471,right,RCA,0.9,origin,1,True,True,0.6607210071348616,0.7386514380746521,0.5729617068153045,0.7386514380733366,0.9759561613214088,0.9551867249626175,0.9492630330817714,1.0513973013950502,0.9963454970562894,0.7928395330102883,0.8146680768851755,0.0,1.0,64.42199335801322
471,right,RCA,0.9,length,1,True,True,0.6607210071348616,0.7386514380746521,0.5729617068153045,0.7386514380733366,0.9759561613214088,0.9551867249626175,0.9492630330817714,1.0513973013950502,0.9963454970562894,0.7928395330102883,0.8146680768851755,0.0,1.0,64.42199335801322
471,right,RCA,1.0,share,1,False,True,0.6607210071348616,0.7386514380746521,0.5729617068153045,,,0.9551867249626175,,1.0513973013950502,0.9963454970562894,,,,,
471,right,RCA,1.0,leaf3,1,False,True,0.6607210071348616,0.7386514380746521,0.5729617068153045,,,0.9551867249626175,,1.0513973013950502,0.9963454970562894,,,,,
471,right,RCA,1.0,leaf266,1,False,True,0.6607210071348616,0.7386514380746521,0.5729617068153045,,,0.9551867249626175,,1.0513973013950502,0.9963454970562894,,,,,
471,right,RCA,1.0,apport,1,False,True,0.6607210071348616,0.7386514380746521,0.5729617068153045,,,0.9551867249626175,,1.0513973013950502,0.9963454970562894,,,,,
471,right,RCA,1.0,origin,1,False,True,0.6607210071348616,0.7386514380746521,0.5729617068153045,,,0.9551867249626175,,1.0513973013950502,0.9963454970562894,,,,,
471,right,RCA,1.0,length,1,False,True,0.6607210071348616,0.7386514380746521,0.5729617068153045,,,0.9551867249626175,,1.0513973013950502,0.9963454970562894,,,,,
473,left,LCX,0.5,share,6,True,True,1.370036221696708,1.5628632633903616,0.6166970639607442,1.0658903144418466,0.9879495290251062,0.9875937085322002,0.985936565507218,1.5078125705099683,1.3591857595433587,0.8449620814169345,0.8651834891296898,2.0,2.0,62.64500791515407
473,left,LCX,0.5,leaf3,6,True,True,1.370036221696708,1.6655735309537407,0.6166970639607442,1.0447266794158618,0.98748484831796,0.9875937085322002,0.9854534966838995,1.5078125705099683,1.3591857595433587,0.8333686097204543,0.8651834891296898,2.0,2.0,62.64500791515407
473,left,LCX,0.5,leaf266,6,True,True,1.370036221696708,1.6803498505403736,0.6166970639607442,1.0605935309335763,0.987367486627958,0.9875937085322002,0.985309833338205,1.5078125705099683,1.3591857595433587,0.8314416381305328,0.8651834891296898,2.0,2.0,62.64500791515407
473,left,LCX,0.5,apport,6,True,True,1.370036221696708,1.7188628909802988,0.6166970639607442,1.144198194677749,0.986948751267209,0.9875937085322002,0.9847662066856455,1.5078125705099683,1.3591857595433587,0.825809126813146,0.8651834891296898,2.0,2.0,62.64500791515407
473,left,LCX,0.5,origin,6,True,True,1.370036221696708,1.6432265264134716,0.6166970639607442,0.8851865167060952,0.9880243646881833,0.9875937085322002,0.9862627906733874,1.5078125705099683,1.3591857595433587,0.8388586716538191,0.8651834891296898,2.0,2.0,62.64500791515407
473,left,LCX,0.5,length,6,True,True,1.370036221696708,2.124406984158986,0.6166970639607442,1.283916854347447,0.9845176298353724,0.9875937085322002,0.9821431340957107,1.5078125705099683,1.3591857595433587,0.779591406664885,0.8651834891296898,2.0,2.0,62.64500791515407
473,left,LCX,0.6,share,6,True,True,1.370036221696708,1.5651141111184945,0.6166970639607442,1.0816255545141333,0.9878960797774802,0.9875937085322002,0.9857220609601287,1.5078125705099683,1.3591857595433587,0.8418352880863719,0.8651834891296898,2.0,2.0,52.664766043034085
473,left,LCX,0.6,leaf3,6,True,True,1.370036221696708,1.8249330305948752,0.6166970639607442,1.2184366140915903,0.9862122114694534,0.9875937085322002,0.9837212970287046,1.5078125705099683,1.3591857595433587,0.8090195923111816,0.8651834891296898,2.0,2.0,52.664766043034085
473,left,LCX,0.6,leaf266,6,True,True,1.370036221696708,1.8243070512473236,0.6166970639607442,1.2180644293915541,0.9862163820903455,0.9875937085322002,0.9837261795274551,1.5078125705099683,1.3591857595433587,0.8090974954340717,0.8651834891296898,2.0,2.0,52.664766043034085
473,left,LCX,0.6,apport,6,True,True,1.370036221696708,1.7529894523452316,0.6166970639607442,1.1998257909902463,0.9866269991777864,0.9875937085322002,0.9842039982932712,1.5078125705099683,1.3591857595433587,0.8179417058837773,0.8651834891296898,2.0,2.0,52.664766043034085
473,left,LCX,0.6,origin,6,True,True,1.370036221696708,1.6616150451425138,0.6166970639607442,0.8962741944305069,0.9879014374673865,0.9875937085322002,0.985820352301216,1.5078125705099683,1.3591857595433587,0.8304977517028791,0.8651834891296898,2.0,2.0,52.664766043034085
473,left,LCX,0.6,length,6,True,True,1.370036221696708,2.150496652533865,0.6166970639607442,1.3203893577978623,0.9842878225551478,0.9875937085322002,0.9814751017432223,1.5078125705099683,1.3591857595433587,0.7690893066233411,0.8651834891296898,2.0,2.0,52.664766043034085
473,left,LCX,0.75,share,5,True,True,1.370036221696708,1.567666821638404,0.6166970639607442,1.0878473530559394,0.9878665081642485,0.9875937085322002,0.9855990068411515,1.5078125705099683,1.3591857595433587,0.840390554391747,0.8651834891296898,2.0,2.0,37.09349477195871
473,left,LCX,0.75,leaf3,5,True,True,1.370036221696708,2.1887916542211054,0.6166970639607442,1.468272025082805,0.983698513545548,0.9875937085322002,0.9805549580899305,1.5078125705099683,1.3591857595433587,0.7617314499352799,0.8651834891296898,2.0,2.0,37.09349477195871
473,left,LCX,0.75,leaf266,5,True,True,1.370036221696708,2.1893310331655154,0.6166970639607442,1.4680896741107,0.9836962634903998,0.9875937085322002,0.9805525037826529,1.5078125705099683,1.3591857595433587,0.7616691127733602,0.8651834891296898,2.0,2.0,37.09349477195871
473,left,LCX,0.75,apport,5,True,True,1.370036221696708,1.7980287276562041,0.6166970639607442,1.2350368978946187,0.986304400553687,0.9875937085322002,0.9836958121288829,1.5078125705099683,1.3591857595433587,0.8104962336702369,0.8651834891296898,2.0,2.0,37.09349477195871
473,left,LCX,0.75,origin,5,True,True,1.370036221696708,1.7588252522748802,0.6166970639607442,0.9389933267044435,0.9872940425415757,0.9875937085322002,0.9850127119048463,1.5078125705099683,1.3591857595433587,0.8166500792003681,0.8651834891296898,2.0,2.0,37.09349477195871
473,left,LCX,0.75,length,5,True,True,1.370036221696708,2.303605635793622,0.6166970639607442,1.415886720995392,0.9832558020844581,0.9875937085322002,0.9801198936914367,1.5078125705099683,1.3591857595433587,0.7490529632311282,0.8651834891296898,2.0,2.0,37.09349477195871
473,left,LCX,0.9,share,4,True,True,1.370036221696708,1.5243447502572112,0.6166970639607442,1.0553274319270944,0.9881732048931928,0.9875937085322002,0.9858530132639678,1.5078125705099683,1.3591857595433587,0.8444675642117141,0.8651834891296898,2.0,2.0,24.583215747685017
473,left,LCX,0.9,leaf3,4,True,True,1.370036221696708,1.8125022630356595,0.6166970639607442,0.9074303378764003,0.987105958348395,0.9875937085322002,0.9846656990886755,1.5078125705099683,1.3591857595433587,0.8082938482317461,0.8651834891296898,2.0,2.0,24.583215747685017
473,left,LCX,0.9,leaf266,4,True,True,1.370036221696708,1.8140138257857372,0.6166970639607442,0.9082783865726114,0.9870960228203204,0.9875937085322002,0.9846535243632747,1.5078125705099683,1.3591857595433587,0.8080987002936455,0.8651834891296898,2.0,2.0,24.583215747685017
473,left,LCX,0.9,apport,4,True,True,1.370036221696708,1.7546447061259238,0.6166970639607442,1.106957547162145,0.9868666412926679,0.9875937085322002,0.9842796390978698,1.5078125705099683,1.3591857595433587,0.8146583817137147,0.8651834891296898,2.0,2.0,24.583215747685017
473,left,LCX,0.9,origin,4,True,True,1.370036221696708,1.5491841318821604,0.6166970639607442,0.6273021284056973,0.9891903692396814,0.9875937085322002,0.9872988743432417,1.5078125705099683,1.3591857595433587,0.8433514819727079,0.8651834891296898,2.0,2.0,24.583215747685017
473,left,LCX,0.9,length,4,True,True,1.370036221696708,2.0980538518806453,0.6166970639607442,1.088945381973104,0.9851721089040252,0.9875937085322002,0.9823023749622425,1.5078125705099683,1.3591857595433587,0.771974468067546,0.8651834891296898,2.0,2.0,24.583215747685017
473,left,LCX,1.0,share,4,True,True,1.370036221696708,1.5184473167769152,0.6166970639607442,1.0553767327313337,0.9882029999370404,0.9875937085322002,0.9858842537008349,1.5078125705099683,1.3591857595433587,0.8451595591570487,0.8651834891296898,1.0,2.0,24.583215747685017
473,left,LCX,1.0,leaf3,4,True,True,1.370036221696708,1.921482780151242,0.6166970639607442,1.3321423692938688,0.9854185699148671,0.9875937085322002,0.9824518377000641,1.5078125705099683,1.3591857595433587,0.7924728943216258,0.8651834891296898,1.0,2.0,24.583215747685017
473,left,LCX,1.0,leaf266,4,True,True,1.370036221696708,1.9082209163496122,0.6166970639607442,1.2851581236931975,0.9856113578841714,0.9875937085322002,0.9826994558199749,1.5078125705099683,1.3591857595433587,0.7942907474038033,0.8651834891296898,1.0,2.0,24.583215747685017
473,left,LCX,1.0,apport,4,True,True,1.370036221696708,1.7535497371994642,0.6166970639607442,1.2178476911921623,0.9865760213077341,0.9875937085322002,0.9838779800602206,1.5078125705099683,1.3591857595433587,0.8142190116521434,0.8651834891296898,1.0,2.0,24.583215747685017
473,left,LCX,1.0,origin,4,True,True,1.370036221696708,1.4245843440210855,0.6166970639607442,0.99010698155776,0.9888536396502544,0.9875937085322002,0.9866878847110089,1.5078125705099683,1.3591857595433587,0.8575629182037502,0.8651834891296898,1.0,2.0,24.583215747685017
473,left,LCX,1.0,length,4,True,True,1.370036221696708,2.0322476611035483,0.6166970639607442,1.3091493080369472,0.9849179020193517,0.9875937085322002,0.9818802117074203,1.5078125705099683,1.3591857595433587,0.7786879422056143,0.8651834891296898,1.0,2.0,24.583215747685017
473,right,RCA,0.5,share,3,True,True,1.9261352909839007,2.2954400143527316,1.524425853647382,2.295440014344701,0.981560186827338,0.9859681891443679,0.9842202082483867,1.5012744711515662,1.377770333831925,0.767481496557813,0.7927390093203118,2.0,2.0,147.40377262776815
473,right,RCA,0.5,leaf3,3,True,True,1.9261352909839007,2.2954400143527316,1.524425853647382,2.29544001434571,0.9815601868273263,0.9859681891443679,0.9836888101636181,1.5012744711515662,1.377770333831925,0.7592246023275405,0.7927390093203118,2.0,2.0,147.40377262776815
473,right,RCA,0.5,leaf266,3,True,True,1.9261352909839007,2.2954400143550204,1.524425853647382,2.29544001434672,0.981560186827321,0.9859681891443679,0.9836819919327529,1.5012744711515662,1.377770333831925,0.7591174393288728,0.7927390093203118,2.0,2.0,147.40377262776815
473,right,RCA,0.5,apport,3,True,True,1.9261352909839007,2.2954400143527316,1.524425853647382,2.29544001434571,0.981560186827327,0.9859681891443679,0.983805695251691,1.5012744711515662,1.377770333831925,0.7610126075189129,0.7927390093203118,2.0,2.0,147.40377262776815
473,right,RCA,0.5,origin,3,True,True,1.9261352909839007,2.2954400143527316,1.524425853647382,2.29544001434571,0.9815601868273266,0.9859681891443679,0.9841621002312008,1.5012744711515662,1.377770333831925,0.7665794918718379,0.7927390093203118,2.0,2.0,147.40377262776815
473,right,RCA,0.5,length,3,True,True,1.9261352909839007,2.2954400143527316,1.524425853647382,2.29544001434571,0.9815601868273269,0.9859681891443679,0.9838589364526243,1.5012744711515662,1.377770333831925,0.7618419945170055,0.7927390093203118,2.0,2.0,147.40377262776815
473,right,RCA,0.6,share,2,True,True,1.9261352909839007,2.2954400143550204,1.524425853647382,2.2954400143477294,0.9815601868273116,0.9859681891443679,0.9850641376611176,1.5012744711515662,1.377770333831925,0.7809775166210021,0.7927390093203118,1.0,2.0,138.96113083796695
473,right,RCA,0.6,leaf3,2,True,True,1.9261352909839007,2.2954400143550204,1.524425853647382,2.29544001434672,0.981560186827317,0.9859681891443679,0.9841603135319472,1.5012744711515662,1.377770333831925,0.7667819582392105,0.7927390093203118,1.0,2.0,138.96113083796695
473,right,RCA,0.6,leaf266,2,True,True,1.9261352909839007,2.2954400143527316,1.524425853647382,2.29544001434571,0.981560186827326,0.9859681891443679,0.9841599483553228,1.5012744711515662,1.377770333831925,0.7667764204273938,0.7927390093203118,1.0,2.0,138.96113083796695
473,right,RCA,0.6,apport,2,True,True,1.9261352909839007,2.2954400143527316,1.524425853647382,2.29544001434571,0.9815601868273267,0.9859681891443679,0.9843593742165033,1.5012744711515662,1.377770333831925,0.7698374290634036,0.7927390093203118,1.0,2.0,138.96113083796695
473,right,RCA,0.6,origin,2,True,True,1.9261352909839007,2.2954400143527316,1.524425853647382,2.29544001434571,0.981560186827326,0.9859681891443679,0.984730359842731,1.5012744711515662,1.377770333831925,0.775652873008608,0.7927390093203118,1.0,2.0,138.96113083796695
473,right,RCA,0.6,length,2,True,True,1.9261352909839007,2.2954400143550204,1.524425853647382,2.29544001434672,0.9815601868273224,0.9859681891443679,0.9844245528040222,1.5012744711515662,1.377770333831925,0.7708496788516629,0.7927390093203118,1.0,2.0,138.96113083796695
473,right,RCA,0.75,share,1,True,True,1.9261352909839007,2.2954400143527316,1.524425853647382,2.29544001434571,0.9815601868273257,0.9859681891443679,0.9852528413730672,1.5012744711515662,1.377770333831925,0.7814063805184364,0.7927390093203118,0.0,2.0,116.22117930449278
473,right,RCA,0.75,leaf3,1,True,True,1.9261352909839007,2.2954400143527316,1.524425853647382,2.29544001434571,0.9815601868273257,0.9859681891443679,0.9852528413730672,1.5012744711515662,1.377770333831925,0.7814063805184364,0.7927390093203118,0.0,2.0,116.22117930449278
473,right,RCA,0.75,leaf266,1,True,True,1.9261352909839007,2.2954400143527316,1.524425853647382,2.29544001434571,0.9815601868273257,0.9859681891443679,0.9852528413730672,1.5012744711515662,1.377770333831925,0.7814063805184364,0.7927390093203118,0.0,2.0,116.22117930449278
473,right,RCA,0.75,apport,1,True,True,1.9261352909839007,2.2954400143527316,1.524425853647382,2.29544001434571,0.9815601868273257,0.9859681891443679,0.9852528413730672,1.5012744711515662,1.377770333831925,0.7814063805184364,0.7927390093203118,0.0,2.0,116.22117930449278
473,right,RCA,0.75,origin,1,True,True,1.9261352909839007,2.2954400143527316,1.524425853647382,2.29544001434571,0.981560186827327,0.9859681891443679,0.9852528413730672,1.5012744711515662,1.377770333831925,0.7814063805184364,0.7927390093203118,0.0,2.0,116.22117930449278
473,right,RCA,0.75,length,1,True,True,1.9261352909839007,2.2954400143527316,1.524425853647382,2.29544001434571,0.981560186827327,0.9859681891443679,0.9852528413730672,1.5012744711515662,1.377770333831925,0.7814063805175777,0.7927390093203118,0.0,2.0,116.22117930449278
473,right,RCA,0.9,share,1,True,True,1.9261352909839007,2.2954400143527316,1.524425853647382,2.29544001434571,0.9815601868273282,0.9859681891443679,0.982868898830891,1.5012744711515662,1.377770333831925,0.7460378660105444,0.7927390093203118,0.0,2.0,93.51852657779655
473,right,RCA,0.9,leaf3,1,True,True,1.9261352909839007,2.2954400143527316,1.524425853647382,2.29544001434571,0.9815601868273254,0.9859681891443679,0.982868898830891,1.5012744711515662,1.377770333831925,0.7460378660105444,0.7927390093203118,0.0,2.0,93.51852657779655
473,right,RCA,0.9,leaf266,1,True,True,1.9261352909839007,2.2954400143527316,1.524425853647382,2.29544001434571,0.9815601868273282,0.9859681891443679,0.982868898830891,1.5012744711515662,1.377770333831925,0.7460378660105444,0.7927390093203118,0.0,2.0,93.51852657779655
473,right,RCA,0.9,apport,1,True,True,1.9261352909839007,2.2954400143527316,1.524425853647382,2.29544001434571,0.9815601868273282,0.9859681891443679,0.982868898830891,1.5012744711515662,1.377770333831925,0.7460378660105444,0.7927390093203118,0.0,2.0,93.51852657779655
473,right,RCA,0.9,origin,1,True,True,1.9261352909839007,2.2954400143527316,1.524425853647382,2.29544001434571,0.9815601868273254,0.9859681891443679,0.982868898830891,1.5012744711515662,1.377770333831925,0.7460378660105444,0.7927390093203118,0.0,2.0,93.51852657779655
473,right,RCA,0.9,length,1,True,True,1.9261352909839007,2.2954400143527316,1.524425853647382,2.29544001434571,0.9815601868273254,0.9859681891443679,0.982868898830891,1.5012744711515662,1.377770333831925,0.7460378660105444,0.7927390093203118,0.0,2.0,93.51852657779655
473,right,RCA,1.0,share,1,True,True,1.9261352909839007,2.2954400143527316,1.524425853647382,2.29544001434672,0.9815601868273234,0.9859681891443679,0.9828736941545879,1.5012744711515662,1.377770333831925,0.7461159406289184,0.7927390093203118,0.0,2.0,88.68657390432286
473,right,RCA,1.0,leaf3,1,True,True,1.9261352909839007,2.2954400143527316,1.524425853647382,2.29544001434571,0.9815601868273266,0.9859681891443679,0.98287369415459,1.5012744711515662,1.377770333831925,0.7461159406289752,0.7927390093203118,0.0,2.0,88.68657390432286
473,right,RCA,1.0,leaf266,1,True,True,1.9261352909839007,2.2954400143527316,1.524425853647382,2.29544001434571,0.9815601868273266,0.9859681891443679,0.98287369415459,1.5012744711515662,1.377770333831925,0.7461159406288289,0.7927390093203118,0.0,2.0,88.68657390432286
473,right,RCA,1.0,apport,1,True,True,1.9261352909839007,2.2954400143527316,1.524425853647382,2.29544001434571,0.9815601868273266,0.9859681891443679,0.98287369415459,1.5012744711515662,1.377770333831925,0.7461159406288289,0.7927390093203118,0.0,2.0,88.68657390432286
473,right,RCA,1.0,origin,1,True,True,1.9261352909839007,2.2954400143527316,1.524425853647382,2.29544001434672,0.9815601868273234,0.9859681891443679,0.98287369415459,1.5012744711515662,1.377770333831925,0.7461159406289752,0.7927390093203118,0.0,2.0,88.68657390432286
473,right,RCA,1.0,length,1,True,True,1.9261352909839007,2.2954400143527316,1.524425853647382,2.29544001434571,0.9815601868273266,0.9859681891443679,0.98287369415459,1.5012744711515662,1.377770333831925,0.7461159406289752,0.7927390093203118,0.0,2.0,88.68657390432286
474,right,RCA,0.5,share,2,True,True,0.9037801213583045,1.0658368742792734,0.7236872078032406,1.0658368742801136,0.9774121965088715,0.9715330593772883,0.9699032890579746,1.1741022648300456,1.0932278684015402,0.8140416817720819,0.8293410636298008,1.0,1.0,124.65499544048637
474,right,RCA,0.5,leaf3,2,True,True,0.9037801213583045,1.0658368742792734,0.7236872078032406,1.0658368742801136,0.9774121965088687,0.9715330593772883,0.9701103180163513,1.1741022648300456,1.0932278684015402,0.8154488327469859,0.8293410636298008,1.0,1.0,124.65499544048637
474,right,RCA,0.5,leaf266,2,True,True,0.9037801213583045,1.0658368742792734,0.7236872078032406,1.0658368742801136,0.9774121965088687,0.9715330593772883,0.9700975066740576,1.1741022648300456,1.0932278684015402,0.8153616957931137,0.8293410636298008,1.0,1.0,124.65499544048637
474,right,RCA,0.5,apport,2,True,True,0.9037801213583045,1.0658368742792734,0.7236872078032406,1.0658368742801136,0.9774121965088661,0.9715330593772883,0.9700363665108059,1.1741022648300456,1.0932278684015402,0.8149459563340598,0.8293410636298008,1.0,1.0,124.65499544048637
474,right,RCA,0.5,origin,2,True,True,0.9037801213583045,1.0658368742792734,0.7236872078032406,1.0658368742801136,0.9774121965088715,0.9715330593772883,0.9699032890579746,1.1741022648300456,1.0932278684015402,0.8140416817720819,0.8293410636298008,1.0,1.0,124.65499544048637
474,right,RCA,0.5,length,2,True,True,0.9037801213583045,1.0658368742792734,0.7236872078032406,1.065836874279606,0.9774121965088766,0.9715330593772883,0.9700009540981642,1.1741022648300456,1.0932278684015402,0.814705242360101,0.8293410636298008,1.0,1.0,124.65499544048637
474,right,RCA,0.6,share,2,True,True,0.9037801213583045,1.0658368742792734,0.7236872078032406,1.0658368742801136,0.9774121965088685,0.9715330593772883,0.9697798029032636,1.1741022648300456,1.0932278684015402,0.8132033487638358,0.8293410636298008,1.0,1.0,100.37160565580231
474,right,RCA,0.6,leaf3,2,True,True,0.9037801213583045,1.0658368742799234,0.7236872078032406,1.0658368742806212,0.9774121965088567,0.9715330593772883,0.9698705663211923,1.1741022648300456,1.0932278684015402,0.8138194586671317,0.8293410636298008,1.0,1.0,100.37160565580231
474,right,RCA,0.6,leaf266,2,True,True,0.9037801213583045,1.0658368742786235,0.7236872078032406,1.065836874279606,0.9774121965088809,0.9715330593772883,0.969870452072147,1.1741022648300456,1.0932278684015402,0.813818682883591,0.8293410636298008,1.0,1.0,100.37160565580231
474,right,RCA,0.6,apport,2,True,True,0.9037801213583045,1.0658368742792734,0.7236872078032406,1.0658368742801136,0.9774121965088686,0.9715330593772883,0.9698388376891615,1.1741022648300456,1.0932278684015402,0.8136040363224513,0.8293410636298008,1.0,1.0,100.37160565580231
474,right,RCA,0.6,origin,2,True,True,0.9037801213583045,1.0658368742792734,0.7236872078032406,1.0658368742801136,0.9774121965088685,0.9715330593772883,0.9697798029032636,1.1741022648300456,1.0932278684015402,0.8132033487638358,0.8293410636298008,1.0,1.0,100.37160565580231
474,right,RCA,0.6,length,2,True,True,0.9037801213583045,1.0658368742792734,0.7236872078032406,1.0658368742801136,0.9774121965088699,0.9715330593772883,0.9698675122822588,1.1741022648300456,1.0932278684015402,0.8137987210626594,0.8293410636298008,1.0,1.0,100.37160565580231
474,right,RCA,0.75,share,1,True,True,0.9037801213583045,1.0658368742792734,0.7236872078032406,1.0658368742801136,0.9774121965088691,0.9715330593772883,0.968901556383417,1.1741022648300456,1.0932278684015402,0.8072629103776898,0.8293410636298008,0.0,1.0,75.13898223428855
474,right,RCA,0.75,leaf3,1,True,True,0.9037801213583045,1.0658368742792734,0.7236872078032406,1.0658368742801136,0.9774121965088637,0.9715330593772883,0.968901556383417,1.1741022648300456,1.0932278684015402,0.807262910376932,0.8293410636298008,0.0,1.0,75.13898223428855
474,right,RCA,0.75,leaf266,1,True,True,0.9037801213583045,1.0658368742792734,0.7236872078032406,1.0658368742801136,0.9774121965088637,0.9715330593772883,0.968901556383417,1.1741022648300456,1.0932278684015402,0.807262910376932,0.8293410636298008,0.0,1.0,75.13898223428855
474,right,RCA,0.75,apport,1,True,True,0.9037801213583045,1.0658368742792734,0.7236872078032406,1.0658368742801136,0.9774121965088637,0.9715330593772883,0.968901556383417,1.1741022648300456,1.0932278684015402,0.807262910376932,0.8293410636298008,0.0,1.0,75.13898223428855
474,right,RCA,0.75,origin,1,True,True,0.9037801213583045,1.0658368742792734,0.7236872078032406,1.0658368742801136,0.9774121965088691,0.9715330593772883,0.968901556383417,1.1741022648300456,1.0932278684015402,0.8072629103776898,0.8293410636298008,0.0,1.0,75.13898223428855
474,right,RCA,0.75,length,1,True,True,0.9037801213583045,1.0658368742792734,0.7236872078032406,1.0658368742801136,0.9774121965088691,0.9715330593772883,0.968901556383417,1.1741022648300456,1.0932278684015402,0.8072629103776898,0.8293410636298008,0.0,1.0,75.13898223428855
474,right,RCA,0.9,share,1,True,True,0.9037801213583045,1.0658368742792734,0.7236872078032406,1.0658368742801136,0.9774121965088691,0.9715330593772883,0.968901556383417,1.1741022648300456,1.0932278684015402,0.8072629103776898,0.8293410636298008,0.0,1.0,75.13898223428855
474,right,RCA,0.9,leaf3,1,True,True,0.9037801213583045,1.0658368742792734,0.7236872078032406,1.0658368742801136,0.9774121965088637,0.9715330593772883,0.968901556383417,1.1741022648300456,1.0932278684015402,0.807262910376932,0.8293410636298008,0.0,1.0,75.13898223428855
474,right,RCA,0.9,leaf266,1,True,True,0.9037801213583045,1.0658368742792734,0.7236872078032406,1.0658368742801136,0.9774121965088637,0.9715330593772883,0.968901556383417,1.1741022648300456,1.0932278684015402,0.807262910376932,0.8293410636298008,0.0,1.0,75.13898223428855
474,right,RCA,0.9,apport,1,True,True,0.9037801213583045,1.0658368742792734,0.7236872078032406,1.0658368742801136,0.9774121965088637,0.9715330593772883,0.968901556383417,1.1741022648300456,1.0932278684015402,0.807262910376932,0.8293410636298008,0.0,1.0,75.13898223428855
474,right,RCA,0.9,origin,1,True,True,0.9037801213583045,1.0658368742792734,0.7236872078032406,1.0658368742801136,0.9774121965088691,0.9715330593772883,0.968901556383417,1.1741022648300456,1.0932278684015402,0.8072629103776898,0.8293410636298008,0.0,1.0,75.13898223428855
474,right,RCA,0.9,length,1,True,True,0.9037801213583045,1.0658368742792734,0.7236872078032406,1.0658368742801136,0.9774121965088691,0.9715330593772883,0.968901556383417,1.1741022648300456,1.0932278684015402,0.8072629103776898,0.8293410636298008,0.0,1.0,75.13898223428855
474,right,RCA,1.0,share,1,True,True,0.9037801213583045,1.0658368742792734,0.7236872078032406,1.065836874279606,0.9774121965088741,0.9715330593772883,0.9663368834628485,1.1741022648300456,1.0932278684015402,0.7915943078196294,0.8293410636298008,0.0,1.0,49.68391244327627
474,right,RCA,1.0,leaf3,1,True,True,0.9037801213583045,1.0658368742792734,0.7236872078032406,1.0658368742801136,0.9774121965088677,0.9715330593772883,0.9663368834628485,1.1741022648300456,1.0932278684015402,0.7915943078196421,0.8293410636298008,0.0,1.0,49.68391244327627
474,right,RCA,1.0,leaf266,1,True,True,0.9037801213583045,1.0658368742792734,0.7236872078032406,1.0658368742801136,0.9774121965088677,0.9715330593772883,0.9663368834628485,1.1741022648300456,1.0932278684015402,0.7915943078196421,0.8293410636298008,0.0,1.0,49.68391244327627
474,right,RCA,1.0,apport,1,True,True,0.9037801213583045,1.0658368742792734,0.7236872078032406,1.065836874279606,0.9774121965088741,0.9715330593772883,0.9663368834628485,1.1741022648300456,1.0932278684015402,0.7915943078196294,0.8293410636298008,0.0,1.0,49.68391244327627
474,right,RCA,1.0,origin,1,True,True,0.9037801213583045,1.0658368742792734,0.7236872078032406,1.065836874279606,0.9774121965088741,0.9715330593772883,0.9663368834628485,1.1741022648300456,1.0932278684015402,0.7915943078196294,0.8293410636298008,0.0,1.0,49.68391244327627
474,right,RCA,1.0,length,1,True,True,0.9037801213583045,1.0658368742792734,0.7236872078032406,1.065836874279606,0.9774121965088741,0.9715330593772883,0.9663368834628485,1.1741022648300456,1.0932278684015402,0.7915943078196294,0.8293410636298008,0.0,1.0,49.68391244327627
488,left,LAD,0.5,share,6,True,True,0.7339669570241588,2.053834551609507,0.20864040440566345,1.6515903371877023,0.9541885455191399,0.9820190714628091,0.9268555453552668,1.3473081982347597,0.9114894167367366,0.6801430658239492,0.9081208958300675,1.0,1.0,111.4808168430194
488,left,LAD,0.5,leaf3,6,True,True,0.7339669570241588,1.3267087449565353,0.20864040440566345,0.9200734314310166,0.9719745051228003,0.9820190714628091,0.9558426522374277,1.3473081982347597,0.9114894167367366,0.7946969144190588,0.9081208958300675,1.0,1.0,111.4808168430194
488,left,LAD,0.5,leaf266,6,True,True,0.7339669570241588,1.3546336106438317,0.20864040440566345,0.9177692090272744,0.971774166544677,0.9820190714628091,0.9550514989966687,1.3473081982347597,0.9114894167367366,0.7891995431367685,0.9081208958300675,1.0,1.0,111.4808168430194
488,left,LAD,0.5,apport,6,True,True,0.7339669570241588,1.882156342236924,0.20864040440566345,1.3296780639717585,0.9606737905633426,0.9820190714628091,0.9349134135412234,1.3473081982347597,0.9114894167367366,0.7010432052599883,0.9081208958300675,1.0,1.0,111.4808168430194
488,left,LAD,0.5,origin,6,True,True,0.7339669570241588,1.2853524408944785,0.20864040440566345,1.0514788292057966,0.9697816667421346,0.9820190714628091,0.9553100806372157,1.3473081982347597,0.9114894167367366,0.8042872714301152,0.9081208958300675,1.0,1.0,111.4808168430194
488,left,LAD,0.5,length,6,True,True,0.7339669570241588,2.3373509474296426,0.20864040440566345,1.6171280509285635,0.9519238786777302,0.9820190714628091,0.9168363567778306,1.3473081982347597,0.9114894167367366,0.6321770484653162,0.9081208958300675,1.0,1.0,111.4808168430194
488,left,LAD,0.6,share,5,True,True,0.7339669570241588,1.8992280675635318,0.20864040440566345,1.8992280675638469,0.9515916771459145,0.9820190714628091,0.9287645042275102,1.3473081982347597,0.9114894167367366,0.7065164640921106,0.9081208958300675,0.0,1.0,111.4808168430194
488,left,LAD,0.6,leaf3,5,True,True,0.7339669570241588,0.9902084176690887,0.20864040440566345,0.9902084176682829,0.9737449323568527,0.9820190714628091,0.9636159620695788,1.3473081982347597,0.9114894167367366,0.8562981588086744,0.9081208958300675,0.0,1.0,111.4808168430194
488,left,LAD,0.6,leaf266,5,True,True,0.7339669570241588,0.9932836130094235,0.20864040440566345,0.9932836130045789,0.9736723773108248,0.9820190714628091,0.9635034844895012,1.3473081982347597,0.9114894167367366,0.8557622262566038,0.9081208958300675,0.0,1.0,111.4808168430194
488,left,LAD,0.6,apport,5,True,True,0.7339669570241588,1.6335082144133022,0.20864040440566345,1.633508214415314,0.9579430845223468,0.9820190714628091,0.939083722780636,1.3473081982347597,0.9114894167367366,0.7472751396503456,0.9081208958300675,0.0,1.0,111.4808168430194
488,left,LAD,0.6,origin,5,True,True,0.7339669570241588,1.0954702950152684,0.20864040440566345,1.095470295015625,0.9706937089752216,0.9820190714628091,0.9594539259703396,1.3473081982347597,0.9114894167367366,0.8376291529722144,0.9081208958300675,0.0,1.0,111.4808168430194
488,left,LAD,0.6,length,5,True,True,0.7339669570241588,1.810973675449549,0.20864040440566345,1.8109736754518164,0.9533107357993863,0.9820190714628091,0.9319861287310053,1.3473081982347597,0.9114894167367366,0.7194796371259722,0.9081208958300675,0.0,1.0,111.4808168430194
488,left,LAD,0.75,share,3,True,True,0.7339669570241588,2.10475552761655,0.20864040440566345,2.1047555276204686,0.9465434352031211,0.9820190714628091,0.9219443824172199,1.3473081982347597,0.9114894167367366,0.681734506343508,0.9081208958300675,0.0,1.0,94.97452386892263
488,left,LAD,0.75,leaf3,3,True,True,0.7339669570241588,1.6444340012548146,0.20864040440566345,1.6444340012503535,0.957320008788721,0.9820190714628091,0.9392845766205083,1.3473081982347597,0.9114894167367366,0.7486318745531897,0.9081208958300675,0.0,1.0,94.97452386892263
488,left,LAD,0.75,leaf266,3,True,True,0.7339669570241588,1.645021423916016,0.20864040440566345,1.6450214239159042,0.9573049972287287,0.9820190714628091,0.9392620491067192,1.3473081982347597,0.9114894167367366,0.7485400755484716,0.9081208958300675,0.0,1.0,94.97452386892263
488,left,LAD,0.75,apport,3,True,True,0.7339669570241588,1.8570414797697365,0.20864040440566345,1.8570414797696433,0.9524371844755614,0.9820190714628091,0.9313405590296189,1.3473081982347597,0.9114894167367366,0.7166393494612747,0.9081208958300675,0.0,1.0,94.97452386892263
488,left,LAD,0.75,origin,3,True,True,0.7339669570241588,1.455881426516745,0.20864040440566345,1.4558814265150652,0.9615353016368572,0.9820190714628091,0.9462993786790789,1.3473081982347597,0.9114894167367366,0.7785340683274016,0.9081208958300675,0.0,1.0,94.97452386892263
488,left,LAD,0.75,length,3,True,True,0.7339669570241588,2.4212779691272783,0.20864040440566345,2.421277969123272,0.9380426219460186,0.9820190714628091,0.9093455867745182,1.3473081982347597,0.9114894167367366,0.6404531993845808,0.9081208958300675,0.0,1.0,94.97452386892263
488,left,LAD,0.9,share,3,True,True,0.7339669570241588,2.400671642078796,0.20864040440566345,2.4006716420728846,0.9393599771652268,0.9820190714628091,0.9052658117810963,1.3473081982347597,0.9114894167367366,0.6270370992133636,0.9081208958300675,0.0,1.0,25.33059105721389
488,left,LAD,0.9,leaf3,3,True,True,0.7339669570241588,1.8040653543756986,0.20864040440566345,1.8040653543749974,0.9534553935588703,0.9820190714628091,0.9303173247261555,1.3473081982347597,0.9114894167367366,0.7131540677379036,0.9081208958300675,0.0,1.0,25.33059105721389
488,left,LAD,0.9,leaf266,3,True,True,0.7339669570241588,1.8060653693680426,0.20864040440566345,1.806065369367179,0.9534055656425443,0.9820190714628091,0.9302337937112153,1.3473081982347597,0.9114894167367366,0.7128371569086397,0.9081208958300675,0.0,1.0,25.33059105721389
488,left,LAD,0.9,apport,3,True,True,0.7339669570241588,2.100202296485961,0.20864040440566345,2.1002022964863456,0.9465385598922684,0.9820190714628091,0.9180396795373784,1.3473081982347597,0.9114894167367366,0.6684440320956856,0.9081208958300675,0.0,1.0,25.33059105721389
488,left,LAD,0.9,origin,3,True,True,0.7339669570241588,0.47657664057562393,0.20864040440566345,0.47657664057610893,0.9865486259558514,0.9820190714628091,0.9822249859810552,1.3473081982347597,0.9114894167367366,0.9417001891493713,0.9081208958300675,0.0,1.0,25.33059105721389
488,left,LAD,0.9,length,3,True,True,0.7339669570241588,1.9236783383684144,0.20864040440566345,1.9236783383700644,0.9507556198681021,0.9820190714628091,0.9254335451725904,1.3473081982347597,0.9114894167367366,0.6946698661416745,0.9081208958300675,0.0,1.0,25.33059105721389
488,left,LAD,1.0,share,3,False,True,0.7339669570241588,2.474752081201844,0.20864040440566345,,,0.9820190714628091,,1.3473081982347597,0.9114894167367366,,,,,
488,left,LAD,1.0,leaf3,3,False,True,0.7339669570241588,1.854910992660461,0.20864040440566345,,,0.9820190714628091,,1.3473081982347597,0.9114894167367366,,,,,
488,left,LAD,1.0,leaf266,3,False,True,0.7339669570241588,1.8549149965371994,0.20864040440566345,,,0.9820190714628091,,1.3473081982347597,0.9114894167367366,,,,,
488,left,LAD,1.0,apport,3,False,True,0.7339669570241588,2.1595129108095787,0.20864040440566345,,,0.9820190714628091,,1.3473081982347597,0.9114894167367366,,,,,
488,left,LAD,1.0,origin,3,False,True,0.7339669570241588,1.9562092636942319,0.20864040440566345,,,0.9820190714628091,,1.3473081982347597,0.9114894167367366,,,,,
488,left,LAD,1.0,length,3,False,True,0.7339669570241588,2.6295268241457785,0.20864040440566345,,,0.9820190714628091,,1.3473081982347597,0.9114894167367366,,,,,
488,right,RCA,0.5,share,2,True,True,2.0376303449928894,3.3031957240364758,1.4984372458630106,3.303195724041922,0.9684233800402688,0.944458417345202,0.9337107670308971,1.5420145126821245,1.3948577332719998,0.6985325975086265,0.7693571766478426,1.0,1.0,98.3645683477557
488,right,RCA,0.5,leaf3,2,True,True,2.0376303449928894,3.3031957240364758,1.4984372458630106,3.303195724041922,0.9684233800402758,0.944458417345202,0.9354587983654906,1.5420145126821245,1.3948577332719998,0.7037857919324524,0.7693571766478426,1.0,1.0,98.3645683477557
488,right,RCA,0.5,leaf266,2,True,True,2.0376303449928894,3.3031957240364758,1.4984372458630106,3.303195724041922,0.9684233800402763,0.944458417345202,0.935112682408564,1.5420145126821245,1.3948577332719998,0.7027214988796157,0.7693571766478426,1.0,1.0,98.3645683477557
488,right,RCA,0.5,apport,2,True,True,2.0376303449928894,3.3031957240402705,1.4984372458630106,3.303195724044643,0.9684233800402422,0.944458417345202,0.9346559024842971,1.5420145126821245,1.3948577332719998,0.7013323622574408,0.7693571766478426,1.0,1.0,98.3645683477557
488,right,RCA,0.5,origin,2,True,True,2.0376303449928894,3.3031957240364758,1.4984372458630106,3.303195724040561,0.9684233800402788,0.944458417345202,0.9337107670308971,1.5420145126821245,1.3948577332719998,0.6985325975086265,0.7693571766478426,1.0,1.0,98.3645683477557
488,right,RCA,0.5,length,2,True,True,2.0376303449928894,3.3031957240364758,1.4984372458630106,3.303195724041922,0.9684233800402761,0.944458417345202,0.9331463008378006,1.5420145126821245,1.3948577332719998,0.6969568772627026,0.7693571766478426,1.0,1.0,98.3645683477557
488,right,RCA,0.6,share,2,True,True,2.0376303449928894,3.3031957240364758,1.4984372458630106,3.303195724041922,0.9684233800402763,0.944458417345202,0.9304909364726676,1.5420145126821245,1.3948577332719998,0.6878904767403565,0.7693571766478426,1.0,1.0,98.3645683477557
488,right,RCA,0.6,leaf3,2,True,True,2.0376303449928894,3.3031957240364758,1.4984372458630106,3.303195724040561,0.9684233800402765,0.944458417345202,0.9304607926566067,1.5420145126821245,1.3948577332719998,0.6877994888052249,0.7693571766478426,1.0,1.0,98.3645683477557
488,right,RCA,0.6,leaf266,2,True,True,2.0376303449928894,3.3031957240364758,1.4984372458630106,3.303195724041922,0.9684233800402755,0.944458417345202,0.9303875144257661,1.5420145126821245,1.3948577332719998,0.687578371032776,0.7693571766478426,1.0,1.0,98.3645683477557
488,right,RCA,0.6,apport,2,True,True,2.0376303449928894,3.3031957240383734,1.4984372458630106,3.303195724044643,0.9684233800402493,0.944458417345202,0.9304722127531296,1.5420145126821245,1.3948577332719998,0.6878339578350052,0.7693571766478426,1.0,1.0,98.3645683477557
488,right,RCA,0.6,origin,2,True,True,2.0376303449928894,3.3031957240383734,1.4984372458630106,3.3031957240432823,0.9684233800402631,0.944458417345202,0.9304909364726676,1.5420145126821245,1.3948577332719998,0.6878904767403565,0.7693571766478426,1.0,1.0,98.3645683477557
488,right,RCA,0.6,length,2,True,True,2.0376303449928894,3.3031957240364758,1.4984372458630106,3.303195724040561,0.9684233800402765,0.944458417345202,0.9298340817996588,1.5420145126821245,1.3948577332719998,0.6859080971506671,0.7693571766478426,1.0,1.0,98.3645683477557
488,right,RCA,0.75,share,2,True,True,2.0376303449928894,3.3031957240402705,1.4984372458630106,3.303195724044643,0.9684233800402436,0.944458417345202,0.9267991484007667,1.5420145126821245,1.3948577332719998,0.6753846799529564,0.7693571766478426,1.0,1.0,81.12424431959175
488,right,RCA,0.75,leaf3,2,True,True,2.0376303449928894,3.3031957240364758,1.4984372458630106,3.303195724041922,0.9684233800402647,0.944458417345202,0.926204964336902,1.5420145126821245,1.3948577332719998,0.6736932343978396,0.7693571766478426,1.0,1.0,81.12424431959175
488,right,RCA,0.75,leaf266,2,True,True,2.0376303449928894,3.3031957240364758,1.4984372458630106,3.303195724040561,0.9684233800402772,0.944458417345202,0.9262046666330129,1.5420145126821245,1.3948577332719998,0.6736923774197797,0.7693571766478426,1.0,1.0,81.12424431959175
488,right,RCA,0.75,apport,2,True,True,2.0376303449928894,3.3031957240364758,1.4984372458630106,3.303195724040561,0.9684233800402771,0.944458417345202,0.9263795794151285,1.5420145126821245,1.3948577332719998,0.6741927255838557,0.7693571766478426,1.0,1.0,81.12424431959175
488,right,RCA,0.75,origin,2,True,True,2.0376303449928894,3.303195724030784,1.4984372458630106,3.3031957240364793,0.9684233800403234,0.944458417345202,0.9267991484007667,1.5420145126821245,1.3948577332719998,0.6753846799529564,0.7693571766478426,1.0,1.0,81.12424431959175
488,right,RCA,0.75,length,2,True,True,2.0376303449928894,3.3031957240364758,1.4984372458630106,3.303195724040561,0.9684233800402767,0.944458417345202,0.9261131908317337,1.5420145126821245,1.3948577332719998,0.6734269482565122,0.7693571766478426,1.0,1.0,81.12424431959175
488,right,RCA,0.9,share,2,True,True,2.0376303449928894,3.3031957240364758,1.4984372458630106,3.303195724041922,0.9684233800402646,0.944458417345202,0.9095661995773394,1.5420145126821245,1.3948577332719998,0.6324463663242245,0.7693571766478426,1.0,1.0,55.597281550617815
488,right,RCA,0.9,leaf3,2,True,True,2.0376303449928894,3.3031957240364758,1.4984372458630106,3.303195724041922,0.9684233800402754,0.944458417345202,0.9096050929118079,1.5420145126821245,1.3948577332719998,0.6325489237016302,0.7693571766478426,1.0,1.0,55.597281550617815
488,right,RCA,0.9,leaf266,2,True,True,2.0376303449928894,3.3031957240364758,1.4984372458630106,3.303195724041922,0.9684233800402763,0.944458417345202,0.9096051423149701,1.5420145126821245,1.3948577332719998,0.6325490539964878,0.7693571766478426,1.0,1.0,55.597281550617815
488,right,RCA,0.9,apport,2,True,True,2.0376303449928894,3.3031957240364758,1.4984372458630106,3.303195724040561,0.9684233800402773,0.944458417345202,0.9095890200659771,1.5420145126821245,1.3948577332719998,0.6325065368761796,0.7693571766478426,1.0,1.0,55.597281550617815
488,right,RCA,0.9,origin,2,True,True,2.0376303449928894,3.3031957240364758,1.4984372458630106,3.303195724041922,0.9684233800402646,0.944458417345202,0.9095661995773394,1.5420145126821245,1.3948577332719998,0.6324463663242245,0.7693571766478426,1.0,1.0,55.597281550617815
488,right,RCA,0.9,length,2,True,True,2.0376303449928894,3.3031957240402705,1.4984372458630106,3.3031957240460033,0.9684233800402331,0.944458417345202,0.9096188332584505,1.5420145126821245,1.3948577332719998,0.6325851643862451,0.7693571766478426,1.0,1.0,55.597281550617815
488,right,RCA,1.0,share,1,True,True,2.0376303449928894,3.3031957240364758,1.4984372458630106,3.303195724040561,0.9684233800402767,0.944458417345202,0.9105845738253198,1.5420145126821245,1.3948577332719998,0.6351440784243636,0.7693571766478426,0.0,1.0,39.05602876967103
488,right,RCA,1.0,leaf3,1,True,True,2.0376303449928894,3.3031957240364758,1.4984372458630106,3.303195724041922,0.9684233800402744,0.944458417345202,0.9105845738253198,1.5420145126821245,1.3948577332719998,0.6351440784243636,0.7693571766478426,0.0,1.0,39.05602876967103
488,right,RCA,1.0,leaf266,1,True,True,2.0376303449928894,3.3031957240364758,1.4984372458630106,3.303195724041922,0.9684233800402744,0.944458417345202,0.9105845738253198,1.5420145126821245,1.3948577332719998,0.6351440784243636,0.7693571766478426,0.0,1.0,39.05602876967103
488,right,RCA,1.0,apport,1,True,True,2.0376303449928894,3.3031957240364758,1.4984372458630106,3.303195724041922,0.9684233800402744,0.944458417345202,0.9105845738253198,1.5420145126821245,1.3948577332719998,0.6351440784243636,0.7693571766478426,0.0,1.0,39.05602876967103
488,right,RCA,1.0,origin,1,True,True,2.0376303449928894,3.3031957240364758,1.4984372458630106,3.303195724040561,0.9684233800402767,0.944458417345202,0.9105845738253198,1.5420145126821245,1.3948577332719998,0.6351440784243636,0.7693571766478426,0.0,1.0,39.05602876967103
488,right,RCA,1.0,length,1,True,True,2.0376303449928894,3.3031957240364758,1.4984372458630106,3.303195724041922,0.9684233800402744,0.944458417345202,0.9105845738253198,1.5420145126821245,1.3948577332719998,0.6351440784244201,0.7693571766478426,0.0,1.0,39.05602876967103
